[     841ms] [INFO] %cDownload the React DevTools for a better development experience: https://react.dev/link/react-devtools font-weight:bold @ webpack-internal:///(app-pages-browser)/./node_modules/next/dist/next-devtools/shared/forward-logs-shared.js:27
[     853ms] [LOG] [HMR] connected @ webpack-internal:///(app-pages-browser)/./node_modules/next/dist/next-devtools/shared/forward-logs-shared.js:27
[     854ms] [WARNING] ./app/page.tsx
Module not found: Can't resolve 'html-to-image' in '/Users/saladin/Developments/interestory/app' @ webpack-internal:///(app-pages-browser)/./node_modules/next/dist/next-devtools/shared/forward-logs-shared.js:27
[     854ms] [WARNING] ./components/stats/StatsClient.tsx
Module not found: Can't resolve 'html-to-image' in '/Users/saladin/Developments/interestory/components/stats' @ webpack-internal:///(app-pages-browser)/./node_modules/next/dist/next-devtools/shared/forward-logs-shared.js:27
[     879ms] [LOG] [Fast Refresh] rebuilding @ webpack-internal:///(app-pages-browser)/./node_modules/next/dist/next-devtools/shared/forward-logs-shared.js:27
[    1000ms] [WARNING] ./app/page.tsx
Module not found: Can't resolve 'html-to-image' in '/Users/saladin/Developments/interestory/app'

Import trace for requested module:
./app/page.tsx @ webpack-internal:///(app-pages-browser)/./node_modules/next/dist/next-devtools/shared/forward-logs-shared.js:27
[    1000ms] [WARNING] ./components/stats/StatsClient.tsx
Module not found: Can't resolve 'html-to-image' in '/Users/saladin/Developments/interestory/components/stats'

Import trace for requested module:
./components/stats/StatsClient.tsx @ webpack-internal:///(app-pages-browser)/./node_modules/next/dist/next-devtools/shared/forward-logs-shared.js:27
[    1002ms] [LOG] [Fast Refresh] rebuilding @ webpack-internal:///(app-pages-browser)/./node_modules/next/dist/next-devtools/shared/forward-logs-shared.js:27
[    1013ms] [LOG] [Fast Refresh] done in 11ms @ webpack-internal:///(app-pages-browser)/./node_modules/next/dist/next-devtools/shared/forward-logs-shared.js:27
[    1138ms] [WARNING] ./app/page.tsx
Module not found: Can't resolve 'html-to-image' in '/Users/saladin/Developments/interestory/app'

Import trace for requested module:
./app/page.tsx @ webpack-internal:///(app-pages-browser)/./node_modules/next/dist/next-devtools/shared/forward-logs-shared.js:27
[    1138ms] [WARNING] ./components/stats/StatsClient.tsx
Module not found: Can't resolve 'html-to-image' in '/Users/saladin/Developments/interestory/components/stats'

Import trace for requested module:
./components/stats/StatsClient.tsx @ webpack-internal:///(app-pages-browser)/./node_modules/next/dist/next-devtools/shared/forward-logs-shared.js:27
[    1140ms] [LOG] [Fast Refresh] rebuilding @ webpack-internal:///(app-pages-browser)/./node_modules/next/dist/next-devtools/shared/forward-logs-shared.js:27
[    1143ms] [LOG] [Fast Refresh] done in 4ms @ webpack-internal:///(app-pages-browser)/./node_modules/next/dist/next-devtools/shared/forward-logs-shared.js:27
[    1242ms] [WARNING] ./app/page.tsx
Module not found: Can't resolve 'html-to-image' in '/Users/saladin/Developments/interestory/app'

Import trace for requested module:
./app/page.tsx @ webpack-internal:///(app-pages-browser)/./node_modules/next/dist/next-devtools/shared/forward-logs-shared.js:27
[    1242ms] [WARNING] ./components/stats/StatsClient.tsx
Module not found: Can't resolve 'html-to-image' in '/Users/saladin/Developments/interestory/components/stats'

Import trace for requested module:
./components/stats/StatsClient.tsx @ webpack-internal:///(app-pages-browser)/./node_modules/next/dist/next-devtools/shared/forward-logs-shared.js:27
[    1244ms] [LOG] [Fast Refresh] rebuilding @ webpack-internal:///(app-pages-browser)/./node_modules/next/dist/next-devtools/shared/forward-logs-shared.js:27
[    1247ms] [LOG] [Fast Refresh] done in 3ms @ webpack-internal:///(app-pages-browser)/./node_modules/next/dist/next-devtools/shared/forward-logs-shared.js:27
[    1342ms] [WARNING] ./app/page.tsx
Module not found: Can't resolve 'html-to-image' in '/Users/saladin/Developments/interestory/app'

Import trace for requested module:
./app/page.tsx @ webpack-internal:///(app-pages-browser)/./node_modules/next/dist/next-devtools/shared/forward-logs-shared.js:27
[    1342ms] [WARNING] ./components/stats/StatsClient.tsx
Module not found: Can't resolve 'html-to-image' in '/Users/saladin/Developments/interestory/components/stats'

Import trace for requested module:
./components/stats/StatsClient.tsx @ webpack-internal:///(app-pages-browser)/./node_modules/next/dist/next-devtools/shared/forward-logs-shared.js:27
[    1343ms] [LOG] [Fast Refresh] rebuilding @ webpack-internal:///(app-pages-browser)/./node_modules/next/dist/next-devtools/shared/forward-logs-shared.js:27
[    1347ms] [LOG] [Fast Refresh] done in 3ms @ webpack-internal:///(app-pages-browser)/./node_modules/next/dist/next-devtools/shared/forward-logs-shared.js:27
[    1440ms] [WARNING] ./app/page.tsx
Module not found: Can't resolve 'html-to-image' in '/Users/saladin/Developments/interestory/app'

Import trace for requested module:
./app/page.tsx @ webpack-internal:///(app-pages-browser)/./node_modules/next/dist/next-devtools/shared/forward-logs-shared.js:27
[    1440ms] [WARNING] ./components/stats/StatsClient.tsx
Module not found: Can't resolve 'html-to-image' in '/Users/saladin/Developments/interestory/components/stats'

Import trace for requested module:
./components/stats/StatsClient.tsx @ webpack-internal:///(app-pages-browser)/./node_modules/next/dist/next-devtools/shared/forward-logs-shared.js:27
[    1441ms] [LOG] [Fast Refresh] rebuilding @ webpack-internal:///(app-pages-browser)/./node_modules/next/dist/next-devtools/shared/forward-logs-shared.js:27
[    1446ms] [LOG] [Fast Refresh] done in 5ms @ webpack-internal:///(app-pages-browser)/./node_modules/next/dist/next-devtools/shared/forward-logs-shared.js:27
[    1515ms] [WARNING] ./app/page.tsx
Module not found: Can't resolve 'html-to-image' in '/Users/saladin/Developments/interestory/app'

Import trace for requested module:
./app/page.tsx @ webpack-internal:///(app-pages-browser)/./node_modules/next/dist/next-devtools/shared/forward-logs-shared.js:27
[    1515ms] [WARNING] ./components/stats/StatsClient.tsx
Module not found: Can't resolve 'html-to-image' in '/Users/saladin/Developments/interestory/components/stats'

Import trace for requested module:
./components/stats/StatsClient.tsx @ webpack-internal:///(app-pages-browser)/./node_modules/next/dist/next-devtools/shared/forward-logs-shared.js:27
[    1516ms] [LOG] [Fast Refresh] rebuilding @ webpack-internal:///(app-pages-browser)/./node_modules/next/dist/next-devtools/shared/forward-logs-shared.js:27
[    1521ms] [LOG] [Fast Refresh] done in 4ms @ webpack-internal:///(app-pages-browser)/./node_modules/next/dist/next-devtools/shared/forward-logs-shared.js:27
[    1614ms] [WARNING] ./app/page.tsx
Module not found: Can't resolve 'html-to-image' in '/Users/saladin/Developments/interestory/app'

Import trace for requested module:
./app/page.tsx @ webpack-internal:///(app-pages-browser)/./node_modules/next/dist/next-devtools/shared/forward-logs-shared.js:27
[    1614ms] [WARNING] ./components/stats/StatsClient.tsx
Module not found: Can't resolve 'html-to-image' in '/Users/saladin/Developments/interestory/components/stats'

Import trace for requested module:
./components/stats/StatsClient.tsx @ webpack-internal:///(app-pages-browser)/./node_modules/next/dist/next-devtools/shared/forward-logs-shared.js:27
[    1615ms] [LOG] [Fast Refresh] rebuilding @ webpack-internal:///(app-pages-browser)/./node_modules/next/dist/next-devtools/shared/forward-logs-shared.js:27
[    1618ms] [LOG] [Fast Refresh] done in 3ms @ webpack-internal:///(app-pages-browser)/./node_modules/next/dist/next-devtools/shared/forward-logs-shared.js:27
[    1688ms] [WARNING] ./app/page.tsx
Module not found: Can't resolve 'html-to-image' in '/Users/saladin/Developments/interestory/app'

Import trace for requested module:
./app/page.tsx @ webpack-internal:///(app-pages-browser)/./node_modules/next/dist/next-devtools/shared/forward-logs-shared.js:27
[    1688ms] [WARNING] ./components/stats/StatsClient.tsx
Module not found: Can't resolve 'html-to-image' in '/Users/saladin/Developments/interestory/components/stats'

Import trace for requested module:
./components/stats/StatsClient.tsx @ webpack-internal:///(app-pages-browser)/./node_modules/next/dist/next-devtools/shared/forward-logs-shared.js:27
[    1688ms] [LOG] [Fast Refresh] rebuilding @ webpack-internal:///(app-pages-browser)/./node_modules/next/dist/next-devtools/shared/forward-logs-shared.js:27
[    1692ms] [LOG] [Fast Refresh] done in 4ms @ webpack-internal:///(app-pages-browser)/./node_modules/next/dist/next-devtools/shared/forward-logs-shared.js:27
[    1784ms] [WARNING] ./app/page.tsx
Module not found: Can't resolve 'html-to-image' in '/Users/saladin/Developments/interestory/app'

Import trace for requested module:
./app/page.tsx @ webpack-internal:///(app-pages-browser)/./node_modules/next/dist/next-devtools/shared/forward-logs-shared.js:27
[    1784ms] [WARNING] ./components/stats/StatsClient.tsx
Module not found: Can't resolve 'html-to-image' in '/Users/saladin/Developments/interestory/components/stats'

Import trace for requested module:
./components/stats/StatsClient.tsx @ webpack-internal:///(app-pages-browser)/./node_modules/next/dist/next-devtools/shared/forward-logs-shared.js:27
[    1785ms] [LOG] [Fast Refresh] rebuilding @ webpack-internal:///(app-pages-browser)/./node_modules/next/dist/next-devtools/shared/forward-logs-shared.js:27
[    1788ms] [LOG] [Fast Refresh] done in 4ms @ webpack-internal:///(app-pages-browser)/./node_modules/next/dist/next-devtools/shared/forward-logs-shared.js:27
[    1859ms] [WARNING] ./app/page.tsx
Module not found: Can't resolve 'html-to-image' in '/Users/saladin/Developments/interestory/app'

Import trace for requested module:
./app/page.tsx @ webpack-internal:///(app-pages-browser)/./node_modules/next/dist/next-devtools/shared/forward-logs-shared.js:27
[    1859ms] [WARNING] ./components/stats/StatsClient.tsx
Module not found: Can't resolve 'html-to-image' in '/Users/saladin/Developments/interestory/components/stats'

Import trace for requested module:
./components/stats/StatsClient.tsx @ webpack-internal:///(app-pages-browser)/./node_modules/next/dist/next-devtools/shared/forward-logs-shared.js:27
[    1860ms] [LOG] [Fast Refresh] rebuilding @ webpack-internal:///(app-pages-browser)/./node_modules/next/dist/next-devtools/shared/forward-logs-shared.js:27
[    1955ms] [WARNING] ./app/page.tsx
Module not found: Can't resolve 'html-to-image' in '/Users/saladin/Developments/interestory/app'

Import trace for requested module:
./app/page.tsx @ webpack-internal:///(app-pages-browser)/./node_modules/next/dist/next-devtools/shared/forward-logs-shared.js:27
[    1955ms] [WARNING] ./components/stats/StatsClient.tsx
Module not found: Can't resolve 'html-to-image' in '/Users/saladin/Developments/interestory/components/stats'

Import trace for requested module:
./components/stats/StatsClient.tsx @ webpack-internal:///(app-pages-browser)/./node_modules/next/dist/next-devtools/shared/forward-logs-shared.js:27
[    1955ms] [LOG] [Fast Refresh] done in 94ms @ webpack-internal:///(app-pages-browser)/./node_modules/next/dist/next-devtools/shared/forward-logs-shared.js:27
[    1956ms] [LOG] [Fast Refresh] rebuilding @ webpack-internal:///(app-pages-browser)/./node_modules/next/dist/next-devtools/shared/forward-logs-shared.js:27
[    2034ms] [WARNING] ./app/page.tsx
Module not found: Can't resolve 'html-to-image' in '/Users/saladin/Developments/interestory/app'

Import trace for requested module:
./app/page.tsx @ webpack-internal:///(app-pages-browser)/./node_modules/next/dist/next-devtools/shared/forward-logs-shared.js:27
[    2034ms] [WARNING] ./components/stats/StatsClient.tsx
Module not found: Can't resolve 'html-to-image' in '/Users/saladin/Developments/interestory/components/stats'

Import trace for requested module:
./components/stats/StatsClient.tsx @ webpack-internal:///(app-pages-browser)/./node_modules/next/dist/next-devtools/shared/forward-logs-shared.js:27
[    2034ms] [LOG] [Fast Refresh] done in 78ms @ webpack-internal:///(app-pages-browser)/./node_modules/next/dist/next-devtools/shared/forward-logs-shared.js:27
[    2061ms] [LOG] [Fast Refresh] rebuilding @ webpack-internal:///(app-pages-browser)/./node_modules/next/dist/next-devtools/shared/forward-logs-shared.js:27
[    2158ms] [WARNING] ./app/page.tsx
Module not found: Can't resolve 'html-to-image' in '/Users/saladin/Developments/interestory/app'

Import trace for requested module:
./app/page.tsx @ webpack-internal:///(app-pages-browser)/./node_modules/next/dist/next-devtools/shared/forward-logs-shared.js:27
[    2158ms] [WARNING] ./components/stats/StatsClient.tsx
Module not found: Can't resolve 'html-to-image' in '/Users/saladin/Developments/interestory/components/stats'

Import trace for requested module:
./components/stats/StatsClient.tsx @ webpack-internal:///(app-pages-browser)/./node_modules/next/dist/next-devtools/shared/forward-logs-shared.js:27
[    2158ms] [LOG] [Fast Refresh] done in 97ms @ webpack-internal:///(app-pages-browser)/./node_modules/next/dist/next-devtools/shared/forward-logs-shared.js:27
[    2160ms] [LOG] [Fast Refresh] rebuilding @ webpack-internal:///(app-pages-browser)/./node_modules/next/dist/next-devtools/shared/forward-logs-shared.js:27
[    2232ms] [WARNING] ./app/page.tsx
Module not found: Can't resolve 'html-to-image' in '/Users/saladin/Developments/interestory/app'

Import trace for requested module:
./app/page.tsx @ webpack-internal:///(app-pages-browser)/./node_modules/next/dist/next-devtools/shared/forward-logs-shared.js:27
[    2232ms] [WARNING] ./components/stats/StatsClient.tsx
Module not found: Can't resolve 'html-to-image' in '/Users/saladin/Developments/interestory/components/stats'

Import trace for requested module:
./components/stats/StatsClient.tsx @ webpack-internal:///(app-pages-browser)/./node_modules/next/dist/next-devtools/shared/forward-logs-shared.js:27
[    2232ms] [LOG] [Fast Refresh] done in 72ms @ webpack-internal:///(app-pages-browser)/./node_modules/next/dist/next-devtools/shared/forward-logs-shared.js:27
[    2233ms] [LOG] [Fast Refresh] rebuilding @ webpack-internal:///(app-pages-browser)/./node_modules/next/dist/next-devtools/shared/forward-logs-shared.js:27
[    2330ms] [WARNING] ./app/page.tsx
Module not found: Can't resolve 'html-to-image' in '/Users/saladin/Developments/interestory/app'

Import trace for requested module:
./app/page.tsx @ webpack-internal:///(app-pages-browser)/./node_modules/next/dist/next-devtools/shared/forward-logs-shared.js:27
[    2330ms] [WARNING] ./components/stats/StatsClient.tsx
Module not found: Can't resolve 'html-to-image' in '/Users/saladin/Developments/interestory/components/stats'

Import trace for requested module:
./components/stats/StatsClient.tsx @ webpack-internal:///(app-pages-browser)/./node_modules/next/dist/next-devtools/shared/forward-logs-shared.js:27
[    2330ms] [LOG] [Fast Refresh] done in 97ms @ webpack-internal:///(app-pages-browser)/./node_modules/next/dist/next-devtools/shared/forward-logs-shared.js:27
[    2331ms] [LOG] [Fast Refresh] rebuilding @ webpack-internal:///(app-pages-browser)/./node_modules/next/dist/next-devtools/shared/forward-logs-shared.js:27
[    2404ms] [WARNING] ./app/page.tsx
Module not found: Can't resolve 'html-to-image' in '/Users/saladin/Developments/interestory/app'

Import trace for requested module:
./app/page.tsx @ webpack-internal:///(app-pages-browser)/./node_modules/next/dist/next-devtools/shared/forward-logs-shared.js:27
[    2404ms] [WARNING] ./components/stats/StatsClient.tsx
Module not found: Can't resolve 'html-to-image' in '/Users/saladin/Developments/interestory/components/stats'

Import trace for requested module:
./components/stats/StatsClient.tsx @ webpack-internal:///(app-pages-browser)/./node_modules/next/dist/next-devtools/shared/forward-logs-shared.js:27
[    2404ms] [LOG] [Fast Refresh] done in 74ms @ webpack-internal:///(app-pages-browser)/./node_modules/next/dist/next-devtools/shared/forward-logs-shared.js:27
[    2405ms] [LOG] [Fast Refresh] rebuilding @ webpack-internal:///(app-pages-browser)/./node_modules/next/dist/next-devtools/shared/forward-logs-shared.js:27
[    2503ms] [WARNING] ./app/page.tsx
Module not found: Can't resolve 'html-to-image' in '/Users/saladin/Developments/interestory/app'

Import trace for requested module:
./app/page.tsx @ webpack-internal:///(app-pages-browser)/./node_modules/next/dist/next-devtools/shared/forward-logs-shared.js:27
[    2503ms] [WARNING] ./components/stats/StatsClient.tsx
Module not found: Can't resolve 'html-to-image' in '/Users/saladin/Developments/interestory/components/stats'

Import trace for requested module:
./components/stats/StatsClient.tsx @ webpack-internal:///(app-pages-browser)/./node_modules/next/dist/next-devtools/shared/forward-logs-shared.js:27
[    2503ms] [LOG] [Fast Refresh] done in 97ms @ webpack-internal:///(app-pages-browser)/./node_modules/next/dist/next-devtools/shared/forward-logs-shared.js:27
[    2504ms] [LOG] [Fast Refresh] rebuilding @ webpack-internal:///(app-pages-browser)/./node_modules/next/dist/next-devtools/shared/forward-logs-shared.js:27
[    2579ms] [WARNING] ./app/page.tsx
Module not found: Can't resolve 'html-to-image' in '/Users/saladin/Developments/interestory/app'

Import trace for requested module:
./app/page.tsx @ webpack-internal:///(app-pages-browser)/./node_modules/next/dist/next-devtools/shared/forward-logs-shared.js:27
[    2579ms] [WARNING] ./components/stats/StatsClient.tsx
Module not found: Can't resolve 'html-to-image' in '/Users/saladin/Developments/interestory/components/stats'

Import trace for requested module:
./components/stats/StatsClient.tsx @ webpack-internal:///(app-pages-browser)/./node_modules/next/dist/next-devtools/shared/forward-logs-shared.js:27
[    2580ms] [LOG] [Fast Refresh] done in 76ms @ webpack-internal:///(app-pages-browser)/./node_modules/next/dist/next-devtools/shared/forward-logs-shared.js:27
[    2580ms] [LOG] [Fast Refresh] rebuilding @ webpack-internal:///(app-pages-browser)/./node_modules/next/dist/next-devtools/shared/forward-logs-shared.js:27
[    2677ms] [WARNING] ./app/page.tsx
Module not found: Can't resolve 'html-to-image' in '/Users/saladin/Developments/interestory/app'

Import trace for requested module:
./app/page.tsx @ webpack-internal:///(app-pages-browser)/./node_modules/next/dist/next-devtools/shared/forward-logs-shared.js:27
[    2677ms] [WARNING] ./components/stats/StatsClient.tsx
Module not found: Can't resolve 'html-to-image' in '/Users/saladin/Developments/interestory/components/stats'

Import trace for requested module:
./components/stats/StatsClient.tsx @ webpack-internal:///(app-pages-browser)/./node_modules/next/dist/next-devtools/shared/forward-logs-shared.js:27
[    2677ms] [LOG] [Fast Refresh] done in 97ms @ webpack-internal:///(app-pages-browser)/./node_modules/next/dist/next-devtools/shared/forward-logs-shared.js:27
[    2679ms] [LOG] [Fast Refresh] rebuilding @ webpack-internal:///(app-pages-browser)/./node_modules/next/dist/next-devtools/shared/forward-logs-shared.js:27
[    2750ms] [WARNING] ./app/page.tsx
Module not found: Can't resolve 'html-to-image' in '/Users/saladin/Developments/interestory/app'

Import trace for requested module:
./app/page.tsx @ webpack-internal:///(app-pages-browser)/./node_modules/next/dist/next-devtools/shared/forward-logs-shared.js:27
[    2750ms] [WARNING] ./components/stats/StatsClient.tsx
Module not found: Can't resolve 'html-to-image' in '/Users/saladin/Developments/interestory/components/stats'

Import trace for requested module:
./components/stats/StatsClient.tsx @ webpack-internal:///(app-pages-browser)/./node_modules/next/dist/next-devtools/shared/forward-logs-shared.js:27
[    2750ms] [LOG] [Fast Refresh] done in 72ms @ webpack-internal:///(app-pages-browser)/./node_modules/next/dist/next-devtools/shared/forward-logs-shared.js:27
[    2751ms] [LOG] [Fast Refresh] rebuilding @ webpack-internal:///(app-pages-browser)/./node_modules/next/dist/next-devtools/shared/forward-logs-shared.js:27
[    2847ms] [WARNING] ./app/page.tsx
Module not found: Can't resolve 'html-to-image' in '/Users/saladin/Developments/interestory/app'

Import trace for requested module:
./app/page.tsx @ webpack-internal:///(app-pages-browser)/./node_modules/next/dist/next-devtools/shared/forward-logs-shared.js:27
[    2847ms] [WARNING] ./components/stats/StatsClient.tsx
Module not found: Can't resolve 'html-to-image' in '/Users/saladin/Developments/interestory/components/stats'

Import trace for requested module:
./components/stats/StatsClient.tsx @ webpack-internal:///(app-pages-browser)/./node_modules/next/dist/next-devtools/shared/forward-logs-shared.js:27
[    2847ms] [LOG] [Fast Refresh] done in 95ms @ webpack-internal:///(app-pages-browser)/./node_modules/next/dist/next-devtools/shared/forward-logs-shared.js:27
[    2848ms] [LOG] [Fast Refresh] rebuilding @ webpack-internal:///(app-pages-browser)/./node_modules/next/dist/next-devtools/shared/forward-logs-shared.js:27
[    2920ms] [WARNING] ./app/page.tsx
Module not found: Can't resolve 'html-to-image' in '/Users/saladin/Developments/interestory/app'

Import trace for requested module:
./app/page.tsx @ webpack-internal:///(app-pages-browser)/./node_modules/next/dist/next-devtools/shared/forward-logs-shared.js:27
[    2920ms] [WARNING] ./components/stats/StatsClient.tsx
Module not found: Can't resolve 'html-to-image' in '/Users/saladin/Developments/interestory/components/stats'

Import trace for requested module:
./components/stats/StatsClient.tsx @ webpack-internal:///(app-pages-browser)/./node_modules/next/dist/next-devtools/shared/forward-logs-shared.js:27
[    2920ms] [LOG] [Fast Refresh] done in 73ms @ webpack-internal:///(app-pages-browser)/./node_modules/next/dist/next-devtools/shared/forward-logs-shared.js:27
[    2921ms] [LOG] [Fast Refresh] rebuilding @ webpack-internal:///(app-pages-browser)/./node_modules/next/dist/next-devtools/shared/forward-logs-shared.js:27
[    3016ms] [WARNING] ./app/page.tsx
Module not found: Can't resolve 'html-to-image' in '/Users/saladin/Developments/interestory/app'

Import trace for requested module:
./app/page.tsx @ webpack-internal:///(app-pages-browser)/./node_modules/next/dist/next-devtools/shared/forward-logs-shared.js:27
[    3016ms] [WARNING] ./components/stats/StatsClient.tsx
Module not found: Can't resolve 'html-to-image' in '/Users/saladin/Developments/interestory/components/stats'

Import trace for requested module:
./components/stats/StatsClient.tsx @ webpack-internal:///(app-pages-browser)/./node_modules/next/dist/next-devtools/shared/forward-logs-shared.js:27
[    3016ms] [LOG] [Fast Refresh] done in 95ms @ webpack-internal:///(app-pages-browser)/./node_modules/next/dist/next-devtools/shared/forward-logs-shared.js:27
[    3017ms] [LOG] [Fast Refresh] rebuilding @ webpack-internal:///(app-pages-browser)/./node_modules/next/dist/next-devtools/shared/forward-logs-shared.js:27
[    3089ms] [WARNING] ./app/page.tsx
Module not found: Can't resolve 'html-to-image' in '/Users/saladin/Developments/interestory/app'

Import trace for requested module:
./app/page.tsx @ webpack-internal:///(app-pages-browser)/./node_modules/next/dist/next-devtools/shared/forward-logs-shared.js:27
[    3089ms] [WARNING] ./components/stats/StatsClient.tsx
Module not found: Can't resolve 'html-to-image' in '/Users/saladin/Developments/interestory/components/stats'

Import trace for requested module:
./components/stats/StatsClient.tsx @ webpack-internal:///(app-pages-browser)/./node_modules/next/dist/next-devtools/shared/forward-logs-shared.js:27
[    3089ms] [LOG] [Fast Refresh] done in 72ms @ webpack-internal:///(app-pages-browser)/./node_modules/next/dist/next-devtools/shared/forward-logs-shared.js:27
[    3090ms] [LOG] [Fast Refresh] rebuilding @ webpack-internal:///(app-pages-browser)/./node_modules/next/dist/next-devtools/shared/forward-logs-shared.js:27
[    3186ms] [WARNING] ./app/page.tsx
Module not found: Can't resolve 'html-to-image' in '/Users/saladin/Developments/interestory/app'

Import trace for requested module:
./app/page.tsx @ webpack-internal:///(app-pages-browser)/./node_modules/next/dist/next-devtools/shared/forward-logs-shared.js:27
[    3186ms] [WARNING] ./components/stats/StatsClient.tsx
Module not found: Can't resolve 'html-to-image' in '/Users/saladin/Developments/interestory/components/stats'

Import trace for requested module:
./components/stats/StatsClient.tsx @ webpack-internal:///(app-pages-browser)/./node_modules/next/dist/next-devtools/shared/forward-logs-shared.js:27
[    3186ms] [LOG] [Fast Refresh] done in 95ms @ webpack-internal:///(app-pages-browser)/./node_modules/next/dist/next-devtools/shared/forward-logs-shared.js:27
[    3187ms] [LOG] [Fast Refresh] rebuilding @ webpack-internal:///(app-pages-browser)/./node_modules/next/dist/next-devtools/shared/forward-logs-shared.js:27
[    3259ms] [WARNING] ./app/page.tsx
Module not found: Can't resolve 'html-to-image' in '/Users/saladin/Developments/interestory/app'

Import trace for requested module:
./app/page.tsx @ webpack-internal:///(app-pages-browser)/./node_modules/next/dist/next-devtools/shared/forward-logs-shared.js:27
[    3259ms] [WARNING] ./components/stats/StatsClient.tsx
Module not found: Can't resolve 'html-to-image' in '/Users/saladin/Developments/interestory/components/stats'

Import trace for requested module:
./components/stats/StatsClient.tsx @ webpack-internal:///(app-pages-browser)/./node_modules/next/dist/next-devtools/shared/forward-logs-shared.js:27
[    3259ms] [LOG] [Fast Refresh] done in 72ms @ webpack-internal:///(app-pages-browser)/./node_modules/next/dist/next-devtools/shared/forward-logs-shared.js:27
[    3260ms] [LOG] [Fast Refresh] rebuilding @ webpack-internal:///(app-pages-browser)/./node_modules/next/dist/next-devtools/shared/forward-logs-shared.js:27
[    3357ms] [WARNING] ./app/page.tsx
Module not found: Can't resolve 'html-to-image' in '/Users/saladin/Developments/interestory/app'

Import trace for requested module:
./app/page.tsx @ webpack-internal:///(app-pages-browser)/./node_modules/next/dist/next-devtools/shared/forward-logs-shared.js:27
[    3357ms] [WARNING] ./components/stats/StatsClient.tsx
Module not found: Can't resolve 'html-to-image' in '/Users/saladin/Developments/interestory/components/stats'

Import trace for requested module:
./components/stats/StatsClient.tsx @ webpack-internal:///(app-pages-browser)/./node_modules/next/dist/next-devtools/shared/forward-logs-shared.js:27
[    3357ms] [LOG] [Fast Refresh] done in 96ms @ webpack-internal:///(app-pages-browser)/./node_modules/next/dist/next-devtools/shared/forward-logs-shared.js:27
[    3358ms] [LOG] [Fast Refresh] rebuilding @ webpack-internal:///(app-pages-browser)/./node_modules/next/dist/next-devtools/shared/forward-logs-shared.js:27
[    3432ms] [WARNING] ./app/page.tsx
Module not found: Can't resolve 'html-to-image' in '/Users/saladin/Developments/interestory/app'

Import trace for requested module:
./app/page.tsx @ webpack-internal:///(app-pages-browser)/./node_modules/next/dist/next-devtools/shared/forward-logs-shared.js:27
[    3432ms] [WARNING] ./components/stats/StatsClient.tsx
Module not found: Can't resolve 'html-to-image' in '/Users/saladin/Developments/interestory/components/stats'

Import trace for requested module:
./components/stats/StatsClient.tsx @ webpack-internal:///(app-pages-browser)/./node_modules/next/dist/next-devtools/shared/forward-logs-shared.js:27
[    3432ms] [LOG] [Fast Refresh] done in 75ms @ webpack-internal:///(app-pages-browser)/./node_modules/next/dist/next-devtools/shared/forward-logs-shared.js:27
[    3433ms] [LOG] [Fast Refresh] rebuilding @ webpack-internal:///(app-pages-browser)/./node_modules/next/dist/next-devtools/shared/forward-logs-shared.js:27
[    3531ms] [WARNING] ./app/page.tsx
Module not found: Can't resolve 'html-to-image' in '/Users/saladin/Developments/interestory/app'

Import trace for requested module:
./app/page.tsx @ webpack-internal:///(app-pages-browser)/./node_modules/next/dist/next-devtools/shared/forward-logs-shared.js:27
[    3531ms] [WARNING] ./components/stats/StatsClient.tsx
Module not found: Can't resolve 'html-to-image' in '/Users/saladin/Developments/interestory/components/stats'

Import trace for requested module:
./components/stats/StatsClient.tsx @ webpack-internal:///(app-pages-browser)/./node_modules/next/dist/next-devtools/shared/forward-logs-shared.js:27
[    3531ms] [LOG] [Fast Refresh] done in 97ms @ webpack-internal:///(app-pages-browser)/./node_modules/next/dist/next-devtools/shared/forward-logs-shared.js:27
[    3532ms] [LOG] [Fast Refresh] rebuilding @ webpack-internal:///(app-pages-browser)/./node_modules/next/dist/next-devtools/shared/forward-logs-shared.js:27
[    3604ms] [WARNING] ./app/page.tsx
Module not found: Can't resolve 'html-to-image' in '/Users/saladin/Developments/interestory/app'

Import trace for requested module:
./app/page.tsx @ webpack-internal:///(app-pages-browser)/./node_modules/next/dist/next-devtools/shared/forward-logs-shared.js:27
[    3604ms] [WARNING] ./components/stats/StatsClient.tsx
Module not found: Can't resolve 'html-to-image' in '/Users/saladin/Developments/interestory/components/stats'

Import trace for requested module:
./components/stats/StatsClient.tsx @ webpack-internal:///(app-pages-browser)/./node_modules/next/dist/next-devtools/shared/forward-logs-shared.js:27
[    3604ms] [LOG] [Fast Refresh] done in 72ms @ webpack-internal:///(app-pages-browser)/./node_modules/next/dist/next-devtools/shared/forward-logs-shared.js:27
[    3605ms] [LOG] [Fast Refresh] rebuilding @ webpack-internal:///(app-pages-browser)/./node_modules/next/dist/next-devtools/shared/forward-logs-shared.js:27
[    3701ms] [WARNING] ./app/page.tsx
Module not found: Can't resolve 'html-to-image' in '/Users/saladin/Developments/interestory/app'

Import trace for requested module:
./app/page.tsx @ webpack-internal:///(app-pages-browser)/./node_modules/next/dist/next-devtools/shared/forward-logs-shared.js:27
[    3701ms] [WARNING] ./components/stats/StatsClient.tsx
Module not found: Can't resolve 'html-to-image' in '/Users/saladin/Developments/interestory/components/stats'

Import trace for requested module:
./components/stats/StatsClient.tsx @ webpack-internal:///(app-pages-browser)/./node_modules/next/dist/next-devtools/shared/forward-logs-shared.js:27
[    3702ms] [LOG] [Fast Refresh] done in 97ms @ webpack-internal:///(app-pages-browser)/./node_modules/next/dist/next-devtools/shared/forward-logs-shared.js:27
[    3702ms] [LOG] [Fast Refresh] rebuilding @ webpack-internal:///(app-pages-browser)/./node_modules/next/dist/next-devtools/shared/forward-logs-shared.js:27
[    3779ms] [WARNING] ./app/page.tsx
Module not found: Can't resolve 'html-to-image' in '/Users/saladin/Developments/interestory/app'

Import trace for requested module:
./app/page.tsx @ webpack-internal:///(app-pages-browser)/./node_modules/next/dist/next-devtools/shared/forward-logs-shared.js:27
[    3779ms] [WARNING] ./components/stats/StatsClient.tsx
Module not found: Can't resolve 'html-to-image' in '/Users/saladin/Developments/interestory/components/stats'

Import trace for requested module:
./components/stats/StatsClient.tsx @ webpack-internal:///(app-pages-browser)/./node_modules/next/dist/next-devtools/shared/forward-logs-shared.js:27
[    3779ms] [LOG] [Fast Refresh] done in 77ms @ webpack-internal:///(app-pages-browser)/./node_modules/next/dist/next-devtools/shared/forward-logs-shared.js:27
[    3780ms] [LOG] [Fast Refresh] rebuilding @ webpack-internal:///(app-pages-browser)/./node_modules/next/dist/next-devtools/shared/forward-logs-shared.js:27
[    3883ms] [WARNING] ./app/page.tsx
Module not found: Can't resolve 'html-to-image' in '/Users/saladin/Developments/interestory/app'

Import trace for requested module:
./app/page.tsx @ webpack-internal:///(app-pages-browser)/./node_modules/next/dist/next-devtools/shared/forward-logs-shared.js:27
[    3883ms] [WARNING] ./components/stats/StatsClient.tsx
Module not found: Can't resolve 'html-to-image' in '/Users/saladin/Developments/interestory/components/stats'

Import trace for requested module:
./components/stats/StatsClient.tsx @ webpack-internal:///(app-pages-browser)/./node_modules/next/dist/next-devtools/shared/forward-logs-shared.js:27
[    3883ms] [LOG] [Fast Refresh] done in 102ms @ webpack-internal:///(app-pages-browser)/./node_modules/next/dist/next-devtools/shared/forward-logs-shared.js:27
[    3884ms] [LOG] [Fast Refresh] rebuilding @ webpack-internal:///(app-pages-browser)/./node_modules/next/dist/next-devtools/shared/forward-logs-shared.js:27
[    3963ms] [WARNING] ./app/page.tsx
Module not found: Can't resolve 'html-to-image' in '/Users/saladin/Developments/interestory/app'

Import trace for requested module:
./app/page.tsx @ webpack-internal:///(app-pages-browser)/./node_modules/next/dist/next-devtools/shared/forward-logs-shared.js:27
[    3963ms] [WARNING] ./components/stats/StatsClient.tsx
Module not found: Can't resolve 'html-to-image' in '/Users/saladin/Developments/interestory/components/stats'

Import trace for requested module:
./components/stats/StatsClient.tsx @ webpack-internal:///(app-pages-browser)/./node_modules/next/dist/next-devtools/shared/forward-logs-shared.js:27
[    3963ms] [LOG] [Fast Refresh] done in 79ms @ webpack-internal:///(app-pages-browser)/./node_modules/next/dist/next-devtools/shared/forward-logs-shared.js:27
[    3964ms] [LOG] [Fast Refresh] rebuilding @ webpack-internal:///(app-pages-browser)/./node_modules/next/dist/next-devtools/shared/forward-logs-shared.js:27
[    4062ms] [WARNING] ./app/page.tsx
Module not found: Can't resolve 'html-to-image' in '/Users/saladin/Developments/interestory/app'

Import trace for requested module:
./app/page.tsx @ webpack-internal:///(app-pages-browser)/./node_modules/next/dist/next-devtools/shared/forward-logs-shared.js:27
[    4062ms] [WARNING] ./components/stats/StatsClient.tsx
Module not found: Can't resolve 'html-to-image' in '/Users/saladin/Developments/interestory/components/stats'

Import trace for requested module:
./components/stats/StatsClient.tsx @ webpack-internal:///(app-pages-browser)/./node_modules/next/dist/next-devtools/shared/forward-logs-shared.js:27
[    4062ms] [LOG] [Fast Refresh] done in 99ms @ webpack-internal:///(app-pages-browser)/./node_modules/next/dist/next-devtools/shared/forward-logs-shared.js:27
[    4063ms] [LOG] [Fast Refresh] rebuilding @ webpack-internal:///(app-pages-browser)/./node_modules/next/dist/next-devtools/shared/forward-logs-shared.js:27
[    4135ms] [WARNING] ./app/page.tsx
Module not found: Can't resolve 'html-to-image' in '/Users/saladin/Developments/interestory/app'

Import trace for requested module:
./app/page.tsx @ webpack-internal:///(app-pages-browser)/./node_modules/next/dist/next-devtools/shared/forward-logs-shared.js:27
[    4135ms] [WARNING] ./components/stats/StatsClient.tsx
Module not found: Can't resolve 'html-to-image' in '/Users/saladin/Developments/interestory/components/stats'

Import trace for requested module:
./components/stats/StatsClient.tsx @ webpack-internal:///(app-pages-browser)/./node_modules/next/dist/next-devtools/shared/forward-logs-shared.js:27
[    4135ms] [LOG] [Fast Refresh] done in 72ms @ webpack-internal:///(app-pages-browser)/./node_modules/next/dist/next-devtools/shared/forward-logs-shared.js:27
[    4136ms] [LOG] [Fast Refresh] rebuilding @ webpack-internal:///(app-pages-browser)/./node_modules/next/dist/next-devtools/shared/forward-logs-shared.js:27
[    4238ms] [WARNING] ./app/page.tsx
Module not found: Can't resolve 'html-to-image' in '/Users/saladin/Developments/interestory/app'

Import trace for requested module:
./app/page.tsx @ webpack-internal:///(app-pages-browser)/./node_modules/next/dist/next-devtools/shared/forward-logs-shared.js:27
[    4238ms] [WARNING] ./components/stats/StatsClient.tsx
Module not found: Can't resolve 'html-to-image' in '/Users/saladin/Developments/interestory/components/stats'

Import trace for requested module:
./components/stats/StatsClient.tsx @ webpack-internal:///(app-pages-browser)/./node_modules/next/dist/next-devtools/shared/forward-logs-shared.js:27
[    4238ms] [LOG] [Fast Refresh] done in 102ms @ webpack-internal:///(app-pages-browser)/./node_modules/next/dist/next-devtools/shared/forward-logs-shared.js:27
[    4239ms] [LOG] [Fast Refresh] rebuilding @ webpack-internal:///(app-pages-browser)/./node_modules/next/dist/next-devtools/shared/forward-logs-shared.js:27
[    4316ms] [WARNING] ./app/page.tsx
Module not found: Can't resolve 'html-to-image' in '/Users/saladin/Developments/interestory/app'

Import trace for requested module:
./app/page.tsx @ webpack-internal:///(app-pages-browser)/./node_modules/next/dist/next-devtools/shared/forward-logs-shared.js:27
[    4316ms] [WARNING] ./components/stats/StatsClient.tsx
Module not found: Can't resolve 'html-to-image' in '/Users/saladin/Developments/interestory/components/stats'

Import trace for requested module:
./components/stats/StatsClient.tsx @ webpack-internal:///(app-pages-browser)/./node_modules/next/dist/next-devtools/shared/forward-logs-shared.js:27
[    4316ms] [LOG] [Fast Refresh] done in 77ms @ webpack-internal:///(app-pages-browser)/./node_modules/next/dist/next-devtools/shared/forward-logs-shared.js:27
[    4317ms] [LOG] [Fast Refresh] rebuilding @ webpack-internal:///(app-pages-browser)/./node_modules/next/dist/next-devtools/shared/forward-logs-shared.js:27
[    4413ms] [WARNING] ./app/page.tsx
Module not found: Can't resolve 'html-to-image' in '/Users/saladin/Developments/interestory/app'

Import trace for requested module:
./app/page.tsx @ webpack-internal:///(app-pages-browser)/./node_modules/next/dist/next-devtools/shared/forward-logs-shared.js:27
[    4413ms] [WARNING] ./components/stats/StatsClient.tsx
Module not found: Can't resolve 'html-to-image' in '/Users/saladin/Developments/interestory/components/stats'

Import trace for requested module:
./components/stats/StatsClient.tsx @ webpack-internal:///(app-pages-browser)/./node_modules/next/dist/next-devtools/shared/forward-logs-shared.js:27
[    4413ms] [LOG] [Fast Refresh] done in 96ms @ webpack-internal:///(app-pages-browser)/./node_modules/next/dist/next-devtools/shared/forward-logs-shared.js:27
[    4414ms] [LOG] [Fast Refresh] rebuilding @ webpack-internal:///(app-pages-browser)/./node_modules/next/dist/next-devtools/shared/forward-logs-shared.js:27
[    4490ms] [WARNING] ./app/page.tsx
Module not found: Can't resolve 'html-to-image' in '/Users/saladin/Developments/interestory/app'

Import trace for requested module:
./app/page.tsx @ webpack-internal:///(app-pages-browser)/./node_modules/next/dist/next-devtools/shared/forward-logs-shared.js:27
[    4490ms] [WARNING] ./components/stats/StatsClient.tsx
Module not found: Can't resolve 'html-to-image' in '/Users/saladin/Developments/interestory/components/stats'

Import trace for requested module:
./components/stats/StatsClient.tsx @ webpack-internal:///(app-pages-browser)/./node_modules/next/dist/next-devtools/shared/forward-logs-shared.js:27
[    4490ms] [LOG] [Fast Refresh] done in 76ms @ webpack-internal:///(app-pages-browser)/./node_modules/next/dist/next-devtools/shared/forward-logs-shared.js:27
[    4491ms] [LOG] [Fast Refresh] rebuilding @ webpack-internal:///(app-pages-browser)/./node_modules/next/dist/next-devtools/shared/forward-logs-shared.js:27
[    4595ms] [WARNING] ./app/page.tsx
Module not found: Can't resolve 'html-to-image' in '/Users/saladin/Developments/interestory/app'

Import trace for requested module:
./app/page.tsx @ webpack-internal:///(app-pages-browser)/./node_modules/next/dist/next-devtools/shared/forward-logs-shared.js:27
[    4595ms] [WARNING] ./components/stats/StatsClient.tsx
Module not found: Can't resolve 'html-to-image' in '/Users/saladin/Developments/interestory/components/stats'

Import trace for requested module:
./components/stats/StatsClient.tsx @ webpack-internal:///(app-pages-browser)/./node_modules/next/dist/next-devtools/shared/forward-logs-shared.js:27
[    4595ms] [LOG] [Fast Refresh] done in 104ms @ webpack-internal:///(app-pages-browser)/./node_modules/next/dist/next-devtools/shared/forward-logs-shared.js:27
[    4596ms] [LOG] [Fast Refresh] rebuilding @ webpack-internal:///(app-pages-browser)/./node_modules/next/dist/next-devtools/shared/forward-logs-shared.js:27
[    4675ms] [WARNING] ./app/page.tsx
Module not found: Can't resolve 'html-to-image' in '/Users/saladin/Developments/interestory/app'

Import trace for requested module:
./app/page.tsx @ webpack-internal:///(app-pages-browser)/./node_modules/next/dist/next-devtools/shared/forward-logs-shared.js:27
[    4675ms] [WARNING] ./components/stats/StatsClient.tsx
Module not found: Can't resolve 'html-to-image' in '/Users/saladin/Developments/interestory/components/stats'

Import trace for requested module:
./components/stats/StatsClient.tsx @ webpack-internal:///(app-pages-browser)/./node_modules/next/dist/next-devtools/shared/forward-logs-shared.js:27
[    4675ms] [LOG] [Fast Refresh] done in 80ms @ webpack-internal:///(app-pages-browser)/./node_modules/next/dist/next-devtools/shared/forward-logs-shared.js:27
[    4677ms] [LOG] [Fast Refresh] rebuilding @ webpack-internal:///(app-pages-browser)/./node_modules/next/dist/next-devtools/shared/forward-logs-shared.js:27
[    4777ms] [WARNING] ./app/page.tsx
Module not found: Can't resolve 'html-to-image' in '/Users/saladin/Developments/interestory/app'

Import trace for requested module:
./app/page.tsx @ webpack-internal:///(app-pages-browser)/./node_modules/next/dist/next-devtools/shared/forward-logs-shared.js:27
[    4777ms] [WARNING] ./components/stats/StatsClient.tsx
Module not found: Can't resolve 'html-to-image' in '/Users/saladin/Developments/interestory/components/stats'

Import trace for requested module:
./components/stats/StatsClient.tsx @ webpack-internal:///(app-pages-browser)/./node_modules/next/dist/next-devtools/shared/forward-logs-shared.js:27
[    4777ms] [LOG] [Fast Refresh] done in 101ms @ webpack-internal:///(app-pages-browser)/./node_modules/next/dist/next-devtools/shared/forward-logs-shared.js:27
[    4778ms] [LOG] [Fast Refresh] rebuilding @ webpack-internal:///(app-pages-browser)/./node_modules/next/dist/next-devtools/shared/forward-logs-shared.js:27
[    4859ms] [WARNING] ./app/page.tsx
Module not found: Can't resolve 'html-to-image' in '/Users/saladin/Developments/interestory/app'

Import trace for requested module:
./app/page.tsx @ webpack-internal:///(app-pages-browser)/./node_modules/next/dist/next-devtools/shared/forward-logs-shared.js:27
[    4859ms] [WARNING] ./components/stats/StatsClient.tsx
Module not found: Can't resolve 'html-to-image' in '/Users/saladin/Developments/interestory/components/stats'

Import trace for requested module:
./components/stats/StatsClient.tsx @ webpack-internal:///(app-pages-browser)/./node_modules/next/dist/next-devtools/shared/forward-logs-shared.js:27
[    4859ms] [LOG] [Fast Refresh] done in 81ms @ webpack-internal:///(app-pages-browser)/./node_modules/next/dist/next-devtools/shared/forward-logs-shared.js:27
[    4861ms] [LOG] [Fast Refresh] rebuilding @ webpack-internal:///(app-pages-browser)/./node_modules/next/dist/next-devtools/shared/forward-logs-shared.js:27
[    4960ms] [WARNING] The resource http://localhost:3000/_next/static/css/app/layout.css?v=1790076639056 was preloaded using link preload but not used within a few seconds from the window's load event. Please make sure it has an appropriate `as` value and it is preloaded intentionally. @ http://localhost:3000/family:0
[    4960ms] [WARNING] The resource http://localhost:3000/_next/static/css/app/layout.css?v=1790076637958 was preloaded using link preload but not used within a few seconds from the window's load event. Please make sure it has an appropriate `as` value and it is preloaded intentionally. @ http://localhost:3000/family:0
[    4960ms] [WARNING] The resource http://localhost:3000/_next/static/css/app/layout.css?v=1790076641539 was preloaded using link preload but not used within a few seconds from the window's load event. Please make sure it has an appropriate `as` value and it is preloaded intentionally. @ http://localhost:3000/family:0
[    4960ms] [WARNING] The resource http://localhost:3000/_next/static/css/app/layout.css?v=1790076638509 was preloaded using link preload but not used within a few seconds from the window's load event. Please make sure it has an appropriate `as` value and it is preloaded intentionally. @ http://localhost:3000/family:0
[    4960ms] [WARNING] The resource http://localhost:3000/_next/static/css/app/layout.css?v=1790076640084 was preloaded using link preload but not used within a few seconds from the window's load event. Please make sure it has an appropriate `as` value and it is preloaded intentionally. @ http://localhost:3000/family:0
[    4960ms] [WARNING] The resource http://localhost:3000/_next/static/css/app/layout.css?v=1790076638339 was preloaded using link preload but not used within a few seconds from the window's load event. Please make sure it has an appropriate `as` value and it is preloaded intentionally. @ http://localhost:3000/family:0
[    4960ms] [WARNING] The resource http://localhost:3000/_next/static/css/app/layout.css?v=1790076640435 was preloaded using link preload but not used within a few seconds from the window's load event. Please make sure it has an appropriate `as` value and it is preloaded intentionally. @ http://localhost:3000/family:0
[    4960ms] [WARNING] The resource http://localhost:3000/_next/static/media/22a5144ee8d83bca-s.p.woff2?v=1790076636769 was preloaded using link preload but not used within a few seconds from the window's load event. Please make sure it has an appropriate `as` value and it is preloaded intentionally. @ http://localhost:3000/family:0
[    4960ms] [WARNING] The resource http://localhost:3000/_next/static/css/app/layout.css?v=1790076637792 was preloaded using link preload but not used within a few seconds from the window's load event. Please make sure it has an appropriate `as` value and it is preloaded intentionally. @ http://localhost:3000/family:0
[    4960ms] [WARNING] The resource http://localhost:3000/_next/static/css/app/layout.css?v=1790076639569 was preloaded using link preload but not used within a few seconds from the window's load event. Please make sure it has an appropriate `as` value and it is preloaded intentionally. @ http://localhost:3000/family:0
[    4960ms] [WARNING] The resource http://localhost:3000/_next/static/css/app/layout.css?v=1790076640614 was preloaded using link preload but not used within a few seconds from the window's load event. Please make sure it has an appropriate `as` value and it is preloaded intentionally. @ http://localhost:3000/family:0
[    4960ms] [WARNING] The resource http://localhost:3000/_next/static/css/app/layout.css?v=1790076640790 was preloaded using link preload but not used within a few seconds from the window's load event. Please make sure it has an appropriate `as` value and it is preloaded intentionally. @ http://localhost:3000/family:0
[    4960ms] [WARNING] The resource http://localhost:3000/_next/static/css/app/layout.css?v=1790076641329 was preloaded using link preload but not used within a few seconds from the window's load event. Please make sure it has an appropriate `as` value and it is preloaded intentionally. @ http://localhost:3000/family:0
[    4960ms] [WARNING] The resource http://localhost:3000/_next/static/css/app/layout.css?v=1790076641146 was preloaded using link preload but not used within a few seconds from the window's load event. Please make sure it has an appropriate `as` value and it is preloaded intentionally. @ http://localhost:3000/family:0
[    4960ms] [WARNING] The resource http://localhost:3000/_next/static/css/app/layout.css?v=1790076638166 was preloaded using link preload but not used within a few seconds from the window's load event. Please make sure it has an appropriate `as` value and it is preloaded intentionally. @ http://localhost:3000/family:0
[    4960ms] [WARNING] The resource http://localhost:3000/_next/static/css/app/layout.css?v=1790076638882 was preloaded using link preload but not used within a few seconds from the window's load event. Please make sure it has an appropriate `as` value and it is preloaded intentionally. @ http://localhost:3000/family:0
[    4960ms] [WARNING] The resource http://localhost:3000/_next/static/css/app/layout.css?v=1790076639741 was preloaded using link preload but not used within a few seconds from the window's load event. Please make sure it has an appropriate `as` value and it is preloaded intentionally. @ http://localhost:3000/family:0
[    4960ms] [WARNING] The resource http://localhost:3000/_next/static/css/app/layout.css?v=1790076639909 was preloaded using link preload but not used within a few seconds from the window's load event. Please make sure it has an appropriate `as` value and it is preloaded intentionally. @ http://localhost:3000/family:0
[    4960ms] [WARNING] The resource http://localhost:3000/_next/static/css/app/layout.css?v=1790076639402 was preloaded using link preload but not used within a few seconds from the window's load event. Please make sure it has an appropriate `as` value and it is preloaded intentionally. @ http://localhost:3000/family:0
[    4960ms] [WARNING] The resource http://localhost:3000/_next/static/media/7d4881bb7e1bf84d-s.p.woff2?v=1790076636769 was preloaded using link preload but not used within a few seconds from the window's load event. Please make sure it has an appropriate `as` value and it is preloaded intentionally. @ http://localhost:3000/family:0
[    4960ms] [WARNING] The resource http://localhost:3000/_next/static/css/app/layout.css?v=1790076638671 was preloaded using link preload but not used within a few seconds from the window's load event. Please make sure it has an appropriate `as` value and it is preloaded intentionally. @ http://localhost:3000/family:0
[    4960ms] [WARNING] The resource http://localhost:3000/_next/static/css/app/layout.css?v=1790076639228 was preloaded using link preload but not used within a few seconds from the window's load event. Please make sure it has an appropriate `as` value and it is preloaded intentionally. @ http://localhost:3000/family:0
[    4960ms] [WARNING] The resource http://localhost:3000/_next/static/css/app/layout.css?v=1790076640965 was preloaded using link preload but not used within a few seconds from the window's load event. Please make sure it has an appropriate `as` value and it is preloaded intentionally. @ http://localhost:3000/family:0
[    4960ms] [WARNING] The resource http://localhost:3000/_next/static/css/app/layout.css?v=1790076640255 was preloaded using link preload but not used within a few seconds from the window's load event. Please make sure it has an appropriate `as` value and it is preloaded intentionally. @ http://localhost:3000/family:0
[    5022ms] [WARNING] ./app/page.tsx
Module not found: Can't resolve 'html-to-image' in '/Users/saladin/Developments/interestory/app'

Import trace for requested module:
./app/page.tsx @ webpack-internal:///(app-pages-browser)/./node_modules/next/dist/next-devtools/shared/forward-logs-shared.js:27
[    5022ms] [WARNING] ./components/stats/StatsClient.tsx
Module not found: Can't resolve 'html-to-image' in '/Users/saladin/Developments/interestory/components/stats'

Import trace for requested module:
./components/stats/StatsClient.tsx @ webpack-internal:///(app-pages-browser)/./node_modules/next/dist/next-devtools/shared/forward-logs-shared.js:27
[    5022ms] [LOG] [Fast Refresh] done in 161ms @ webpack-internal:///(app-pages-browser)/./node_modules/next/dist/next-devtools/shared/forward-logs-shared.js:27
[    5023ms] [LOG] [Fast Refresh] rebuilding @ webpack-internal:///(app-pages-browser)/./node_modules/next/dist/next-devtools/shared/forward-logs-shared.js:27
[    5120ms] [WARNING] ./app/page.tsx
Module not found: Can't resolve 'html-to-image' in '/Users/saladin/Developments/interestory/app'

Import trace for requested module:
./app/page.tsx @ webpack-internal:///(app-pages-browser)/./node_modules/next/dist/next-devtools/shared/forward-logs-shared.js:27
[    5120ms] [WARNING] ./components/stats/StatsClient.tsx
Module not found: Can't resolve 'html-to-image' in '/Users/saladin/Developments/interestory/components/stats'

Import trace for requested module:
./components/stats/StatsClient.tsx @ webpack-internal:///(app-pages-browser)/./node_modules/next/dist/next-devtools/shared/forward-logs-shared.js:27
[    5120ms] [LOG] [Fast Refresh] done in 98ms @ webpack-internal:///(app-pages-browser)/./node_modules/next/dist/next-devtools/shared/forward-logs-shared.js:27
[    5121ms] [LOG] [Fast Refresh] rebuilding @ webpack-internal:///(app-pages-browser)/./node_modules/next/dist/next-devtools/shared/forward-logs-shared.js:27
[    5207ms] [WARNING] ./app/page.tsx
Module not found: Can't resolve 'html-to-image' in '/Users/saladin/Developments/interestory/app'

Import trace for requested module:
./app/page.tsx @ webpack-internal:///(app-pages-browser)/./node_modules/next/dist/next-devtools/shared/forward-logs-shared.js:27
[    5207ms] [WARNING] ./components/stats/StatsClient.tsx
Module not found: Can't resolve 'html-to-image' in '/Users/saladin/Developments/interestory/components/stats'

Import trace for requested module:
./components/stats/StatsClient.tsx @ webpack-internal:///(app-pages-browser)/./node_modules/next/dist/next-devtools/shared/forward-logs-shared.js:27
[    5207ms] [LOG] [Fast Refresh] done in 86ms @ webpack-internal:///(app-pages-browser)/./node_modules/next/dist/next-devtools/shared/forward-logs-shared.js:27
[    5208ms] [LOG] [Fast Refresh] rebuilding @ webpack-internal:///(app-pages-browser)/./node_modules/next/dist/next-devtools/shared/forward-logs-shared.js:27
[    5295ms] [WARNING] ./app/page.tsx
Module not found: Can't resolve 'html-to-image' in '/Users/saladin/Developments/interestory/app'

Import trace for requested module:
./app/page.tsx @ webpack-internal:///(app-pages-browser)/./node_modules/next/dist/next-devtools/shared/forward-logs-shared.js:27
[    5295ms] [WARNING] ./components/stats/StatsClient.tsx
Module not found: Can't resolve 'html-to-image' in '/Users/saladin/Developments/interestory/components/stats'

Import trace for requested module:
./components/stats/StatsClient.tsx @ webpack-internal:///(app-pages-browser)/./node_modules/next/dist/next-devtools/shared/forward-logs-shared.js:27
[    5295ms] [LOG] [Fast Refresh] done in 87ms @ webpack-internal:///(app-pages-browser)/./node_modules/next/dist/next-devtools/shared/forward-logs-shared.js:27
[    5295ms] [LOG] [Fast Refresh] rebuilding @ webpack-internal:///(app-pages-browser)/./node_modules/next/dist/next-devtools/shared/forward-logs-shared.js:27
[    5450ms] [LOG] [Fast Refresh] rebuilding @ webpack-internal:///(app-pages-browser)/./node_modules/next/dist/next-devtools/shared/forward-logs-shared.js:27
[    5450ms] [WARNING] ./app/page.tsx
Module not found: Can't resolve 'html-to-image' in '/Users/saladin/Developments/interestory/app'

Import trace for requested module:
./app/page.tsx @ webpack-internal:///(app-pages-browser)/./node_modules/next/dist/next-devtools/shared/forward-logs-shared.js:27
[    5450ms] [WARNING] ./components/stats/StatsClient.tsx
Module not found: Can't resolve 'html-to-image' in '/Users/saladin/Developments/interestory/components/stats'

Import trace for requested module:
./components/stats/StatsClient.tsx @ webpack-internal:///(app-pages-browser)/./node_modules/next/dist/next-devtools/shared/forward-logs-shared.js:27
[    5450ms] [LOG] [Fast Refresh] done in 0ms @ webpack-internal:///(app-pages-browser)/./node_modules/next/dist/next-devtools/shared/forward-logs-shared.js:27
[    5478ms] [LOG] [Fast Refresh] rebuilding @ webpack-internal:///(app-pages-browser)/./node_modules/next/dist/next-devtools/shared/forward-logs-shared.js:27
[    5480ms] [WARNING] ./app/page.tsx
Module not found: Can't resolve 'html-to-image' in '/Users/saladin/Developments/interestory/app'

Import trace for requested module:
./app/page.tsx @ webpack-internal:///(app-pages-browser)/./node_modules/next/dist/next-devtools/shared/forward-logs-shared.js:27
[    5480ms] [WARNING] ./components/stats/StatsClient.tsx
Module not found: Can't resolve 'html-to-image' in '/Users/saladin/Developments/interestory/components/stats'

Import trace for requested module:
./components/stats/StatsClient.tsx @ webpack-internal:///(app-pages-browser)/./node_modules/next/dist/next-devtools/shared/forward-logs-shared.js:27
[    5480ms] [LOG] [Fast Refresh] done in 3ms @ webpack-internal:///(app-pages-browser)/./node_modules/next/dist/next-devtools/shared/forward-logs-shared.js:27
[    5495ms] [ERROR] Failed to load resource: the server responded with a status of 500 (Internal Server Error) @ http://localhost:3000/family?_rsc=13zw9:0
[    5548ms] [LOG] [Fast Refresh] rebuilding @ webpack-internal:///(app-pages-browser)/./node_modules/next/dist/next-devtools/shared/forward-logs-shared.js:27
[    5572ms] [WARNING] ./app/page.tsx
Module not found: Can't resolve 'html-to-image' in '/Users/saladin/Developments/interestory/app'

Import trace for requested module:
./app/page.tsx @ webpack-internal:///(app-pages-browser)/./node_modules/next/dist/next-devtools/shared/forward-logs-shared.js:27
[    5572ms] [WARNING] ./components/stats/StatsClient.tsx
Module not found: Can't resolve 'html-to-image' in '/Users/saladin/Developments/interestory/components/stats'

Import trace for requested module:
./components/stats/StatsClient.tsx @ webpack-internal:///(app-pages-browser)/./node_modules/next/dist/next-devtools/shared/forward-logs-shared.js:27
[    5572ms] [LOG] [Fast Refresh] done in 24ms @ webpack-internal:///(app-pages-browser)/./node_modules/next/dist/next-devtools/shared/forward-logs-shared.js:27
[    5576ms] [LOG] [Fast Refresh] rebuilding @ webpack-internal:///(app-pages-browser)/./node_modules/next/dist/next-devtools/shared/forward-logs-shared.js:27
[    5646ms] [WARNING] ./app/page.tsx
Module not found: Can't resolve 'html-to-image' in '/Users/saladin/Developments/interestory/app'

Import trace for requested module:
./app/page.tsx @ webpack-internal:///(app-pages-browser)/./node_modules/next/dist/next-devtools/shared/forward-logs-shared.js:27
[    5646ms] [WARNING] ./components/stats/StatsClient.tsx
Module not found: Can't resolve 'html-to-image' in '/Users/saladin/Developments/interestory/components/stats'

Import trace for requested module:
./components/stats/StatsClient.tsx @ webpack-internal:///(app-pages-browser)/./node_modules/next/dist/next-devtools/shared/forward-logs-shared.js:27
[    5646ms] [LOG] [Fast Refresh] done in 69ms @ webpack-internal:///(app-pages-browser)/./node_modules/next/dist/next-devtools/shared/forward-logs-shared.js:27
[    5717ms] [LOG] [Fast Refresh] rebuilding @ webpack-internal:///(app-pages-browser)/./node_modules/next/dist/next-devtools/shared/forward-logs-shared.js:27
[    5784ms] [WARNING] ./app/page.tsx
Module not found: Can't resolve 'html-to-image' in '/Users/saladin/Developments/interestory/app'

Import trace for requested module:
./app/page.tsx @ webpack-internal:///(app-pages-browser)/./node_modules/next/dist/next-devtools/shared/forward-logs-shared.js:27
[    5784ms] [WARNING] ./components/stats/StatsClient.tsx
Module not found: Can't resolve 'html-to-image' in '/Users/saladin/Developments/interestory/components/stats'

Import trace for requested module:
./components/stats/StatsClient.tsx @ webpack-internal:///(app-pages-browser)/./node_modules/next/dist/next-devtools/shared/forward-logs-shared.js:27
[    5784ms] [LOG] [Fast Refresh] done in 67ms @ webpack-internal:///(app-pages-browser)/./node_modules/next/dist/next-devtools/shared/forward-logs-shared.js:27
[    5830ms] [LOG] [Fast Refresh] rebuilding @ webpack-internal:///(app-pages-browser)/./node_modules/next/dist/next-devtools/shared/forward-logs-shared.js:27
[    5855ms] [WARNING] ./app/page.tsx
Module not found: Can't resolve 'html-to-image' in '/Users/saladin/Developments/interestory/app'

Import trace for requested module:
./app/page.tsx @ webpack-internal:///(app-pages-browser)/./node_modules/next/dist/next-devtools/shared/forward-logs-shared.js:27
[    5855ms] [WARNING] ./components/stats/StatsClient.tsx
Module not found: Can't resolve 'html-to-image' in '/Users/saladin/Developments/interestory/components/stats'

Import trace for requested module:
./components/stats/StatsClient.tsx @ webpack-internal:///(app-pages-browser)/./node_modules/next/dist/next-devtools/shared/forward-logs-shared.js:27
[    5855ms] [LOG] [Fast Refresh] done in 25ms @ webpack-internal:///(app-pages-browser)/./node_modules/next/dist/next-devtools/shared/forward-logs-shared.js:27
[    5900ms] [LOG] [Fast Refresh] rebuilding @ webpack-internal:///(app-pages-browser)/./node_modules/next/dist/next-devtools/shared/forward-logs-shared.js:27
[    5948ms] [WARNING] ./app/page.tsx
Module not found: Can't resolve 'html-to-image' in '/Users/saladin/Developments/interestory/app'

Import trace for requested module:
./app/page.tsx @ webpack-internal:///(app-pages-browser)/./node_modules/next/dist/next-devtools/shared/forward-logs-shared.js:27
[    5948ms] [WARNING] ./components/stats/StatsClient.tsx
Module not found: Can't resolve 'html-to-image' in '/Users/saladin/Developments/interestory/components/stats'

Import trace for requested module:
./components/stats/StatsClient.tsx @ webpack-internal:///(app-pages-browser)/./node_modules/next/dist/next-devtools/shared/forward-logs-shared.js:27
[    5948ms] [LOG] [Fast Refresh] done in 48ms @ webpack-internal:///(app-pages-browser)/./node_modules/next/dist/next-devtools/shared/forward-logs-shared.js:27
[    5994ms] [LOG] [Fast Refresh] rebuilding @ webpack-internal:///(app-pages-browser)/./node_modules/next/dist/next-devtools/shared/forward-logs-shared.js:27
[    6051ms] [WARNING] ./app/page.tsx
Module not found: Can't resolve 'html-to-image' in '/Users/saladin/Developments/interestory/app'

Import trace for requested module:
./app/page.tsx @ webpack-internal:///(app-pages-browser)/./node_modules/next/dist/next-devtools/shared/forward-logs-shared.js:27
[    6051ms] [WARNING] ./components/stats/StatsClient.tsx
Module not found: Can't resolve 'html-to-image' in '/Users/saladin/Developments/interestory/components/stats'

Import trace for requested module:
./components/stats/StatsClient.tsx @ webpack-internal:///(app-pages-browser)/./node_modules/next/dist/next-devtools/shared/forward-logs-shared.js:27
[    6051ms] [LOG] [Fast Refresh] done in 57ms @ webpack-internal:///(app-pages-browser)/./node_modules/next/dist/next-devtools/shared/forward-logs-shared.js:27
[    6100ms] [LOG] [Fast Refresh] rebuilding @ webpack-internal:///(app-pages-browser)/./node_modules/next/dist/next-devtools/shared/forward-logs-shared.js:27
[    6146ms] [WARNING] ./app/page.tsx
Module not found: Can't resolve 'html-to-image' in '/Users/saladin/Developments/interestory/app'

Import trace for requested module:
./app/page.tsx @ webpack-internal:///(app-pages-browser)/./node_modules/next/dist/next-devtools/shared/forward-logs-shared.js:27
[    6146ms] [WARNING] ./components/stats/StatsClient.tsx
Module not found: Can't resolve 'html-to-image' in '/Users/saladin/Developments/interestory/components/stats'

Import trace for requested module:
./components/stats/StatsClient.tsx @ webpack-internal:///(app-pages-browser)/./node_modules/next/dist/next-devtools/shared/forward-logs-shared.js:27
[    6146ms] [LOG] [Fast Refresh] done in 47ms @ webpack-internal:///(app-pages-browser)/./node_modules/next/dist/next-devtools/shared/forward-logs-shared.js:27
[    6193ms] [LOG] [Fast Refresh] rebuilding @ webpack-internal:///(app-pages-browser)/./node_modules/next/dist/next-devtools/shared/forward-logs-shared.js:27
[    6222ms] [WARNING] ./app/page.tsx
Module not found: Can't resolve 'html-to-image' in '/Users/saladin/Developments/interestory/app'

Import trace for requested module:
./app/page.tsx @ webpack-internal:///(app-pages-browser)/./node_modules/next/dist/next-devtools/shared/forward-logs-shared.js:27
[    6222ms] [WARNING] ./components/stats/StatsClient.tsx
Module not found: Can't resolve 'html-to-image' in '/Users/saladin/Developments/interestory/components/stats'

Import trace for requested module:
./components/stats/StatsClient.tsx @ webpack-internal:///(app-pages-browser)/./node_modules/next/dist/next-devtools/shared/forward-logs-shared.js:27
[    6222ms] [LOG] [Fast Refresh] done in 30ms @ webpack-internal:///(app-pages-browser)/./node_modules/next/dist/next-devtools/shared/forward-logs-shared.js:27
[    6234ms] [LOG] [Fast Refresh] rebuilding @ webpack-internal:///(app-pages-browser)/./node_modules/next/dist/next-devtools/shared/forward-logs-shared.js:27
[    6315ms] [WARNING] ./app/page.tsx
Module not found: Can't resolve 'html-to-image' in '/Users/saladin/Developments/interestory/app'

Import trace for requested module:
./app/page.tsx @ webpack-internal:///(app-pages-browser)/./node_modules/next/dist/next-devtools/shared/forward-logs-shared.js:27
[    6315ms] [WARNING] ./components/stats/StatsClient.tsx
Module not found: Can't resolve 'html-to-image' in '/Users/saladin/Developments/interestory/components/stats'

Import trace for requested module:
./components/stats/StatsClient.tsx @ webpack-internal:///(app-pages-browser)/./node_modules/next/dist/next-devtools/shared/forward-logs-shared.js:27
[    6315ms] [LOG] [Fast Refresh] done in 81ms @ webpack-internal:///(app-pages-browser)/./node_modules/next/dist/next-devtools/shared/forward-logs-shared.js:27
[    6361ms] [LOG] [Fast Refresh] rebuilding @ webpack-internal:///(app-pages-browser)/./node_modules/next/dist/next-devtools/shared/forward-logs-shared.js:27
[    6387ms] [WARNING] ./app/page.tsx
Module not found: Can't resolve 'html-to-image' in '/Users/saladin/Developments/interestory/app'

Import trace for requested module:
./app/page.tsx @ webpack-internal:///(app-pages-browser)/./node_modules/next/dist/next-devtools/shared/forward-logs-shared.js:27
[    6387ms] [WARNING] ./components/stats/StatsClient.tsx
Module not found: Can't resolve 'html-to-image' in '/Users/saladin/Developments/interestory/components/stats'

Import trace for requested module:
./components/stats/StatsClient.tsx @ webpack-internal:///(app-pages-browser)/./node_modules/next/dist/next-devtools/shared/forward-logs-shared.js:27
[    6387ms] [LOG] [Fast Refresh] done in 26ms @ webpack-internal:///(app-pages-browser)/./node_modules/next/dist/next-devtools/shared/forward-logs-shared.js:27
[    6437ms] [LOG] [Fast Refresh] rebuilding @ webpack-internal:///(app-pages-browser)/./node_modules/next/dist/next-devtools/shared/forward-logs-shared.js:27
[    6483ms] [WARNING] ./app/page.tsx
Module not found: Can't resolve 'html-to-image' in '/Users/saladin/Developments/interestory/app'

Import trace for requested module:
./app/page.tsx @ webpack-internal:///(app-pages-browser)/./node_modules/next/dist/next-devtools/shared/forward-logs-shared.js:27
[    6484ms] [WARNING] ./components/stats/StatsClient.tsx
Module not found: Can't resolve 'html-to-image' in '/Users/saladin/Developments/interestory/components/stats'

Import trace for requested module:
./components/stats/StatsClient.tsx @ webpack-internal:///(app-pages-browser)/./node_modules/next/dist/next-devtools/shared/forward-logs-shared.js:27
[    6484ms] [LOG] [Fast Refresh] done in 47ms @ webpack-internal:///(app-pages-browser)/./node_modules/next/dist/next-devtools/shared/forward-logs-shared.js:27
[    6488ms] [LOG] [Fast Refresh] rebuilding @ webpack-internal:///(app-pages-browser)/./node_modules/next/dist/next-devtools/shared/forward-logs-shared.js:27
[    6590ms] [WARNING] ./app/page.tsx
Module not found: Can't resolve 'html-to-image' in '/Users/saladin/Developments/interestory/app'

Import trace for requested module:
./app/page.tsx @ webpack-internal:///(app-pages-browser)/./node_modules/next/dist/next-devtools/shared/forward-logs-shared.js:27
[    6590ms] [WARNING] ./components/stats/StatsClient.tsx
Module not found: Can't resolve 'html-to-image' in '/Users/saladin/Developments/interestory/components/stats'

Import trace for requested module:
./components/stats/StatsClient.tsx @ webpack-internal:///(app-pages-browser)/./node_modules/next/dist/next-devtools/shared/forward-logs-shared.js:27
[    6590ms] [LOG] [Fast Refresh] done in 101ms @ webpack-internal:///(app-pages-browser)/./node_modules/next/dist/next-devtools/shared/forward-logs-shared.js:27
[    7029ms] [INFO] %cDownload the React DevTools for a better development experience: https://react.dev/link/react-devtools font-weight:bold @ webpack-internal:///(app-pages-browser)/./node_modules/next/dist/next-devtools/shared/forward-logs-shared.js:27
[    7040ms] [LOG] [HMR] connected @ webpack-internal:///(app-pages-browser)/./node_modules/next/dist/next-devtools/shared/forward-logs-shared.js:27
[    7041ms] [WARNING] ./app/page.tsx
Module not found: Can't resolve 'html-to-image' in '/Users/saladin/Developments/interestory/app' @ webpack-internal:///(app-pages-browser)/./node_modules/next/dist/next-devtools/shared/forward-logs-shared.js:27
[    7041ms] [WARNING] ./components/stats/StatsClient.tsx
Module not found: Can't resolve 'html-to-image' in '/Users/saladin/Developments/interestory/components/stats' @ webpack-internal:///(app-pages-browser)/./node_modules/next/dist/next-devtools/shared/forward-logs-shared.js:27
[    7059ms] [LOG] [Fast Refresh] rebuilding @ webpack-internal:///(app-pages-browser)/./node_modules/next/dist/next-devtools/shared/forward-logs-shared.js:27
[    7141ms] [WARNING] ./app/page.tsx
Module not found: Can't resolve 'html-to-image' in '/Users/saladin/Developments/interestory/app'

Import trace for requested module:
./app/page.tsx @ webpack-internal:///(app-pages-browser)/./node_modules/next/dist/next-devtools/shared/forward-logs-shared.js:27
[    7141ms] [WARNING] ./components/stats/StatsClient.tsx
Module not found: Can't resolve 'html-to-image' in '/Users/saladin/Developments/interestory/components/stats'

Import trace for requested module:
./components/stats/StatsClient.tsx @ webpack-internal:///(app-pages-browser)/./node_modules/next/dist/next-devtools/shared/forward-logs-shared.js:27
[    7141ms] [LOG] [Fast Refresh] rebuilding @ webpack-internal:///(app-pages-browser)/./node_modules/next/dist/next-devtools/shared/forward-logs-shared.js:27
[    7239ms] [LOG] [Fast Refresh] done in 97ms @ webpack-internal:///(app-pages-browser)/./node_modules/next/dist/next-devtools/shared/forward-logs-shared.js:27
[    7242ms] [WARNING] ./app/page.tsx
Module not found: Can't resolve 'html-to-image' in '/Users/saladin/Developments/interestory/app'

Import trace for requested module:
./app/page.tsx @ webpack-internal:///(app-pages-browser)/./node_modules/next/dist/next-devtools/shared/forward-logs-shared.js:27
[    7242ms] [WARNING] ./components/stats/StatsClient.tsx
Module not found: Can't resolve 'html-to-image' in '/Users/saladin/Developments/interestory/components/stats'

Import trace for requested module:
./components/stats/StatsClient.tsx @ webpack-internal:///(app-pages-browser)/./node_modules/next/dist/next-devtools/shared/forward-logs-shared.js:27
[    7243ms] [LOG] [Fast Refresh] rebuilding @ webpack-internal:///(app-pages-browser)/./node_modules/next/dist/next-devtools/shared/forward-logs-shared.js:27
[    7247ms] [LOG] [Fast Refresh] done in 5ms @ webpack-internal:///(app-pages-browser)/./node_modules/next/dist/next-devtools/shared/forward-logs-shared.js:27
[    7352ms] [WARNING] ./app/page.tsx
Module not found: Can't resolve 'html-to-image' in '/Users/saladin/Developments/interestory/app'

Import trace for requested module:
./app/page.tsx @ webpack-internal:///(app-pages-browser)/./node_modules/next/dist/next-devtools/shared/forward-logs-shared.js:27
[    7352ms] [WARNING] ./components/stats/StatsClient.tsx
Module not found: Can't resolve 'html-to-image' in '/Users/saladin/Developments/interestory/components/stats'

Import trace for requested module:
./components/stats/StatsClient.tsx @ webpack-internal:///(app-pages-browser)/./node_modules/next/dist/next-devtools/shared/forward-logs-shared.js:27
[    7353ms] [LOG] [Fast Refresh] rebuilding @ webpack-internal:///(app-pages-browser)/./node_modules/next/dist/next-devtools/shared/forward-logs-shared.js:27
[    7360ms] [LOG] [Fast Refresh] done in 7ms @ webpack-internal:///(app-pages-browser)/./node_modules/next/dist/next-devtools/shared/forward-logs-shared.js:27
[    7431ms] [WARNING] ./app/page.tsx
Module not found: Can't resolve 'html-to-image' in '/Users/saladin/Developments/interestory/app'

Import trace for requested module:
./app/page.tsx @ webpack-internal:///(app-pages-browser)/./node_modules/next/dist/next-devtools/shared/forward-logs-shared.js:27
[    7431ms] [WARNING] ./components/stats/StatsClient.tsx
Module not found: Can't resolve 'html-to-image' in '/Users/saladin/Developments/interestory/components/stats'

Import trace for requested module:
./components/stats/StatsClient.tsx @ webpack-internal:///(app-pages-browser)/./node_modules/next/dist/next-devtools/shared/forward-logs-shared.js:27
[    7432ms] [LOG] [Fast Refresh] rebuilding @ webpack-internal:///(app-pages-browser)/./node_modules/next/dist/next-devtools/shared/forward-logs-shared.js:27
[    7435ms] [LOG] [Fast Refresh] done in 4ms @ webpack-internal:///(app-pages-browser)/./node_modules/next/dist/next-devtools/shared/forward-logs-shared.js:27
[    7536ms] [WARNING] ./app/page.tsx
Module not found: Can't resolve 'html-to-image' in '/Users/saladin/Developments/interestory/app'

Import trace for requested module:
./app/page.tsx @ webpack-internal:///(app-pages-browser)/./node_modules/next/dist/next-devtools/shared/forward-logs-shared.js:27
[    7536ms] [WARNING] ./components/stats/StatsClient.tsx
Module not found: Can't resolve 'html-to-image' in '/Users/saladin/Developments/interestory/components/stats'

Import trace for requested module:
./components/stats/StatsClient.tsx @ webpack-internal:///(app-pages-browser)/./node_modules/next/dist/next-devtools/shared/forward-logs-shared.js:27
[    7537ms] [LOG] [Fast Refresh] rebuilding @ webpack-internal:///(app-pages-browser)/./node_modules/next/dist/next-devtools/shared/forward-logs-shared.js:27
[    7540ms] [LOG] [Fast Refresh] done in 3ms @ webpack-internal:///(app-pages-browser)/./node_modules/next/dist/next-devtools/shared/forward-logs-shared.js:27
[    7612ms] [WARNING] ./app/page.tsx
Module not found: Can't resolve 'html-to-image' in '/Users/saladin/Developments/interestory/app'

Import trace for requested module:
./app/page.tsx @ webpack-internal:///(app-pages-browser)/./node_modules/next/dist/next-devtools/shared/forward-logs-shared.js:27
[    7612ms] [WARNING] ./components/stats/StatsClient.tsx
Module not found: Can't resolve 'html-to-image' in '/Users/saladin/Developments/interestory/components/stats'

Import trace for requested module:
./components/stats/StatsClient.tsx @ webpack-internal:///(app-pages-browser)/./node_modules/next/dist/next-devtools/shared/forward-logs-shared.js:27
[    7613ms] [LOG] [Fast Refresh] rebuilding @ webpack-internal:///(app-pages-browser)/./node_modules/next/dist/next-devtools/shared/forward-logs-shared.js:27
[    7616ms] [LOG] [Fast Refresh] done in 4ms @ webpack-internal:///(app-pages-browser)/./node_modules/next/dist/next-devtools/shared/forward-logs-shared.js:27
[    7718ms] [WARNING] ./app/page.tsx
Module not found: Can't resolve 'html-to-image' in '/Users/saladin/Developments/interestory/app'

Import trace for requested module:
./app/page.tsx @ webpack-internal:///(app-pages-browser)/./node_modules/next/dist/next-devtools/shared/forward-logs-shared.js:27
[    7718ms] [WARNING] ./components/stats/StatsClient.tsx
Module not found: Can't resolve 'html-to-image' in '/Users/saladin/Developments/interestory/components/stats'

Import trace for requested module:
./components/stats/StatsClient.tsx @ webpack-internal:///(app-pages-browser)/./node_modules/next/dist/next-devtools/shared/forward-logs-shared.js:27
[    7719ms] [LOG] [Fast Refresh] rebuilding @ webpack-internal:///(app-pages-browser)/./node_modules/next/dist/next-devtools/shared/forward-logs-shared.js:27
[    7726ms] [LOG] [Fast Refresh] done in 6ms @ webpack-internal:///(app-pages-browser)/./node_modules/next/dist/next-devtools/shared/forward-logs-shared.js:27
[    7793ms] [WARNING] ./app/page.tsx
Module not found: Can't resolve 'html-to-image' in '/Users/saladin/Developments/interestory/app'

Import trace for requested module:
./app/page.tsx @ webpack-internal:///(app-pages-browser)/./node_modules/next/dist/next-devtools/shared/forward-logs-shared.js:27
[    7794ms] [WARNING] ./components/stats/StatsClient.tsx
Module not found: Can't resolve 'html-to-image' in '/Users/saladin/Developments/interestory/components/stats'

Import trace for requested module:
./components/stats/StatsClient.tsx @ webpack-internal:///(app-pages-browser)/./node_modules/next/dist/next-devtools/shared/forward-logs-shared.js:27
[    7794ms] [LOG] [Fast Refresh] rebuilding @ webpack-internal:///(app-pages-browser)/./node_modules/next/dist/next-devtools/shared/forward-logs-shared.js:27
[    7798ms] [LOG] [Fast Refresh] done in 4ms @ webpack-internal:///(app-pages-browser)/./node_modules/next/dist/next-devtools/shared/forward-logs-shared.js:27
[    7891ms] [WARNING] ./app/page.tsx
Module not found: Can't resolve 'html-to-image' in '/Users/saladin/Developments/interestory/app'

Import trace for requested module:
./app/page.tsx @ webpack-internal:///(app-pages-browser)/./node_modules/next/dist/next-devtools/shared/forward-logs-shared.js:27
[    7891ms] [WARNING] ./components/stats/StatsClient.tsx
Module not found: Can't resolve 'html-to-image' in '/Users/saladin/Developments/interestory/components/stats'

Import trace for requested module:
./components/stats/StatsClient.tsx @ webpack-internal:///(app-pages-browser)/./node_modules/next/dist/next-devtools/shared/forward-logs-shared.js:27
[    7892ms] [LOG] [Fast Refresh] rebuilding @ webpack-internal:///(app-pages-browser)/./node_modules/next/dist/next-devtools/shared/forward-logs-shared.js:27
[    7896ms] [LOG] [Fast Refresh] done in 4ms @ webpack-internal:///(app-pages-browser)/./node_modules/next/dist/next-devtools/shared/forward-logs-shared.js:27
[    7967ms] [WARNING] ./app/page.tsx
Module not found: Can't resolve 'html-to-image' in '/Users/saladin/Developments/interestory/app'

Import trace for requested module:
./app/page.tsx @ webpack-internal:///(app-pages-browser)/./node_modules/next/dist/next-devtools/shared/forward-logs-shared.js:27
[    7967ms] [WARNING] ./components/stats/StatsClient.tsx
Module not found: Can't resolve 'html-to-image' in '/Users/saladin/Developments/interestory/components/stats'

Import trace for requested module:
./components/stats/StatsClient.tsx @ webpack-internal:///(app-pages-browser)/./node_modules/next/dist/next-devtools/shared/forward-logs-shared.js:27
[    7968ms] [LOG] [Fast Refresh] rebuilding @ webpack-internal:///(app-pages-browser)/./node_modules/next/dist/next-devtools/shared/forward-logs-shared.js:27
[    8069ms] [WARNING] ./app/page.tsx
Module not found: Can't resolve 'html-to-image' in '/Users/saladin/Developments/interestory/app'

Import trace for requested module:
./app/page.tsx @ webpack-internal:///(app-pages-browser)/./node_modules/next/dist/next-devtools/shared/forward-logs-shared.js:27
[    8069ms] [WARNING] ./components/stats/StatsClient.tsx
Module not found: Can't resolve 'html-to-image' in '/Users/saladin/Developments/interestory/components/stats'

Import trace for requested module:
./components/stats/StatsClient.tsx @ webpack-internal:///(app-pages-browser)/./node_modules/next/dist/next-devtools/shared/forward-logs-shared.js:27
[    8069ms] [LOG] [Fast Refresh] done in 101ms @ webpack-internal:///(app-pages-browser)/./node_modules/next/dist/next-devtools/shared/forward-logs-shared.js:27
[    8070ms] [LOG] [Fast Refresh] rebuilding @ webpack-internal:///(app-pages-browser)/./node_modules/next/dist/next-devtools/shared/forward-logs-shared.js:27
[    8147ms] [WARNING] ./app/page.tsx
Module not found: Can't resolve 'html-to-image' in '/Users/saladin/Developments/interestory/app'

Import trace for requested module:
./app/page.tsx @ webpack-internal:///(app-pages-browser)/./node_modules/next/dist/next-devtools/shared/forward-logs-shared.js:27
[    8147ms] [WARNING] ./components/stats/StatsClient.tsx
Module not found: Can't resolve 'html-to-image' in '/Users/saladin/Developments/interestory/components/stats'

Import trace for requested module:
./components/stats/StatsClient.tsx @ webpack-internal:///(app-pages-browser)/./node_modules/next/dist/next-devtools/shared/forward-logs-shared.js:27
[    8147ms] [LOG] [Fast Refresh] done in 78ms @ webpack-internal:///(app-pages-browser)/./node_modules/next/dist/next-devtools/shared/forward-logs-shared.js:27
[    8148ms] [LOG] [Fast Refresh] rebuilding @ webpack-internal:///(app-pages-browser)/./node_modules/next/dist/next-devtools/shared/forward-logs-shared.js:27
[    8244ms] [WARNING] ./app/page.tsx
Module not found: Can't resolve 'html-to-image' in '/Users/saladin/Developments/interestory/app'

Import trace for requested module:
./app/page.tsx @ webpack-internal:///(app-pages-browser)/./node_modules/next/dist/next-devtools/shared/forward-logs-shared.js:27
[    8244ms] [WARNING] ./components/stats/StatsClient.tsx
Module not found: Can't resolve 'html-to-image' in '/Users/saladin/Developments/interestory/components/stats'

Import trace for requested module:
./components/stats/StatsClient.tsx @ webpack-internal:///(app-pages-browser)/./node_modules/next/dist/next-devtools/shared/forward-logs-shared.js:27
[    8244ms] [LOG] [Fast Refresh] done in 97ms @ webpack-internal:///(app-pages-browser)/./node_modules/next/dist/next-devtools/shared/forward-logs-shared.js:27
[    8246ms] [LOG] [Fast Refresh] rebuilding @ webpack-internal:///(app-pages-browser)/./node_modules/next/dist/next-devtools/shared/forward-logs-shared.js:27
[    8320ms] [WARNING] ./app/page.tsx
Module not found: Can't resolve 'html-to-image' in '/Users/saladin/Developments/interestory/app'

Import trace for requested module:
./app/page.tsx @ webpack-internal:///(app-pages-browser)/./node_modules/next/dist/next-devtools/shared/forward-logs-shared.js:27
[    8320ms] [WARNING] ./components/stats/StatsClient.tsx
Module not found: Can't resolve 'html-to-image' in '/Users/saladin/Developments/interestory/components/stats'

Import trace for requested module:
./components/stats/StatsClient.tsx @ webpack-internal:///(app-pages-browser)/./node_modules/next/dist/next-devtools/shared/forward-logs-shared.js:27
[    8320ms] [LOG] [Fast Refresh] done in 75ms @ webpack-internal:///(app-pages-browser)/./node_modules/next/dist/next-devtools/shared/forward-logs-shared.js:27
[    8321ms] [LOG] [Fast Refresh] rebuilding @ webpack-internal:///(app-pages-browser)/./node_modules/next/dist/next-devtools/shared/forward-logs-shared.js:27
[    8421ms] [WARNING] ./app/page.tsx
Module not found: Can't resolve 'html-to-image' in '/Users/saladin/Developments/interestory/app'

Import trace for requested module:
./app/page.tsx @ webpack-internal:///(app-pages-browser)/./node_modules/next/dist/next-devtools/shared/forward-logs-shared.js:27
[    8421ms] [WARNING] ./components/stats/StatsClient.tsx
Module not found: Can't resolve 'html-to-image' in '/Users/saladin/Developments/interestory/components/stats'

Import trace for requested module:
./components/stats/StatsClient.tsx @ webpack-internal:///(app-pages-browser)/./node_modules/next/dist/next-devtools/shared/forward-logs-shared.js:27
[    8421ms] [LOG] [Fast Refresh] done in 99ms @ webpack-internal:///(app-pages-browser)/./node_modules/next/dist/next-devtools/shared/forward-logs-shared.js:27
[    8422ms] [LOG] [Fast Refresh] rebuilding @ webpack-internal:///(app-pages-browser)/./node_modules/next/dist/next-devtools/shared/forward-logs-shared.js:27
[    8502ms] [WARNING] ./app/page.tsx
Module not found: Can't resolve 'html-to-image' in '/Users/saladin/Developments/interestory/app'

Import trace for requested module:
./app/page.tsx @ webpack-internal:///(app-pages-browser)/./node_modules/next/dist/next-devtools/shared/forward-logs-shared.js:27
[    8502ms] [WARNING] ./components/stats/StatsClient.tsx
Module not found: Can't resolve 'html-to-image' in '/Users/saladin/Developments/interestory/components/stats'

Import trace for requested module:
./components/stats/StatsClient.tsx @ webpack-internal:///(app-pages-browser)/./node_modules/next/dist/next-devtools/shared/forward-logs-shared.js:27
[    8502ms] [LOG] [Fast Refresh] done in 79ms @ webpack-internal:///(app-pages-browser)/./node_modules/next/dist/next-devtools/shared/forward-logs-shared.js:27
[    8503ms] [LOG] [Fast Refresh] rebuilding @ webpack-internal:///(app-pages-browser)/./node_modules/next/dist/next-devtools/shared/forward-logs-shared.js:27
[    8602ms] [WARNING] ./app/page.tsx
Module not found: Can't resolve 'html-to-image' in '/Users/saladin/Developments/interestory/app'

Import trace for requested module:
./app/page.tsx @ webpack-internal:///(app-pages-browser)/./node_modules/next/dist/next-devtools/shared/forward-logs-shared.js:27
[    8602ms] [WARNING] ./components/stats/StatsClient.tsx
Module not found: Can't resolve 'html-to-image' in '/Users/saladin/Developments/interestory/components/stats'

Import trace for requested module:
./components/stats/StatsClient.tsx @ webpack-internal:///(app-pages-browser)/./node_modules/next/dist/next-devtools/shared/forward-logs-shared.js:27
[    8602ms] [LOG] [Fast Refresh] done in 100ms @ webpack-internal:///(app-pages-browser)/./node_modules/next/dist/next-devtools/shared/forward-logs-shared.js:27
[    8603ms] [LOG] [Fast Refresh] rebuilding @ webpack-internal:///(app-pages-browser)/./node_modules/next/dist/next-devtools/shared/forward-logs-shared.js:27
[    8676ms] [WARNING] ./app/page.tsx
Module not found: Can't resolve 'html-to-image' in '/Users/saladin/Developments/interestory/app'

Import trace for requested module:
./app/page.tsx @ webpack-internal:///(app-pages-browser)/./node_modules/next/dist/next-devtools/shared/forward-logs-shared.js:27
[    8676ms] [WARNING] ./components/stats/StatsClient.tsx
Module not found: Can't resolve 'html-to-image' in '/Users/saladin/Developments/interestory/components/stats'

Import trace for requested module:
./components/stats/StatsClient.tsx @ webpack-internal:///(app-pages-browser)/./node_modules/next/dist/next-devtools/shared/forward-logs-shared.js:27
[    8676ms] [LOG] [Fast Refresh] done in 73ms @ webpack-internal:///(app-pages-browser)/./node_modules/next/dist/next-devtools/shared/forward-logs-shared.js:27
[    8677ms] [LOG] [Fast Refresh] rebuilding @ webpack-internal:///(app-pages-browser)/./node_modules/next/dist/next-devtools/shared/forward-logs-shared.js:27
[    8776ms] [WARNING] ./app/page.tsx
Module not found: Can't resolve 'html-to-image' in '/Users/saladin/Developments/interestory/app'

Import trace for requested module:
./app/page.tsx @ webpack-internal:///(app-pages-browser)/./node_modules/next/dist/next-devtools/shared/forward-logs-shared.js:27
[    8776ms] [WARNING] ./components/stats/StatsClient.tsx
Module not found: Can't resolve 'html-to-image' in '/Users/saladin/Developments/interestory/components/stats'

Import trace for requested module:
./components/stats/StatsClient.tsx @ webpack-internal:///(app-pages-browser)/./node_modules/next/dist/next-devtools/shared/forward-logs-shared.js:27
[    8776ms] [LOG] [Fast Refresh] done in 98ms @ webpack-internal:///(app-pages-browser)/./node_modules/next/dist/next-devtools/shared/forward-logs-shared.js:27
[    8777ms] [LOG] [Fast Refresh] rebuilding @ webpack-internal:///(app-pages-browser)/./node_modules/next/dist/next-devtools/shared/forward-logs-shared.js:27
[    8869ms] [WARNING] ./app/page.tsx
Module not found: Can't resolve 'html-to-image' in '/Users/saladin/Developments/interestory/app'

Import trace for requested module:
./app/page.tsx @ webpack-internal:///(app-pages-browser)/./node_modules/next/dist/next-devtools/shared/forward-logs-shared.js:27
[    8869ms] [WARNING] ./components/stats/StatsClient.tsx
Module not found: Can't resolve 'html-to-image' in '/Users/saladin/Developments/interestory/components/stats'

Import trace for requested module:
./components/stats/StatsClient.tsx @ webpack-internal:///(app-pages-browser)/./node_modules/next/dist/next-devtools/shared/forward-logs-shared.js:27
[    8869ms] [LOG] [Fast Refresh] done in 92ms @ webpack-internal:///(app-pages-browser)/./node_modules/next/dist/next-devtools/shared/forward-logs-shared.js:27
[    8871ms] [LOG] [Fast Refresh] rebuilding @ webpack-internal:///(app-pages-browser)/./node_modules/next/dist/next-devtools/shared/forward-logs-shared.js:27
[    9024ms] [WARNING] ./app/page.tsx
Module not found: Can't resolve 'html-to-image' in '/Users/saladin/Developments/interestory/app'

Import trace for requested module:
./app/page.tsx @ webpack-internal:///(app-pages-browser)/./node_modules/next/dist/next-devtools/shared/forward-logs-shared.js:27
[    9024ms] [WARNING] ./components/stats/StatsClient.tsx
Module not found: Can't resolve 'html-to-image' in '/Users/saladin/Developments/interestory/components/stats'

Import trace for requested module:
./components/stats/StatsClient.tsx @ webpack-internal:///(app-pages-browser)/./node_modules/next/dist/next-devtools/shared/forward-logs-shared.js:27
[    9024ms] [LOG] [Fast Refresh] done in 154ms @ webpack-internal:///(app-pages-browser)/./node_modules/next/dist/next-devtools/shared/forward-logs-shared.js:27
[    9025ms] [LOG] [Fast Refresh] rebuilding @ webpack-internal:///(app-pages-browser)/./node_modules/next/dist/next-devtools/shared/forward-logs-shared.js:27
[    9102ms] [WARNING] ./app/page.tsx
Module not found: Can't resolve 'html-to-image' in '/Users/saladin/Developments/interestory/app'

Import trace for requested module:
./app/page.tsx @ webpack-internal:///(app-pages-browser)/./node_modules/next/dist/next-devtools/shared/forward-logs-shared.js:27
[    9102ms] [WARNING] ./components/stats/StatsClient.tsx
Module not found: Can't resolve 'html-to-image' in '/Users/saladin/Developments/interestory/components/stats'

Import trace for requested module:
./components/stats/StatsClient.tsx @ webpack-internal:///(app-pages-browser)/./node_modules/next/dist/next-devtools/shared/forward-logs-shared.js:27
[    9102ms] [LOG] [Fast Refresh] done in 77ms @ webpack-internal:///(app-pages-browser)/./node_modules/next/dist/next-devtools/shared/forward-logs-shared.js:27
[    9103ms] [LOG] [Fast Refresh] rebuilding @ webpack-internal:///(app-pages-browser)/./node_modules/next/dist/next-devtools/shared/forward-logs-shared.js:27
[    9203ms] [WARNING] ./app/page.tsx
Module not found: Can't resolve 'html-to-image' in '/Users/saladin/Developments/interestory/app'

Import trace for requested module:
./app/page.tsx @ webpack-internal:///(app-pages-browser)/./node_modules/next/dist/next-devtools/shared/forward-logs-shared.js:27
[    9203ms] [WARNING] ./components/stats/StatsClient.tsx
Module not found: Can't resolve 'html-to-image' in '/Users/saladin/Developments/interestory/components/stats'

Import trace for requested module:
./components/stats/StatsClient.tsx @ webpack-internal:///(app-pages-browser)/./node_modules/next/dist/next-devtools/shared/forward-logs-shared.js:27
[    9203ms] [LOG] [Fast Refresh] done in 99ms @ webpack-internal:///(app-pages-browser)/./node_modules/next/dist/next-devtools/shared/forward-logs-shared.js:27
[    9204ms] [LOG] [Fast Refresh] rebuilding @ webpack-internal:///(app-pages-browser)/./node_modules/next/dist/next-devtools/shared/forward-logs-shared.js:27
[    9280ms] [WARNING] ./app/page.tsx
Module not found: Can't resolve 'html-to-image' in '/Users/saladin/Developments/interestory/app'

Import trace for requested module:
./app/page.tsx @ webpack-internal:///(app-pages-browser)/./node_modules/next/dist/next-devtools/shared/forward-logs-shared.js:27
[    9280ms] [WARNING] ./components/stats/StatsClient.tsx
Module not found: Can't resolve 'html-to-image' in '/Users/saladin/Developments/interestory/components/stats'

Import trace for requested module:
./components/stats/StatsClient.tsx @ webpack-internal:///(app-pages-browser)/./node_modules/next/dist/next-devtools/shared/forward-logs-shared.js:27
[    9280ms] [LOG] [Fast Refresh] done in 77ms @ webpack-internal:///(app-pages-browser)/./node_modules/next/dist/next-devtools/shared/forward-logs-shared.js:27
[    9281ms] [LOG] [Fast Refresh] rebuilding @ webpack-internal:///(app-pages-browser)/./node_modules/next/dist/next-devtools/shared/forward-logs-shared.js:27
[    9384ms] [WARNING] ./app/page.tsx
Module not found: Can't resolve 'html-to-image' in '/Users/saladin/Developments/interestory/app'

Import trace for requested module:
./app/page.tsx @ webpack-internal:///(app-pages-browser)/./node_modules/next/dist/next-devtools/shared/forward-logs-shared.js:27
[    9384ms] [WARNING] ./components/stats/StatsClient.tsx
Module not found: Can't resolve 'html-to-image' in '/Users/saladin/Developments/interestory/components/stats'

Import trace for requested module:
./components/stats/StatsClient.tsx @ webpack-internal:///(app-pages-browser)/./node_modules/next/dist/next-devtools/shared/forward-logs-shared.js:27
[    9384ms] [LOG] [Fast Refresh] done in 103ms @ webpack-internal:///(app-pages-browser)/./node_modules/next/dist/next-devtools/shared/forward-logs-shared.js:27
[    9385ms] [LOG] [Fast Refresh] rebuilding @ webpack-internal:///(app-pages-browser)/./node_modules/next/dist/next-devtools/shared/forward-logs-shared.js:27
[    9461ms] [WARNING] ./app/page.tsx
Module not found: Can't resolve 'html-to-image' in '/Users/saladin/Developments/interestory/app'

Import trace for requested module:
./app/page.tsx @ webpack-internal:///(app-pages-browser)/./node_modules/next/dist/next-devtools/shared/forward-logs-shared.js:27
[    9461ms] [WARNING] ./components/stats/StatsClient.tsx
Module not found: Can't resolve 'html-to-image' in '/Users/saladin/Developments/interestory/components/stats'

Import trace for requested module:
./components/stats/StatsClient.tsx @ webpack-internal:///(app-pages-browser)/./node_modules/next/dist/next-devtools/shared/forward-logs-shared.js:27
[    9461ms] [LOG] [Fast Refresh] done in 76ms @ webpack-internal:///(app-pages-browser)/./node_modules/next/dist/next-devtools/shared/forward-logs-shared.js:27
[    9462ms] [LOG] [Fast Refresh] rebuilding @ webpack-internal:///(app-pages-browser)/./node_modules/next/dist/next-devtools/shared/forward-logs-shared.js:27
[    9536ms] [WARNING] ./app/page.tsx
Module not found: Can't resolve 'html-to-image' in '/Users/saladin/Developments/interestory/app'

Import trace for requested module:
./app/page.tsx @ webpack-internal:///(app-pages-browser)/./node_modules/next/dist/next-devtools/shared/forward-logs-shared.js:27
[    9536ms] [WARNING] ./components/stats/StatsClient.tsx
Module not found: Can't resolve 'html-to-image' in '/Users/saladin/Developments/interestory/components/stats'

Import trace for requested module:
./components/stats/StatsClient.tsx @ webpack-internal:///(app-pages-browser)/./node_modules/next/dist/next-devtools/shared/forward-logs-shared.js:27
[    9536ms] [LOG] [Fast Refresh] done in 74ms @ webpack-internal:///(app-pages-browser)/./node_modules/next/dist/next-devtools/shared/forward-logs-shared.js:27
[    9537ms] [LOG] [Fast Refresh] rebuilding @ webpack-internal:///(app-pages-browser)/./node_modules/next/dist/next-devtools/shared/forward-logs-shared.js:27
[    9612ms] [WARNING] ./app/page.tsx
Module not found: Can't resolve 'html-to-image' in '/Users/saladin/Developments/interestory/app'

Import trace for requested module:
./app/page.tsx @ webpack-internal:///(app-pages-browser)/./node_modules/next/dist/next-devtools/shared/forward-logs-shared.js:27
[    9612ms] [WARNING] ./components/stats/StatsClient.tsx
Module not found: Can't resolve 'html-to-image' in '/Users/saladin/Developments/interestory/components/stats'

Import trace for requested module:
./components/stats/StatsClient.tsx @ webpack-internal:///(app-pages-browser)/./node_modules/next/dist/next-devtools/shared/forward-logs-shared.js:27
[    9612ms] [LOG] [Fast Refresh] done in 75ms @ webpack-internal:///(app-pages-browser)/./node_modules/next/dist/next-devtools/shared/forward-logs-shared.js:27
[    9613ms] [LOG] [Fast Refresh] rebuilding @ webpack-internal:///(app-pages-browser)/./node_modules/next/dist/next-devtools/shared/forward-logs-shared.js:27
[    9690ms] [WARNING] ./app/page.tsx
Module not found: Can't resolve 'html-to-image' in '/Users/saladin/Developments/interestory/app'

Import trace for requested module:
./app/page.tsx @ webpack-internal:///(app-pages-browser)/./node_modules/next/dist/next-devtools/shared/forward-logs-shared.js:27
[    9690ms] [WARNING] ./components/stats/StatsClient.tsx
Module not found: Can't resolve 'html-to-image' in '/Users/saladin/Developments/interestory/components/stats'

Import trace for requested module:
./components/stats/StatsClient.tsx @ webpack-internal:///(app-pages-browser)/./node_modules/next/dist/next-devtools/shared/forward-logs-shared.js:27
[    9690ms] [LOG] [Fast Refresh] done in 78ms @ webpack-internal:///(app-pages-browser)/./node_modules/next/dist/next-devtools/shared/forward-logs-shared.js:27
[    9692ms] [LOG] [Fast Refresh] rebuilding @ webpack-internal:///(app-pages-browser)/./node_modules/next/dist/next-devtools/shared/forward-logs-shared.js:27
[    9770ms] [WARNING] ./app/page.tsx
Module not found: Can't resolve 'html-to-image' in '/Users/saladin/Developments/interestory/app'

Import trace for requested module:
./app/page.tsx @ webpack-internal:///(app-pages-browser)/./node_modules/next/dist/next-devtools/shared/forward-logs-shared.js:27
[    9770ms] [WARNING] ./components/stats/StatsClient.tsx
Module not found: Can't resolve 'html-to-image' in '/Users/saladin/Developments/interestory/components/stats'

Import trace for requested module:
./components/stats/StatsClient.tsx @ webpack-internal:///(app-pages-browser)/./node_modules/next/dist/next-devtools/shared/forward-logs-shared.js:27
[    9770ms] [LOG] [Fast Refresh] done in 78ms @ webpack-internal:///(app-pages-browser)/./node_modules/next/dist/next-devtools/shared/forward-logs-shared.js:27
[    9771ms] [LOG] [Fast Refresh] rebuilding @ webpack-internal:///(app-pages-browser)/./node_modules/next/dist/next-devtools/shared/forward-logs-shared.js:27
[    9872ms] [WARNING] ./app/page.tsx
Module not found: Can't resolve 'html-to-image' in '/Users/saladin/Developments/interestory/app'

Import trace for requested module:
./app/page.tsx @ webpack-internal:///(app-pages-browser)/./node_modules/next/dist/next-devtools/shared/forward-logs-shared.js:27
[    9872ms] [WARNING] ./components/stats/StatsClient.tsx
Module not found: Can't resolve 'html-to-image' in '/Users/saladin/Developments/interestory/components/stats'

Import trace for requested module:
./components/stats/StatsClient.tsx @ webpack-internal:///(app-pages-browser)/./node_modules/next/dist/next-devtools/shared/forward-logs-shared.js:27
[    9872ms] [LOG] [Fast Refresh] done in 100ms @ webpack-internal:///(app-pages-browser)/./node_modules/next/dist/next-devtools/shared/forward-logs-shared.js:27
[    9873ms] [LOG] [Fast Refresh] rebuilding @ webpack-internal:///(app-pages-browser)/./node_modules/next/dist/next-devtools/shared/forward-logs-shared.js:27
[    9949ms] [WARNING] ./app/page.tsx
Module not found: Can't resolve 'html-to-image' in '/Users/saladin/Developments/interestory/app'

Import trace for requested module:
./app/page.tsx @ webpack-internal:///(app-pages-browser)/./node_modules/next/dist/next-devtools/shared/forward-logs-shared.js:27
[    9949ms] [WARNING] ./components/stats/StatsClient.tsx
Module not found: Can't resolve 'html-to-image' in '/Users/saladin/Developments/interestory/components/stats'

Import trace for requested module:
./components/stats/StatsClient.tsx @ webpack-internal:///(app-pages-browser)/./node_modules/next/dist/next-devtools/shared/forward-logs-shared.js:27
[    9949ms] [LOG] [Fast Refresh] done in 76ms @ webpack-internal:///(app-pages-browser)/./node_modules/next/dist/next-devtools/shared/forward-logs-shared.js:27
[    9950ms] [LOG] [Fast Refresh] rebuilding @ webpack-internal:///(app-pages-browser)/./node_modules/next/dist/next-devtools/shared/forward-logs-shared.js:27
[   10051ms] [WARNING] ./app/page.tsx
Module not found: Can't resolve 'html-to-image' in '/Users/saladin/Developments/interestory/app'

Import trace for requested module:
./app/page.tsx @ webpack-internal:///(app-pages-browser)/./node_modules/next/dist/next-devtools/shared/forward-logs-shared.js:27
[   10051ms] [WARNING] ./components/stats/StatsClient.tsx
Module not found: Can't resolve 'html-to-image' in '/Users/saladin/Developments/interestory/components/stats'

Import trace for requested module:
./components/stats/StatsClient.tsx @ webpack-internal:///(app-pages-browser)/./node_modules/next/dist/next-devtools/shared/forward-logs-shared.js:27
[   10051ms] [LOG] [Fast Refresh] done in 102ms @ webpack-internal:///(app-pages-browser)/./node_modules/next/dist/next-devtools/shared/forward-logs-shared.js:27
[   10052ms] [LOG] [Fast Refresh] rebuilding @ webpack-internal:///(app-pages-browser)/./node_modules/next/dist/next-devtools/shared/forward-logs-shared.js:27
[   10133ms] [WARNING] ./app/page.tsx
Module not found: Can't resolve 'html-to-image' in '/Users/saladin/Developments/interestory/app'

Import trace for requested module:
./app/page.tsx @ webpack-internal:///(app-pages-browser)/./node_modules/next/dist/next-devtools/shared/forward-logs-shared.js:27
[   10133ms] [WARNING] ./components/stats/StatsClient.tsx
Module not found: Can't resolve 'html-to-image' in '/Users/saladin/Developments/interestory/components/stats'

Import trace for requested module:
./components/stats/StatsClient.tsx @ webpack-internal:///(app-pages-browser)/./node_modules/next/dist/next-devtools/shared/forward-logs-shared.js:27
[   10133ms] [LOG] [Fast Refresh] done in 80ms @ webpack-internal:///(app-pages-browser)/./node_modules/next/dist/next-devtools/shared/forward-logs-shared.js:27
[   10133ms] [LOG] [Fast Refresh] rebuilding @ webpack-internal:///(app-pages-browser)/./node_modules/next/dist/next-devtools/shared/forward-logs-shared.js:27
[   10260ms] [WARNING] ./app/page.tsx
Module not found: Can't resolve 'html-to-image' in '/Users/saladin/Developments/interestory/app'

Import trace for requested module:
./app/page.tsx @ webpack-internal:///(app-pages-browser)/./node_modules/next/dist/next-devtools/shared/forward-logs-shared.js:27
[   10261ms] [WARNING] ./components/stats/StatsClient.tsx
Module not found: Can't resolve 'html-to-image' in '/Users/saladin/Developments/interestory/components/stats'

Import trace for requested module:
./components/stats/StatsClient.tsx @ webpack-internal:///(app-pages-browser)/./node_modules/next/dist/next-devtools/shared/forward-logs-shared.js:27
[   10261ms] [LOG] [Fast Refresh] done in 127ms @ webpack-internal:///(app-pages-browser)/./node_modules/next/dist/next-devtools/shared/forward-logs-shared.js:27
[   10263ms] [LOG] [Fast Refresh] rebuilding @ webpack-internal:///(app-pages-browser)/./node_modules/next/dist/next-devtools/shared/forward-logs-shared.js:27
[   10357ms] [WARNING] ./app/page.tsx
Module not found: Can't resolve 'html-to-image' in '/Users/saladin/Developments/interestory/app'

Import trace for requested module:
./app/page.tsx @ webpack-internal:///(app-pages-browser)/./node_modules/next/dist/next-devtools/shared/forward-logs-shared.js:27
[   10357ms] [WARNING] ./components/stats/StatsClient.tsx
Module not found: Can't resolve 'html-to-image' in '/Users/saladin/Developments/interestory/components/stats'

Import trace for requested module:
./components/stats/StatsClient.tsx @ webpack-internal:///(app-pages-browser)/./node_modules/next/dist/next-devtools/shared/forward-logs-shared.js:27
[   10357ms] [LOG] [Fast Refresh] done in 94ms @ webpack-internal:///(app-pages-browser)/./node_modules/next/dist/next-devtools/shared/forward-logs-shared.js:27
[   10359ms] [LOG] [Fast Refresh] rebuilding @ webpack-internal:///(app-pages-browser)/./node_modules/next/dist/next-devtools/shared/forward-logs-shared.js:27
[   10496ms] [WARNING] ./app/page.tsx
Module not found: Can't resolve 'html-to-image' in '/Users/saladin/Developments/interestory/app'

Import trace for requested module:
./app/page.tsx @ webpack-internal:///(app-pages-browser)/./node_modules/next/dist/next-devtools/shared/forward-logs-shared.js:27
[   10496ms] [WARNING] ./components/stats/StatsClient.tsx
Module not found: Can't resolve 'html-to-image' in '/Users/saladin/Developments/interestory/components/stats'

Import trace for requested module:
./components/stats/StatsClient.tsx @ webpack-internal:///(app-pages-browser)/./node_modules/next/dist/next-devtools/shared/forward-logs-shared.js:27
[   10497ms] [LOG] [Fast Refresh] done in 137ms @ webpack-internal:///(app-pages-browser)/./node_modules/next/dist/next-devtools/shared/forward-logs-shared.js:27
[   10498ms] [LOG] [Fast Refresh] rebuilding @ webpack-internal:///(app-pages-browser)/./node_modules/next/dist/next-devtools/shared/forward-logs-shared.js:27
[   10606ms] [WARNING] ./app/page.tsx
Module not found: Can't resolve 'html-to-image' in '/Users/saladin/Developments/interestory/app'

Import trace for requested module:
./app/page.tsx @ webpack-internal:///(app-pages-browser)/./node_modules/next/dist/next-devtools/shared/forward-logs-shared.js:27
[   10606ms] [WARNING] ./components/stats/StatsClient.tsx
Module not found: Can't resolve 'html-to-image' in '/Users/saladin/Developments/interestory/components/stats'

Import trace for requested module:
./components/stats/StatsClient.tsx @ webpack-internal:///(app-pages-browser)/./node_modules/next/dist/next-devtools/shared/forward-logs-shared.js:27
[   10606ms] [LOG] [Fast Refresh] done in 108ms @ webpack-internal:///(app-pages-browser)/./node_modules/next/dist/next-devtools/shared/forward-logs-shared.js:27
[   10608ms] [LOG] [Fast Refresh] rebuilding @ webpack-internal:///(app-pages-browser)/./node_modules/next/dist/next-devtools/shared/forward-logs-shared.js:27
[   10684ms] [WARNING] ./app/page.tsx
Module not found: Can't resolve 'html-to-image' in '/Users/saladin/Developments/interestory/app'

Import trace for requested module:
./app/page.tsx @ webpack-internal:///(app-pages-browser)/./node_modules/next/dist/next-devtools/shared/forward-logs-shared.js:27
[   10684ms] [WARNING] ./components/stats/StatsClient.tsx
Module not found: Can't resolve 'html-to-image' in '/Users/saladin/Developments/interestory/components/stats'

Import trace for requested module:
./components/stats/StatsClient.tsx @ webpack-internal:///(app-pages-browser)/./node_modules/next/dist/next-devtools/shared/forward-logs-shared.js:27
[   10684ms] [LOG] [Fast Refresh] done in 76ms @ webpack-internal:///(app-pages-browser)/./node_modules/next/dist/next-devtools/shared/forward-logs-shared.js:27
[   10685ms] [LOG] [Fast Refresh] rebuilding @ webpack-internal:///(app-pages-browser)/./node_modules/next/dist/next-devtools/shared/forward-logs-shared.js:27
[   10781ms] [WARNING] ./app/page.tsx
Module not found: Can't resolve 'html-to-image' in '/Users/saladin/Developments/interestory/app'

Import trace for requested module:
./app/page.tsx @ webpack-internal:///(app-pages-browser)/./node_modules/next/dist/next-devtools/shared/forward-logs-shared.js:27
[   10782ms] [WARNING] ./components/stats/StatsClient.tsx
Module not found: Can't resolve 'html-to-image' in '/Users/saladin/Developments/interestory/components/stats'

Import trace for requested module:
./components/stats/StatsClient.tsx @ webpack-internal:///(app-pages-browser)/./node_modules/next/dist/next-devtools/shared/forward-logs-shared.js:27
[   10782ms] [LOG] [Fast Refresh] done in 97ms @ webpack-internal:///(app-pages-browser)/./node_modules/next/dist/next-devtools/shared/forward-logs-shared.js:27
[   10783ms] [LOG] [Fast Refresh] rebuilding @ webpack-internal:///(app-pages-browser)/./node_modules/next/dist/next-devtools/shared/forward-logs-shared.js:27
[   10859ms] [WARNING] ./app/page.tsx
Module not found: Can't resolve 'html-to-image' in '/Users/saladin/Developments/interestory/app'

Import trace for requested module:
./app/page.tsx @ webpack-internal:///(app-pages-browser)/./node_modules/next/dist/next-devtools/shared/forward-logs-shared.js:27
[   10859ms] [WARNING] ./components/stats/StatsClient.tsx
Module not found: Can't resolve 'html-to-image' in '/Users/saladin/Developments/interestory/components/stats'

Import trace for requested module:
./components/stats/StatsClient.tsx @ webpack-internal:///(app-pages-browser)/./node_modules/next/dist/next-devtools/shared/forward-logs-shared.js:27
[   10859ms] [LOG] [Fast Refresh] done in 77ms @ webpack-internal:///(app-pages-browser)/./node_modules/next/dist/next-devtools/shared/forward-logs-shared.js:27
[   10861ms] [LOG] [Fast Refresh] rebuilding @ webpack-internal:///(app-pages-browser)/./node_modules/next/dist/next-devtools/shared/forward-logs-shared.js:27
[   10960ms] [WARNING] ./app/page.tsx
Module not found: Can't resolve 'html-to-image' in '/Users/saladin/Developments/interestory/app'

Import trace for requested module:
./app/page.tsx @ webpack-internal:///(app-pages-browser)/./node_modules/next/dist/next-devtools/shared/forward-logs-shared.js:27
[   10960ms] [WARNING] ./components/stats/StatsClient.tsx
Module not found: Can't resolve 'html-to-image' in '/Users/saladin/Developments/interestory/components/stats'

Import trace for requested module:
./components/stats/StatsClient.tsx @ webpack-internal:///(app-pages-browser)/./node_modules/next/dist/next-devtools/shared/forward-logs-shared.js:27
[   10960ms] [LOG] [Fast Refresh] done in 100ms @ webpack-internal:///(app-pages-browser)/./node_modules/next/dist/next-devtools/shared/forward-logs-shared.js:27
[   10961ms] [LOG] [Fast Refresh] rebuilding @ webpack-internal:///(app-pages-browser)/./node_modules/next/dist/next-devtools/shared/forward-logs-shared.js:27
[   11040ms] [WARNING] ./app/page.tsx
Module not found: Can't resolve 'html-to-image' in '/Users/saladin/Developments/interestory/app'

Import trace for requested module:
./app/page.tsx @ webpack-internal:///(app-pages-browser)/./node_modules/next/dist/next-devtools/shared/forward-logs-shared.js:27
[   11040ms] [WARNING] ./components/stats/StatsClient.tsx
Module not found: Can't resolve 'html-to-image' in '/Users/saladin/Developments/interestory/components/stats'

Import trace for requested module:
./components/stats/StatsClient.tsx @ webpack-internal:///(app-pages-browser)/./node_modules/next/dist/next-devtools/shared/forward-logs-shared.js:27
[   11040ms] [LOG] [Fast Refresh] done in 78ms @ webpack-internal:///(app-pages-browser)/./node_modules/next/dist/next-devtools/shared/forward-logs-shared.js:27
[   11041ms] [LOG] [Fast Refresh] rebuilding @ webpack-internal:///(app-pages-browser)/./node_modules/next/dist/next-devtools/shared/forward-logs-shared.js:27
[   11073ms] [WARNING] The resource http://localhost:3000/_next/static/css/app/layout.css?v=1790076645331 was preloaded using link preload but not used within a few seconds from the window's load event. Please make sure it has an appropriate `as` value and it is preloaded intentionally. @ http://localhost:3000/family:0
[   11073ms] [WARNING] The resource http://localhost:3000/_next/static/css/app/layout.css?v=1790076647516 was preloaded using link preload but not used within a few seconds from the window's load event. Please make sure it has an appropriate `as` value and it is preloaded intentionally. @ http://localhost:3000/family:0
[   11073ms] [WARNING] The resource http://localhost:3000/_next/static/media/7d4881bb7e1bf84d-s.p.woff2?v=1790076642596 was preloaded using link preload but not used within a few seconds from the window's load event. Please make sure it has an appropriate `as` value and it is preloaded intentionally. @ http://localhost:3000/family:0
[   11073ms] [WARNING] The resource http://localhost:3000/_next/static/css/app/layout.css?v=1790076644798 was preloaded using link preload but not used within a few seconds from the window's load event. Please make sure it has an appropriate `as` value and it is preloaded intentionally. @ http://localhost:3000/family:0
[   11073ms] [WARNING] The resource http://localhost:3000/_next/static/css/app/layout.css?v=1790076644620 was preloaded using link preload but not used within a few seconds from the window's load event. Please make sure it has an appropriate `as` value and it is preloaded intentionally. @ http://localhost:3000/family:0
[   11073ms] [WARNING] The resource http://localhost:3000/_next/static/css/app/layout.css?v=1790076644442 was preloaded using link preload but not used within a few seconds from the window's load event. Please make sure it has an appropriate `as` value and it is preloaded intentionally. @ http://localhost:3000/family:0
[   11073ms] [WARNING] The resource http://localhost:3000/_next/static/css/app/layout.css?v=1790076643902 was preloaded using link preload but not used within a few seconds from the window's load event. Please make sure it has an appropriate `as` value and it is preloaded intentionally. @ http://localhost:3000/family:0
[   11073ms] [WARNING] The resource http://localhost:3000/_next/static/css/app/layout.css?v=1790076646603 was preloaded using link preload but not used within a few seconds from the window's load event. Please make sure it has an appropriate `as` value and it is preloaded intentionally. @ http://localhost:3000/family:0
[   11073ms] [WARNING] The resource http://localhost:3000/_next/static/css/app/layout.css?v=1790076645541 was preloaded using link preload but not used within a few seconds from the window's load event. Please make sure it has an appropriate `as` value and it is preloaded intentionally. @ http://localhost:3000/family:0
[   11073ms] [WARNING] The resource http://localhost:3000/_next/static/css/app/layout.css?v=1790076644974 was preloaded using link preload but not used within a few seconds from the window's load event. Please make sure it has an appropriate `as` value and it is preloaded intentionally. @ http://localhost:3000/family:0
[   11073ms] [WARNING] The resource http://localhost:3000/_next/static/css/app/layout.css?v=1790076644271 was preloaded using link preload but not used within a few seconds from the window's load event. Please make sure it has an appropriate `as` value and it is preloaded intentionally. @ http://localhost:3000/family:0
[   11073ms] [WARNING] The resource http://localhost:3000/_next/static/css/app/layout.css?v=1790076645755 was preloaded using link preload but not used within a few seconds from the window's load event. Please make sure it has an appropriate `as` value and it is preloaded intentionally. @ http://localhost:3000/family:0
[   11073ms] [WARNING] The resource http://localhost:3000/_next/static/css/app/layout.css?v=1790076646421 was preloaded using link preload but not used within a few seconds from the window's load event. Please make sure it has an appropriate `as` value and it is preloaded intentionally. @ http://localhost:3000/family:0
[   11073ms] [WARNING] The resource http://localhost:3000/_next/static/css/app/layout.css?v=1790076645154 was preloaded using link preload but not used within a few seconds from the window's load event. Please make sure it has an appropriate `as` value and it is preloaded intentionally. @ http://localhost:3000/family:0
[   11073ms] [WARNING] The resource http://localhost:3000/_next/static/css/app/layout.css?v=1790076645936 was preloaded using link preload but not used within a few seconds from the window's load event. Please make sure it has an appropriate `as` value and it is preloaded intentionally. @ http://localhost:3000/family:0
[   11073ms] [WARNING] The resource http://localhost:3000/_next/static/css/app/layout.css?v=1790076646969 was preloaded using link preload but not used within a few seconds from the window's load event. Please make sure it has an appropriate `as` value and it is preloaded intentionally. @ http://localhost:3000/family:0
[   11073ms] [WARNING] The resource http://localhost:3000/_next/static/media/22a5144ee8d83bca-s.p.woff2?v=1790076642596 was preloaded using link preload but not used within a few seconds from the window's load event. Please make sure it has an appropriate `as` value and it is preloaded intentionally. @ http://localhost:3000/family:0
[   11073ms] [WARNING] The resource http://localhost:3000/_next/static/css/app/layout.css?v=1790076646803 was preloaded using link preload but not used within a few seconds from the window's load event. Please make sure it has an appropriate `as` value and it is preloaded intentionally. @ http://localhost:3000/family:0
[   11073ms] [WARNING] The resource http://localhost:3000/_next/static/css/app/layout.css?v=1790076647155 was preloaded using link preload but not used within a few seconds from the window's load event. Please make sure it has an appropriate `as` value and it is preloaded intentionally. @ http://localhost:3000/family:0
[   11073ms] [WARNING] The resource http://localhost:3000/_next/static/css/app/layout.css?v=1790076644086 was preloaded using link preload but not used within a few seconds from the window's load event. Please make sure it has an appropriate `as` value and it is preloaded intentionally. @ http://localhost:3000/family:0
[   11073ms] [WARNING] The resource http://localhost:3000/_next/static/css/app/layout.css?v=1790076647334 was preloaded using link preload but not used within a few seconds from the window's load event. Please make sure it has an appropriate `as` value and it is preloaded intentionally. @ http://localhost:3000/family:0
[   11141ms] [WARNING] ./app/page.tsx
Module not found: Can't resolve 'html-to-image' in '/Users/saladin/Developments/interestory/app'

Import trace for requested module:
./app/page.tsx @ webpack-internal:///(app-pages-browser)/./node_modules/next/dist/next-devtools/shared/forward-logs-shared.js:27
[   11141ms] [WARNING] ./components/stats/StatsClient.tsx
Module not found: Can't resolve 'html-to-image' in '/Users/saladin/Developments/interestory/components/stats'

Import trace for requested module:
./components/stats/StatsClient.tsx @ webpack-internal:///(app-pages-browser)/./node_modules/next/dist/next-devtools/shared/forward-logs-shared.js:27
[   11141ms] [LOG] [Fast Refresh] done in 100ms @ webpack-internal:///(app-pages-browser)/./node_modules/next/dist/next-devtools/shared/forward-logs-shared.js:27
[   11142ms] [LOG] [Fast Refresh] rebuilding @ webpack-internal:///(app-pages-browser)/./node_modules/next/dist/next-devtools/shared/forward-logs-shared.js:27
[   11226ms] [WARNING] ./app/page.tsx
Module not found: Can't resolve 'html-to-image' in '/Users/saladin/Developments/interestory/app'

Import trace for requested module:
./app/page.tsx @ webpack-internal:///(app-pages-browser)/./node_modules/next/dist/next-devtools/shared/forward-logs-shared.js:27
[   11226ms] [WARNING] ./components/stats/StatsClient.tsx
Module not found: Can't resolve 'html-to-image' in '/Users/saladin/Developments/interestory/components/stats'

Import trace for requested module:
./components/stats/StatsClient.tsx @ webpack-internal:///(app-pages-browser)/./node_modules/next/dist/next-devtools/shared/forward-logs-shared.js:27
[   11226ms] [LOG] [Fast Refresh] done in 83ms @ webpack-internal:///(app-pages-browser)/./node_modules/next/dist/next-devtools/shared/forward-logs-shared.js:27
[   11227ms] [LOG] [Fast Refresh] rebuilding @ webpack-internal:///(app-pages-browser)/./node_modules/next/dist/next-devtools/shared/forward-logs-shared.js:27
[   11343ms] [WARNING] ./app/page.tsx
Module not found: Can't resolve 'html-to-image' in '/Users/saladin/Developments/interestory/app'

Import trace for requested module:
./app/page.tsx @ webpack-internal:///(app-pages-browser)/./node_modules/next/dist/next-devtools/shared/forward-logs-shared.js:27
[   11343ms] [WARNING] ./components/stats/StatsClient.tsx
Module not found: Can't resolve 'html-to-image' in '/Users/saladin/Developments/interestory/components/stats'

Import trace for requested module:
./components/stats/StatsClient.tsx @ webpack-internal:///(app-pages-browser)/./node_modules/next/dist/next-devtools/shared/forward-logs-shared.js:27
[   11343ms] [LOG] [Fast Refresh] done in 115ms @ webpack-internal:///(app-pages-browser)/./node_modules/next/dist/next-devtools/shared/forward-logs-shared.js:27
[   11344ms] [LOG] [Fast Refresh] rebuilding @ webpack-internal:///(app-pages-browser)/./node_modules/next/dist/next-devtools/shared/forward-logs-shared.js:27
[   11429ms] [WARNING] ./app/page.tsx
Module not found: Can't resolve 'html-to-image' in '/Users/saladin/Developments/interestory/app'

Import trace for requested module:
./app/page.tsx @ webpack-internal:///(app-pages-browser)/./node_modules/next/dist/next-devtools/shared/forward-logs-shared.js:27
[   11430ms] [WARNING] ./components/stats/StatsClient.tsx
Module not found: Can't resolve 'html-to-image' in '/Users/saladin/Developments/interestory/components/stats'

Import trace for requested module:
./components/stats/StatsClient.tsx @ webpack-internal:///(app-pages-browser)/./node_modules/next/dist/next-devtools/shared/forward-logs-shared.js:27
[   11430ms] [LOG] [Fast Refresh] done in 86ms @ webpack-internal:///(app-pages-browser)/./node_modules/next/dist/next-devtools/shared/forward-logs-shared.js:27
[   11430ms] [LOG] [Fast Refresh] rebuilding @ webpack-internal:///(app-pages-browser)/./node_modules/next/dist/next-devtools/shared/forward-logs-shared.js:27
[   11529ms] [WARNING] ./app/page.tsx
Module not found: Can't resolve 'html-to-image' in '/Users/saladin/Developments/interestory/app'

Import trace for requested module:
./app/page.tsx @ webpack-internal:///(app-pages-browser)/./node_modules/next/dist/next-devtools/shared/forward-logs-shared.js:27
[   11529ms] [WARNING] ./components/stats/StatsClient.tsx
Module not found: Can't resolve 'html-to-image' in '/Users/saladin/Developments/interestory/components/stats'

Import trace for requested module:
./components/stats/StatsClient.tsx @ webpack-internal:///(app-pages-browser)/./node_modules/next/dist/next-devtools/shared/forward-logs-shared.js:27
[   11529ms] [LOG] [Fast Refresh] done in 99ms @ webpack-internal:///(app-pages-browser)/./node_modules/next/dist/next-devtools/shared/forward-logs-shared.js:27
[   11530ms] [LOG] [Fast Refresh] rebuilding @ webpack-internal:///(app-pages-browser)/./node_modules/next/dist/next-devtools/shared/forward-logs-shared.js:27
[   11608ms] [WARNING] ./app/page.tsx
Module not found: Can't resolve 'html-to-image' in '/Users/saladin/Developments/interestory/app'

Import trace for requested module:
./app/page.tsx @ webpack-internal:///(app-pages-browser)/./node_modules/next/dist/next-devtools/shared/forward-logs-shared.js:27
[   11608ms] [WARNING] ./components/stats/StatsClient.tsx
Module not found: Can't resolve 'html-to-image' in '/Users/saladin/Developments/interestory/components/stats'

Import trace for requested module:
./components/stats/StatsClient.tsx @ webpack-internal:///(app-pages-browser)/./node_modules/next/dist/next-devtools/shared/forward-logs-shared.js:27
[   11608ms] [LOG] [Fast Refresh] done in 77ms @ webpack-internal:///(app-pages-browser)/./node_modules/next/dist/next-devtools/shared/forward-logs-shared.js:27
[   11609ms] [LOG] [Fast Refresh] rebuilding @ webpack-internal:///(app-pages-browser)/./node_modules/next/dist/next-devtools/shared/forward-logs-shared.js:27
[   11715ms] [WARNING] ./app/page.tsx
Module not found: Can't resolve 'html-to-image' in '/Users/saladin/Developments/interestory/app'

Import trace for requested module:
./app/page.tsx @ webpack-internal:///(app-pages-browser)/./node_modules/next/dist/next-devtools/shared/forward-logs-shared.js:27
[   11715ms] [WARNING] ./components/stats/StatsClient.tsx
Module not found: Can't resolve 'html-to-image' in '/Users/saladin/Developments/interestory/components/stats'

Import trace for requested module:
./components/stats/StatsClient.tsx @ webpack-internal:///(app-pages-browser)/./node_modules/next/dist/next-devtools/shared/forward-logs-shared.js:27
[   11715ms] [LOG] [Fast Refresh] done in 106ms @ webpack-internal:///(app-pages-browser)/./node_modules/next/dist/next-devtools/shared/forward-logs-shared.js:27
[   11716ms] [LOG] [Fast Refresh] rebuilding @ webpack-internal:///(app-pages-browser)/./node_modules/next/dist/next-devtools/shared/forward-logs-shared.js:27
[   11795ms] [WARNING] ./app/page.tsx
Module not found: Can't resolve 'html-to-image' in '/Users/saladin/Developments/interestory/app'

Import trace for requested module:
./app/page.tsx @ webpack-internal:///(app-pages-browser)/./node_modules/next/dist/next-devtools/shared/forward-logs-shared.js:27
[   11795ms] [WARNING] ./components/stats/StatsClient.tsx
Module not found: Can't resolve 'html-to-image' in '/Users/saladin/Developments/interestory/components/stats'

Import trace for requested module:
./components/stats/StatsClient.tsx @ webpack-internal:///(app-pages-browser)/./node_modules/next/dist/next-devtools/shared/forward-logs-shared.js:27
[   11795ms] [LOG] [Fast Refresh] done in 80ms @ webpack-internal:///(app-pages-browser)/./node_modules/next/dist/next-devtools/shared/forward-logs-shared.js:27
[   11796ms] [LOG] [Fast Refresh] rebuilding @ webpack-internal:///(app-pages-browser)/./node_modules/next/dist/next-devtools/shared/forward-logs-shared.js:27
[   11905ms] [WARNING] ./app/page.tsx
Module not found: Can't resolve 'html-to-image' in '/Users/saladin/Developments/interestory/app'

Import trace for requested module:
./app/page.tsx @ webpack-internal:///(app-pages-browser)/./node_modules/next/dist/next-devtools/shared/forward-logs-shared.js:27
[   11905ms] [WARNING] ./components/stats/StatsClient.tsx
Module not found: Can't resolve 'html-to-image' in '/Users/saladin/Developments/interestory/components/stats'

Import trace for requested module:
./components/stats/StatsClient.tsx @ webpack-internal:///(app-pages-browser)/./node_modules/next/dist/next-devtools/shared/forward-logs-shared.js:27
[   11905ms] [LOG] [Fast Refresh] done in 110ms @ webpack-internal:///(app-pages-browser)/./node_modules/next/dist/next-devtools/shared/forward-logs-shared.js:27
[   11906ms] [LOG] [Fast Refresh] rebuilding @ webpack-internal:///(app-pages-browser)/./node_modules/next/dist/next-devtools/shared/forward-logs-shared.js:27
[   11981ms] [WARNING] ./app/page.tsx
Module not found: Can't resolve 'html-to-image' in '/Users/saladin/Developments/interestory/app'

Import trace for requested module:
./app/page.tsx @ webpack-internal:///(app-pages-browser)/./node_modules/next/dist/next-devtools/shared/forward-logs-shared.js:27
[   11981ms] [WARNING] ./components/stats/StatsClient.tsx
Module not found: Can't resolve 'html-to-image' in '/Users/saladin/Developments/interestory/components/stats'

Import trace for requested module:
./components/stats/StatsClient.tsx @ webpack-internal:///(app-pages-browser)/./node_modules/next/dist/next-devtools/shared/forward-logs-shared.js:27
[   11981ms] [LOG] [Fast Refresh] done in 75ms @ webpack-internal:///(app-pages-browser)/./node_modules/next/dist/next-devtools/shared/forward-logs-shared.js:27
[   11982ms] [LOG] [Fast Refresh] rebuilding @ webpack-internal:///(app-pages-browser)/./node_modules/next/dist/next-devtools/shared/forward-logs-shared.js:27
[   12081ms] [WARNING] ./app/page.tsx
Module not found: Can't resolve 'html-to-image' in '/Users/saladin/Developments/interestory/app'

Import trace for requested module:
./app/page.tsx @ webpack-internal:///(app-pages-browser)/./node_modules/next/dist/next-devtools/shared/forward-logs-shared.js:27
[   12081ms] [WARNING] ./components/stats/StatsClient.tsx
Module not found: Can't resolve 'html-to-image' in '/Users/saladin/Developments/interestory/components/stats'

Import trace for requested module:
./components/stats/StatsClient.tsx @ webpack-internal:///(app-pages-browser)/./node_modules/next/dist/next-devtools/shared/forward-logs-shared.js:27
[   12081ms] [LOG] [Fast Refresh] done in 99ms @ webpack-internal:///(app-pages-browser)/./node_modules/next/dist/next-devtools/shared/forward-logs-shared.js:27
[   12082ms] [LOG] [Fast Refresh] rebuilding @ webpack-internal:///(app-pages-browser)/./node_modules/next/dist/next-devtools/shared/forward-logs-shared.js:27
[   12156ms] [WARNING] ./app/page.tsx
Module not found: Can't resolve 'html-to-image' in '/Users/saladin/Developments/interestory/app'

Import trace for requested module:
./app/page.tsx @ webpack-internal:///(app-pages-browser)/./node_modules/next/dist/next-devtools/shared/forward-logs-shared.js:27
[   12156ms] [WARNING] ./components/stats/StatsClient.tsx
Module not found: Can't resolve 'html-to-image' in '/Users/saladin/Developments/interestory/components/stats'

Import trace for requested module:
./components/stats/StatsClient.tsx @ webpack-internal:///(app-pages-browser)/./node_modules/next/dist/next-devtools/shared/forward-logs-shared.js:27
[   12156ms] [LOG] [Fast Refresh] done in 75ms @ webpack-internal:///(app-pages-browser)/./node_modules/next/dist/next-devtools/shared/forward-logs-shared.js:27
[   12157ms] [LOG] [Fast Refresh] rebuilding @ webpack-internal:///(app-pages-browser)/./node_modules/next/dist/next-devtools/shared/forward-logs-shared.js:27
[   12255ms] [WARNING] ./app/page.tsx
Module not found: Can't resolve 'html-to-image' in '/Users/saladin/Developments/interestory/app'

Import trace for requested module:
./app/page.tsx @ webpack-internal:///(app-pages-browser)/./node_modules/next/dist/next-devtools/shared/forward-logs-shared.js:27
[   12255ms] [WARNING] ./components/stats/StatsClient.tsx
Module not found: Can't resolve 'html-to-image' in '/Users/saladin/Developments/interestory/components/stats'

Import trace for requested module:
./components/stats/StatsClient.tsx @ webpack-internal:///(app-pages-browser)/./node_modules/next/dist/next-devtools/shared/forward-logs-shared.js:27
[   12256ms] [LOG] [Fast Refresh] done in 99ms @ webpack-internal:///(app-pages-browser)/./node_modules/next/dist/next-devtools/shared/forward-logs-shared.js:27
[   12257ms] [LOG] [Fast Refresh] rebuilding @ webpack-internal:///(app-pages-browser)/./node_modules/next/dist/next-devtools/shared/forward-logs-shared.js:27
[   12330ms] [WARNING] ./app/page.tsx
Module not found: Can't resolve 'html-to-image' in '/Users/saladin/Developments/interestory/app'

Import trace for requested module:
./app/page.tsx @ webpack-internal:///(app-pages-browser)/./node_modules/next/dist/next-devtools/shared/forward-logs-shared.js:27
[   12330ms] [WARNING] ./components/stats/StatsClient.tsx
Module not found: Can't resolve 'html-to-image' in '/Users/saladin/Developments/interestory/components/stats'

Import trace for requested module:
./components/stats/StatsClient.tsx @ webpack-internal:///(app-pages-browser)/./node_modules/next/dist/next-devtools/shared/forward-logs-shared.js:27
[   12330ms] [LOG] [Fast Refresh] done in 74ms @ webpack-internal:///(app-pages-browser)/./node_modules/next/dist/next-devtools/shared/forward-logs-shared.js:27
[   12331ms] [LOG] [Fast Refresh] rebuilding @ webpack-internal:///(app-pages-browser)/./node_modules/next/dist/next-devtools/shared/forward-logs-shared.js:27
[   12431ms] [WARNING] ./app/page.tsx
Module not found: Can't resolve 'html-to-image' in '/Users/saladin/Developments/interestory/app'

Import trace for requested module:
./app/page.tsx @ webpack-internal:///(app-pages-browser)/./node_modules/next/dist/next-devtools/shared/forward-logs-shared.js:27
[   12431ms] [WARNING] ./components/stats/StatsClient.tsx
Module not found: Can't resolve 'html-to-image' in '/Users/saladin/Developments/interestory/components/stats'

Import trace for requested module:
./components/stats/StatsClient.tsx @ webpack-internal:///(app-pages-browser)/./node_modules/next/dist/next-devtools/shared/forward-logs-shared.js:27
[   12431ms] [LOG] [Fast Refresh] done in 100ms @ webpack-internal:///(app-pages-browser)/./node_modules/next/dist/next-devtools/shared/forward-logs-shared.js:27
[   12433ms] [LOG] [Fast Refresh] rebuilding @ webpack-internal:///(app-pages-browser)/./node_modules/next/dist/next-devtools/shared/forward-logs-shared.js:27
[   12516ms] [WARNING] ./app/page.tsx
Module not found: Can't resolve 'html-to-image' in '/Users/saladin/Developments/interestory/app'

Import trace for requested module:
./app/page.tsx @ webpack-internal:///(app-pages-browser)/./node_modules/next/dist/next-devtools/shared/forward-logs-shared.js:27
[   12516ms] [WARNING] ./components/stats/StatsClient.tsx
Module not found: Can't resolve 'html-to-image' in '/Users/saladin/Developments/interestory/components/stats'

Import trace for requested module:
./components/stats/StatsClient.tsx @ webpack-internal:///(app-pages-browser)/./node_modules/next/dist/next-devtools/shared/forward-logs-shared.js:27
[   12517ms] [LOG] [Fast Refresh] done in 84ms @ webpack-internal:///(app-pages-browser)/./node_modules/next/dist/next-devtools/shared/forward-logs-shared.js:27
[   12518ms] [LOG] [Fast Refresh] rebuilding @ webpack-internal:///(app-pages-browser)/./node_modules/next/dist/next-devtools/shared/forward-logs-shared.js:27
[   12618ms] [WARNING] ./app/page.tsx
Module not found: Can't resolve 'html-to-image' in '/Users/saladin/Developments/interestory/app'

Import trace for requested module:
./app/page.tsx @ webpack-internal:///(app-pages-browser)/./node_modules/next/dist/next-devtools/shared/forward-logs-shared.js:27
[   12618ms] [WARNING] ./components/stats/StatsClient.tsx
Module not found: Can't resolve 'html-to-image' in '/Users/saladin/Developments/interestory/components/stats'

Import trace for requested module:
./components/stats/StatsClient.tsx @ webpack-internal:///(app-pages-browser)/./node_modules/next/dist/next-devtools/shared/forward-logs-shared.js:27
[   12618ms] [LOG] [Fast Refresh] done in 101ms @ webpack-internal:///(app-pages-browser)/./node_modules/next/dist/next-devtools/shared/forward-logs-shared.js:27
[   12619ms] [LOG] [Fast Refresh] rebuilding @ webpack-internal:///(app-pages-browser)/./node_modules/next/dist/next-devtools/shared/forward-logs-shared.js:27
[   12697ms] [WARNING] ./app/page.tsx
Module not found: Can't resolve 'html-to-image' in '/Users/saladin/Developments/interestory/app'

Import trace for requested module:
./app/page.tsx @ webpack-internal:///(app-pages-browser)/./node_modules/next/dist/next-devtools/shared/forward-logs-shared.js:27
[   12698ms] [WARNING] ./components/stats/StatsClient.tsx
Module not found: Can't resolve 'html-to-image' in '/Users/saladin/Developments/interestory/components/stats'

Import trace for requested module:
./components/stats/StatsClient.tsx @ webpack-internal:///(app-pages-browser)/./node_modules/next/dist/next-devtools/shared/forward-logs-shared.js:27
[   12698ms] [LOG] [Fast Refresh] done in 78ms @ webpack-internal:///(app-pages-browser)/./node_modules/next/dist/next-devtools/shared/forward-logs-shared.js:27
[   12698ms] [LOG] [Fast Refresh] rebuilding @ webpack-internal:///(app-pages-browser)/./node_modules/next/dist/next-devtools/shared/forward-logs-shared.js:27
[   12805ms] [WARNING] ./app/page.tsx
Module not found: Can't resolve 'html-to-image' in '/Users/saladin/Developments/interestory/app'

Import trace for requested module:
./app/page.tsx @ webpack-internal:///(app-pages-browser)/./node_modules/next/dist/next-devtools/shared/forward-logs-shared.js:27
[   12805ms] [WARNING] ./components/stats/StatsClient.tsx
Module not found: Can't resolve 'html-to-image' in '/Users/saladin/Developments/interestory/components/stats'

Import trace for requested module:
./components/stats/StatsClient.tsx @ webpack-internal:///(app-pages-browser)/./node_modules/next/dist/next-devtools/shared/forward-logs-shared.js:27
[   12805ms] [LOG] [Fast Refresh] done in 106ms @ webpack-internal:///(app-pages-browser)/./node_modules/next/dist/next-devtools/shared/forward-logs-shared.js:27
[   12807ms] [LOG] [Fast Refresh] rebuilding @ webpack-internal:///(app-pages-browser)/./node_modules/next/dist/next-devtools/shared/forward-logs-shared.js:27
[   12891ms] [WARNING] ./app/page.tsx
Module not found: Can't resolve 'html-to-image' in '/Users/saladin/Developments/interestory/app'

Import trace for requested module:
./app/page.tsx @ webpack-internal:///(app-pages-browser)/./node_modules/next/dist/next-devtools/shared/forward-logs-shared.js:27
[   12891ms] [WARNING] ./components/stats/StatsClient.tsx
Module not found: Can't resolve 'html-to-image' in '/Users/saladin/Developments/interestory/components/stats'

Import trace for requested module:
./components/stats/StatsClient.tsx @ webpack-internal:///(app-pages-browser)/./node_modules/next/dist/next-devtools/shared/forward-logs-shared.js:27
[   12891ms] [LOG] [Fast Refresh] done in 83ms @ webpack-internal:///(app-pages-browser)/./node_modules/next/dist/next-devtools/shared/forward-logs-shared.js:27
[   12892ms] [LOG] [Fast Refresh] rebuilding @ webpack-internal:///(app-pages-browser)/./node_modules/next/dist/next-devtools/shared/forward-logs-shared.js:27
[   13020ms] [WARNING] ./app/page.tsx
Module not found: Can't resolve 'html-to-image' in '/Users/saladin/Developments/interestory/app'

Import trace for requested module:
./app/page.tsx @ webpack-internal:///(app-pages-browser)/./node_modules/next/dist/next-devtools/shared/forward-logs-shared.js:27
[   13020ms] [WARNING] ./components/stats/StatsClient.tsx
Module not found: Can't resolve 'html-to-image' in '/Users/saladin/Developments/interestory/components/stats'

Import trace for requested module:
./components/stats/StatsClient.tsx @ webpack-internal:///(app-pages-browser)/./node_modules/next/dist/next-devtools/shared/forward-logs-shared.js:27
[   13020ms] [LOG] [Fast Refresh] done in 129ms @ webpack-internal:///(app-pages-browser)/./node_modules/next/dist/next-devtools/shared/forward-logs-shared.js:27
[   13022ms] [LOG] [Fast Refresh] rebuilding @ webpack-internal:///(app-pages-browser)/./node_modules/next/dist/next-devtools/shared/forward-logs-shared.js:27
[   13174ms] [WARNING] ./app/page.tsx
Module not found: Can't resolve 'html-to-image' in '/Users/saladin/Developments/interestory/app'

Import trace for requested module:
./app/page.tsx @ webpack-internal:///(app-pages-browser)/./node_modules/next/dist/next-devtools/shared/forward-logs-shared.js:27
[   13174ms] [WARNING] ./components/stats/StatsClient.tsx
Module not found: Can't resolve 'html-to-image' in '/Users/saladin/Developments/interestory/components/stats'

Import trace for requested module:
./components/stats/StatsClient.tsx @ webpack-internal:///(app-pages-browser)/./node_modules/next/dist/next-devtools/shared/forward-logs-shared.js:27
[   13174ms] [LOG] [Fast Refresh] done in 151ms @ webpack-internal:///(app-pages-browser)/./node_modules/next/dist/next-devtools/shared/forward-logs-shared.js:27
[   13175ms] [LOG] [Fast Refresh] rebuilding @ webpack-internal:///(app-pages-browser)/./node_modules/next/dist/next-devtools/shared/forward-logs-shared.js:27
[   13262ms] [WARNING] ./app/page.tsx
Module not found: Can't resolve 'html-to-image' in '/Users/saladin/Developments/interestory/app'

Import trace for requested module:
./app/page.tsx @ webpack-internal:///(app-pages-browser)/./node_modules/next/dist/next-devtools/shared/forward-logs-shared.js:27
[   13262ms] [WARNING] ./components/stats/StatsClient.tsx
Module not found: Can't resolve 'html-to-image' in '/Users/saladin/Developments/interestory/components/stats'

Import trace for requested module:
./components/stats/StatsClient.tsx @ webpack-internal:///(app-pages-browser)/./node_modules/next/dist/next-devtools/shared/forward-logs-shared.js:27
[   13262ms] [LOG] [Fast Refresh] done in 88ms @ webpack-internal:///(app-pages-browser)/./node_modules/next/dist/next-devtools/shared/forward-logs-shared.js:27
[   13263ms] [LOG] [Fast Refresh] rebuilding @ webpack-internal:///(app-pages-browser)/./node_modules/next/dist/next-devtools/shared/forward-logs-shared.js:27
[   13362ms] [WARNING] ./app/page.tsx
Module not found: Can't resolve 'html-to-image' in '/Users/saladin/Developments/interestory/app'

Import trace for requested module:
./app/page.tsx @ webpack-internal:///(app-pages-browser)/./node_modules/next/dist/next-devtools/shared/forward-logs-shared.js:27
[   13362ms] [WARNING] ./components/stats/StatsClient.tsx
Module not found: Can't resolve 'html-to-image' in '/Users/saladin/Developments/interestory/components/stats'

Import trace for requested module:
./components/stats/StatsClient.tsx @ webpack-internal:///(app-pages-browser)/./node_modules/next/dist/next-devtools/shared/forward-logs-shared.js:27
[   13362ms] [LOG] [Fast Refresh] done in 98ms @ webpack-internal:///(app-pages-browser)/./node_modules/next/dist/next-devtools/shared/forward-logs-shared.js:27
[   13363ms] [LOG] [Fast Refresh] rebuilding @ webpack-internal:///(app-pages-browser)/./node_modules/next/dist/next-devtools/shared/forward-logs-shared.js:27
[   13440ms] [WARNING] ./app/page.tsx
Module not found: Can't resolve 'html-to-image' in '/Users/saladin/Developments/interestory/app'

Import trace for requested module:
./app/page.tsx @ webpack-internal:///(app-pages-browser)/./node_modules/next/dist/next-devtools/shared/forward-logs-shared.js:27
[   13440ms] [WARNING] ./components/stats/StatsClient.tsx
Module not found: Can't resolve 'html-to-image' in '/Users/saladin/Developments/interestory/components/stats'

Import trace for requested module:
./components/stats/StatsClient.tsx @ webpack-internal:///(app-pages-browser)/./node_modules/next/dist/next-devtools/shared/forward-logs-shared.js:27
[   13440ms] [LOG] [Fast Refresh] done in 78ms @ webpack-internal:///(app-pages-browser)/./node_modules/next/dist/next-devtools/shared/forward-logs-shared.js:27
[   13441ms] [LOG] [Fast Refresh] rebuilding @ webpack-internal:///(app-pages-browser)/./node_modules/next/dist/next-devtools/shared/forward-logs-shared.js:27
[   13541ms] [WARNING] ./app/page.tsx
Module not found: Can't resolve 'html-to-image' in '/Users/saladin/Developments/interestory/app'

Import trace for requested module:
./app/page.tsx @ webpack-internal:///(app-pages-browser)/./node_modules/next/dist/next-devtools/shared/forward-logs-shared.js:27
[   13541ms] [WARNING] ./components/stats/StatsClient.tsx
Module not found: Can't resolve 'html-to-image' in '/Users/saladin/Developments/interestory/components/stats'

Import trace for requested module:
./components/stats/StatsClient.tsx @ webpack-internal:///(app-pages-browser)/./node_modules/next/dist/next-devtools/shared/forward-logs-shared.js:27
[   13542ms] [LOG] [Fast Refresh] done in 100ms @ webpack-internal:///(app-pages-browser)/./node_modules/next/dist/next-devtools/shared/forward-logs-shared.js:27
[   13542ms] [LOG] [Fast Refresh] rebuilding @ webpack-internal:///(app-pages-browser)/./node_modules/next/dist/next-devtools/shared/forward-logs-shared.js:27
[   13619ms] [WARNING] ./app/page.tsx
Module not found: Can't resolve 'html-to-image' in '/Users/saladin/Developments/interestory/app'

Import trace for requested module:
./app/page.tsx @ webpack-internal:///(app-pages-browser)/./node_modules/next/dist/next-devtools/shared/forward-logs-shared.js:27
[   13619ms] [WARNING] ./components/stats/StatsClient.tsx
Module not found: Can't resolve 'html-to-image' in '/Users/saladin/Developments/interestory/components/stats'

Import trace for requested module:
./components/stats/StatsClient.tsx @ webpack-internal:///(app-pages-browser)/./node_modules/next/dist/next-devtools/shared/forward-logs-shared.js:27
[   13619ms] [LOG] [Fast Refresh] done in 77ms @ webpack-internal:///(app-pages-browser)/./node_modules/next/dist/next-devtools/shared/forward-logs-shared.js:27
[   13620ms] [LOG] [Fast Refresh] rebuilding @ webpack-internal:///(app-pages-browser)/./node_modules/next/dist/next-devtools/shared/forward-logs-shared.js:27
[   13719ms] [WARNING] ./app/page.tsx
Module not found: Can't resolve 'html-to-image' in '/Users/saladin/Developments/interestory/app'

Import trace for requested module:
./app/page.tsx @ webpack-internal:///(app-pages-browser)/./node_modules/next/dist/next-devtools/shared/forward-logs-shared.js:27
[   13719ms] [WARNING] ./components/stats/StatsClient.tsx
Module not found: Can't resolve 'html-to-image' in '/Users/saladin/Developments/interestory/components/stats'

Import trace for requested module:
./components/stats/StatsClient.tsx @ webpack-internal:///(app-pages-browser)/./node_modules/next/dist/next-devtools/shared/forward-logs-shared.js:27
[   13719ms] [LOG] [Fast Refresh] done in 98ms @ webpack-internal:///(app-pages-browser)/./node_modules/next/dist/next-devtools/shared/forward-logs-shared.js:27
[   13720ms] [LOG] [Fast Refresh] rebuilding @ webpack-internal:///(app-pages-browser)/./node_modules/next/dist/next-devtools/shared/forward-logs-shared.js:27
[   13794ms] [WARNING] ./app/page.tsx
Module not found: Can't resolve 'html-to-image' in '/Users/saladin/Developments/interestory/app'

Import trace for requested module:
./app/page.tsx @ webpack-internal:///(app-pages-browser)/./node_modules/next/dist/next-devtools/shared/forward-logs-shared.js:27
[   13794ms] [WARNING] ./components/stats/StatsClient.tsx
Module not found: Can't resolve 'html-to-image' in '/Users/saladin/Developments/interestory/components/stats'

Import trace for requested module:
./components/stats/StatsClient.tsx @ webpack-internal:///(app-pages-browser)/./node_modules/next/dist/next-devtools/shared/forward-logs-shared.js:27
[   13794ms] [LOG] [Fast Refresh] done in 75ms @ webpack-internal:///(app-pages-browser)/./node_modules/next/dist/next-devtools/shared/forward-logs-shared.js:27
[   13795ms] [LOG] [Fast Refresh] rebuilding @ webpack-internal:///(app-pages-browser)/./node_modules/next/dist/next-devtools/shared/forward-logs-shared.js:27
[   13896ms] [WARNING] ./app/page.tsx
Module not found: Can't resolve 'html-to-image' in '/Users/saladin/Developments/interestory/app'

Import trace for requested module:
./app/page.tsx @ webpack-internal:///(app-pages-browser)/./node_modules/next/dist/next-devtools/shared/forward-logs-shared.js:27
[   13896ms] [WARNING] ./components/stats/StatsClient.tsx
Module not found: Can't resolve 'html-to-image' in '/Users/saladin/Developments/interestory/components/stats'

Import trace for requested module:
./components/stats/StatsClient.tsx @ webpack-internal:///(app-pages-browser)/./node_modules/next/dist/next-devtools/shared/forward-logs-shared.js:27
[   13896ms] [LOG] [Fast Refresh] done in 101ms @ webpack-internal:///(app-pages-browser)/./node_modules/next/dist/next-devtools/shared/forward-logs-shared.js:27
[   13897ms] [LOG] [Fast Refresh] rebuilding @ webpack-internal:///(app-pages-browser)/./node_modules/next/dist/next-devtools/shared/forward-logs-shared.js:27
[   13970ms] [WARNING] ./app/page.tsx
Module not found: Can't resolve 'html-to-image' in '/Users/saladin/Developments/interestory/app'

Import trace for requested module:
./app/page.tsx @ webpack-internal:///(app-pages-browser)/./node_modules/next/dist/next-devtools/shared/forward-logs-shared.js:27
[   13970ms] [WARNING] ./components/stats/StatsClient.tsx
Module not found: Can't resolve 'html-to-image' in '/Users/saladin/Developments/interestory/components/stats'

Import trace for requested module:
./components/stats/StatsClient.tsx @ webpack-internal:///(app-pages-browser)/./node_modules/next/dist/next-devtools/shared/forward-logs-shared.js:27
[   13970ms] [LOG] [Fast Refresh] done in 72ms @ webpack-internal:///(app-pages-browser)/./node_modules/next/dist/next-devtools/shared/forward-logs-shared.js:27
[   13971ms] [LOG] [Fast Refresh] rebuilding @ webpack-internal:///(app-pages-browser)/./node_modules/next/dist/next-devtools/shared/forward-logs-shared.js:27
[   14069ms] [WARNING] ./app/page.tsx
Module not found: Can't resolve 'html-to-image' in '/Users/saladin/Developments/interestory/app'

Import trace for requested module:
./app/page.tsx @ webpack-internal:///(app-pages-browser)/./node_modules/next/dist/next-devtools/shared/forward-logs-shared.js:27
[   14069ms] [WARNING] ./components/stats/StatsClient.tsx
Module not found: Can't resolve 'html-to-image' in '/Users/saladin/Developments/interestory/components/stats'

Import trace for requested module:
./components/stats/StatsClient.tsx @ webpack-internal:///(app-pages-browser)/./node_modules/next/dist/next-devtools/shared/forward-logs-shared.js:27
[   14069ms] [LOG] [Fast Refresh] done in 99ms @ webpack-internal:///(app-pages-browser)/./node_modules/next/dist/next-devtools/shared/forward-logs-shared.js:27
[   14070ms] [LOG] [Fast Refresh] rebuilding @ webpack-internal:///(app-pages-browser)/./node_modules/next/dist/next-devtools/shared/forward-logs-shared.js:27
[   14145ms] [WARNING] ./app/page.tsx
Module not found: Can't resolve 'html-to-image' in '/Users/saladin/Developments/interestory/app'

Import trace for requested module:
./app/page.tsx @ webpack-internal:///(app-pages-browser)/./node_modules/next/dist/next-devtools/shared/forward-logs-shared.js:27
[   14145ms] [WARNING] ./components/stats/StatsClient.tsx
Module not found: Can't resolve 'html-to-image' in '/Users/saladin/Developments/interestory/components/stats'

Import trace for requested module:
./components/stats/StatsClient.tsx @ webpack-internal:///(app-pages-browser)/./node_modules/next/dist/next-devtools/shared/forward-logs-shared.js:27
[   14145ms] [LOG] [Fast Refresh] done in 75ms @ webpack-internal:///(app-pages-browser)/./node_modules/next/dist/next-devtools/shared/forward-logs-shared.js:27
[   14146ms] [LOG] [Fast Refresh] rebuilding @ webpack-internal:///(app-pages-browser)/./node_modules/next/dist/next-devtools/shared/forward-logs-shared.js:27
[   14247ms] [WARNING] ./app/page.tsx
Module not found: Can't resolve 'html-to-image' in '/Users/saladin/Developments/interestory/app'

Import trace for requested module:
./app/page.tsx @ webpack-internal:///(app-pages-browser)/./node_modules/next/dist/next-devtools/shared/forward-logs-shared.js:27
[   14247ms] [WARNING] ./components/stats/StatsClient.tsx
Module not found: Can't resolve 'html-to-image' in '/Users/saladin/Developments/interestory/components/stats'

Import trace for requested module:
./components/stats/StatsClient.tsx @ webpack-internal:///(app-pages-browser)/./node_modules/next/dist/next-devtools/shared/forward-logs-shared.js:27
[   14247ms] [LOG] [Fast Refresh] done in 101ms @ webpack-internal:///(app-pages-browser)/./node_modules/next/dist/next-devtools/shared/forward-logs-shared.js:27
[   14248ms] [LOG] [Fast Refresh] rebuilding @ webpack-internal:///(app-pages-browser)/./node_modules/next/dist/next-devtools/shared/forward-logs-shared.js:27
[   14328ms] [WARNING] ./app/page.tsx
Module not found: Can't resolve 'html-to-image' in '/Users/saladin/Developments/interestory/app'

Import trace for requested module:
./app/page.tsx @ webpack-internal:///(app-pages-browser)/./node_modules/next/dist/next-devtools/shared/forward-logs-shared.js:27
[   14328ms] [WARNING] ./components/stats/StatsClient.tsx
Module not found: Can't resolve 'html-to-image' in '/Users/saladin/Developments/interestory/components/stats'

Import trace for requested module:
./components/stats/StatsClient.tsx @ webpack-internal:///(app-pages-browser)/./node_modules/next/dist/next-devtools/shared/forward-logs-shared.js:27
[   14328ms] [LOG] [Fast Refresh] done in 80ms @ webpack-internal:///(app-pages-browser)/./node_modules/next/dist/next-devtools/shared/forward-logs-shared.js:27
[   14329ms] [LOG] [Fast Refresh] rebuilding @ webpack-internal:///(app-pages-browser)/./node_modules/next/dist/next-devtools/shared/forward-logs-shared.js:27
[   14427ms] [WARNING] ./app/page.tsx
Module not found: Can't resolve 'html-to-image' in '/Users/saladin/Developments/interestory/app'

Import trace for requested module:
./app/page.tsx @ webpack-internal:///(app-pages-browser)/./node_modules/next/dist/next-devtools/shared/forward-logs-shared.js:27
[   14427ms] [WARNING] ./components/stats/StatsClient.tsx
Module not found: Can't resolve 'html-to-image' in '/Users/saladin/Developments/interestory/components/stats'

Import trace for requested module:
./components/stats/StatsClient.tsx @ webpack-internal:///(app-pages-browser)/./node_modules/next/dist/next-devtools/shared/forward-logs-shared.js:27
[   14427ms] [LOG] [Fast Refresh] done in 98ms @ webpack-internal:///(app-pages-browser)/./node_modules/next/dist/next-devtools/shared/forward-logs-shared.js:27
[   14427ms] [LOG] [Fast Refresh] rebuilding @ webpack-internal:///(app-pages-browser)/./node_modules/next/dist/next-devtools/shared/forward-logs-shared.js:27
[   14503ms] [WARNING] ./app/page.tsx
Module not found: Can't resolve 'html-to-image' in '/Users/saladin/Developments/interestory/app'

Import trace for requested module:
./app/page.tsx @ webpack-internal:///(app-pages-browser)/./node_modules/next/dist/next-devtools/shared/forward-logs-shared.js:27
[   14503ms] [WARNING] ./components/stats/StatsClient.tsx
Module not found: Can't resolve 'html-to-image' in '/Users/saladin/Developments/interestory/components/stats'

Import trace for requested module:
./components/stats/StatsClient.tsx @ webpack-internal:///(app-pages-browser)/./node_modules/next/dist/next-devtools/shared/forward-logs-shared.js:27
[   14503ms] [LOG] [Fast Refresh] done in 75ms @ webpack-internal:///(app-pages-browser)/./node_modules/next/dist/next-devtools/shared/forward-logs-shared.js:27
[   14504ms] [LOG] [Fast Refresh] rebuilding @ webpack-internal:///(app-pages-browser)/./node_modules/next/dist/next-devtools/shared/forward-logs-shared.js:27
[   14604ms] [WARNING] ./app/page.tsx
Module not found: Can't resolve 'html-to-image' in '/Users/saladin/Developments/interestory/app'

Import trace for requested module:
./app/page.tsx @ webpack-internal:///(app-pages-browser)/./node_modules/next/dist/next-devtools/shared/forward-logs-shared.js:27
[   14604ms] [WARNING] ./components/stats/StatsClient.tsx
Module not found: Can't resolve 'html-to-image' in '/Users/saladin/Developments/interestory/components/stats'

Import trace for requested module:
./components/stats/StatsClient.tsx @ webpack-internal:///(app-pages-browser)/./node_modules/next/dist/next-devtools/shared/forward-logs-shared.js:27
[   14604ms] [LOG] [Fast Refresh] done in 101ms @ webpack-internal:///(app-pages-browser)/./node_modules/next/dist/next-devtools/shared/forward-logs-shared.js:27
[   14606ms] [LOG] [Fast Refresh] rebuilding @ webpack-internal:///(app-pages-browser)/./node_modules/next/dist/next-devtools/shared/forward-logs-shared.js:27
[   14683ms] [WARNING] ./app/page.tsx
Module not found: Can't resolve 'html-to-image' in '/Users/saladin/Developments/interestory/app'

Import trace for requested module:
./app/page.tsx @ webpack-internal:///(app-pages-browser)/./node_modules/next/dist/next-devtools/shared/forward-logs-shared.js:27
[   14683ms] [WARNING] ./components/stats/StatsClient.tsx
Module not found: Can't resolve 'html-to-image' in '/Users/saladin/Developments/interestory/components/stats'

Import trace for requested module:
./components/stats/StatsClient.tsx @ webpack-internal:///(app-pages-browser)/./node_modules/next/dist/next-devtools/shared/forward-logs-shared.js:27
[   14683ms] [LOG] [Fast Refresh] done in 78ms @ webpack-internal:///(app-pages-browser)/./node_modules/next/dist/next-devtools/shared/forward-logs-shared.js:27
[   14684ms] [LOG] [Fast Refresh] rebuilding @ webpack-internal:///(app-pages-browser)/./node_modules/next/dist/next-devtools/shared/forward-logs-shared.js:27
[   14785ms] [WARNING] ./app/page.tsx
Module not found: Can't resolve 'html-to-image' in '/Users/saladin/Developments/interestory/app'

Import trace for requested module:
./app/page.tsx @ webpack-internal:///(app-pages-browser)/./node_modules/next/dist/next-devtools/shared/forward-logs-shared.js:27
[   14785ms] [WARNING] ./components/stats/StatsClient.tsx
Module not found: Can't resolve 'html-to-image' in '/Users/saladin/Developments/interestory/components/stats'

Import trace for requested module:
./components/stats/StatsClient.tsx @ webpack-internal:///(app-pages-browser)/./node_modules/next/dist/next-devtools/shared/forward-logs-shared.js:27
[   14785ms] [LOG] [Fast Refresh] done in 100ms @ webpack-internal:///(app-pages-browser)/./node_modules/next/dist/next-devtools/shared/forward-logs-shared.js:27
[   14785ms] [LOG] [Fast Refresh] rebuilding @ webpack-internal:///(app-pages-browser)/./node_modules/next/dist/next-devtools/shared/forward-logs-shared.js:27
[   14861ms] [WARNING] ./app/page.tsx
Module not found: Can't resolve 'html-to-image' in '/Users/saladin/Developments/interestory/app'

Import trace for requested module:
./app/page.tsx @ webpack-internal:///(app-pages-browser)/./node_modules/next/dist/next-devtools/shared/forward-logs-shared.js:27
[   14861ms] [WARNING] ./components/stats/StatsClient.tsx
Module not found: Can't resolve 'html-to-image' in '/Users/saladin/Developments/interestory/components/stats'

Import trace for requested module:
./components/stats/StatsClient.tsx @ webpack-internal:///(app-pages-browser)/./node_modules/next/dist/next-devtools/shared/forward-logs-shared.js:27
[   14861ms] [LOG] [Fast Refresh] done in 76ms @ webpack-internal:///(app-pages-browser)/./node_modules/next/dist/next-devtools/shared/forward-logs-shared.js:27
[   14862ms] [LOG] [Fast Refresh] rebuilding @ webpack-internal:///(app-pages-browser)/./node_modules/next/dist/next-devtools/shared/forward-logs-shared.js:27
[   14963ms] [WARNING] ./app/page.tsx
Module not found: Can't resolve 'html-to-image' in '/Users/saladin/Developments/interestory/app'

Import trace for requested module:
./app/page.tsx @ webpack-internal:///(app-pages-browser)/./node_modules/next/dist/next-devtools/shared/forward-logs-shared.js:27
[   14963ms] [WARNING] ./components/stats/StatsClient.tsx
Module not found: Can't resolve 'html-to-image' in '/Users/saladin/Developments/interestory/components/stats'

Import trace for requested module:
./components/stats/StatsClient.tsx @ webpack-internal:///(app-pages-browser)/./node_modules/next/dist/next-devtools/shared/forward-logs-shared.js:27
[   14963ms] [LOG] [Fast Refresh] done in 101ms @ webpack-internal:///(app-pages-browser)/./node_modules/next/dist/next-devtools/shared/forward-logs-shared.js:27
[   14964ms] [LOG] [Fast Refresh] rebuilding @ webpack-internal:///(app-pages-browser)/./node_modules/next/dist/next-devtools/shared/forward-logs-shared.js:27
[   15048ms] [WARNING] ./app/page.tsx
Module not found: Can't resolve 'html-to-image' in '/Users/saladin/Developments/interestory/app'

Import trace for requested module:
./app/page.tsx @ webpack-internal:///(app-pages-browser)/./node_modules/next/dist/next-devtools/shared/forward-logs-shared.js:27
[   15048ms] [WARNING] ./components/stats/StatsClient.tsx
Module not found: Can't resolve 'html-to-image' in '/Users/saladin/Developments/interestory/components/stats'

Import trace for requested module:
./components/stats/StatsClient.tsx @ webpack-internal:///(app-pages-browser)/./node_modules/next/dist/next-devtools/shared/forward-logs-shared.js:27
[   15048ms] [LOG] [Fast Refresh] done in 85ms @ webpack-internal:///(app-pages-browser)/./node_modules/next/dist/next-devtools/shared/forward-logs-shared.js:27
[   15050ms] [LOG] [Fast Refresh] rebuilding @ webpack-internal:///(app-pages-browser)/./node_modules/next/dist/next-devtools/shared/forward-logs-shared.js:27
[   15161ms] [WARNING] ./app/page.tsx
Module not found: Can't resolve 'html-to-image' in '/Users/saladin/Developments/interestory/app'

Import trace for requested module:
./app/page.tsx @ webpack-internal:///(app-pages-browser)/./node_modules/next/dist/next-devtools/shared/forward-logs-shared.js:27
[   15161ms] [WARNING] ./components/stats/StatsClient.tsx
Module not found: Can't resolve 'html-to-image' in '/Users/saladin/Developments/interestory/components/stats'

Import trace for requested module:
./components/stats/StatsClient.tsx @ webpack-internal:///(app-pages-browser)/./node_modules/next/dist/next-devtools/shared/forward-logs-shared.js:27
[   15161ms] [LOG] [Fast Refresh] done in 111ms @ webpack-internal:///(app-pages-browser)/./node_modules/next/dist/next-devtools/shared/forward-logs-shared.js:27
[   15162ms] [LOG] [Fast Refresh] rebuilding @ webpack-internal:///(app-pages-browser)/./node_modules/next/dist/next-devtools/shared/forward-logs-shared.js:27
[   15239ms] [WARNING] ./app/page.tsx
Module not found: Can't resolve 'html-to-image' in '/Users/saladin/Developments/interestory/app'

Import trace for requested module:
./app/page.tsx @ webpack-internal:///(app-pages-browser)/./node_modules/next/dist/next-devtools/shared/forward-logs-shared.js:27
[   15239ms] [WARNING] ./components/stats/StatsClient.tsx
Module not found: Can't resolve 'html-to-image' in '/Users/saladin/Developments/interestory/components/stats'

Import trace for requested module:
./components/stats/StatsClient.tsx @ webpack-internal:///(app-pages-browser)/./node_modules/next/dist/next-devtools/shared/forward-logs-shared.js:27
[   15239ms] [LOG] [Fast Refresh] done in 77ms @ webpack-internal:///(app-pages-browser)/./node_modules/next/dist/next-devtools/shared/forward-logs-shared.js:27
[   15240ms] [LOG] [Fast Refresh] rebuilding @ webpack-internal:///(app-pages-browser)/./node_modules/next/dist/next-devtools/shared/forward-logs-shared.js:27
[   15342ms] [WARNING] ./app/page.tsx
Module not found: Can't resolve 'html-to-image' in '/Users/saladin/Developments/interestory/app'

Import trace for requested module:
./app/page.tsx @ webpack-internal:///(app-pages-browser)/./node_modules/next/dist/next-devtools/shared/forward-logs-shared.js:27
[   15342ms] [WARNING] ./components/stats/StatsClient.tsx
Module not found: Can't resolve 'html-to-image' in '/Users/saladin/Developments/interestory/components/stats'

Import trace for requested module:
./components/stats/StatsClient.tsx @ webpack-internal:///(app-pages-browser)/./node_modules/next/dist/next-devtools/shared/forward-logs-shared.js:27
[   15342ms] [LOG] [Fast Refresh] done in 102ms @ webpack-internal:///(app-pages-browser)/./node_modules/next/dist/next-devtools/shared/forward-logs-shared.js:27
[   15343ms] [LOG] [Fast Refresh] rebuilding @ webpack-internal:///(app-pages-browser)/./node_modules/next/dist/next-devtools/shared/forward-logs-shared.js:27
[   15432ms] [WARNING] ./app/page.tsx
Module not found: Can't resolve 'html-to-image' in '/Users/saladin/Developments/interestory/app'

Import trace for requested module:
./app/page.tsx @ webpack-internal:///(app-pages-browser)/./node_modules/next/dist/next-devtools/shared/forward-logs-shared.js:27
[   15432ms] [WARNING] ./components/stats/StatsClient.tsx
Module not found: Can't resolve 'html-to-image' in '/Users/saladin/Developments/interestory/components/stats'

Import trace for requested module:
./components/stats/StatsClient.tsx @ webpack-internal:///(app-pages-browser)/./node_modules/next/dist/next-devtools/shared/forward-logs-shared.js:27
[   15432ms] [LOG] [Fast Refresh] done in 89ms @ webpack-internal:///(app-pages-browser)/./node_modules/next/dist/next-devtools/shared/forward-logs-shared.js:27
[   15433ms] [LOG] [Fast Refresh] rebuilding @ webpack-internal:///(app-pages-browser)/./node_modules/next/dist/next-devtools/shared/forward-logs-shared.js:27
[   15549ms] [WARNING] ./app/page.tsx
Module not found: Can't resolve 'html-to-image' in '/Users/saladin/Developments/interestory/app'

Import trace for requested module:
./app/page.tsx @ webpack-internal:///(app-pages-browser)/./node_modules/next/dist/next-devtools/shared/forward-logs-shared.js:27
[   15549ms] [WARNING] ./components/stats/StatsClient.tsx
Module not found: Can't resolve 'html-to-image' in '/Users/saladin/Developments/interestory/components/stats'

Import trace for requested module:
./components/stats/StatsClient.tsx @ webpack-internal:///(app-pages-browser)/./node_modules/next/dist/next-devtools/shared/forward-logs-shared.js:27
[   15549ms] [LOG] [Fast Refresh] done in 115ms @ webpack-internal:///(app-pages-browser)/./node_modules/next/dist/next-devtools/shared/forward-logs-shared.js:27
[   15550ms] [LOG] [Fast Refresh] rebuilding @ webpack-internal:///(app-pages-browser)/./node_modules/next/dist/next-devtools/shared/forward-logs-shared.js:27
[   15634ms] [WARNING] ./app/page.tsx
Module not found: Can't resolve 'html-to-image' in '/Users/saladin/Developments/interestory/app'

Import trace for requested module:
./app/page.tsx @ webpack-internal:///(app-pages-browser)/./node_modules/next/dist/next-devtools/shared/forward-logs-shared.js:27
[   15634ms] [WARNING] ./components/stats/StatsClient.tsx
Module not found: Can't resolve 'html-to-image' in '/Users/saladin/Developments/interestory/components/stats'

Import trace for requested module:
./components/stats/StatsClient.tsx @ webpack-internal:///(app-pages-browser)/./node_modules/next/dist/next-devtools/shared/forward-logs-shared.js:27
[   15634ms] [LOG] [Fast Refresh] done in 85ms @ webpack-internal:///(app-pages-browser)/./node_modules/next/dist/next-devtools/shared/forward-logs-shared.js:27
[   15635ms] [LOG] [Fast Refresh] rebuilding @ webpack-internal:///(app-pages-browser)/./node_modules/next/dist/next-devtools/shared/forward-logs-shared.js:27
[   15742ms] [WARNING] ./app/page.tsx
Module not found: Can't resolve 'html-to-image' in '/Users/saladin/Developments/interestory/app'

Import trace for requested module:
./app/page.tsx @ webpack-internal:///(app-pages-browser)/./node_modules/next/dist/next-devtools/shared/forward-logs-shared.js:27
[   15742ms] [WARNING] ./components/stats/StatsClient.tsx
Module not found: Can't resolve 'html-to-image' in '/Users/saladin/Developments/interestory/components/stats'

Import trace for requested module:
./components/stats/StatsClient.tsx @ webpack-internal:///(app-pages-browser)/./node_modules/next/dist/next-devtools/shared/forward-logs-shared.js:27
[   15742ms] [LOG] [Fast Refresh] done in 107ms @ webpack-internal:///(app-pages-browser)/./node_modules/next/dist/next-devtools/shared/forward-logs-shared.js:27
[   15743ms] [LOG] [Fast Refresh] rebuilding @ webpack-internal:///(app-pages-browser)/./node_modules/next/dist/next-devtools/shared/forward-logs-shared.js:27
[   15825ms] [WARNING] ./app/page.tsx
Module not found: Can't resolve 'html-to-image' in '/Users/saladin/Developments/interestory/app'

Import trace for requested module:
./app/page.tsx @ webpack-internal:///(app-pages-browser)/./node_modules/next/dist/next-devtools/shared/forward-logs-shared.js:27
[   15825ms] [WARNING] ./components/stats/StatsClient.tsx
Module not found: Can't resolve 'html-to-image' in '/Users/saladin/Developments/interestory/components/stats'

Import trace for requested module:
./components/stats/StatsClient.tsx @ webpack-internal:///(app-pages-browser)/./node_modules/next/dist/next-devtools/shared/forward-logs-shared.js:27
[   15825ms] [LOG] [Fast Refresh] done in 82ms @ webpack-internal:///(app-pages-browser)/./node_modules/next/dist/next-devtools/shared/forward-logs-shared.js:27
[   15826ms] [LOG] [Fast Refresh] rebuilding @ webpack-internal:///(app-pages-browser)/./node_modules/next/dist/next-devtools/shared/forward-logs-shared.js:27
[   15933ms] [WARNING] ./app/page.tsx
Module not found: Can't resolve 'html-to-image' in '/Users/saladin/Developments/interestory/app'

Import trace for requested module:
./app/page.tsx @ webpack-internal:///(app-pages-browser)/./node_modules/next/dist/next-devtools/shared/forward-logs-shared.js:27
[   15933ms] [WARNING] ./components/stats/StatsClient.tsx
Module not found: Can't resolve 'html-to-image' in '/Users/saladin/Developments/interestory/components/stats'

Import trace for requested module:
./components/stats/StatsClient.tsx @ webpack-internal:///(app-pages-browser)/./node_modules/next/dist/next-devtools/shared/forward-logs-shared.js:27
[   15933ms] [LOG] [Fast Refresh] done in 106ms @ webpack-internal:///(app-pages-browser)/./node_modules/next/dist/next-devtools/shared/forward-logs-shared.js:27
[   15935ms] [LOG] [Fast Refresh] rebuilding @ webpack-internal:///(app-pages-browser)/./node_modules/next/dist/next-devtools/shared/forward-logs-shared.js:27
[   16015ms] [WARNING] ./app/page.tsx
Module not found: Can't resolve 'html-to-image' in '/Users/saladin/Developments/interestory/app'

Import trace for requested module:
./app/page.tsx @ webpack-internal:///(app-pages-browser)/./node_modules/next/dist/next-devtools/shared/forward-logs-shared.js:27
[   16015ms] [WARNING] ./components/stats/StatsClient.tsx
Module not found: Can't resolve 'html-to-image' in '/Users/saladin/Developments/interestory/components/stats'

Import trace for requested module:
./components/stats/StatsClient.tsx @ webpack-internal:///(app-pages-browser)/./node_modules/next/dist/next-devtools/shared/forward-logs-shared.js:27
[   16015ms] [LOG] [Fast Refresh] done in 81ms @ webpack-internal:///(app-pages-browser)/./node_modules/next/dist/next-devtools/shared/forward-logs-shared.js:27
[   16016ms] [LOG] [Fast Refresh] rebuilding @ webpack-internal:///(app-pages-browser)/./node_modules/next/dist/next-devtools/shared/forward-logs-shared.js:27
[   16166ms] [WARNING] ./app/page.tsx
Module not found: Can't resolve 'html-to-image' in '/Users/saladin/Developments/interestory/app'

Import trace for requested module:
./app/page.tsx @ webpack-internal:///(app-pages-browser)/./node_modules/next/dist/next-devtools/shared/forward-logs-shared.js:27
[   16166ms] [WARNING] ./components/stats/StatsClient.tsx
Module not found: Can't resolve 'html-to-image' in '/Users/saladin/Developments/interestory/components/stats'

Import trace for requested module:
./components/stats/StatsClient.tsx @ webpack-internal:///(app-pages-browser)/./node_modules/next/dist/next-devtools/shared/forward-logs-shared.js:27
[   16166ms] [LOG] [Fast Refresh] done in 150ms @ webpack-internal:///(app-pages-browser)/./node_modules/next/dist/next-devtools/shared/forward-logs-shared.js:27
[   16168ms] [LOG] [Fast Refresh] rebuilding @ webpack-internal:///(app-pages-browser)/./node_modules/next/dist/next-devtools/shared/forward-logs-shared.js:27
[   16254ms] [WARNING] ./app/page.tsx
Module not found: Can't resolve 'html-to-image' in '/Users/saladin/Developments/interestory/app'

Import trace for requested module:
./app/page.tsx @ webpack-internal:///(app-pages-browser)/./node_modules/next/dist/next-devtools/shared/forward-logs-shared.js:27
[   16254ms] [WARNING] ./components/stats/StatsClient.tsx
Module not found: Can't resolve 'html-to-image' in '/Users/saladin/Developments/interestory/components/stats'

Import trace for requested module:
./components/stats/StatsClient.tsx @ webpack-internal:///(app-pages-browser)/./node_modules/next/dist/next-devtools/shared/forward-logs-shared.js:27
[   16254ms] [LOG] [Fast Refresh] done in 86ms @ webpack-internal:///(app-pages-browser)/./node_modules/next/dist/next-devtools/shared/forward-logs-shared.js:27
[   16255ms] [LOG] [Fast Refresh] rebuilding @ webpack-internal:///(app-pages-browser)/./node_modules/next/dist/next-devtools/shared/forward-logs-shared.js:27
[   16370ms] [WARNING] ./app/page.tsx
Module not found: Can't resolve 'html-to-image' in '/Users/saladin/Developments/interestory/app'

Import trace for requested module:
./app/page.tsx @ webpack-internal:///(app-pages-browser)/./node_modules/next/dist/next-devtools/shared/forward-logs-shared.js:27
[   16370ms] [WARNING] ./components/stats/StatsClient.tsx
Module not found: Can't resolve 'html-to-image' in '/Users/saladin/Developments/interestory/components/stats'

Import trace for requested module:
./components/stats/StatsClient.tsx @ webpack-internal:///(app-pages-browser)/./node_modules/next/dist/next-devtools/shared/forward-logs-shared.js:27
[   16370ms] [LOG] [Fast Refresh] done in 114ms @ webpack-internal:///(app-pages-browser)/./node_modules/next/dist/next-devtools/shared/forward-logs-shared.js:27
[   16371ms] [LOG] [Fast Refresh] rebuilding @ webpack-internal:///(app-pages-browser)/./node_modules/next/dist/next-devtools/shared/forward-logs-shared.js:27
[   16458ms] [WARNING] ./app/page.tsx
Module not found: Can't resolve 'html-to-image' in '/Users/saladin/Developments/interestory/app'

Import trace for requested module:
./app/page.tsx @ webpack-internal:///(app-pages-browser)/./node_modules/next/dist/next-devtools/shared/forward-logs-shared.js:27
[   16458ms] [WARNING] ./components/stats/StatsClient.tsx
Module not found: Can't resolve 'html-to-image' in '/Users/saladin/Developments/interestory/components/stats'

Import trace for requested module:
./components/stats/StatsClient.tsx @ webpack-internal:///(app-pages-browser)/./node_modules/next/dist/next-devtools/shared/forward-logs-shared.js:27
[   16458ms] [LOG] [Fast Refresh] done in 87ms @ webpack-internal:///(app-pages-browser)/./node_modules/next/dist/next-devtools/shared/forward-logs-shared.js:27
[   16460ms] [LOG] [Fast Refresh] rebuilding @ webpack-internal:///(app-pages-browser)/./node_modules/next/dist/next-devtools/shared/forward-logs-shared.js:27
[   16584ms] [WARNING] ./app/page.tsx
Module not found: Can't resolve 'html-to-image' in '/Users/saladin/Developments/interestory/app'

Import trace for requested module:
./app/page.tsx @ webpack-internal:///(app-pages-browser)/./node_modules/next/dist/next-devtools/shared/forward-logs-shared.js:27
[   16584ms] [WARNING] ./components/stats/StatsClient.tsx
Module not found: Can't resolve 'html-to-image' in '/Users/saladin/Developments/interestory/components/stats'

Import trace for requested module:
./components/stats/StatsClient.tsx @ webpack-internal:///(app-pages-browser)/./node_modules/next/dist/next-devtools/shared/forward-logs-shared.js:27
[   16584ms] [LOG] [Fast Refresh] done in 124ms @ webpack-internal:///(app-pages-browser)/./node_modules/next/dist/next-devtools/shared/forward-logs-shared.js:27
[   16585ms] [LOG] [Fast Refresh] rebuilding @ webpack-internal:///(app-pages-browser)/./node_modules/next/dist/next-devtools/shared/forward-logs-shared.js:27
[   16673ms] [WARNING] ./app/page.tsx
Module not found: Can't resolve 'html-to-image' in '/Users/saladin/Developments/interestory/app'

Import trace for requested module:
./app/page.tsx @ webpack-internal:///(app-pages-browser)/./node_modules/next/dist/next-devtools/shared/forward-logs-shared.js:27
[   16673ms] [WARNING] ./components/stats/StatsClient.tsx
Module not found: Can't resolve 'html-to-image' in '/Users/saladin/Developments/interestory/components/stats'

Import trace for requested module:
./components/stats/StatsClient.tsx @ webpack-internal:///(app-pages-browser)/./node_modules/next/dist/next-devtools/shared/forward-logs-shared.js:27
[   16673ms] [LOG] [Fast Refresh] done in 89ms @ webpack-internal:///(app-pages-browser)/./node_modules/next/dist/next-devtools/shared/forward-logs-shared.js:27
[   16674ms] [LOG] [Fast Refresh] rebuilding @ webpack-internal:///(app-pages-browser)/./node_modules/next/dist/next-devtools/shared/forward-logs-shared.js:27
[   16785ms] [WARNING] ./app/page.tsx
Module not found: Can't resolve 'html-to-image' in '/Users/saladin/Developments/interestory/app'

Import trace for requested module:
./app/page.tsx @ webpack-internal:///(app-pages-browser)/./node_modules/next/dist/next-devtools/shared/forward-logs-shared.js:27
[   16785ms] [WARNING] ./components/stats/StatsClient.tsx
Module not found: Can't resolve 'html-to-image' in '/Users/saladin/Developments/interestory/components/stats'

Import trace for requested module:
./components/stats/StatsClient.tsx @ webpack-internal:///(app-pages-browser)/./node_modules/next/dist/next-devtools/shared/forward-logs-shared.js:27
[   16785ms] [LOG] [Fast Refresh] done in 111ms @ webpack-internal:///(app-pages-browser)/./node_modules/next/dist/next-devtools/shared/forward-logs-shared.js:27
[   16786ms] [LOG] [Fast Refresh] rebuilding @ webpack-internal:///(app-pages-browser)/./node_modules/next/dist/next-devtools/shared/forward-logs-shared.js:27
[   16878ms] [WARNING] ./app/page.tsx
Module not found: Can't resolve 'html-to-image' in '/Users/saladin/Developments/interestory/app'

Import trace for requested module:
./app/page.tsx @ webpack-internal:///(app-pages-browser)/./node_modules/next/dist/next-devtools/shared/forward-logs-shared.js:27
[   16878ms] [WARNING] ./components/stats/StatsClient.tsx
Module not found: Can't resolve 'html-to-image' in '/Users/saladin/Developments/interestory/components/stats'

Import trace for requested module:
./components/stats/StatsClient.tsx @ webpack-internal:///(app-pages-browser)/./node_modules/next/dist/next-devtools/shared/forward-logs-shared.js:27
[   16878ms] [LOG] [Fast Refresh] done in 91ms @ webpack-internal:///(app-pages-browser)/./node_modules/next/dist/next-devtools/shared/forward-logs-shared.js:27
[   16881ms] [LOG] [Fast Refresh] rebuilding @ webpack-internal:///(app-pages-browser)/./node_modules/next/dist/next-devtools/shared/forward-logs-shared.js:27
[   17007ms] [WARNING] ./app/page.tsx
Module not found: Can't resolve 'html-to-image' in '/Users/saladin/Developments/interestory/app'

Import trace for requested module:
./app/page.tsx @ webpack-internal:///(app-pages-browser)/./node_modules/next/dist/next-devtools/shared/forward-logs-shared.js:27
[   17007ms] [WARNING] ./components/stats/StatsClient.tsx
Module not found: Can't resolve 'html-to-image' in '/Users/saladin/Developments/interestory/components/stats'

Import trace for requested module:
./components/stats/StatsClient.tsx @ webpack-internal:///(app-pages-browser)/./node_modules/next/dist/next-devtools/shared/forward-logs-shared.js:27
[   17007ms] [LOG] [Fast Refresh] done in 126ms @ webpack-internal:///(app-pages-browser)/./node_modules/next/dist/next-devtools/shared/forward-logs-shared.js:27
[   17011ms] [LOG] [Fast Refresh] rebuilding @ webpack-internal:///(app-pages-browser)/./node_modules/next/dist/next-devtools/shared/forward-logs-shared.js:27
[   17101ms] [WARNING] ./app/page.tsx
Module not found: Can't resolve 'html-to-image' in '/Users/saladin/Developments/interestory/app'

Import trace for requested module:
./app/page.tsx @ webpack-internal:///(app-pages-browser)/./node_modules/next/dist/next-devtools/shared/forward-logs-shared.js:27
[   17101ms] [WARNING] ./components/stats/StatsClient.tsx
Module not found: Can't resolve 'html-to-image' in '/Users/saladin/Developments/interestory/components/stats'

Import trace for requested module:
./components/stats/StatsClient.tsx @ webpack-internal:///(app-pages-browser)/./node_modules/next/dist/next-devtools/shared/forward-logs-shared.js:27
[   17101ms] [LOG] [Fast Refresh] done in 90ms @ webpack-internal:///(app-pages-browser)/./node_modules/next/dist/next-devtools/shared/forward-logs-shared.js:27
[   17104ms] [LOG] [Fast Refresh] rebuilding @ webpack-internal:///(app-pages-browser)/./node_modules/next/dist/next-devtools/shared/forward-logs-shared.js:27
[   17242ms] [WARNING] ./app/page.tsx
Module not found: Can't resolve 'html-to-image' in '/Users/saladin/Developments/interestory/app'

Import trace for requested module:
./app/page.tsx @ webpack-internal:///(app-pages-browser)/./node_modules/next/dist/next-devtools/shared/forward-logs-shared.js:27
[   17242ms] [WARNING] ./components/stats/StatsClient.tsx
Module not found: Can't resolve 'html-to-image' in '/Users/saladin/Developments/interestory/components/stats'

Import trace for requested module:
./components/stats/StatsClient.tsx @ webpack-internal:///(app-pages-browser)/./node_modules/next/dist/next-devtools/shared/forward-logs-shared.js:27
[   17242ms] [LOG] [Fast Refresh] done in 139ms @ webpack-internal:///(app-pages-browser)/./node_modules/next/dist/next-devtools/shared/forward-logs-shared.js:27
[   17244ms] [LOG] [Fast Refresh] rebuilding @ webpack-internal:///(app-pages-browser)/./node_modules/next/dist/next-devtools/shared/forward-logs-shared.js:27
[   17457ms] [WARNING] ./app/page.tsx
Module not found: Can't resolve 'html-to-image' in '/Users/saladin/Developments/interestory/app'

Import trace for requested module:
./app/page.tsx @ webpack-internal:///(app-pages-browser)/./node_modules/next/dist/next-devtools/shared/forward-logs-shared.js:27
[   17457ms] [WARNING] ./components/stats/StatsClient.tsx
Module not found: Can't resolve 'html-to-image' in '/Users/saladin/Developments/interestory/components/stats'

Import trace for requested module:
./components/stats/StatsClient.tsx @ webpack-internal:///(app-pages-browser)/./node_modules/next/dist/next-devtools/shared/forward-logs-shared.js:27
[   17457ms] [LOG] [Fast Refresh] done in 213ms @ webpack-internal:///(app-pages-browser)/./node_modules/next/dist/next-devtools/shared/forward-logs-shared.js:27
[   17459ms] [LOG] [Fast Refresh] rebuilding @ webpack-internal:///(app-pages-browser)/./node_modules/next/dist/next-devtools/shared/forward-logs-shared.js:27
[   17582ms] [WARNING] ./app/page.tsx
Module not found: Can't resolve 'html-to-image' in '/Users/saladin/Developments/interestory/app'

Import trace for requested module:
./app/page.tsx @ webpack-internal:///(app-pages-browser)/./node_modules/next/dist/next-devtools/shared/forward-logs-shared.js:27
[   17582ms] [WARNING] ./components/stats/StatsClient.tsx
Module not found: Can't resolve 'html-to-image' in '/Users/saladin/Developments/interestory/components/stats'

Import trace for requested module:
./components/stats/StatsClient.tsx @ webpack-internal:///(app-pages-browser)/./node_modules/next/dist/next-devtools/shared/forward-logs-shared.js:27
[   17582ms] [LOG] [Fast Refresh] done in 123ms @ webpack-internal:///(app-pages-browser)/./node_modules/next/dist/next-devtools/shared/forward-logs-shared.js:27
[   17584ms] [LOG] [Fast Refresh] rebuilding @ webpack-internal:///(app-pages-browser)/./node_modules/next/dist/next-devtools/shared/forward-logs-shared.js:27
[   17673ms] [WARNING] ./app/page.tsx
Module not found: Can't resolve 'html-to-image' in '/Users/saladin/Developments/interestory/app'

Import trace for requested module:
./app/page.tsx @ webpack-internal:///(app-pages-browser)/./node_modules/next/dist/next-devtools/shared/forward-logs-shared.js:27
[   17673ms] [WARNING] ./components/stats/StatsClient.tsx
Module not found: Can't resolve 'html-to-image' in '/Users/saladin/Developments/interestory/components/stats'

Import trace for requested module:
./components/stats/StatsClient.tsx @ webpack-internal:///(app-pages-browser)/./node_modules/next/dist/next-devtools/shared/forward-logs-shared.js:27
[   17673ms] [LOG] [Fast Refresh] done in 89ms @ webpack-internal:///(app-pages-browser)/./node_modules/next/dist/next-devtools/shared/forward-logs-shared.js:27
[   17675ms] [LOG] [Fast Refresh] rebuilding @ webpack-internal:///(app-pages-browser)/./node_modules/next/dist/next-devtools/shared/forward-logs-shared.js:27
[   17793ms] [WARNING] ./app/page.tsx
Module not found: Can't resolve 'html-to-image' in '/Users/saladin/Developments/interestory/app'

Import trace for requested module:
./app/page.tsx @ webpack-internal:///(app-pages-browser)/./node_modules/next/dist/next-devtools/shared/forward-logs-shared.js:27
[   17793ms] [WARNING] ./components/stats/StatsClient.tsx
Module not found: Can't resolve 'html-to-image' in '/Users/saladin/Developments/interestory/components/stats'

Import trace for requested module:
./components/stats/StatsClient.tsx @ webpack-internal:///(app-pages-browser)/./node_modules/next/dist/next-devtools/shared/forward-logs-shared.js:27
[   17793ms] [LOG] [Fast Refresh] done in 118ms @ webpack-internal:///(app-pages-browser)/./node_modules/next/dist/next-devtools/shared/forward-logs-shared.js:27
[   17794ms] [LOG] [Fast Refresh] rebuilding @ webpack-internal:///(app-pages-browser)/./node_modules/next/dist/next-devtools/shared/forward-logs-shared.js:27
[   17881ms] [WARNING] ./app/page.tsx
Module not found: Can't resolve 'html-to-image' in '/Users/saladin/Developments/interestory/app'

Import trace for requested module:
./app/page.tsx @ webpack-internal:///(app-pages-browser)/./node_modules/next/dist/next-devtools/shared/forward-logs-shared.js:27
[   17881ms] [WARNING] ./components/stats/StatsClient.tsx
Module not found: Can't resolve 'html-to-image' in '/Users/saladin/Developments/interestory/components/stats'

Import trace for requested module:
./components/stats/StatsClient.tsx @ webpack-internal:///(app-pages-browser)/./node_modules/next/dist/next-devtools/shared/forward-logs-shared.js:27
[   17881ms] [LOG] [Fast Refresh] done in 87ms @ webpack-internal:///(app-pages-browser)/./node_modules/next/dist/next-devtools/shared/forward-logs-shared.js:27
[   17882ms] [LOG] [Fast Refresh] rebuilding @ webpack-internal:///(app-pages-browser)/./node_modules/next/dist/next-devtools/shared/forward-logs-shared.js:27
[   17995ms] [WARNING] ./app/page.tsx
Module not found: Can't resolve 'html-to-image' in '/Users/saladin/Developments/interestory/app'

Import trace for requested module:
./app/page.tsx @ webpack-internal:///(app-pages-browser)/./node_modules/next/dist/next-devtools/shared/forward-logs-shared.js:27
[   17995ms] [WARNING] ./components/stats/StatsClient.tsx
Module not found: Can't resolve 'html-to-image' in '/Users/saladin/Developments/interestory/components/stats'

Import trace for requested module:
./components/stats/StatsClient.tsx @ webpack-internal:///(app-pages-browser)/./node_modules/next/dist/next-devtools/shared/forward-logs-shared.js:27
[   17995ms] [LOG] [Fast Refresh] done in 113ms @ webpack-internal:///(app-pages-browser)/./node_modules/next/dist/next-devtools/shared/forward-logs-shared.js:27
[   17997ms] [LOG] [Fast Refresh] rebuilding @ webpack-internal:///(app-pages-browser)/./node_modules/next/dist/next-devtools/shared/forward-logs-shared.js:27
[   18087ms] [WARNING] ./app/page.tsx
Module not found: Can't resolve 'html-to-image' in '/Users/saladin/Developments/interestory/app'

Import trace for requested module:
./app/page.tsx @ webpack-internal:///(app-pages-browser)/./node_modules/next/dist/next-devtools/shared/forward-logs-shared.js:27
[   18087ms] [WARNING] ./components/stats/StatsClient.tsx
Module not found: Can't resolve 'html-to-image' in '/Users/saladin/Developments/interestory/components/stats'

Import trace for requested module:
./components/stats/StatsClient.tsx @ webpack-internal:///(app-pages-browser)/./node_modules/next/dist/next-devtools/shared/forward-logs-shared.js:27
[   18087ms] [LOG] [Fast Refresh] done in 90ms @ webpack-internal:///(app-pages-browser)/./node_modules/next/dist/next-devtools/shared/forward-logs-shared.js:27
[   18090ms] [LOG] [Fast Refresh] rebuilding @ webpack-internal:///(app-pages-browser)/./node_modules/next/dist/next-devtools/shared/forward-logs-shared.js:27
[   18202ms] [WARNING] ./app/page.tsx
Module not found: Can't resolve 'html-to-image' in '/Users/saladin/Developments/interestory/app'

Import trace for requested module:
./app/page.tsx @ webpack-internal:///(app-pages-browser)/./node_modules/next/dist/next-devtools/shared/forward-logs-shared.js:27
[   18202ms] [WARNING] ./components/stats/StatsClient.tsx
Module not found: Can't resolve 'html-to-image' in '/Users/saladin/Developments/interestory/components/stats'

Import trace for requested module:
./components/stats/StatsClient.tsx @ webpack-internal:///(app-pages-browser)/./node_modules/next/dist/next-devtools/shared/forward-logs-shared.js:27
[   18202ms] [LOG] [Fast Refresh] done in 111ms @ webpack-internal:///(app-pages-browser)/./node_modules/next/dist/next-devtools/shared/forward-logs-shared.js:27
[   18203ms] [LOG] [Fast Refresh] rebuilding @ webpack-internal:///(app-pages-browser)/./node_modules/next/dist/next-devtools/shared/forward-logs-shared.js:27
[   18287ms] [WARNING] ./app/page.tsx
Module not found: Can't resolve 'html-to-image' in '/Users/saladin/Developments/interestory/app'

Import trace for requested module:
./app/page.tsx @ webpack-internal:///(app-pages-browser)/./node_modules/next/dist/next-devtools/shared/forward-logs-shared.js:27
[   18287ms] [WARNING] ./components/stats/StatsClient.tsx
Module not found: Can't resolve 'html-to-image' in '/Users/saladin/Developments/interestory/components/stats'

Import trace for requested module:
./components/stats/StatsClient.tsx @ webpack-internal:///(app-pages-browser)/./node_modules/next/dist/next-devtools/shared/forward-logs-shared.js:27
[   18287ms] [LOG] [Fast Refresh] done in 84ms @ webpack-internal:///(app-pages-browser)/./node_modules/next/dist/next-devtools/shared/forward-logs-shared.js:27
[   18288ms] [LOG] [Fast Refresh] rebuilding @ webpack-internal:///(app-pages-browser)/./node_modules/next/dist/next-devtools/shared/forward-logs-shared.js:27
[   18399ms] [WARNING] ./app/page.tsx
Module not found: Can't resolve 'html-to-image' in '/Users/saladin/Developments/interestory/app'

Import trace for requested module:
./app/page.tsx @ webpack-internal:///(app-pages-browser)/./node_modules/next/dist/next-devtools/shared/forward-logs-shared.js:27
[   18399ms] [WARNING] ./components/stats/StatsClient.tsx
Module not found: Can't resolve 'html-to-image' in '/Users/saladin/Developments/interestory/components/stats'

Import trace for requested module:
./components/stats/StatsClient.tsx @ webpack-internal:///(app-pages-browser)/./node_modules/next/dist/next-devtools/shared/forward-logs-shared.js:27
[   18400ms] [LOG] [Fast Refresh] done in 111ms @ webpack-internal:///(app-pages-browser)/./node_modules/next/dist/next-devtools/shared/forward-logs-shared.js:27
[   18402ms] [LOG] [Fast Refresh] rebuilding @ webpack-internal:///(app-pages-browser)/./node_modules/next/dist/next-devtools/shared/forward-logs-shared.js:27
[   18492ms] [WARNING] ./app/page.tsx
Module not found: Can't resolve 'html-to-image' in '/Users/saladin/Developments/interestory/app'

Import trace for requested module:
./app/page.tsx @ webpack-internal:///(app-pages-browser)/./node_modules/next/dist/next-devtools/shared/forward-logs-shared.js:27
[   18492ms] [WARNING] ./components/stats/StatsClient.tsx
Module not found: Can't resolve 'html-to-image' in '/Users/saladin/Developments/interestory/components/stats'

Import trace for requested module:
./components/stats/StatsClient.tsx @ webpack-internal:///(app-pages-browser)/./node_modules/next/dist/next-devtools/shared/forward-logs-shared.js:27
[   18492ms] [LOG] [Fast Refresh] done in 90ms @ webpack-internal:///(app-pages-browser)/./node_modules/next/dist/next-devtools/shared/forward-logs-shared.js:27
[   18494ms] [LOG] [Fast Refresh] rebuilding @ webpack-internal:///(app-pages-browser)/./node_modules/next/dist/next-devtools/shared/forward-logs-shared.js:27
[   18607ms] [WARNING] ./app/page.tsx
Module not found: Can't resolve 'html-to-image' in '/Users/saladin/Developments/interestory/app'

Import trace for requested module:
./app/page.tsx @ webpack-internal:///(app-pages-browser)/./node_modules/next/dist/next-devtools/shared/forward-logs-shared.js:27
[   18607ms] [WARNING] ./components/stats/StatsClient.tsx
Module not found: Can't resolve 'html-to-image' in '/Users/saladin/Developments/interestory/components/stats'

Import trace for requested module:
./components/stats/StatsClient.tsx @ webpack-internal:///(app-pages-browser)/./node_modules/next/dist/next-devtools/shared/forward-logs-shared.js:27
[   18607ms] [LOG] [Fast Refresh] done in 114ms @ webpack-internal:///(app-pages-browser)/./node_modules/next/dist/next-devtools/shared/forward-logs-shared.js:27
[   18609ms] [LOG] [Fast Refresh] rebuilding @ webpack-internal:///(app-pages-browser)/./node_modules/next/dist/next-devtools/shared/forward-logs-shared.js:27
[   18703ms] [WARNING] ./app/page.tsx
Module not found: Can't resolve 'html-to-image' in '/Users/saladin/Developments/interestory/app'

Import trace for requested module:
./app/page.tsx @ webpack-internal:///(app-pages-browser)/./node_modules/next/dist/next-devtools/shared/forward-logs-shared.js:27
[   18703ms] [WARNING] ./components/stats/StatsClient.tsx
Module not found: Can't resolve 'html-to-image' in '/Users/saladin/Developments/interestory/components/stats'

Import trace for requested module:
./components/stats/StatsClient.tsx @ webpack-internal:///(app-pages-browser)/./node_modules/next/dist/next-devtools/shared/forward-logs-shared.js:27
[   18703ms] [LOG] [Fast Refresh] done in 94ms @ webpack-internal:///(app-pages-browser)/./node_modules/next/dist/next-devtools/shared/forward-logs-shared.js:27
[   18704ms] [LOG] [Fast Refresh] rebuilding @ webpack-internal:///(app-pages-browser)/./node_modules/next/dist/next-devtools/shared/forward-logs-shared.js:27
[   18816ms] [WARNING] ./app/page.tsx
Module not found: Can't resolve 'html-to-image' in '/Users/saladin/Developments/interestory/app'

Import trace for requested module:
./app/page.tsx @ webpack-internal:///(app-pages-browser)/./node_modules/next/dist/next-devtools/shared/forward-logs-shared.js:27
[   18816ms] [WARNING] ./components/stats/StatsClient.tsx
Module not found: Can't resolve 'html-to-image' in '/Users/saladin/Developments/interestory/components/stats'

Import trace for requested module:
./components/stats/StatsClient.tsx @ webpack-internal:///(app-pages-browser)/./node_modules/next/dist/next-devtools/shared/forward-logs-shared.js:27
[   18816ms] [LOG] [Fast Refresh] done in 111ms @ webpack-internal:///(app-pages-browser)/./node_modules/next/dist/next-devtools/shared/forward-logs-shared.js:27
[   18817ms] [LOG] [Fast Refresh] rebuilding @ webpack-internal:///(app-pages-browser)/./node_modules/next/dist/next-devtools/shared/forward-logs-shared.js:27
[   18901ms] [WARNING] ./app/page.tsx
Module not found: Can't resolve 'html-to-image' in '/Users/saladin/Developments/interestory/app'

Import trace for requested module:
./app/page.tsx @ webpack-internal:///(app-pages-browser)/./node_modules/next/dist/next-devtools/shared/forward-logs-shared.js:27
[   18901ms] [WARNING] ./components/stats/StatsClient.tsx
Module not found: Can't resolve 'html-to-image' in '/Users/saladin/Developments/interestory/components/stats'

Import trace for requested module:
./components/stats/StatsClient.tsx @ webpack-internal:///(app-pages-browser)/./node_modules/next/dist/next-devtools/shared/forward-logs-shared.js:27
[   18901ms] [LOG] [Fast Refresh] done in 85ms @ webpack-internal:///(app-pages-browser)/./node_modules/next/dist/next-devtools/shared/forward-logs-shared.js:27
[   18902ms] [LOG] [Fast Refresh] rebuilding @ webpack-internal:///(app-pages-browser)/./node_modules/next/dist/next-devtools/shared/forward-logs-shared.js:27
[   19024ms] [WARNING] ./app/page.tsx
Module not found: Can't resolve 'html-to-image' in '/Users/saladin/Developments/interestory/app'

Import trace for requested module:
./app/page.tsx @ webpack-internal:///(app-pages-browser)/./node_modules/next/dist/next-devtools/shared/forward-logs-shared.js:27
[   19024ms] [WARNING] ./components/stats/StatsClient.tsx
Module not found: Can't resolve 'html-to-image' in '/Users/saladin/Developments/interestory/components/stats'

Import trace for requested module:
./components/stats/StatsClient.tsx @ webpack-internal:///(app-pages-browser)/./node_modules/next/dist/next-devtools/shared/forward-logs-shared.js:27
[   19024ms] [LOG] [Fast Refresh] done in 123ms @ webpack-internal:///(app-pages-browser)/./node_modules/next/dist/next-devtools/shared/forward-logs-shared.js:27
[   19026ms] [LOG] [Fast Refresh] rebuilding @ webpack-internal:///(app-pages-browser)/./node_modules/next/dist/next-devtools/shared/forward-logs-shared.js:27
[   19114ms] [WARNING] ./app/page.tsx
Module not found: Can't resolve 'html-to-image' in '/Users/saladin/Developments/interestory/app'

Import trace for requested module:
./app/page.tsx @ webpack-internal:///(app-pages-browser)/./node_modules/next/dist/next-devtools/shared/forward-logs-shared.js:27
[   19114ms] [WARNING] ./components/stats/StatsClient.tsx
Module not found: Can't resolve 'html-to-image' in '/Users/saladin/Developments/interestory/components/stats'

Import trace for requested module:
./components/stats/StatsClient.tsx @ webpack-internal:///(app-pages-browser)/./node_modules/next/dist/next-devtools/shared/forward-logs-shared.js:27
[   19114ms] [LOG] [Fast Refresh] done in 89ms @ webpack-internal:///(app-pages-browser)/./node_modules/next/dist/next-devtools/shared/forward-logs-shared.js:27
[   19115ms] [LOG] [Fast Refresh] rebuilding @ webpack-internal:///(app-pages-browser)/./node_modules/next/dist/next-devtools/shared/forward-logs-shared.js:27
[   19233ms] [WARNING] ./app/page.tsx
Module not found: Can't resolve 'html-to-image' in '/Users/saladin/Developments/interestory/app'

Import trace for requested module:
./app/page.tsx @ webpack-internal:///(app-pages-browser)/./node_modules/next/dist/next-devtools/shared/forward-logs-shared.js:27
[   19233ms] [WARNING] ./components/stats/StatsClient.tsx
Module not found: Can't resolve 'html-to-image' in '/Users/saladin/Developments/interestory/components/stats'

Import trace for requested module:
./components/stats/StatsClient.tsx @ webpack-internal:///(app-pages-browser)/./node_modules/next/dist/next-devtools/shared/forward-logs-shared.js:27
[   19233ms] [LOG] [Fast Refresh] done in 118ms @ webpack-internal:///(app-pages-browser)/./node_modules/next/dist/next-devtools/shared/forward-logs-shared.js:27
[   19235ms] [LOG] [Fast Refresh] rebuilding @ webpack-internal:///(app-pages-browser)/./node_modules/next/dist/next-devtools/shared/forward-logs-shared.js:27
[   19323ms] [WARNING] ./app/page.tsx
Module not found: Can't resolve 'html-to-image' in '/Users/saladin/Developments/interestory/app'

Import trace for requested module:
./app/page.tsx @ webpack-internal:///(app-pages-browser)/./node_modules/next/dist/next-devtools/shared/forward-logs-shared.js:27
[   19323ms] [WARNING] ./components/stats/StatsClient.tsx
Module not found: Can't resolve 'html-to-image' in '/Users/saladin/Developments/interestory/components/stats'

Import trace for requested module:
./components/stats/StatsClient.tsx @ webpack-internal:///(app-pages-browser)/./node_modules/next/dist/next-devtools/shared/forward-logs-shared.js:27
[   19323ms] [LOG] [Fast Refresh] done in 88ms @ webpack-internal:///(app-pages-browser)/./node_modules/next/dist/next-devtools/shared/forward-logs-shared.js:27
[   19324ms] [LOG] [Fast Refresh] rebuilding @ webpack-internal:///(app-pages-browser)/./node_modules/next/dist/next-devtools/shared/forward-logs-shared.js:27
[   19440ms] [WARNING] ./app/page.tsx
Module not found: Can't resolve 'html-to-image' in '/Users/saladin/Developments/interestory/app'

Import trace for requested module:
./app/page.tsx @ webpack-internal:///(app-pages-browser)/./node_modules/next/dist/next-devtools/shared/forward-logs-shared.js:27
[   19440ms] [WARNING] ./components/stats/StatsClient.tsx
Module not found: Can't resolve 'html-to-image' in '/Users/saladin/Developments/interestory/components/stats'

Import trace for requested module:
./components/stats/StatsClient.tsx @ webpack-internal:///(app-pages-browser)/./node_modules/next/dist/next-devtools/shared/forward-logs-shared.js:27
[   19440ms] [LOG] [Fast Refresh] done in 116ms @ webpack-internal:///(app-pages-browser)/./node_modules/next/dist/next-devtools/shared/forward-logs-shared.js:27
[   19442ms] [LOG] [Fast Refresh] rebuilding @ webpack-internal:///(app-pages-browser)/./node_modules/next/dist/next-devtools/shared/forward-logs-shared.js:27
[   19544ms] [WARNING] ./app/page.tsx
Module not found: Can't resolve 'html-to-image' in '/Users/saladin/Developments/interestory/app'

Import trace for requested module:
./app/page.tsx @ webpack-internal:///(app-pages-browser)/./node_modules/next/dist/next-devtools/shared/forward-logs-shared.js:27
[   19544ms] [WARNING] ./components/stats/StatsClient.tsx
Module not found: Can't resolve 'html-to-image' in '/Users/saladin/Developments/interestory/components/stats'

Import trace for requested module:
./components/stats/StatsClient.tsx @ webpack-internal:///(app-pages-browser)/./node_modules/next/dist/next-devtools/shared/forward-logs-shared.js:27
[   19544ms] [LOG] [Fast Refresh] done in 103ms @ webpack-internal:///(app-pages-browser)/./node_modules/next/dist/next-devtools/shared/forward-logs-shared.js:27
[   19546ms] [LOG] [Fast Refresh] rebuilding @ webpack-internal:///(app-pages-browser)/./node_modules/next/dist/next-devtools/shared/forward-logs-shared.js:27
[   19656ms] [WARNING] ./app/page.tsx
Module not found: Can't resolve 'html-to-image' in '/Users/saladin/Developments/interestory/app'

Import trace for requested module:
./app/page.tsx @ webpack-internal:///(app-pages-browser)/./node_modules/next/dist/next-devtools/shared/forward-logs-shared.js:27
[   19656ms] [WARNING] ./components/stats/StatsClient.tsx
Module not found: Can't resolve 'html-to-image' in '/Users/saladin/Developments/interestory/components/stats'

Import trace for requested module:
./components/stats/StatsClient.tsx @ webpack-internal:///(app-pages-browser)/./node_modules/next/dist/next-devtools/shared/forward-logs-shared.js:27
[   19657ms] [LOG] [Fast Refresh] done in 111ms @ webpack-internal:///(app-pages-browser)/./node_modules/next/dist/next-devtools/shared/forward-logs-shared.js:27
[   19659ms] [LOG] [Fast Refresh] rebuilding @ webpack-internal:///(app-pages-browser)/./node_modules/next/dist/next-devtools/shared/forward-logs-shared.js:27
[   19774ms] [WARNING] ./app/page.tsx
Module not found: Can't resolve 'html-to-image' in '/Users/saladin/Developments/interestory/app'

Import trace for requested module:
./app/page.tsx @ webpack-internal:///(app-pages-browser)/./node_modules/next/dist/next-devtools/shared/forward-logs-shared.js:27
[   19774ms] [WARNING] ./components/stats/StatsClient.tsx
Module not found: Can't resolve 'html-to-image' in '/Users/saladin/Developments/interestory/components/stats'

Import trace for requested module:
./components/stats/StatsClient.tsx @ webpack-internal:///(app-pages-browser)/./node_modules/next/dist/next-devtools/shared/forward-logs-shared.js:27
[   19774ms] [LOG] [Fast Refresh] done in 116ms @ webpack-internal:///(app-pages-browser)/./node_modules/next/dist/next-devtools/shared/forward-logs-shared.js:27
[   19776ms] [LOG] [Fast Refresh] rebuilding @ webpack-internal:///(app-pages-browser)/./node_modules/next/dist/next-devtools/shared/forward-logs-shared.js:27
[   19866ms] [WARNING] ./app/page.tsx
Module not found: Can't resolve 'html-to-image' in '/Users/saladin/Developments/interestory/app'

Import trace for requested module:
./app/page.tsx @ webpack-internal:///(app-pages-browser)/./node_modules/next/dist/next-devtools/shared/forward-logs-shared.js:27
[   19866ms] [WARNING] ./components/stats/StatsClient.tsx
Module not found: Can't resolve 'html-to-image' in '/Users/saladin/Developments/interestory/components/stats'

Import trace for requested module:
./components/stats/StatsClient.tsx @ webpack-internal:///(app-pages-browser)/./node_modules/next/dist/next-devtools/shared/forward-logs-shared.js:27
[   19866ms] [LOG] [Fast Refresh] done in 91ms @ webpack-internal:///(app-pages-browser)/./node_modules/next/dist/next-devtools/shared/forward-logs-shared.js:27
[   19867ms] [LOG] [Fast Refresh] rebuilding @ webpack-internal:///(app-pages-browser)/./node_modules/next/dist/next-devtools/shared/forward-logs-shared.js:27
[   19983ms] [WARNING] ./app/page.tsx
Module not found: Can't resolve 'html-to-image' in '/Users/saladin/Developments/interestory/app'

Import trace for requested module:
./app/page.tsx @ webpack-internal:///(app-pages-browser)/./node_modules/next/dist/next-devtools/shared/forward-logs-shared.js:27
[   19983ms] [WARNING] ./components/stats/StatsClient.tsx
Module not found: Can't resolve 'html-to-image' in '/Users/saladin/Developments/interestory/components/stats'

Import trace for requested module:
./components/stats/StatsClient.tsx @ webpack-internal:///(app-pages-browser)/./node_modules/next/dist/next-devtools/shared/forward-logs-shared.js:27
[   19983ms] [LOG] [Fast Refresh] done in 116ms @ webpack-internal:///(app-pages-browser)/./node_modules/next/dist/next-devtools/shared/forward-logs-shared.js:27
[   19984ms] [LOG] [Fast Refresh] rebuilding @ webpack-internal:///(app-pages-browser)/./node_modules/next/dist/next-devtools/shared/forward-logs-shared.js:27
[   20087ms] [WARNING] ./app/page.tsx
Module not found: Can't resolve 'html-to-image' in '/Users/saladin/Developments/interestory/app'

Import trace for requested module:
./app/page.tsx @ webpack-internal:///(app-pages-browser)/./node_modules/next/dist/next-devtools/shared/forward-logs-shared.js:27
[   20087ms] [WARNING] ./components/stats/StatsClient.tsx
Module not found: Can't resolve 'html-to-image' in '/Users/saladin/Developments/interestory/components/stats'

Import trace for requested module:
./components/stats/StatsClient.tsx @ webpack-internal:///(app-pages-browser)/./node_modules/next/dist/next-devtools/shared/forward-logs-shared.js:27
[   20087ms] [LOG] [Fast Refresh] done in 103ms @ webpack-internal:///(app-pages-browser)/./node_modules/next/dist/next-devtools/shared/forward-logs-shared.js:27
[   20088ms] [LOG] [Fast Refresh] rebuilding @ webpack-internal:///(app-pages-browser)/./node_modules/next/dist/next-devtools/shared/forward-logs-shared.js:27
[   20205ms] [WARNING] ./app/page.tsx
Module not found: Can't resolve 'html-to-image' in '/Users/saladin/Developments/interestory/app'

Import trace for requested module:
./app/page.tsx @ webpack-internal:///(app-pages-browser)/./node_modules/next/dist/next-devtools/shared/forward-logs-shared.js:27
[   20205ms] [WARNING] ./components/stats/StatsClient.tsx
Module not found: Can't resolve 'html-to-image' in '/Users/saladin/Developments/interestory/components/stats'

Import trace for requested module:
./components/stats/StatsClient.tsx @ webpack-internal:///(app-pages-browser)/./node_modules/next/dist/next-devtools/shared/forward-logs-shared.js:27
[   20205ms] [LOG] [Fast Refresh] done in 116ms @ webpack-internal:///(app-pages-browser)/./node_modules/next/dist/next-devtools/shared/forward-logs-shared.js:27
[   20206ms] [LOG] [Fast Refresh] rebuilding @ webpack-internal:///(app-pages-browser)/./node_modules/next/dist/next-devtools/shared/forward-logs-shared.js:27
[   20308ms] [WARNING] ./app/page.tsx
Module not found: Can't resolve 'html-to-image' in '/Users/saladin/Developments/interestory/app'

Import trace for requested module:
./app/page.tsx @ webpack-internal:///(app-pages-browser)/./node_modules/next/dist/next-devtools/shared/forward-logs-shared.js:27
[   20308ms] [WARNING] ./components/stats/StatsClient.tsx
Module not found: Can't resolve 'html-to-image' in '/Users/saladin/Developments/interestory/components/stats'

Import trace for requested module:
./components/stats/StatsClient.tsx @ webpack-internal:///(app-pages-browser)/./node_modules/next/dist/next-devtools/shared/forward-logs-shared.js:27
[   20308ms] [LOG] [Fast Refresh] done in 102ms @ webpack-internal:///(app-pages-browser)/./node_modules/next/dist/next-devtools/shared/forward-logs-shared.js:27
[   20309ms] [LOG] [Fast Refresh] rebuilding @ webpack-internal:///(app-pages-browser)/./node_modules/next/dist/next-devtools/shared/forward-logs-shared.js:27
[   20483ms] [LOG] [Fast Refresh] rebuilding @ webpack-internal:///(app-pages-browser)/./node_modules/next/dist/next-devtools/shared/forward-logs-shared.js:27
[   20483ms] [WARNING] ./app/page.tsx
Module not found: Can't resolve 'html-to-image' in '/Users/saladin/Developments/interestory/app'

Import trace for requested module:
./app/page.tsx @ webpack-internal:///(app-pages-browser)/./node_modules/next/dist/next-devtools/shared/forward-logs-shared.js:27
[   20483ms] [WARNING] ./components/stats/StatsClient.tsx
Module not found: Can't resolve 'html-to-image' in '/Users/saladin/Developments/interestory/components/stats'

Import trace for requested module:
./components/stats/StatsClient.tsx @ webpack-internal:///(app-pages-browser)/./node_modules/next/dist/next-devtools/shared/forward-logs-shared.js:27
[   20483ms] [LOG] [Fast Refresh] done in 1ms @ webpack-internal:///(app-pages-browser)/./node_modules/next/dist/next-devtools/shared/forward-logs-shared.js:27
[   20517ms] [WARNING] ./app/page.tsx
Module not found: Can't resolve 'html-to-image' in '/Users/saladin/Developments/interestory/app'

Import trace for requested module:
./app/page.tsx @ webpack-internal:///(app-pages-browser)/./node_modules/next/dist/next-devtools/shared/forward-logs-shared.js:27
[   20517ms] [WARNING] ./components/stats/StatsClient.tsx
Module not found: Can't resolve 'html-to-image' in '/Users/saladin/Developments/interestory/components/stats'

Import trace for requested module:
./components/stats/StatsClient.tsx @ webpack-internal:///(app-pages-browser)/./node_modules/next/dist/next-devtools/shared/forward-logs-shared.js:27
[   20517ms] [LOG] [Fast Refresh] done in 35ms @ webpack-internal:///(app-pages-browser)/./node_modules/next/dist/next-devtools/shared/forward-logs-shared.js:27
[   20535ms] [ERROR] Failed to load resource: the server responded with a status of 500 (Internal Server Error) @ http://localhost:3000/family?_rsc=13zw9:0
[   20544ms] [LOG] [Fast Refresh] rebuilding @ webpack-internal:///(app-pages-browser)/./node_modules/next/dist/next-devtools/shared/forward-logs-shared.js:27
[   20662ms] [WARNING] ./app/page.tsx
Module not found: Can't resolve 'html-to-image' in '/Users/saladin/Developments/interestory/app'

Import trace for requested module:
./app/page.tsx @ webpack-internal:///(app-pages-browser)/./node_modules/next/dist/next-devtools/shared/forward-logs-shared.js:27
[   20662ms] [WARNING] ./components/stats/StatsClient.tsx
Module not found: Can't resolve 'html-to-image' in '/Users/saladin/Developments/interestory/components/stats'

Import trace for requested module:
./components/stats/StatsClient.tsx @ webpack-internal:///(app-pages-browser)/./node_modules/next/dist/next-devtools/shared/forward-logs-shared.js:27
[   20662ms] [LOG] [Fast Refresh] done in 119ms @ webpack-internal:///(app-pages-browser)/./node_modules/next/dist/next-devtools/shared/forward-logs-shared.js:27
[   20664ms] [LOG] [Fast Refresh] rebuilding @ webpack-internal:///(app-pages-browser)/./node_modules/next/dist/next-devtools/shared/forward-logs-shared.js:27
[   20978ms] [WARNING] ./app/page.tsx
Module not found: Can't resolve 'html-to-image' in '/Users/saladin/Developments/interestory/app'

Import trace for requested module:
./app/page.tsx @ webpack-internal:///(app-pages-browser)/./node_modules/next/dist/next-devtools/shared/forward-logs-shared.js:27
[   20978ms] [WARNING] ./components/stats/StatsClient.tsx
Module not found: Can't resolve 'html-to-image' in '/Users/saladin/Developments/interestory/components/stats'

Import trace for requested module:
./components/stats/StatsClient.tsx @ webpack-internal:///(app-pages-browser)/./node_modules/next/dist/next-devtools/shared/forward-logs-shared.js:27
[   20978ms] [LOG] [Fast Refresh] done in 314ms @ webpack-internal:///(app-pages-browser)/./node_modules/next/dist/next-devtools/shared/forward-logs-shared.js:27
[   20978ms] [LOG] [Fast Refresh] rebuilding @ webpack-internal:///(app-pages-browser)/./node_modules/next/dist/next-devtools/shared/forward-logs-shared.js:27
[   21161ms] [WARNING] ./app/page.tsx
Module not found: Can't resolve 'html-to-image' in '/Users/saladin/Developments/interestory/app'

Import trace for requested module:
./app/page.tsx @ webpack-internal:///(app-pages-browser)/./node_modules/next/dist/next-devtools/shared/forward-logs-shared.js:27
[   21161ms] [WARNING] ./components/stats/StatsClient.tsx
Module not found: Can't resolve 'html-to-image' in '/Users/saladin/Developments/interestory/components/stats'

Import trace for requested module:
./components/stats/StatsClient.tsx @ webpack-internal:///(app-pages-browser)/./node_modules/next/dist/next-devtools/shared/forward-logs-shared.js:27
[   21161ms] [LOG] [Fast Refresh] done in 183ms @ webpack-internal:///(app-pages-browser)/./node_modules/next/dist/next-devtools/shared/forward-logs-shared.js:27
[   21161ms] [LOG] [Fast Refresh] rebuilding @ webpack-internal:///(app-pages-browser)/./node_modules/next/dist/next-devtools/shared/forward-logs-shared.js:27
[   21197ms] [WARNING] ./app/page.tsx
Module not found: Can't resolve 'html-to-image' in '/Users/saladin/Developments/interestory/app'

Import trace for requested module:
./app/page.tsx @ webpack-internal:///(app-pages-browser)/./node_modules/next/dist/next-devtools/shared/forward-logs-shared.js:27
[   21197ms] [WARNING] ./components/stats/StatsClient.tsx
Module not found: Can't resolve 'html-to-image' in '/Users/saladin/Developments/interestory/components/stats'

Import trace for requested module:
./components/stats/StatsClient.tsx @ webpack-internal:///(app-pages-browser)/./node_modules/next/dist/next-devtools/shared/forward-logs-shared.js:27
[   21197ms] [LOG] [Fast Refresh] done in 36ms @ webpack-internal:///(app-pages-browser)/./node_modules/next/dist/next-devtools/shared/forward-logs-shared.js:27
[   21204ms] [LOG] [Fast Refresh] rebuilding @ webpack-internal:///(app-pages-browser)/./node_modules/next/dist/next-devtools/shared/forward-logs-shared.js:27
[   21377ms] [WARNING] ./app/page.tsx
Module not found: Can't resolve 'html-to-image' in '/Users/saladin/Developments/interestory/app'

Import trace for requested module:
./app/page.tsx @ webpack-internal:///(app-pages-browser)/./node_modules/next/dist/next-devtools/shared/forward-logs-shared.js:27
[   21377ms] [WARNING] ./components/stats/StatsClient.tsx
Module not found: Can't resolve 'html-to-image' in '/Users/saladin/Developments/interestory/components/stats'

Import trace for requested module:
./components/stats/StatsClient.tsx @ webpack-internal:///(app-pages-browser)/./node_modules/next/dist/next-devtools/shared/forward-logs-shared.js:27
[   21378ms] [LOG] [Fast Refresh] done in 174ms @ webpack-internal:///(app-pages-browser)/./node_modules/next/dist/next-devtools/shared/forward-logs-shared.js:27
[   21448ms] [LOG] [Fast Refresh] rebuilding @ webpack-internal:///(app-pages-browser)/./node_modules/next/dist/next-devtools/shared/forward-logs-shared.js:27
[   21460ms] [ERROR] Failed to load resource: the server responded with a status of 500 (Internal Server Error) @ http://localhost:3000/family:0
[   21560ms] [INFO] %cDownload the React DevTools for a better development experience: https://react.dev/link/react-devtools font-weight:bold @ webpack-internal:///(pages-dir-browser)/./node_modules/react-dom/cjs/react-dom-client.development.js:28004
[   21595ms] Error: Manifest file is empty
    at evalManifest (file:///Users/saladin/Developments/interestory/node_modules/next/dist/server/load-manifest.external.js:83:37)
    at loadManifestFromRelativePath (file:///Users/saladin/Developments/interestory/node_modules/next/dist/server/load-manifest.external.js:109:16)
    at AppPageRouteModule.loadManifests (file:///Users/saladin/Developments/interestory/node_modules/next/dist/compiled/next-server/app-page.runtime.dev.js:71:36620)
    at AppPageRouteModule.prepare (file:///Users/saladin/Developments/interestory/node_modules/next/dist/compiled/next-server/app-page.runtime.dev.js:71:41329)
    at process.processTicksAndRejections (node:internal/process/task_queues:103:5)
    at async Module.handler (webpack-internal:///(rsc)/./node_modules/next/dist/build/webpack/loaders/next-app-loader/index.js?name=app%2Ffamily%2Fpage&page=%2Ffamily%2Fpage&appPaths=%2Ffamily%2Fpage&allNormalizedAppPaths=&pagePath=private-next-app-dir%2Ffamily%2Fpage.tsx&appDir=%2FUsers%2Fsaladin%2FDevelopments%2Finterestory%2Fapp&pageExtensions=tsx&pageExtensions=ts&pageExtensions=jsx&pageExtensions=js&rootDir=%2FUsers%2Fsaladin%2FDevelopments%2Finterestory&isDev=true&tsconfigPath=&basePath=&assetPrefix=&nextConfigOutput=&preferredRegion=&middlewareConfig=e30%3D&isGlobalNotFoundEnabled=!:234:27)
    at async DevServer.renderToResponseWithComponentsImpl (file:///Users/saladin/Developments/interestory/node_modules/next/dist/server/base-server.js:1454:9)
    at async DevServer.renderPageComponent (file:///Users/saladin/Developments/interestory/node_modules/next/dist/server/base-server.js:1506:24)
    at async DevServer.renderToResponseImpl (file:///Users/saladin/Developments/interestory/node_modules/next/dist/server/base-server.js:1556:32)
    at async DevServer.pipeImpl (file:///Users/saladin/Developments/interestory/node_modules/next/dist/server/base-server.js:1043:25)
    at async NextNodeServer.handleCatchallRenderRequest (file:///Users/saladin/Developments/interestory/node_modules/next/dist/server/next-server.js:338:17)
    at async DevServer.handleRequestImpl (file:///Users/saladin/Developments/interestory/node_modules/next/dist/server/base-server.js:934:17)
    at async (file:///Users/saladin/Developments/interestory/node_modules/next/dist/server/dev/next-dev-server.js:394:20)
    at async Span.traceAsyncFn (file:///Users/saladin/Developments/interestory/node_modules/next/dist/trace/trace.js:164:20)
    at async DevServer.handleRequest (file:///Users/saladin/Developments/interestory/node_modules/next/dist/server/dev/next-dev-server.js:390:24)
    at async invokeRender (file:///Users/saladin/Developments/interestory/node_modules/next/dist/server/lib/router-server.js:266:21)
    at async handleRequest (file:///Users/saladin/Developments/interestory/node_modules/next/dist/server/lib/router-server.js:465:24)
    at async requestHandlerImpl (file:///Users/saladin/Developments/interestory/node_modules/next/dist/server/lib/router-server.js:514:13)
    at async Server.requestListener (file:///Users/saladin/Developments/interestory/node_modules/next/dist/server/lib/start-server.js:225:13)
[   21596ms] [LOG] [HMR] connected @ webpack-internal:///(pages-dir-browser)/./node_modules/next/dist/next-devtools/shared/forward-logs-shared.js:27
[   21601ms] [WARNING] ./app/page.tsx
Module not found: Can't resolve 'html-to-image' in '/Users/saladin/Developments/interestory/app' @ webpack-internal:///(pages-dir-browser)/./node_modules/next/dist/next-devtools/shared/forward-logs-shared.js:27
[   21602ms] [WARNING] ./components/stats/StatsClient.tsx
Module not found: Can't resolve 'html-to-image' in '/Users/saladin/Developments/interestory/components/stats' @ webpack-internal:///(pages-dir-browser)/./node_modules/next/dist/next-devtools/shared/forward-logs-shared.js:27
[   21856ms] [LOG] [Fast Refresh] rebuilding @ webpack-internal:///(pages-dir-browser)/./node_modules/next/dist/next-devtools/shared/forward-logs-shared.js:27
[   21859ms] [WARNING] ./app/page.tsx
Module not found: Can't resolve 'html-to-image' in '/Users/saladin/Developments/interestory/app'

Import trace for requested module:
./app/page.tsx @ webpack-internal:///(pages-dir-browser)/./node_modules/next/dist/next-devtools/shared/forward-logs-shared.js:27
[   21859ms] [WARNING] ./components/stats/StatsClient.tsx
Module not found: Can't resolve 'html-to-image' in '/Users/saladin/Developments/interestory/components/stats'

Import trace for requested module:
./components/stats/StatsClient.tsx @ webpack-internal:///(pages-dir-browser)/./node_modules/next/dist/next-devtools/shared/forward-logs-shared.js:27
[   21900ms] [WARNING] [Fast Refresh] performing full reload because your application had an unrecoverable error @ webpack-internal:///(pages-dir-browser)/./node_modules/next/dist/next-devtools/shared/forward-logs-shared.js:27
[   21904ms] [LOG] [Fast Refresh] rebuilding @ webpack-internal:///(pages-dir-browser)/./node_modules/next/dist/next-devtools/shared/forward-logs-shared.js:27
[   21992ms] [WARNING] ./app/page.tsx
Module not found: Can't resolve 'html-to-image' in '/Users/saladin/Developments/interestory/app'

Import trace for requested module:
./app/page.tsx @ webpack-internal:///(pages-dir-browser)/./node_modules/next/dist/next-devtools/shared/forward-logs-shared.js:27
[   21992ms] [WARNING] ./components/stats/StatsClient.tsx
Module not found: Can't resolve 'html-to-image' in '/Users/saladin/Developments/interestory/components/stats'

Import trace for requested module:
./components/stats/StatsClient.tsx @ webpack-internal:///(pages-dir-browser)/./node_modules/next/dist/next-devtools/shared/forward-logs-shared.js:27
[   22006ms] [LOG] [Fast Refresh] rebuilding @ webpack-internal:///(pages-dir-browser)/./node_modules/next/dist/next-devtools/shared/forward-logs-shared.js:27
[   22007ms] [WARNING] [Fast Refresh] performing full reload because your application had an unrecoverable error @ webpack-internal:///(pages-dir-browser)/./node_modules/next/dist/next-devtools/shared/forward-logs-shared.js:27
[   22163ms] [WARNING] ./app/page.tsx
Module not found: Can't resolve 'html-to-image' in '/Users/saladin/Developments/interestory/app'

Import trace for requested module:
./app/page.tsx @ webpack-internal:///(pages-dir-browser)/./node_modules/next/dist/next-devtools/shared/forward-logs-shared.js:27
[   22163ms] [WARNING] ./components/stats/StatsClient.tsx
Module not found: Can't resolve 'html-to-image' in '/Users/saladin/Developments/interestory/components/stats'

Import trace for requested module:
./components/stats/StatsClient.tsx @ webpack-internal:///(pages-dir-browser)/./node_modules/next/dist/next-devtools/shared/forward-logs-shared.js:27
[   22179ms] [WARNING] [Fast Refresh] performing full reload because your application had an unrecoverable error @ webpack-internal:///(pages-dir-browser)/./node_modules/next/dist/next-devtools/shared/forward-logs-shared.js:27
[   22217ms] [LOG] [Fast Refresh] rebuilding @ webpack-internal:///(pages-dir-browser)/./node_modules/next/dist/next-devtools/shared/forward-logs-shared.js:27
[   22248ms] [WARNING] ./app/page.tsx
Module not found: Can't resolve 'html-to-image' in '/Users/saladin/Developments/interestory/app'

Import trace for requested module:
./app/page.tsx @ webpack-internal:///(pages-dir-browser)/./node_modules/next/dist/next-devtools/shared/forward-logs-shared.js:27
[   22248ms] [WARNING] ./components/stats/StatsClient.tsx
Module not found: Can't resolve 'html-to-image' in '/Users/saladin/Developments/interestory/components/stats'

Import trace for requested module:
./components/stats/StatsClient.tsx @ webpack-internal:///(pages-dir-browser)/./node_modules/next/dist/next-devtools/shared/forward-logs-shared.js:27
[   22261ms] [LOG] [Fast Refresh] rebuilding @ webpack-internal:///(pages-dir-browser)/./node_modules/next/dist/next-devtools/shared/forward-logs-shared.js:27
[   22266ms] [WARNING] [Fast Refresh] performing full reload because your application had an unrecoverable error @ webpack-internal:///(pages-dir-browser)/./node_modules/next/dist/next-devtools/shared/forward-logs-shared.js:27
[   22345ms] [WARNING] ./app/page.tsx
Module not found: Can't resolve 'html-to-image' in '/Users/saladin/Developments/interestory/app'

Import trace for requested module:
./app/page.tsx @ webpack-internal:///(pages-dir-browser)/./node_modules/next/dist/next-devtools/shared/forward-logs-shared.js:27
[   22345ms] [WARNING] ./components/stats/StatsClient.tsx
Module not found: Can't resolve 'html-to-image' in '/Users/saladin/Developments/interestory/components/stats'

Import trace for requested module:
./components/stats/StatsClient.tsx @ webpack-internal:///(pages-dir-browser)/./node_modules/next/dist/next-devtools/shared/forward-logs-shared.js:27
[   22357ms] [WARNING] [Fast Refresh] performing full reload because your application had an unrecoverable error @ webpack-internal:///(pages-dir-browser)/./node_modules/next/dist/next-devtools/shared/forward-logs-shared.js:27
[   22398ms] [LOG] [Fast Refresh] rebuilding @ webpack-internal:///(pages-dir-browser)/./node_modules/next/dist/next-devtools/shared/forward-logs-shared.js:27
[   22428ms] [WARNING] ./app/page.tsx
Module not found: Can't resolve 'html-to-image' in '/Users/saladin/Developments/interestory/app'

Import trace for requested module:
./app/page.tsx @ webpack-internal:///(pages-dir-browser)/./node_modules/next/dist/next-devtools/shared/forward-logs-shared.js:27
[   22428ms] [WARNING] ./components/stats/StatsClient.tsx
Module not found: Can't resolve 'html-to-image' in '/Users/saladin/Developments/interestory/components/stats'

Import trace for requested module:
./components/stats/StatsClient.tsx @ webpack-internal:///(pages-dir-browser)/./node_modules/next/dist/next-devtools/shared/forward-logs-shared.js:27
[   22444ms] [WARNING] [Fast Refresh] performing full reload because your application had an unrecoverable error @ webpack-internal:///(pages-dir-browser)/./node_modules/next/dist/next-devtools/shared/forward-logs-shared.js:27
[   22484ms] [LOG] [Fast Refresh] rebuilding @ webpack-internal:///(pages-dir-browser)/./node_modules/next/dist/next-devtools/shared/forward-logs-shared.js:27
[   22971ms] [INFO] %cDownload the React DevTools for a better development experience: https://react.dev/link/react-devtools font-weight:bold @ webpack-internal:///(app-pages-browser)/./node_modules/next/dist/next-devtools/shared/forward-logs-shared.js:27
[   22982ms] [LOG] [HMR] connected @ webpack-internal:///(app-pages-browser)/./node_modules/next/dist/next-devtools/shared/forward-logs-shared.js:27
[   22985ms] [WARNING] ./app/page.tsx
Module not found: Can't resolve 'html-to-image' in '/Users/saladin/Developments/interestory/app' @ webpack-internal:///(app-pages-browser)/./node_modules/next/dist/next-devtools/shared/forward-logs-shared.js:27
[   22985ms] [WARNING] ./components/stats/StatsClient.tsx
Module not found: Can't resolve 'html-to-image' in '/Users/saladin/Developments/interestory/components/stats' @ webpack-internal:///(app-pages-browser)/./node_modules/next/dist/next-devtools/shared/forward-logs-shared.js:27
[   23014ms] [LOG] [Fast Refresh] rebuilding @ webpack-internal:///(app-pages-browser)/./node_modules/next/dist/next-devtools/shared/forward-logs-shared.js:27
[   23112ms] [WARNING] ./app/page.tsx
Module not found: Can't resolve 'html-to-image' in '/Users/saladin/Developments/interestory/app'

Import trace for requested module:
./app/page.tsx @ webpack-internal:///(app-pages-browser)/./node_modules/next/dist/next-devtools/shared/forward-logs-shared.js:27
[   23113ms] [WARNING] ./components/stats/StatsClient.tsx
Module not found: Can't resolve 'html-to-image' in '/Users/saladin/Developments/interestory/components/stats'

Import trace for requested module:
./components/stats/StatsClient.tsx @ webpack-internal:///(app-pages-browser)/./node_modules/next/dist/next-devtools/shared/forward-logs-shared.js:27
[   23113ms] [LOG] [Fast Refresh] rebuilding @ webpack-internal:///(app-pages-browser)/./node_modules/next/dist/next-devtools/shared/forward-logs-shared.js:27
[   23200ms] [LOG] [Fast Refresh] done in 86ms @ webpack-internal:///(app-pages-browser)/./node_modules/next/dist/next-devtools/shared/forward-logs-shared.js:27
[   23228ms] [WARNING] ./app/page.tsx
Module not found: Can't resolve 'html-to-image' in '/Users/saladin/Developments/interestory/app'

Import trace for requested module:
./app/page.tsx @ webpack-internal:///(app-pages-browser)/./node_modules/next/dist/next-devtools/shared/forward-logs-shared.js:27
[   23228ms] [WARNING] ./components/stats/StatsClient.tsx
Module not found: Can't resolve 'html-to-image' in '/Users/saladin/Developments/interestory/components/stats'

Import trace for requested module:
./components/stats/StatsClient.tsx @ webpack-internal:///(app-pages-browser)/./node_modules/next/dist/next-devtools/shared/forward-logs-shared.js:27
[   23229ms] [LOG] [Fast Refresh] rebuilding @ webpack-internal:///(app-pages-browser)/./node_modules/next/dist/next-devtools/shared/forward-logs-shared.js:27
[   23233ms] [LOG] [Fast Refresh] done in 4ms @ webpack-internal:///(app-pages-browser)/./node_modules/next/dist/next-devtools/shared/forward-logs-shared.js:27
[   23347ms] [WARNING] ./app/page.tsx
Module not found: Can't resolve 'html-to-image' in '/Users/saladin/Developments/interestory/app'

Import trace for requested module:
./app/page.tsx @ webpack-internal:///(app-pages-browser)/./node_modules/next/dist/next-devtools/shared/forward-logs-shared.js:27
[   23347ms] [WARNING] ./components/stats/StatsClient.tsx
Module not found: Can't resolve 'html-to-image' in '/Users/saladin/Developments/interestory/components/stats'

Import trace for requested module:
./components/stats/StatsClient.tsx @ webpack-internal:///(app-pages-browser)/./node_modules/next/dist/next-devtools/shared/forward-logs-shared.js:27
[   23349ms] [LOG] [Fast Refresh] rebuilding @ webpack-internal:///(app-pages-browser)/./node_modules/next/dist/next-devtools/shared/forward-logs-shared.js:27
[   23354ms] [LOG] [Fast Refresh] done in 5ms @ webpack-internal:///(app-pages-browser)/./node_modules/next/dist/next-devtools/shared/forward-logs-shared.js:27
[   23444ms] [WARNING] ./app/page.tsx
Module not found: Can't resolve 'html-to-image' in '/Users/saladin/Developments/interestory/app'

Import trace for requested module:
./app/page.tsx @ webpack-internal:///(app-pages-browser)/./node_modules/next/dist/next-devtools/shared/forward-logs-shared.js:27
[   23444ms] [WARNING] ./components/stats/StatsClient.tsx
Module not found: Can't resolve 'html-to-image' in '/Users/saladin/Developments/interestory/components/stats'

Import trace for requested module:
./components/stats/StatsClient.tsx @ webpack-internal:///(app-pages-browser)/./node_modules/next/dist/next-devtools/shared/forward-logs-shared.js:27
[   23446ms] [LOG] [Fast Refresh] rebuilding @ webpack-internal:///(app-pages-browser)/./node_modules/next/dist/next-devtools/shared/forward-logs-shared.js:27
[   23450ms] [LOG] [Fast Refresh] done in 5ms @ webpack-internal:///(app-pages-browser)/./node_modules/next/dist/next-devtools/shared/forward-logs-shared.js:27
[   23571ms] [WARNING] ./app/page.tsx
Module not found: Can't resolve 'html-to-image' in '/Users/saladin/Developments/interestory/app'

Import trace for requested module:
./app/page.tsx @ webpack-internal:///(app-pages-browser)/./node_modules/next/dist/next-devtools/shared/forward-logs-shared.js:27
[   23571ms] [WARNING] ./components/stats/StatsClient.tsx
Module not found: Can't resolve 'html-to-image' in '/Users/saladin/Developments/interestory/components/stats'

Import trace for requested module:
./components/stats/StatsClient.tsx @ webpack-internal:///(app-pages-browser)/./node_modules/next/dist/next-devtools/shared/forward-logs-shared.js:27
[   23575ms] [LOG] [Fast Refresh] rebuilding @ webpack-internal:///(app-pages-browser)/./node_modules/next/dist/next-devtools/shared/forward-logs-shared.js:27
[   23580ms] [LOG] [Fast Refresh] done in 5ms @ webpack-internal:///(app-pages-browser)/./node_modules/next/dist/next-devtools/shared/forward-logs-shared.js:27
[   23687ms] [WARNING] ./app/page.tsx
Module not found: Can't resolve 'html-to-image' in '/Users/saladin/Developments/interestory/app'

Import trace for requested module:
./app/page.tsx @ webpack-internal:///(app-pages-browser)/./node_modules/next/dist/next-devtools/shared/forward-logs-shared.js:27
[   23687ms] [WARNING] ./components/stats/StatsClient.tsx
Module not found: Can't resolve 'html-to-image' in '/Users/saladin/Developments/interestory/components/stats'

Import trace for requested module:
./components/stats/StatsClient.tsx @ webpack-internal:///(app-pages-browser)/./node_modules/next/dist/next-devtools/shared/forward-logs-shared.js:27
[   23688ms] [LOG] [Fast Refresh] rebuilding @ webpack-internal:///(app-pages-browser)/./node_modules/next/dist/next-devtools/shared/forward-logs-shared.js:27
[   23692ms] [LOG] [Fast Refresh] done in 4ms @ webpack-internal:///(app-pages-browser)/./node_modules/next/dist/next-devtools/shared/forward-logs-shared.js:27
[   23777ms] [WARNING] ./app/page.tsx
Module not found: Can't resolve 'html-to-image' in '/Users/saladin/Developments/interestory/app'

Import trace for requested module:
./app/page.tsx @ webpack-internal:///(app-pages-browser)/./node_modules/next/dist/next-devtools/shared/forward-logs-shared.js:27
[   23777ms] [WARNING] ./components/stats/StatsClient.tsx
Module not found: Can't resolve 'html-to-image' in '/Users/saladin/Developments/interestory/components/stats'

Import trace for requested module:
./components/stats/StatsClient.tsx @ webpack-internal:///(app-pages-browser)/./node_modules/next/dist/next-devtools/shared/forward-logs-shared.js:27
[   23780ms] [LOG] [Fast Refresh] rebuilding @ webpack-internal:///(app-pages-browser)/./node_modules/next/dist/next-devtools/shared/forward-logs-shared.js:27
[   23784ms] [LOG] [Fast Refresh] done in 4ms @ webpack-internal:///(app-pages-browser)/./node_modules/next/dist/next-devtools/shared/forward-logs-shared.js:27
[   23902ms] [WARNING] ./app/page.tsx
Module not found: Can't resolve 'html-to-image' in '/Users/saladin/Developments/interestory/app'

Import trace for requested module:
./app/page.tsx @ webpack-internal:///(app-pages-browser)/./node_modules/next/dist/next-devtools/shared/forward-logs-shared.js:27
[   23902ms] [WARNING] ./components/stats/StatsClient.tsx
Module not found: Can't resolve 'html-to-image' in '/Users/saladin/Developments/interestory/components/stats'

Import trace for requested module:
./components/stats/StatsClient.tsx @ webpack-internal:///(app-pages-browser)/./node_modules/next/dist/next-devtools/shared/forward-logs-shared.js:27
[   23903ms] [LOG] [Fast Refresh] rebuilding @ webpack-internal:///(app-pages-browser)/./node_modules/next/dist/next-devtools/shared/forward-logs-shared.js:27
[   23908ms] [LOG] [Fast Refresh] done in 4ms @ webpack-internal:///(app-pages-browser)/./node_modules/next/dist/next-devtools/shared/forward-logs-shared.js:27
[   23993ms] [WARNING] ./app/page.tsx
Module not found: Can't resolve 'html-to-image' in '/Users/saladin/Developments/interestory/app'

Import trace for requested module:
./app/page.tsx @ webpack-internal:///(app-pages-browser)/./node_modules/next/dist/next-devtools/shared/forward-logs-shared.js:27
[   23993ms] [WARNING] ./components/stats/StatsClient.tsx
Module not found: Can't resolve 'html-to-image' in '/Users/saladin/Developments/interestory/components/stats'

Import trace for requested module:
./components/stats/StatsClient.tsx @ webpack-internal:///(app-pages-browser)/./node_modules/next/dist/next-devtools/shared/forward-logs-shared.js:27
[   23995ms] [LOG] [Fast Refresh] rebuilding @ webpack-internal:///(app-pages-browser)/./node_modules/next/dist/next-devtools/shared/forward-logs-shared.js:27
[   24003ms] [LOG] [Fast Refresh] done in 8ms @ webpack-internal:///(app-pages-browser)/./node_modules/next/dist/next-devtools/shared/forward-logs-shared.js:27
[   24116ms] [WARNING] ./app/page.tsx
Module not found: Can't resolve 'html-to-image' in '/Users/saladin/Developments/interestory/app'

Import trace for requested module:
./app/page.tsx @ webpack-internal:///(app-pages-browser)/./node_modules/next/dist/next-devtools/shared/forward-logs-shared.js:27
[   24116ms] [WARNING] ./components/stats/StatsClient.tsx
Module not found: Can't resolve 'html-to-image' in '/Users/saladin/Developments/interestory/components/stats'

Import trace for requested module:
./components/stats/StatsClient.tsx @ webpack-internal:///(app-pages-browser)/./node_modules/next/dist/next-devtools/shared/forward-logs-shared.js:27
[   24118ms] [LOG] [Fast Refresh] rebuilding @ webpack-internal:///(app-pages-browser)/./node_modules/next/dist/next-devtools/shared/forward-logs-shared.js:27
[   24131ms] [LOG] [Fast Refresh] done in 13ms @ webpack-internal:///(app-pages-browser)/./node_modules/next/dist/next-devtools/shared/forward-logs-shared.js:27
[   24205ms] [WARNING] ./app/page.tsx
Module not found: Can't resolve 'html-to-image' in '/Users/saladin/Developments/interestory/app'

Import trace for requested module:
./app/page.tsx @ webpack-internal:///(app-pages-browser)/./node_modules/next/dist/next-devtools/shared/forward-logs-shared.js:27
[   24205ms] [WARNING] ./components/stats/StatsClient.tsx
Module not found: Can't resolve 'html-to-image' in '/Users/saladin/Developments/interestory/components/stats'

Import trace for requested module:
./components/stats/StatsClient.tsx @ webpack-internal:///(app-pages-browser)/./node_modules/next/dist/next-devtools/shared/forward-logs-shared.js:27
[   24207ms] [LOG] [Fast Refresh] rebuilding @ webpack-internal:///(app-pages-browser)/./node_modules/next/dist/next-devtools/shared/forward-logs-shared.js:27
[   24324ms] [WARNING] ./app/page.tsx
Module not found: Can't resolve 'html-to-image' in '/Users/saladin/Developments/interestory/app'

Import trace for requested module:
./app/page.tsx @ webpack-internal:///(app-pages-browser)/./node_modules/next/dist/next-devtools/shared/forward-logs-shared.js:27
[   24324ms] [WARNING] ./components/stats/StatsClient.tsx
Module not found: Can't resolve 'html-to-image' in '/Users/saladin/Developments/interestory/components/stats'

Import trace for requested module:
./components/stats/StatsClient.tsx @ webpack-internal:///(app-pages-browser)/./node_modules/next/dist/next-devtools/shared/forward-logs-shared.js:27
[   24324ms] [LOG] [Fast Refresh] done in 117ms @ webpack-internal:///(app-pages-browser)/./node_modules/next/dist/next-devtools/shared/forward-logs-shared.js:27
[   24325ms] [LOG] [Fast Refresh] rebuilding @ webpack-internal:///(app-pages-browser)/./node_modules/next/dist/next-devtools/shared/forward-logs-shared.js:27
[   24415ms] [WARNING] ./app/page.tsx
Module not found: Can't resolve 'html-to-image' in '/Users/saladin/Developments/interestory/app'

Import trace for requested module:
./app/page.tsx @ webpack-internal:///(app-pages-browser)/./node_modules/next/dist/next-devtools/shared/forward-logs-shared.js:27
[   24415ms] [WARNING] ./components/stats/StatsClient.tsx
Module not found: Can't resolve 'html-to-image' in '/Users/saladin/Developments/interestory/components/stats'

Import trace for requested module:
./components/stats/StatsClient.tsx @ webpack-internal:///(app-pages-browser)/./node_modules/next/dist/next-devtools/shared/forward-logs-shared.js:27
[   24415ms] [LOG] [Fast Refresh] done in 90ms @ webpack-internal:///(app-pages-browser)/./node_modules/next/dist/next-devtools/shared/forward-logs-shared.js:27
[   24417ms] [LOG] [Fast Refresh] rebuilding @ webpack-internal:///(app-pages-browser)/./node_modules/next/dist/next-devtools/shared/forward-logs-shared.js:27
[   24533ms] [WARNING] ./app/page.tsx
Module not found: Can't resolve 'html-to-image' in '/Users/saladin/Developments/interestory/app'

Import trace for requested module:
./app/page.tsx @ webpack-internal:///(app-pages-browser)/./node_modules/next/dist/next-devtools/shared/forward-logs-shared.js:27
[   24533ms] [WARNING] ./components/stats/StatsClient.tsx
Module not found: Can't resolve 'html-to-image' in '/Users/saladin/Developments/interestory/components/stats'

Import trace for requested module:
./components/stats/StatsClient.tsx @ webpack-internal:///(app-pages-browser)/./node_modules/next/dist/next-devtools/shared/forward-logs-shared.js:27
[   24533ms] [LOG] [Fast Refresh] done in 116ms @ webpack-internal:///(app-pages-browser)/./node_modules/next/dist/next-devtools/shared/forward-logs-shared.js:27
[   24534ms] [LOG] [Fast Refresh] rebuilding @ webpack-internal:///(app-pages-browser)/./node_modules/next/dist/next-devtools/shared/forward-logs-shared.js:27
[   24638ms] [WARNING] ./app/page.tsx
Module not found: Can't resolve 'html-to-image' in '/Users/saladin/Developments/interestory/app'

Import trace for requested module:
./app/page.tsx @ webpack-internal:///(app-pages-browser)/./node_modules/next/dist/next-devtools/shared/forward-logs-shared.js:27
[   24638ms] [WARNING] ./components/stats/StatsClient.tsx
Module not found: Can't resolve 'html-to-image' in '/Users/saladin/Developments/interestory/components/stats'

Import trace for requested module:
./components/stats/StatsClient.tsx @ webpack-internal:///(app-pages-browser)/./node_modules/next/dist/next-devtools/shared/forward-logs-shared.js:27
[   24638ms] [LOG] [Fast Refresh] done in 104ms @ webpack-internal:///(app-pages-browser)/./node_modules/next/dist/next-devtools/shared/forward-logs-shared.js:27
[   24640ms] [LOG] [Fast Refresh] rebuilding @ webpack-internal:///(app-pages-browser)/./node_modules/next/dist/next-devtools/shared/forward-logs-shared.js:27
[   24758ms] [WARNING] ./app/page.tsx
Module not found: Can't resolve 'html-to-image' in '/Users/saladin/Developments/interestory/app'

Import trace for requested module:
./app/page.tsx @ webpack-internal:///(app-pages-browser)/./node_modules/next/dist/next-devtools/shared/forward-logs-shared.js:27
[   24758ms] [WARNING] ./components/stats/StatsClient.tsx
Module not found: Can't resolve 'html-to-image' in '/Users/saladin/Developments/interestory/components/stats'

Import trace for requested module:
./components/stats/StatsClient.tsx @ webpack-internal:///(app-pages-browser)/./node_modules/next/dist/next-devtools/shared/forward-logs-shared.js:27
[   24758ms] [LOG] [Fast Refresh] done in 118ms @ webpack-internal:///(app-pages-browser)/./node_modules/next/dist/next-devtools/shared/forward-logs-shared.js:27
[   24760ms] [LOG] [Fast Refresh] rebuilding @ webpack-internal:///(app-pages-browser)/./node_modules/next/dist/next-devtools/shared/forward-logs-shared.js:27
[   24875ms] [WARNING] ./app/page.tsx
Module not found: Can't resolve 'html-to-image' in '/Users/saladin/Developments/interestory/app'

Import trace for requested module:
./app/page.tsx @ webpack-internal:///(app-pages-browser)/./node_modules/next/dist/next-devtools/shared/forward-logs-shared.js:27
[   24875ms] [WARNING] ./components/stats/StatsClient.tsx
Module not found: Can't resolve 'html-to-image' in '/Users/saladin/Developments/interestory/components/stats'

Import trace for requested module:
./components/stats/StatsClient.tsx @ webpack-internal:///(app-pages-browser)/./node_modules/next/dist/next-devtools/shared/forward-logs-shared.js:27
[   24875ms] [LOG] [Fast Refresh] done in 116ms @ webpack-internal:///(app-pages-browser)/./node_modules/next/dist/next-devtools/shared/forward-logs-shared.js:27
[   24877ms] [LOG] [Fast Refresh] rebuilding @ webpack-internal:///(app-pages-browser)/./node_modules/next/dist/next-devtools/shared/forward-logs-shared.js:27
[   24964ms] [WARNING] ./app/page.tsx
Module not found: Can't resolve 'html-to-image' in '/Users/saladin/Developments/interestory/app'

Import trace for requested module:
./app/page.tsx @ webpack-internal:///(app-pages-browser)/./node_modules/next/dist/next-devtools/shared/forward-logs-shared.js:27
[   24964ms] [WARNING] ./components/stats/StatsClient.tsx
Module not found: Can't resolve 'html-to-image' in '/Users/saladin/Developments/interestory/components/stats'

Import trace for requested module:
./components/stats/StatsClient.tsx @ webpack-internal:///(app-pages-browser)/./node_modules/next/dist/next-devtools/shared/forward-logs-shared.js:27
[   24964ms] [LOG] [Fast Refresh] done in 88ms @ webpack-internal:///(app-pages-browser)/./node_modules/next/dist/next-devtools/shared/forward-logs-shared.js:27
[   24966ms] [LOG] [Fast Refresh] rebuilding @ webpack-internal:///(app-pages-browser)/./node_modules/next/dist/next-devtools/shared/forward-logs-shared.js:27
[   25084ms] [WARNING] ./app/page.tsx
Module not found: Can't resolve 'html-to-image' in '/Users/saladin/Developments/interestory/app'

Import trace for requested module:
./app/page.tsx @ webpack-internal:///(app-pages-browser)/./node_modules/next/dist/next-devtools/shared/forward-logs-shared.js:27
[   25084ms] [WARNING] ./components/stats/StatsClient.tsx
Module not found: Can't resolve 'html-to-image' in '/Users/saladin/Developments/interestory/components/stats'

Import trace for requested module:
./components/stats/StatsClient.tsx @ webpack-internal:///(app-pages-browser)/./node_modules/next/dist/next-devtools/shared/forward-logs-shared.js:27
[   25084ms] [LOG] [Fast Refresh] done in 118ms @ webpack-internal:///(app-pages-browser)/./node_modules/next/dist/next-devtools/shared/forward-logs-shared.js:27
[   25086ms] [LOG] [Fast Refresh] rebuilding @ webpack-internal:///(app-pages-browser)/./node_modules/next/dist/next-devtools/shared/forward-logs-shared.js:27
[   25174ms] [WARNING] ./app/page.tsx
Module not found: Can't resolve 'html-to-image' in '/Users/saladin/Developments/interestory/app'

Import trace for requested module:
./app/page.tsx @ webpack-internal:///(app-pages-browser)/./node_modules/next/dist/next-devtools/shared/forward-logs-shared.js:27
[   25174ms] [WARNING] ./components/stats/StatsClient.tsx
Module not found: Can't resolve 'html-to-image' in '/Users/saladin/Developments/interestory/components/stats'

Import trace for requested module:
./components/stats/StatsClient.tsx @ webpack-internal:///(app-pages-browser)/./node_modules/next/dist/next-devtools/shared/forward-logs-shared.js:27
[   25174ms] [LOG] [Fast Refresh] done in 88ms @ webpack-internal:///(app-pages-browser)/./node_modules/next/dist/next-devtools/shared/forward-logs-shared.js:27
[   25175ms] [LOG] [Fast Refresh] rebuilding @ webpack-internal:///(app-pages-browser)/./node_modules/next/dist/next-devtools/shared/forward-logs-shared.js:27
[   25293ms] [WARNING] ./app/page.tsx
Module not found: Can't resolve 'html-to-image' in '/Users/saladin/Developments/interestory/app'

Import trace for requested module:
./app/page.tsx @ webpack-internal:///(app-pages-browser)/./node_modules/next/dist/next-devtools/shared/forward-logs-shared.js:27
[   25293ms] [WARNING] ./components/stats/StatsClient.tsx
Module not found: Can't resolve 'html-to-image' in '/Users/saladin/Developments/interestory/components/stats'

Import trace for requested module:
./components/stats/StatsClient.tsx @ webpack-internal:///(app-pages-browser)/./node_modules/next/dist/next-devtools/shared/forward-logs-shared.js:27
[   25293ms] [LOG] [Fast Refresh] done in 118ms @ webpack-internal:///(app-pages-browser)/./node_modules/next/dist/next-devtools/shared/forward-logs-shared.js:27
[   25294ms] [LOG] [Fast Refresh] rebuilding @ webpack-internal:///(app-pages-browser)/./node_modules/next/dist/next-devtools/shared/forward-logs-shared.js:27
[   25381ms] [WARNING] ./app/page.tsx
Module not found: Can't resolve 'html-to-image' in '/Users/saladin/Developments/interestory/app'

Import trace for requested module:
./app/page.tsx @ webpack-internal:///(app-pages-browser)/./node_modules/next/dist/next-devtools/shared/forward-logs-shared.js:27
[   25381ms] [WARNING] ./components/stats/StatsClient.tsx
Module not found: Can't resolve 'html-to-image' in '/Users/saladin/Developments/interestory/components/stats'

Import trace for requested module:
./components/stats/StatsClient.tsx @ webpack-internal:///(app-pages-browser)/./node_modules/next/dist/next-devtools/shared/forward-logs-shared.js:27
[   25381ms] [LOG] [Fast Refresh] done in 88ms @ webpack-internal:///(app-pages-browser)/./node_modules/next/dist/next-devtools/shared/forward-logs-shared.js:27
[   25382ms] [LOG] [Fast Refresh] rebuilding @ webpack-internal:///(app-pages-browser)/./node_modules/next/dist/next-devtools/shared/forward-logs-shared.js:27
[   25497ms] [WARNING] ./app/page.tsx
Module not found: Can't resolve 'html-to-image' in '/Users/saladin/Developments/interestory/app'

Import trace for requested module:
./app/page.tsx @ webpack-internal:///(app-pages-browser)/./node_modules/next/dist/next-devtools/shared/forward-logs-shared.js:27
[   25497ms] [WARNING] ./components/stats/StatsClient.tsx
Module not found: Can't resolve 'html-to-image' in '/Users/saladin/Developments/interestory/components/stats'

Import trace for requested module:
./components/stats/StatsClient.tsx @ webpack-internal:///(app-pages-browser)/./node_modules/next/dist/next-devtools/shared/forward-logs-shared.js:27
[   25497ms] [LOG] [Fast Refresh] done in 114ms @ webpack-internal:///(app-pages-browser)/./node_modules/next/dist/next-devtools/shared/forward-logs-shared.js:27
[   25498ms] [LOG] [Fast Refresh] rebuilding @ webpack-internal:///(app-pages-browser)/./node_modules/next/dist/next-devtools/shared/forward-logs-shared.js:27
[   25587ms] [WARNING] ./app/page.tsx
Module not found: Can't resolve 'html-to-image' in '/Users/saladin/Developments/interestory/app'

Import trace for requested module:
./app/page.tsx @ webpack-internal:///(app-pages-browser)/./node_modules/next/dist/next-devtools/shared/forward-logs-shared.js:27
[   25587ms] [WARNING] ./components/stats/StatsClient.tsx
Module not found: Can't resolve 'html-to-image' in '/Users/saladin/Developments/interestory/components/stats'

Import trace for requested module:
./components/stats/StatsClient.tsx @ webpack-internal:///(app-pages-browser)/./node_modules/next/dist/next-devtools/shared/forward-logs-shared.js:27
[   25587ms] [LOG] [Fast Refresh] done in 88ms @ webpack-internal:///(app-pages-browser)/./node_modules/next/dist/next-devtools/shared/forward-logs-shared.js:27
[   25588ms] [LOG] [Fast Refresh] rebuilding @ webpack-internal:///(app-pages-browser)/./node_modules/next/dist/next-devtools/shared/forward-logs-shared.js:27
[   25706ms] [WARNING] ./app/page.tsx
Module not found: Can't resolve 'html-to-image' in '/Users/saladin/Developments/interestory/app'

Import trace for requested module:
./app/page.tsx @ webpack-internal:///(app-pages-browser)/./node_modules/next/dist/next-devtools/shared/forward-logs-shared.js:27
[   25706ms] [WARNING] ./components/stats/StatsClient.tsx
Module not found: Can't resolve 'html-to-image' in '/Users/saladin/Developments/interestory/components/stats'

Import trace for requested module:
./components/stats/StatsClient.tsx @ webpack-internal:///(app-pages-browser)/./node_modules/next/dist/next-devtools/shared/forward-logs-shared.js:27
[   25706ms] [LOG] [Fast Refresh] done in 118ms @ webpack-internal:///(app-pages-browser)/./node_modules/next/dist/next-devtools/shared/forward-logs-shared.js:27
[   25707ms] [LOG] [Fast Refresh] rebuilding @ webpack-internal:///(app-pages-browser)/./node_modules/next/dist/next-devtools/shared/forward-logs-shared.js:27
[   25796ms] [WARNING] ./app/page.tsx
Module not found: Can't resolve 'html-to-image' in '/Users/saladin/Developments/interestory/app'

Import trace for requested module:
./app/page.tsx @ webpack-internal:///(app-pages-browser)/./node_modules/next/dist/next-devtools/shared/forward-logs-shared.js:27
[   25796ms] [WARNING] ./components/stats/StatsClient.tsx
Module not found: Can't resolve 'html-to-image' in '/Users/saladin/Developments/interestory/components/stats'

Import trace for requested module:
./components/stats/StatsClient.tsx @ webpack-internal:///(app-pages-browser)/./node_modules/next/dist/next-devtools/shared/forward-logs-shared.js:27
[   25796ms] [LOG] [Fast Refresh] done in 88ms @ webpack-internal:///(app-pages-browser)/./node_modules/next/dist/next-devtools/shared/forward-logs-shared.js:27
[   25797ms] [LOG] [Fast Refresh] rebuilding @ webpack-internal:///(app-pages-browser)/./node_modules/next/dist/next-devtools/shared/forward-logs-shared.js:27
[   25916ms] [WARNING] ./app/page.tsx
Module not found: Can't resolve 'html-to-image' in '/Users/saladin/Developments/interestory/app'

Import trace for requested module:
./app/page.tsx @ webpack-internal:///(app-pages-browser)/./node_modules/next/dist/next-devtools/shared/forward-logs-shared.js:27
[   25916ms] [WARNING] ./components/stats/StatsClient.tsx
Module not found: Can't resolve 'html-to-image' in '/Users/saladin/Developments/interestory/components/stats'

Import trace for requested module:
./components/stats/StatsClient.tsx @ webpack-internal:///(app-pages-browser)/./node_modules/next/dist/next-devtools/shared/forward-logs-shared.js:27
[   25916ms] [LOG] [Fast Refresh] done in 118ms @ webpack-internal:///(app-pages-browser)/./node_modules/next/dist/next-devtools/shared/forward-logs-shared.js:27
[   25917ms] [LOG] [Fast Refresh] rebuilding @ webpack-internal:///(app-pages-browser)/./node_modules/next/dist/next-devtools/shared/forward-logs-shared.js:27
[   26005ms] [WARNING] ./app/page.tsx
Module not found: Can't resolve 'html-to-image' in '/Users/saladin/Developments/interestory/app'

Import trace for requested module:
./app/page.tsx @ webpack-internal:///(app-pages-browser)/./node_modules/next/dist/next-devtools/shared/forward-logs-shared.js:27
[   26005ms] [WARNING] ./components/stats/StatsClient.tsx
Module not found: Can't resolve 'html-to-image' in '/Users/saladin/Developments/interestory/components/stats'

Import trace for requested module:
./components/stats/StatsClient.tsx @ webpack-internal:///(app-pages-browser)/./node_modules/next/dist/next-devtools/shared/forward-logs-shared.js:27
[   26005ms] [LOG] [Fast Refresh] done in 87ms @ webpack-internal:///(app-pages-browser)/./node_modules/next/dist/next-devtools/shared/forward-logs-shared.js:27
[   26006ms] [LOG] [Fast Refresh] rebuilding @ webpack-internal:///(app-pages-browser)/./node_modules/next/dist/next-devtools/shared/forward-logs-shared.js:27
[   26120ms] [WARNING] ./app/page.tsx
Module not found: Can't resolve 'html-to-image' in '/Users/saladin/Developments/interestory/app'

Import trace for requested module:
./app/page.tsx @ webpack-internal:///(app-pages-browser)/./node_modules/next/dist/next-devtools/shared/forward-logs-shared.js:27
[   26120ms] [WARNING] ./components/stats/StatsClient.tsx
Module not found: Can't resolve 'html-to-image' in '/Users/saladin/Developments/interestory/components/stats'

Import trace for requested module:
./components/stats/StatsClient.tsx @ webpack-internal:///(app-pages-browser)/./node_modules/next/dist/next-devtools/shared/forward-logs-shared.js:27
[   26120ms] [LOG] [Fast Refresh] done in 115ms @ webpack-internal:///(app-pages-browser)/./node_modules/next/dist/next-devtools/shared/forward-logs-shared.js:27
[   26122ms] [LOG] [Fast Refresh] rebuilding @ webpack-internal:///(app-pages-browser)/./node_modules/next/dist/next-devtools/shared/forward-logs-shared.js:27
[   26215ms] [WARNING] ./app/page.tsx
Module not found: Can't resolve 'html-to-image' in '/Users/saladin/Developments/interestory/app'

Import trace for requested module:
./app/page.tsx @ webpack-internal:///(app-pages-browser)/./node_modules/next/dist/next-devtools/shared/forward-logs-shared.js:27
[   26215ms] [WARNING] ./components/stats/StatsClient.tsx
Module not found: Can't resolve 'html-to-image' in '/Users/saladin/Developments/interestory/components/stats'

Import trace for requested module:
./components/stats/StatsClient.tsx @ webpack-internal:///(app-pages-browser)/./node_modules/next/dist/next-devtools/shared/forward-logs-shared.js:27
[   26215ms] [LOG] [Fast Refresh] done in 92ms @ webpack-internal:///(app-pages-browser)/./node_modules/next/dist/next-devtools/shared/forward-logs-shared.js:27
[   26216ms] [LOG] [Fast Refresh] rebuilding @ webpack-internal:///(app-pages-browser)/./node_modules/next/dist/next-devtools/shared/forward-logs-shared.js:27
[   26331ms] [WARNING] ./app/page.tsx
Module not found: Can't resolve 'html-to-image' in '/Users/saladin/Developments/interestory/app'

Import trace for requested module:
./app/page.tsx @ webpack-internal:///(app-pages-browser)/./node_modules/next/dist/next-devtools/shared/forward-logs-shared.js:27
[   26331ms] [WARNING] ./components/stats/StatsClient.tsx
Module not found: Can't resolve 'html-to-image' in '/Users/saladin/Developments/interestory/components/stats'

Import trace for requested module:
./components/stats/StatsClient.tsx @ webpack-internal:///(app-pages-browser)/./node_modules/next/dist/next-devtools/shared/forward-logs-shared.js:27
[   26332ms] [LOG] [Fast Refresh] done in 115ms @ webpack-internal:///(app-pages-browser)/./node_modules/next/dist/next-devtools/shared/forward-logs-shared.js:27
[   26333ms] [LOG] [Fast Refresh] rebuilding @ webpack-internal:///(app-pages-browser)/./node_modules/next/dist/next-devtools/shared/forward-logs-shared.js:27
[   26421ms] [WARNING] ./app/page.tsx
Module not found: Can't resolve 'html-to-image' in '/Users/saladin/Developments/interestory/app'

Import trace for requested module:
./app/page.tsx @ webpack-internal:///(app-pages-browser)/./node_modules/next/dist/next-devtools/shared/forward-logs-shared.js:27
[   26421ms] [WARNING] ./components/stats/StatsClient.tsx
Module not found: Can't resolve 'html-to-image' in '/Users/saladin/Developments/interestory/components/stats'

Import trace for requested module:
./components/stats/StatsClient.tsx @ webpack-internal:///(app-pages-browser)/./node_modules/next/dist/next-devtools/shared/forward-logs-shared.js:27
[   26421ms] [LOG] [Fast Refresh] done in 88ms @ webpack-internal:///(app-pages-browser)/./node_modules/next/dist/next-devtools/shared/forward-logs-shared.js:27
[   26422ms] [LOG] [Fast Refresh] rebuilding @ webpack-internal:///(app-pages-browser)/./node_modules/next/dist/next-devtools/shared/forward-logs-shared.js:27
[   26540ms] [WARNING] ./app/page.tsx
Module not found: Can't resolve 'html-to-image' in '/Users/saladin/Developments/interestory/app'

Import trace for requested module:
./app/page.tsx @ webpack-internal:///(app-pages-browser)/./node_modules/next/dist/next-devtools/shared/forward-logs-shared.js:27
[   26540ms] [WARNING] ./components/stats/StatsClient.tsx
Module not found: Can't resolve 'html-to-image' in '/Users/saladin/Developments/interestory/components/stats'

Import trace for requested module:
./components/stats/StatsClient.tsx @ webpack-internal:///(app-pages-browser)/./node_modules/next/dist/next-devtools/shared/forward-logs-shared.js:27
[   26540ms] [LOG] [Fast Refresh] done in 117ms @ webpack-internal:///(app-pages-browser)/./node_modules/next/dist/next-devtools/shared/forward-logs-shared.js:27
[   26542ms] [LOG] [Fast Refresh] rebuilding @ webpack-internal:///(app-pages-browser)/./node_modules/next/dist/next-devtools/shared/forward-logs-shared.js:27
[   26629ms] [WARNING] ./app/page.tsx
Module not found: Can't resolve 'html-to-image' in '/Users/saladin/Developments/interestory/app'

Import trace for requested module:
./app/page.tsx @ webpack-internal:///(app-pages-browser)/./node_modules/next/dist/next-devtools/shared/forward-logs-shared.js:27
[   26629ms] [WARNING] ./components/stats/StatsClient.tsx
Module not found: Can't resolve 'html-to-image' in '/Users/saladin/Developments/interestory/components/stats'

Import trace for requested module:
./components/stats/StatsClient.tsx @ webpack-internal:///(app-pages-browser)/./node_modules/next/dist/next-devtools/shared/forward-logs-shared.js:27
[   26629ms] [LOG] [Fast Refresh] done in 87ms @ webpack-internal:///(app-pages-browser)/./node_modules/next/dist/next-devtools/shared/forward-logs-shared.js:27
[   26630ms] [LOG] [Fast Refresh] rebuilding @ webpack-internal:///(app-pages-browser)/./node_modules/next/dist/next-devtools/shared/forward-logs-shared.js:27
[   26780ms] [WARNING] ./app/page.tsx
Module not found: Can't resolve 'html-to-image' in '/Users/saladin/Developments/interestory/app'

Import trace for requested module:
./app/page.tsx @ webpack-internal:///(app-pages-browser)/./node_modules/next/dist/next-devtools/shared/forward-logs-shared.js:27
[   26780ms] [WARNING] ./components/stats/StatsClient.tsx
Module not found: Can't resolve 'html-to-image' in '/Users/saladin/Developments/interestory/components/stats'

Import trace for requested module:
./components/stats/StatsClient.tsx @ webpack-internal:///(app-pages-browser)/./node_modules/next/dist/next-devtools/shared/forward-logs-shared.js:27
[   26780ms] [LOG] [Fast Refresh] done in 149ms @ webpack-internal:///(app-pages-browser)/./node_modules/next/dist/next-devtools/shared/forward-logs-shared.js:27
[   26782ms] [LOG] [Fast Refresh] rebuilding @ webpack-internal:///(app-pages-browser)/./node_modules/next/dist/next-devtools/shared/forward-logs-shared.js:27
[   26988ms] [WARNING] ./app/page.tsx
Module not found: Can't resolve 'html-to-image' in '/Users/saladin/Developments/interestory/app'

Import trace for requested module:
./app/page.tsx @ webpack-internal:///(app-pages-browser)/./node_modules/next/dist/next-devtools/shared/forward-logs-shared.js:27
[   26988ms] [WARNING] ./components/stats/StatsClient.tsx
Module not found: Can't resolve 'html-to-image' in '/Users/saladin/Developments/interestory/components/stats'

Import trace for requested module:
./components/stats/StatsClient.tsx @ webpack-internal:///(app-pages-browser)/./node_modules/next/dist/next-devtools/shared/forward-logs-shared.js:27
[   26988ms] [LOG] [Fast Refresh] done in 205ms @ webpack-internal:///(app-pages-browser)/./node_modules/next/dist/next-devtools/shared/forward-logs-shared.js:27
[   26989ms] [LOG] [Fast Refresh] rebuilding @ webpack-internal:///(app-pages-browser)/./node_modules/next/dist/next-devtools/shared/forward-logs-shared.js:27
[   27125ms] [WARNING] ./app/page.tsx
Module not found: Can't resolve 'html-to-image' in '/Users/saladin/Developments/interestory/app'

Import trace for requested module:
./app/page.tsx @ webpack-internal:///(app-pages-browser)/./node_modules/next/dist/next-devtools/shared/forward-logs-shared.js:27
[   27125ms] [WARNING] ./components/stats/StatsClient.tsx
Module not found: Can't resolve 'html-to-image' in '/Users/saladin/Developments/interestory/components/stats'

Import trace for requested module:
./components/stats/StatsClient.tsx @ webpack-internal:///(app-pages-browser)/./node_modules/next/dist/next-devtools/shared/forward-logs-shared.js:27
[   27125ms] [LOG] [Fast Refresh] done in 135ms @ webpack-internal:///(app-pages-browser)/./node_modules/next/dist/next-devtools/shared/forward-logs-shared.js:27
[   27126ms] [LOG] [Fast Refresh] rebuilding @ webpack-internal:///(app-pages-browser)/./node_modules/next/dist/next-devtools/shared/forward-logs-shared.js:27
[   27214ms] [WARNING] ./app/page.tsx
Module not found: Can't resolve 'html-to-image' in '/Users/saladin/Developments/interestory/app'

Import trace for requested module:
./app/page.tsx @ webpack-internal:///(app-pages-browser)/./node_modules/next/dist/next-devtools/shared/forward-logs-shared.js:27
[   27214ms] [WARNING] ./components/stats/StatsClient.tsx
Module not found: Can't resolve 'html-to-image' in '/Users/saladin/Developments/interestory/components/stats'

Import trace for requested module:
./components/stats/StatsClient.tsx @ webpack-internal:///(app-pages-browser)/./node_modules/next/dist/next-devtools/shared/forward-logs-shared.js:27
[   27214ms] [LOG] [Fast Refresh] done in 88ms @ webpack-internal:///(app-pages-browser)/./node_modules/next/dist/next-devtools/shared/forward-logs-shared.js:27
[   27216ms] [LOG] [Fast Refresh] rebuilding @ webpack-internal:///(app-pages-browser)/./node_modules/next/dist/next-devtools/shared/forward-logs-shared.js:27
[   27330ms] [WARNING] The resource http://localhost:3000/_next/static/css/app/layout.css?v=1790076659892 was preloaded using link preload but not used within a few seconds from the window's load event. Please make sure it has an appropriate `as` value and it is preloaded intentionally. @ http://localhost:3000/family:0
[   27330ms] [WARNING] The resource http://localhost:3000/_next/static/css/app/layout.css?v=1790076661034 was preloaded using link preload but not used within a few seconds from the window's load event. Please make sure it has an appropriate `as` value and it is preloaded intentionally. @ http://localhost:3000/family:0
[   27330ms] [WARNING] The resource http://localhost:3000/_next/static/css/app/layout.css?v=1790076661247 was preloaded using link preload but not used within a few seconds from the window's load event. Please make sure it has an appropriate `as` value and it is preloaded intentionally. @ http://localhost:3000/family:0
[   27330ms] [WARNING] The resource http://localhost:3000/_next/static/css/app/layout.css?v=1790076663478 was preloaded using link preload but not used within a few seconds from the window's load event. Please make sure it has an appropriate `as` value and it is preloaded intentionally. @ http://localhost:3000/family:0
[   27330ms] [WARNING] The resource http://localhost:3000/_next/static/css/app/layout.css?v=1790076661588 was preloaded using link preload but not used within a few seconds from the window's load event. Please make sure it has an appropriate `as` value and it is preloaded intentionally. @ http://localhost:3000/family:0
[   27330ms] [WARNING] The resource http://localhost:3000/_next/static/css/app/layout.css?v=1790076660234 was preloaded using link preload but not used within a few seconds from the window's load event. Please make sure it has an appropriate `as` value and it is preloaded intentionally. @ http://localhost:3000/family:0
[   27330ms] [WARNING] The resource http://localhost:3000/_next/static/css/app/layout.css?v=1790076663297 was preloaded using link preload but not used within a few seconds from the window's load event. Please make sure it has an appropriate `as` value and it is preloaded intentionally. @ http://localhost:3000/family:0
[   27330ms] [WARNING] The resource http://localhost:3000/_next/static/css/app/layout.css?v=1790076662245 was preloaded using link preload but not used within a few seconds from the window's load event. Please make sure it has an appropriate `as` value and it is preloaded intentionally. @ http://localhost:3000/family:0
[   27330ms] [WARNING] The resource http://localhost:3000/_next/static/css/app/layout.css?v=1790076662044 was preloaded using link preload but not used within a few seconds from the window's load event. Please make sure it has an appropriate `as` value and it is preloaded intentionally. @ http://localhost:3000/family:0
[   27330ms] [WARNING] The resource http://localhost:3000/_next/static/css/app/layout.css?v=1790076663662 was preloaded using link preload but not used within a few seconds from the window's load event. Please make sure it has an appropriate `as` value and it is preloaded intentionally. @ http://localhost:3000/family:0
[   27330ms] [WARNING] The resource http://localhost:3000/_next/static/media/7d4881bb7e1bf84d-s.p.woff2?v=1790076658684 was preloaded using link preload but not used within a few seconds from the window's load event. Please make sure it has an appropriate `as` value and it is preloaded intentionally. @ http://localhost:3000/family:0
[   27330ms] [WARNING] The resource http://localhost:3000/_next/static/css/app/layout.css?v=1790076660438 was preloaded using link preload but not used within a few seconds from the window's load event. Please make sure it has an appropriate `as` value and it is preloaded intentionally. @ http://localhost:3000/family:0
[   27330ms] [WARNING] The resource http://localhost:3000/_next/static/media/22a5144ee8d83bca-s.p.woff2?v=1790076658684 was preloaded using link preload but not used within a few seconds from the window's load event. Please make sure it has an appropriate `as` value and it is preloaded intentionally. @ http://localhost:3000/family:0
[   27330ms] [WARNING] The resource http://localhost:3000/_next/static/css/app/layout.css?v=1790076660061 was preloaded using link preload but not used within a few seconds from the window's load event. Please make sure it has an appropriate `as` value and it is preloaded intentionally. @ http://localhost:3000/family:0
[   27330ms] [WARNING] The resource http://localhost:3000/_next/static/css/app/layout.css?v=1790076661832 was preloaded using link preload but not used within a few seconds from the window's load event. Please make sure it has an appropriate `as` value and it is preloaded intentionally. @ http://localhost:3000/family:0
[   27331ms] [WARNING] The resource http://localhost:3000/_next/static/css/app/layout.css?v=1790076663828 was preloaded using link preload but not used within a few seconds from the window's load event. Please make sure it has an appropriate `as` value and it is preloaded intentionally. @ http://localhost:3000/family:0
[   27331ms] [WARNING] The resource http://localhost:3000/_next/static/css/app/layout.css?v=1790076663040 was preloaded using link preload but not used within a few seconds from the window's load event. Please make sure it has an appropriate `as` value and it is preloaded intentionally. @ http://localhost:3000/family:0
[   27331ms] [WARNING] The resource http://localhost:3000/_next/static/css/app/layout.css?v=1790076662830 was preloaded using link preload but not used within a few seconds from the window's load event. Please make sure it has an appropriate `as` value and it is preloaded intentionally. @ http://localhost:3000/family:0
[   27331ms] [WARNING] The resource http://localhost:3000/_next/static/css/app/layout.css?v=1790076660612 was preloaded using link preload but not used within a few seconds from the window's load event. Please make sure it has an appropriate `as` value and it is preloaded intentionally. @ http://localhost:3000/family:0
[   27331ms] [WARNING] The resource http://localhost:3000/_next/static/css/app/layout.css?v=1790076660865 was preloaded using link preload but not used within a few seconds from the window's load event. Please make sure it has an appropriate `as` value and it is preloaded intentionally. @ http://localhost:3000/family:0
[   27331ms] [WARNING] The resource http://localhost:3000/_next/static/css/app/layout.css?v=1790076661420 was preloaded using link preload but not used within a few seconds from the window's load event. Please make sure it has an appropriate `as` value and it is preloaded intentionally. @ http://localhost:3000/family:0
[   27331ms] [WARNING] The resource http://localhost:3000/_next/static/css/app/layout.css?v=1790076662457 was preloaded using link preload but not used within a few seconds from the window's load event. Please make sure it has an appropriate `as` value and it is preloaded intentionally. @ http://localhost:3000/family:0
[   27331ms] [WARNING] The resource http://localhost:3000/_next/static/css/app/layout.css?v=1790076662670 was preloaded using link preload but not used within a few seconds from the window's load event. Please make sure it has an appropriate `as` value and it is preloaded intentionally. @ http://localhost:3000/family:0
[   27335ms] [WARNING] ./app/page.tsx
Module not found: Can't resolve 'html-to-image' in '/Users/saladin/Developments/interestory/app'

Import trace for requested module:
./app/page.tsx @ webpack-internal:///(app-pages-browser)/./node_modules/next/dist/next-devtools/shared/forward-logs-shared.js:27
[   27335ms] [WARNING] ./components/stats/StatsClient.tsx
Module not found: Can't resolve 'html-to-image' in '/Users/saladin/Developments/interestory/components/stats'

Import trace for requested module:
./components/stats/StatsClient.tsx @ webpack-internal:///(app-pages-browser)/./node_modules/next/dist/next-devtools/shared/forward-logs-shared.js:27
[   27335ms] [LOG] [Fast Refresh] done in 119ms @ webpack-internal:///(app-pages-browser)/./node_modules/next/dist/next-devtools/shared/forward-logs-shared.js:27
[   27337ms] [LOG] [Fast Refresh] rebuilding @ webpack-internal:///(app-pages-browser)/./node_modules/next/dist/next-devtools/shared/forward-logs-shared.js:27
[   27462ms] [WARNING] ./app/page.tsx
Module not found: Can't resolve 'html-to-image' in '/Users/saladin/Developments/interestory/app'

Import trace for requested module:
./app/page.tsx @ webpack-internal:///(app-pages-browser)/./node_modules/next/dist/next-devtools/shared/forward-logs-shared.js:27
[   27462ms] [WARNING] ./components/stats/StatsClient.tsx
Module not found: Can't resolve 'html-to-image' in '/Users/saladin/Developments/interestory/components/stats'

Import trace for requested module:
./components/stats/StatsClient.tsx @ webpack-internal:///(app-pages-browser)/./node_modules/next/dist/next-devtools/shared/forward-logs-shared.js:27
[   27462ms] [LOG] [Fast Refresh] done in 125ms @ webpack-internal:///(app-pages-browser)/./node_modules/next/dist/next-devtools/shared/forward-logs-shared.js:27
[   27463ms] [LOG] [Fast Refresh] rebuilding @ webpack-internal:///(app-pages-browser)/./node_modules/next/dist/next-devtools/shared/forward-logs-shared.js:27
[   27551ms] [WARNING] ./app/page.tsx
Module not found: Can't resolve 'html-to-image' in '/Users/saladin/Developments/interestory/app'

Import trace for requested module:
./app/page.tsx @ webpack-internal:///(app-pages-browser)/./node_modules/next/dist/next-devtools/shared/forward-logs-shared.js:27
[   27551ms] [WARNING] ./components/stats/StatsClient.tsx
Module not found: Can't resolve 'html-to-image' in '/Users/saladin/Developments/interestory/components/stats'

Import trace for requested module:
./components/stats/StatsClient.tsx @ webpack-internal:///(app-pages-browser)/./node_modules/next/dist/next-devtools/shared/forward-logs-shared.js:27
[   27551ms] [LOG] [Fast Refresh] done in 87ms @ webpack-internal:///(app-pages-browser)/./node_modules/next/dist/next-devtools/shared/forward-logs-shared.js:27
[   27552ms] [LOG] [Fast Refresh] rebuilding @ webpack-internal:///(app-pages-browser)/./node_modules/next/dist/next-devtools/shared/forward-logs-shared.js:27
[   27680ms] [WARNING] ./app/page.tsx
Module not found: Can't resolve 'html-to-image' in '/Users/saladin/Developments/interestory/app'

Import trace for requested module:
./app/page.tsx @ webpack-internal:///(app-pages-browser)/./node_modules/next/dist/next-devtools/shared/forward-logs-shared.js:27
[   27680ms] [WARNING] ./components/stats/StatsClient.tsx
Module not found: Can't resolve 'html-to-image' in '/Users/saladin/Developments/interestory/components/stats'

Import trace for requested module:
./components/stats/StatsClient.tsx @ webpack-internal:///(app-pages-browser)/./node_modules/next/dist/next-devtools/shared/forward-logs-shared.js:27
[   27680ms] [LOG] [Fast Refresh] done in 128ms @ webpack-internal:///(app-pages-browser)/./node_modules/next/dist/next-devtools/shared/forward-logs-shared.js:27
[   27681ms] [LOG] [Fast Refresh] rebuilding @ webpack-internal:///(app-pages-browser)/./node_modules/next/dist/next-devtools/shared/forward-logs-shared.js:27
[   27767ms] [WARNING] ./app/page.tsx
Module not found: Can't resolve 'html-to-image' in '/Users/saladin/Developments/interestory/app'

Import trace for requested module:
./app/page.tsx @ webpack-internal:///(app-pages-browser)/./node_modules/next/dist/next-devtools/shared/forward-logs-shared.js:27
[   27767ms] [WARNING] ./components/stats/StatsClient.tsx
Module not found: Can't resolve 'html-to-image' in '/Users/saladin/Developments/interestory/components/stats'

Import trace for requested module:
./components/stats/StatsClient.tsx @ webpack-internal:///(app-pages-browser)/./node_modules/next/dist/next-devtools/shared/forward-logs-shared.js:27
[   27767ms] [LOG] [Fast Refresh] done in 86ms @ webpack-internal:///(app-pages-browser)/./node_modules/next/dist/next-devtools/shared/forward-logs-shared.js:27
[   27768ms] [LOG] [Fast Refresh] rebuilding @ webpack-internal:///(app-pages-browser)/./node_modules/next/dist/next-devtools/shared/forward-logs-shared.js:27
[   27897ms] [WARNING] ./app/page.tsx
Module not found: Can't resolve 'html-to-image' in '/Users/saladin/Developments/interestory/app'

Import trace for requested module:
./app/page.tsx @ webpack-internal:///(app-pages-browser)/./node_modules/next/dist/next-devtools/shared/forward-logs-shared.js:27
[   27897ms] [WARNING] ./components/stats/StatsClient.tsx
Module not found: Can't resolve 'html-to-image' in '/Users/saladin/Developments/interestory/components/stats'

Import trace for requested module:
./components/stats/StatsClient.tsx @ webpack-internal:///(app-pages-browser)/./node_modules/next/dist/next-devtools/shared/forward-logs-shared.js:27
[   27897ms] [LOG] [Fast Refresh] done in 128ms @ webpack-internal:///(app-pages-browser)/./node_modules/next/dist/next-devtools/shared/forward-logs-shared.js:27
[   27898ms] [LOG] [Fast Refresh] rebuilding @ webpack-internal:///(app-pages-browser)/./node_modules/next/dist/next-devtools/shared/forward-logs-shared.js:27
[   27985ms] [WARNING] ./app/page.tsx
Module not found: Can't resolve 'html-to-image' in '/Users/saladin/Developments/interestory/app'

Import trace for requested module:
./app/page.tsx @ webpack-internal:///(app-pages-browser)/./node_modules/next/dist/next-devtools/shared/forward-logs-shared.js:27
[   27985ms] [WARNING] ./components/stats/StatsClient.tsx
Module not found: Can't resolve 'html-to-image' in '/Users/saladin/Developments/interestory/components/stats'

Import trace for requested module:
./components/stats/StatsClient.tsx @ webpack-internal:///(app-pages-browser)/./node_modules/next/dist/next-devtools/shared/forward-logs-shared.js:27
[   27985ms] [LOG] [Fast Refresh] done in 87ms @ webpack-internal:///(app-pages-browser)/./node_modules/next/dist/next-devtools/shared/forward-logs-shared.js:27
[   27986ms] [LOG] [Fast Refresh] rebuilding @ webpack-internal:///(app-pages-browser)/./node_modules/next/dist/next-devtools/shared/forward-logs-shared.js:27
[   28107ms] [WARNING] ./app/page.tsx
Module not found: Can't resolve 'html-to-image' in '/Users/saladin/Developments/interestory/app'

Import trace for requested module:
./app/page.tsx @ webpack-internal:///(app-pages-browser)/./node_modules/next/dist/next-devtools/shared/forward-logs-shared.js:27
[   28107ms] [WARNING] ./components/stats/StatsClient.tsx
Module not found: Can't resolve 'html-to-image' in '/Users/saladin/Developments/interestory/components/stats'

Import trace for requested module:
./components/stats/StatsClient.tsx @ webpack-internal:///(app-pages-browser)/./node_modules/next/dist/next-devtools/shared/forward-logs-shared.js:27
[   28107ms] [LOG] [Fast Refresh] done in 120ms @ webpack-internal:///(app-pages-browser)/./node_modules/next/dist/next-devtools/shared/forward-logs-shared.js:27
[   28108ms] [LOG] [Fast Refresh] rebuilding @ webpack-internal:///(app-pages-browser)/./node_modules/next/dist/next-devtools/shared/forward-logs-shared.js:27
[   28197ms] [WARNING] ./app/page.tsx
Module not found: Can't resolve 'html-to-image' in '/Users/saladin/Developments/interestory/app'

Import trace for requested module:
./app/page.tsx @ webpack-internal:///(app-pages-browser)/./node_modules/next/dist/next-devtools/shared/forward-logs-shared.js:27
[   28197ms] [WARNING] ./components/stats/StatsClient.tsx
Module not found: Can't resolve 'html-to-image' in '/Users/saladin/Developments/interestory/components/stats'

Import trace for requested module:
./components/stats/StatsClient.tsx @ webpack-internal:///(app-pages-browser)/./node_modules/next/dist/next-devtools/shared/forward-logs-shared.js:27
[   28197ms] [LOG] [Fast Refresh] done in 88ms @ webpack-internal:///(app-pages-browser)/./node_modules/next/dist/next-devtools/shared/forward-logs-shared.js:27
[   28198ms] [LOG] [Fast Refresh] rebuilding @ webpack-internal:///(app-pages-browser)/./node_modules/next/dist/next-devtools/shared/forward-logs-shared.js:27
[   28313ms] [WARNING] ./app/page.tsx
Module not found: Can't resolve 'html-to-image' in '/Users/saladin/Developments/interestory/app'

Import trace for requested module:
./app/page.tsx @ webpack-internal:///(app-pages-browser)/./node_modules/next/dist/next-devtools/shared/forward-logs-shared.js:27
[   28313ms] [WARNING] ./components/stats/StatsClient.tsx
Module not found: Can't resolve 'html-to-image' in '/Users/saladin/Developments/interestory/components/stats'

Import trace for requested module:
./components/stats/StatsClient.tsx @ webpack-internal:///(app-pages-browser)/./node_modules/next/dist/next-devtools/shared/forward-logs-shared.js:27
[   28313ms] [LOG] [Fast Refresh] done in 115ms @ webpack-internal:///(app-pages-browser)/./node_modules/next/dist/next-devtools/shared/forward-logs-shared.js:27
[   28315ms] [LOG] [Fast Refresh] rebuilding @ webpack-internal:///(app-pages-browser)/./node_modules/next/dist/next-devtools/shared/forward-logs-shared.js:27
[   28402ms] [WARNING] ./app/page.tsx
Module not found: Can't resolve 'html-to-image' in '/Users/saladin/Developments/interestory/app'

Import trace for requested module:
./app/page.tsx @ webpack-internal:///(app-pages-browser)/./node_modules/next/dist/next-devtools/shared/forward-logs-shared.js:27
[   28402ms] [WARNING] ./components/stats/StatsClient.tsx
Module not found: Can't resolve 'html-to-image' in '/Users/saladin/Developments/interestory/components/stats'

Import trace for requested module:
./components/stats/StatsClient.tsx @ webpack-internal:///(app-pages-browser)/./node_modules/next/dist/next-devtools/shared/forward-logs-shared.js:27
[   28402ms] [LOG] [Fast Refresh] done in 87ms @ webpack-internal:///(app-pages-browser)/./node_modules/next/dist/next-devtools/shared/forward-logs-shared.js:27
[   28403ms] [LOG] [Fast Refresh] rebuilding @ webpack-internal:///(app-pages-browser)/./node_modules/next/dist/next-devtools/shared/forward-logs-shared.js:27
[   28515ms] [WARNING] ./app/page.tsx
Module not found: Can't resolve 'html-to-image' in '/Users/saladin/Developments/interestory/app'

Import trace for requested module:
./app/page.tsx @ webpack-internal:///(app-pages-browser)/./node_modules/next/dist/next-devtools/shared/forward-logs-shared.js:27
[   28515ms] [WARNING] ./components/stats/StatsClient.tsx
Module not found: Can't resolve 'html-to-image' in '/Users/saladin/Developments/interestory/components/stats'

Import trace for requested module:
./components/stats/StatsClient.tsx @ webpack-internal:///(app-pages-browser)/./node_modules/next/dist/next-devtools/shared/forward-logs-shared.js:27
[   28515ms] [LOG] [Fast Refresh] done in 112ms @ webpack-internal:///(app-pages-browser)/./node_modules/next/dist/next-devtools/shared/forward-logs-shared.js:27
[   28517ms] [LOG] [Fast Refresh] rebuilding @ webpack-internal:///(app-pages-browser)/./node_modules/next/dist/next-devtools/shared/forward-logs-shared.js:27
[   28604ms] [WARNING] ./app/page.tsx
Module not found: Can't resolve 'html-to-image' in '/Users/saladin/Developments/interestory/app'

Import trace for requested module:
./app/page.tsx @ webpack-internal:///(app-pages-browser)/./node_modules/next/dist/next-devtools/shared/forward-logs-shared.js:27
[   28604ms] [WARNING] ./components/stats/StatsClient.tsx
Module not found: Can't resolve 'html-to-image' in '/Users/saladin/Developments/interestory/components/stats'

Import trace for requested module:
./components/stats/StatsClient.tsx @ webpack-internal:///(app-pages-browser)/./node_modules/next/dist/next-devtools/shared/forward-logs-shared.js:27
[   28604ms] [LOG] [Fast Refresh] done in 87ms @ webpack-internal:///(app-pages-browser)/./node_modules/next/dist/next-devtools/shared/forward-logs-shared.js:27
[   28605ms] [LOG] [Fast Refresh] rebuilding @ webpack-internal:///(app-pages-browser)/./node_modules/next/dist/next-devtools/shared/forward-logs-shared.js:27
[   28754ms] [WARNING] ./app/page.tsx
Module not found: Can't resolve 'html-to-image' in '/Users/saladin/Developments/interestory/app'

Import trace for requested module:
./app/page.tsx @ webpack-internal:///(app-pages-browser)/./node_modules/next/dist/next-devtools/shared/forward-logs-shared.js:27
[   28754ms] [WARNING] ./components/stats/StatsClient.tsx
Module not found: Can't resolve 'html-to-image' in '/Users/saladin/Developments/interestory/components/stats'

Import trace for requested module:
./components/stats/StatsClient.tsx @ webpack-internal:///(app-pages-browser)/./node_modules/next/dist/next-devtools/shared/forward-logs-shared.js:27
[   28754ms] [LOG] [Fast Refresh] done in 148ms @ webpack-internal:///(app-pages-browser)/./node_modules/next/dist/next-devtools/shared/forward-logs-shared.js:27
[   28756ms] [LOG] [Fast Refresh] rebuilding @ webpack-internal:///(app-pages-browser)/./node_modules/next/dist/next-devtools/shared/forward-logs-shared.js:27
[   28867ms] [WARNING] ./app/page.tsx
Module not found: Can't resolve 'html-to-image' in '/Users/saladin/Developments/interestory/app'

Import trace for requested module:
./app/page.tsx @ webpack-internal:///(app-pages-browser)/./node_modules/next/dist/next-devtools/shared/forward-logs-shared.js:27
[   28867ms] [WARNING] ./components/stats/StatsClient.tsx
Module not found: Can't resolve 'html-to-image' in '/Users/saladin/Developments/interestory/components/stats'

Import trace for requested module:
./components/stats/StatsClient.tsx @ webpack-internal:///(app-pages-browser)/./node_modules/next/dist/next-devtools/shared/forward-logs-shared.js:27
[   28867ms] [LOG] [Fast Refresh] done in 112ms @ webpack-internal:///(app-pages-browser)/./node_modules/next/dist/next-devtools/shared/forward-logs-shared.js:27
[   28867ms] [LOG] [Fast Refresh] rebuilding @ webpack-internal:///(app-pages-browser)/./node_modules/next/dist/next-devtools/shared/forward-logs-shared.js:27
[   29055ms] [LOG] [Fast Refresh] rebuilding @ webpack-internal:///(app-pages-browser)/./node_modules/next/dist/next-devtools/shared/forward-logs-shared.js:27
[   29055ms] [WARNING] ./app/page.tsx
Module not found: Can't resolve 'html-to-image' in '/Users/saladin/Developments/interestory/app'

Import trace for requested module:
./app/page.tsx @ webpack-internal:///(app-pages-browser)/./node_modules/next/dist/next-devtools/shared/forward-logs-shared.js:27
[   29055ms] [WARNING] ./components/stats/StatsClient.tsx
Module not found: Can't resolve 'html-to-image' in '/Users/saladin/Developments/interestory/components/stats'

Import trace for requested module:
./components/stats/StatsClient.tsx @ webpack-internal:///(app-pages-browser)/./node_modules/next/dist/next-devtools/shared/forward-logs-shared.js:27
[   29055ms] [LOG] [Fast Refresh] done in 1ms @ webpack-internal:///(app-pages-browser)/./node_modules/next/dist/next-devtools/shared/forward-logs-shared.js:27
[   29090ms] [LOG] [Fast Refresh] rebuilding @ webpack-internal:///(app-pages-browser)/./node_modules/next/dist/next-devtools/shared/forward-logs-shared.js:27
[   29094ms] [WARNING] ./app/page.tsx
Module not found: Can't resolve 'html-to-image' in '/Users/saladin/Developments/interestory/app'

Import trace for requested module:
./app/page.tsx @ webpack-internal:///(app-pages-browser)/./node_modules/next/dist/next-devtools/shared/forward-logs-shared.js:27
[   29094ms] [WARNING] ./components/stats/StatsClient.tsx
Module not found: Can't resolve 'html-to-image' in '/Users/saladin/Developments/interestory/components/stats'

Import trace for requested module:
./components/stats/StatsClient.tsx @ webpack-internal:///(app-pages-browser)/./node_modules/next/dist/next-devtools/shared/forward-logs-shared.js:27
[   29094ms] [LOG] [Fast Refresh] done in 4ms @ webpack-internal:///(app-pages-browser)/./node_modules/next/dist/next-devtools/shared/forward-logs-shared.js:27
[   29114ms] [ERROR] Failed to load resource: the server responded with a status of 500 (Internal Server Error) @ http://localhost:3000/family?_rsc=13zw9:0
[   29179ms] [LOG] [Fast Refresh] rebuilding @ webpack-internal:///(app-pages-browser)/./node_modules/next/dist/next-devtools/shared/forward-logs-shared.js:27
[   29215ms] [WARNING] ./app/page.tsx
Module not found: Can't resolve 'html-to-image' in '/Users/saladin/Developments/interestory/app'

Import trace for requested module:
./app/page.tsx @ webpack-internal:///(app-pages-browser)/./node_modules/next/dist/next-devtools/shared/forward-logs-shared.js:27
[   29215ms] [WARNING] ./components/stats/StatsClient.tsx
Module not found: Can't resolve 'html-to-image' in '/Users/saladin/Developments/interestory/components/stats'

Import trace for requested module:
./components/stats/StatsClient.tsx @ webpack-internal:///(app-pages-browser)/./node_modules/next/dist/next-devtools/shared/forward-logs-shared.js:27
[   29215ms] [LOG] [Fast Refresh] done in 36ms @ webpack-internal:///(app-pages-browser)/./node_modules/next/dist/next-devtools/shared/forward-logs-shared.js:27
[   29271ms] [LOG] [Fast Refresh] rebuilding @ webpack-internal:///(app-pages-browser)/./node_modules/next/dist/next-devtools/shared/forward-logs-shared.js:27
[   29371ms] [WARNING] ./app/page.tsx
Module not found: Can't resolve 'html-to-image' in '/Users/saladin/Developments/interestory/app'

Import trace for requested module:
./app/page.tsx @ webpack-internal:///(app-pages-browser)/./node_modules/next/dist/next-devtools/shared/forward-logs-shared.js:27
[   29371ms] [WARNING] ./components/stats/StatsClient.tsx
Module not found: Can't resolve 'html-to-image' in '/Users/saladin/Developments/interestory/components/stats'

Import trace for requested module:
./components/stats/StatsClient.tsx @ webpack-internal:///(app-pages-browser)/./node_modules/next/dist/next-devtools/shared/forward-logs-shared.js:27
[   29371ms] [LOG] [Fast Refresh] done in 100ms @ webpack-internal:///(app-pages-browser)/./node_modules/next/dist/next-devtools/shared/forward-logs-shared.js:27
[   29419ms] [LOG] [Fast Refresh] rebuilding @ webpack-internal:///(app-pages-browser)/./node_modules/next/dist/next-devtools/shared/forward-logs-shared.js:27
[   29645ms] [WARNING] ./app/page.tsx
Module not found: Can't resolve 'html-to-image' in '/Users/saladin/Developments/interestory/app'

Import trace for requested module:
./app/page.tsx @ webpack-internal:///(app-pages-browser)/./node_modules/next/dist/next-devtools/shared/forward-logs-shared.js:27
[   29645ms] [WARNING] ./components/stats/StatsClient.tsx
Module not found: Can't resolve 'html-to-image' in '/Users/saladin/Developments/interestory/components/stats'

Import trace for requested module:
./components/stats/StatsClient.tsx @ webpack-internal:///(app-pages-browser)/./node_modules/next/dist/next-devtools/shared/forward-logs-shared.js:27
[   29645ms] [LOG] [Fast Refresh] done in 227ms @ webpack-internal:///(app-pages-browser)/./node_modules/next/dist/next-devtools/shared/forward-logs-shared.js:27
[   29701ms] [LOG] [Fast Refresh] rebuilding @ webpack-internal:///(app-pages-browser)/./node_modules/next/dist/next-devtools/shared/forward-logs-shared.js:27
[   29732ms] [WARNING] ./app/page.tsx
Module not found: Can't resolve 'html-to-image' in '/Users/saladin/Developments/interestory/app'

Import trace for requested module:
./app/page.tsx @ webpack-internal:///(app-pages-browser)/./node_modules/next/dist/next-devtools/shared/forward-logs-shared.js:27
[   29733ms] [WARNING] ./components/stats/StatsClient.tsx
Module not found: Can't resolve 'html-to-image' in '/Users/saladin/Developments/interestory/components/stats'

Import trace for requested module:
./components/stats/StatsClient.tsx @ webpack-internal:///(app-pages-browser)/./node_modules/next/dist/next-devtools/shared/forward-logs-shared.js:27
[   29733ms] [LOG] [Fast Refresh] done in 31ms @ webpack-internal:///(app-pages-browser)/./node_modules/next/dist/next-devtools/shared/forward-logs-shared.js:27
[   29846ms] [ERROR] Failed to load resource: the server responded with a status of 500 (Internal Server Error) @ http://localhost:3000/family?_rsc=13zw9:0
[   30018ms] Invalid or unexpected token
[   30473ms] [INFO] %cDownload the React DevTools for a better development experience: https://react.dev/link/react-devtools font-weight:bold @ webpack-internal:///(app-pages-browser)/./node_modules/next/dist/next-devtools/shared/forward-logs-shared.js:27
[   30485ms] [LOG] [HMR] connected @ webpack-internal:///(app-pages-browser)/./node_modules/next/dist/next-devtools/shared/forward-logs-shared.js:27
[   30487ms] [WARNING] ./app/page.tsx
Module not found: Can't resolve 'html-to-image' in '/Users/saladin/Developments/interestory/app' @ webpack-internal:///(app-pages-browser)/./node_modules/next/dist/next-devtools/shared/forward-logs-shared.js:27
[   30487ms] [WARNING] ./components/stats/StatsClient.tsx
Module not found: Can't resolve 'html-to-image' in '/Users/saladin/Developments/interestory/components/stats' @ webpack-internal:///(app-pages-browser)/./node_modules/next/dist/next-devtools/shared/forward-logs-shared.js:27
[   30501ms] [LOG] [Fast Refresh] rebuilding @ webpack-internal:///(app-pages-browser)/./node_modules/next/dist/next-devtools/shared/forward-logs-shared.js:27
[   30616ms] [ERROR] Can't perform a React state update on a component that hasn't mounted yet. This indicates that you have a side-effect in your render function that asynchronously tries to update the component. Move this work to useEffect instead. @ webpack-internal:///(app-pages-browser)/./node_modules/next/dist/next-devtools/userspace/app/errors/intercept-console-error.js:57
[   30618ms] [WARNING] ./app/page.tsx
Module not found: Can't resolve 'html-to-image' in '/Users/saladin/Developments/interestory/app'

Import trace for requested module:
./app/page.tsx @ webpack-internal:///(app-pages-browser)/./node_modules/next/dist/next-devtools/shared/forward-logs-shared.js:27
[   30618ms] [WARNING] ./components/stats/StatsClient.tsx
Module not found: Can't resolve 'html-to-image' in '/Users/saladin/Developments/interestory/components/stats'

Import trace for requested module:
./components/stats/StatsClient.tsx @ webpack-internal:///(app-pages-browser)/./node_modules/next/dist/next-devtools/shared/forward-logs-shared.js:27
[   30619ms] [LOG] [Fast Refresh] rebuilding @ webpack-internal:///(app-pages-browser)/./node_modules/next/dist/next-devtools/shared/forward-logs-shared.js:27
[   30756ms] [WARNING] ./app/page.tsx
Module not found: Can't resolve 'html-to-image' in '/Users/saladin/Developments/interestory/app'

Import trace for requested module:
./app/page.tsx @ webpack-internal:///(app-pages-browser)/./node_modules/next/dist/next-devtools/shared/forward-logs-shared.js:27
[   30756ms] [WARNING] ./components/stats/StatsClient.tsx
Module not found: Can't resolve 'html-to-image' in '/Users/saladin/Developments/interestory/components/stats'

Import trace for requested module:
./components/stats/StatsClient.tsx @ webpack-internal:///(app-pages-browser)/./node_modules/next/dist/next-devtools/shared/forward-logs-shared.js:27
[   30756ms] [LOG] [Fast Refresh] done in 137ms @ webpack-internal:///(app-pages-browser)/./node_modules/next/dist/next-devtools/shared/forward-logs-shared.js:27
[   30758ms] [LOG] [Fast Refresh] rebuilding @ webpack-internal:///(app-pages-browser)/./node_modules/next/dist/next-devtools/shared/forward-logs-shared.js:27
[   30765ms] [LOG] [Fast Refresh] done in 7ms @ webpack-internal:///(app-pages-browser)/./node_modules/next/dist/next-devtools/shared/forward-logs-shared.js:27
[   30935ms] [WARNING] ./app/page.tsx
Module not found: Can't resolve 'html-to-image' in '/Users/saladin/Developments/interestory/app'

Import trace for requested module:
./app/page.tsx @ webpack-internal:///(app-pages-browser)/./node_modules/next/dist/next-devtools/shared/forward-logs-shared.js:27
[   30935ms] [WARNING] ./components/stats/StatsClient.tsx
Module not found: Can't resolve 'html-to-image' in '/Users/saladin/Developments/interestory/components/stats'

Import trace for requested module:
./components/stats/StatsClient.tsx @ webpack-internal:///(app-pages-browser)/./node_modules/next/dist/next-devtools/shared/forward-logs-shared.js:27
[   30937ms] [LOG] [Fast Refresh] rebuilding @ webpack-internal:///(app-pages-browser)/./node_modules/next/dist/next-devtools/shared/forward-logs-shared.js:27
[   30947ms] [LOG] [Fast Refresh] done in 11ms @ webpack-internal:///(app-pages-browser)/./node_modules/next/dist/next-devtools/shared/forward-logs-shared.js:27
[   31040ms] [WARNING] ./app/page.tsx
Module not found: Can't resolve 'html-to-image' in '/Users/saladin/Developments/interestory/app'

Import trace for requested module:
./app/page.tsx @ webpack-internal:///(app-pages-browser)/./node_modules/next/dist/next-devtools/shared/forward-logs-shared.js:27
[   31040ms] [WARNING] ./components/stats/StatsClient.tsx
Module not found: Can't resolve 'html-to-image' in '/Users/saladin/Developments/interestory/components/stats'

Import trace for requested module:
./components/stats/StatsClient.tsx @ webpack-internal:///(app-pages-browser)/./node_modules/next/dist/next-devtools/shared/forward-logs-shared.js:27
[   31042ms] [LOG] [Fast Refresh] rebuilding @ webpack-internal:///(app-pages-browser)/./node_modules/next/dist/next-devtools/shared/forward-logs-shared.js:27
[   31046ms] [LOG] [Fast Refresh] done in 4ms @ webpack-internal:///(app-pages-browser)/./node_modules/next/dist/next-devtools/shared/forward-logs-shared.js:27
[   31164ms] [WARNING] ./app/page.tsx
Module not found: Can't resolve 'html-to-image' in '/Users/saladin/Developments/interestory/app'

Import trace for requested module:
./app/page.tsx @ webpack-internal:///(app-pages-browser)/./node_modules/next/dist/next-devtools/shared/forward-logs-shared.js:27
[   31164ms] [WARNING] ./components/stats/StatsClient.tsx
Module not found: Can't resolve 'html-to-image' in '/Users/saladin/Developments/interestory/components/stats'

Import trace for requested module:
./components/stats/StatsClient.tsx @ webpack-internal:///(app-pages-browser)/./node_modules/next/dist/next-devtools/shared/forward-logs-shared.js:27
[   31166ms] [LOG] [Fast Refresh] rebuilding @ webpack-internal:///(app-pages-browser)/./node_modules/next/dist/next-devtools/shared/forward-logs-shared.js:27
[   31170ms] [LOG] [Fast Refresh] done in 4ms @ webpack-internal:///(app-pages-browser)/./node_modules/next/dist/next-devtools/shared/forward-logs-shared.js:27
[   31260ms] [WARNING] ./app/page.tsx
Module not found: Can't resolve 'html-to-image' in '/Users/saladin/Developments/interestory/app'

Import trace for requested module:
./app/page.tsx @ webpack-internal:///(app-pages-browser)/./node_modules/next/dist/next-devtools/shared/forward-logs-shared.js:27
[   31260ms] [WARNING] ./components/stats/StatsClient.tsx
Module not found: Can't resolve 'html-to-image' in '/Users/saladin/Developments/interestory/components/stats'

Import trace for requested module:
./components/stats/StatsClient.tsx @ webpack-internal:///(app-pages-browser)/./node_modules/next/dist/next-devtools/shared/forward-logs-shared.js:27
[   31262ms] [LOG] [Fast Refresh] rebuilding @ webpack-internal:///(app-pages-browser)/./node_modules/next/dist/next-devtools/shared/forward-logs-shared.js:27
[   31267ms] [LOG] [Fast Refresh] done in 4ms @ webpack-internal:///(app-pages-browser)/./node_modules/next/dist/next-devtools/shared/forward-logs-shared.js:27
[   31392ms] [WARNING] ./app/page.tsx
Module not found: Can't resolve 'html-to-image' in '/Users/saladin/Developments/interestory/app'

Import trace for requested module:
./app/page.tsx @ webpack-internal:///(app-pages-browser)/./node_modules/next/dist/next-devtools/shared/forward-logs-shared.js:27
[   31392ms] [WARNING] ./components/stats/StatsClient.tsx
Module not found: Can't resolve 'html-to-image' in '/Users/saladin/Developments/interestory/components/stats'

Import trace for requested module:
./components/stats/StatsClient.tsx @ webpack-internal:///(app-pages-browser)/./node_modules/next/dist/next-devtools/shared/forward-logs-shared.js:27
[   31394ms] [LOG] [Fast Refresh] rebuilding @ webpack-internal:///(app-pages-browser)/./node_modules/next/dist/next-devtools/shared/forward-logs-shared.js:27
[   31411ms] [LOG] [Fast Refresh] done in 17ms @ webpack-internal:///(app-pages-browser)/./node_modules/next/dist/next-devtools/shared/forward-logs-shared.js:27
[   31525ms] [WARNING] ./app/page.tsx
Module not found: Can't resolve 'html-to-image' in '/Users/saladin/Developments/interestory/app'

Import trace for requested module:
./app/page.tsx @ webpack-internal:///(app-pages-browser)/./node_modules/next/dist/next-devtools/shared/forward-logs-shared.js:27
[   31525ms] [WARNING] ./components/stats/StatsClient.tsx
Module not found: Can't resolve 'html-to-image' in '/Users/saladin/Developments/interestory/components/stats'

Import trace for requested module:
./components/stats/StatsClient.tsx @ webpack-internal:///(app-pages-browser)/./node_modules/next/dist/next-devtools/shared/forward-logs-shared.js:27
[   31527ms] [LOG] [Fast Refresh] rebuilding @ webpack-internal:///(app-pages-browser)/./node_modules/next/dist/next-devtools/shared/forward-logs-shared.js:27
[   31536ms] [LOG] [Fast Refresh] done in 8ms @ webpack-internal:///(app-pages-browser)/./node_modules/next/dist/next-devtools/shared/forward-logs-shared.js:27
[   31630ms] [WARNING] ./app/page.tsx
Module not found: Can't resolve 'html-to-image' in '/Users/saladin/Developments/interestory/app'

Import trace for requested module:
./app/page.tsx @ webpack-internal:///(app-pages-browser)/./node_modules/next/dist/next-devtools/shared/forward-logs-shared.js:27
[   31630ms] [WARNING] ./components/stats/StatsClient.tsx
Module not found: Can't resolve 'html-to-image' in '/Users/saladin/Developments/interestory/components/stats'

Import trace for requested module:
./components/stats/StatsClient.tsx @ webpack-internal:///(app-pages-browser)/./node_modules/next/dist/next-devtools/shared/forward-logs-shared.js:27
[   31630ms] [LOG] [Fast Refresh] rebuilding @ webpack-internal:///(app-pages-browser)/./node_modules/next/dist/next-devtools/shared/forward-logs-shared.js:27
[   31643ms] [LOG] [Fast Refresh] done in 13ms @ webpack-internal:///(app-pages-browser)/./node_modules/next/dist/next-devtools/shared/forward-logs-shared.js:27
[   31784ms] [WARNING] ./app/page.tsx
Module not found: Can't resolve 'html-to-image' in '/Users/saladin/Developments/interestory/app'

Import trace for requested module:
./app/page.tsx @ webpack-internal:///(app-pages-browser)/./node_modules/next/dist/next-devtools/shared/forward-logs-shared.js:27
[   31784ms] [WARNING] ./components/stats/StatsClient.tsx
Module not found: Can't resolve 'html-to-image' in '/Users/saladin/Developments/interestory/components/stats'

Import trace for requested module:
./components/stats/StatsClient.tsx @ webpack-internal:///(app-pages-browser)/./node_modules/next/dist/next-devtools/shared/forward-logs-shared.js:27
[   31787ms] [LOG] [Fast Refresh] rebuilding @ webpack-internal:///(app-pages-browser)/./node_modules/next/dist/next-devtools/shared/forward-logs-shared.js:27
[   31805ms] [LOG] [Fast Refresh] done in 19ms @ webpack-internal:///(app-pages-browser)/./node_modules/next/dist/next-devtools/shared/forward-logs-shared.js:27
[   32058ms] [WARNING] ./app/page.tsx
Module not found: Can't resolve 'html-to-image' in '/Users/saladin/Developments/interestory/app'

Import trace for requested module:
./app/page.tsx @ webpack-internal:///(app-pages-browser)/./node_modules/next/dist/next-devtools/shared/forward-logs-shared.js:27
[   32058ms] [WARNING] ./components/stats/StatsClient.tsx
Module not found: Can't resolve 'html-to-image' in '/Users/saladin/Developments/interestory/components/stats'

Import trace for requested module:
./components/stats/StatsClient.tsx @ webpack-internal:///(app-pages-browser)/./node_modules/next/dist/next-devtools/shared/forward-logs-shared.js:27
[   32061ms] [LOG] [Fast Refresh] rebuilding @ webpack-internal:///(app-pages-browser)/./node_modules/next/dist/next-devtools/shared/forward-logs-shared.js:27
[   32149ms] [LOG] [Fast Refresh] done in 88ms @ webpack-internal:///(app-pages-browser)/./node_modules/next/dist/next-devtools/shared/forward-logs-shared.js:27
[   32263ms] [WARNING] ./app/page.tsx
Module not found: Can't resolve 'html-to-image' in '/Users/saladin/Developments/interestory/app'

Import trace for requested module:
./app/page.tsx @ webpack-internal:///(app-pages-browser)/./node_modules/next/dist/next-devtools/shared/forward-logs-shared.js:27
[   32263ms] [WARNING] ./components/stats/StatsClient.tsx
Module not found: Can't resolve 'html-to-image' in '/Users/saladin/Developments/interestory/components/stats'

Import trace for requested module:
./components/stats/StatsClient.tsx @ webpack-internal:///(app-pages-browser)/./node_modules/next/dist/next-devtools/shared/forward-logs-shared.js:27
[   32265ms] [LOG] [Fast Refresh] rebuilding @ webpack-internal:///(app-pages-browser)/./node_modules/next/dist/next-devtools/shared/forward-logs-shared.js:27
[   32269ms] [LOG] [Fast Refresh] done in 5ms @ webpack-internal:///(app-pages-browser)/./node_modules/next/dist/next-devtools/shared/forward-logs-shared.js:27
[   32397ms] [WARNING] ./app/page.tsx
Module not found: Can't resolve 'html-to-image' in '/Users/saladin/Developments/interestory/app'

Import trace for requested module:
./app/page.tsx @ webpack-internal:///(app-pages-browser)/./node_modules/next/dist/next-devtools/shared/forward-logs-shared.js:27
[   32397ms] [WARNING] ./components/stats/StatsClient.tsx
Module not found: Can't resolve 'html-to-image' in '/Users/saladin/Developments/interestory/components/stats'

Import trace for requested module:
./components/stats/StatsClient.tsx @ webpack-internal:///(app-pages-browser)/./node_modules/next/dist/next-devtools/shared/forward-logs-shared.js:27
[   32399ms] [LOG] [Fast Refresh] rebuilding @ webpack-internal:///(app-pages-browser)/./node_modules/next/dist/next-devtools/shared/forward-logs-shared.js:27
[   32413ms] [LOG] [Fast Refresh] done in 14ms @ webpack-internal:///(app-pages-browser)/./node_modules/next/dist/next-devtools/shared/forward-logs-shared.js:27
[   32502ms] [WARNING] ./app/page.tsx
Module not found: Can't resolve 'html-to-image' in '/Users/saladin/Developments/interestory/app'

Import trace for requested module:
./app/page.tsx @ webpack-internal:///(app-pages-browser)/./node_modules/next/dist/next-devtools/shared/forward-logs-shared.js:27
[   32502ms] [WARNING] ./components/stats/StatsClient.tsx
Module not found: Can't resolve 'html-to-image' in '/Users/saladin/Developments/interestory/components/stats'

Import trace for requested module:
./components/stats/StatsClient.tsx @ webpack-internal:///(app-pages-browser)/./node_modules/next/dist/next-devtools/shared/forward-logs-shared.js:27
[   32503ms] [LOG] [Fast Refresh] rebuilding @ webpack-internal:///(app-pages-browser)/./node_modules/next/dist/next-devtools/shared/forward-logs-shared.js:27
[   32613ms] [LOG] [Fast Refresh] done in 110ms @ webpack-internal:///(app-pages-browser)/./node_modules/next/dist/next-devtools/shared/forward-logs-shared.js:27
[   32640ms] [WARNING] ./app/page.tsx
Module not found: Can't resolve 'html-to-image' in '/Users/saladin/Developments/interestory/app'

Import trace for requested module:
./app/page.tsx @ webpack-internal:///(app-pages-browser)/./node_modules/next/dist/next-devtools/shared/forward-logs-shared.js:27
[   32640ms] [WARNING] ./components/stats/StatsClient.tsx
Module not found: Can't resolve 'html-to-image' in '/Users/saladin/Developments/interestory/components/stats'

Import trace for requested module:
./components/stats/StatsClient.tsx @ webpack-internal:///(app-pages-browser)/./node_modules/next/dist/next-devtools/shared/forward-logs-shared.js:27
[   32644ms] [LOG] [Fast Refresh] rebuilding @ webpack-internal:///(app-pages-browser)/./node_modules/next/dist/next-devtools/shared/forward-logs-shared.js:27
[   32777ms] [WARNING] ./app/page.tsx
Module not found: Can't resolve 'html-to-image' in '/Users/saladin/Developments/interestory/app'

Import trace for requested module:
./app/page.tsx @ webpack-internal:///(app-pages-browser)/./node_modules/next/dist/next-devtools/shared/forward-logs-shared.js:27
[   32777ms] [WARNING] ./components/stats/StatsClient.tsx
Module not found: Can't resolve 'html-to-image' in '/Users/saladin/Developments/interestory/components/stats'

Import trace for requested module:
./components/stats/StatsClient.tsx @ webpack-internal:///(app-pages-browser)/./node_modules/next/dist/next-devtools/shared/forward-logs-shared.js:27
[   32778ms] [LOG] [Fast Refresh] done in 134ms @ webpack-internal:///(app-pages-browser)/./node_modules/next/dist/next-devtools/shared/forward-logs-shared.js:27
[   32780ms] [LOG] [Fast Refresh] rebuilding @ webpack-internal:///(app-pages-browser)/./node_modules/next/dist/next-devtools/shared/forward-logs-shared.js:27
[   32879ms] [WARNING] ./app/page.tsx
Module not found: Can't resolve 'html-to-image' in '/Users/saladin/Developments/interestory/app'

Import trace for requested module:
./app/page.tsx @ webpack-internal:///(app-pages-browser)/./node_modules/next/dist/next-devtools/shared/forward-logs-shared.js:27
[   32879ms] [WARNING] ./components/stats/StatsClient.tsx
Module not found: Can't resolve 'html-to-image' in '/Users/saladin/Developments/interestory/components/stats'

Import trace for requested module:
./components/stats/StatsClient.tsx @ webpack-internal:///(app-pages-browser)/./node_modules/next/dist/next-devtools/shared/forward-logs-shared.js:27
[   32879ms] [LOG] [Fast Refresh] done in 99ms @ webpack-internal:///(app-pages-browser)/./node_modules/next/dist/next-devtools/shared/forward-logs-shared.js:27
[   32881ms] [LOG] [Fast Refresh] rebuilding @ webpack-internal:///(app-pages-browser)/./node_modules/next/dist/next-devtools/shared/forward-logs-shared.js:27
[   33029ms] [WARNING] ./app/page.tsx
Module not found: Can't resolve 'html-to-image' in '/Users/saladin/Developments/interestory/app'

Import trace for requested module:
./app/page.tsx @ webpack-internal:///(app-pages-browser)/./node_modules/next/dist/next-devtools/shared/forward-logs-shared.js:27
[   33029ms] [WARNING] ./components/stats/StatsClient.tsx
Module not found: Can't resolve 'html-to-image' in '/Users/saladin/Developments/interestory/components/stats'

Import trace for requested module:
./components/stats/StatsClient.tsx @ webpack-internal:///(app-pages-browser)/./node_modules/next/dist/next-devtools/shared/forward-logs-shared.js:27
[   33029ms] [LOG] [Fast Refresh] done in 147ms @ webpack-internal:///(app-pages-browser)/./node_modules/next/dist/next-devtools/shared/forward-logs-shared.js:27
[   33030ms] [LOG] [Fast Refresh] rebuilding @ webpack-internal:///(app-pages-browser)/./node_modules/next/dist/next-devtools/shared/forward-logs-shared.js:27
[   33169ms] [WARNING] ./app/page.tsx
Module not found: Can't resolve 'html-to-image' in '/Users/saladin/Developments/interestory/app'

Import trace for requested module:
./app/page.tsx @ webpack-internal:///(app-pages-browser)/./node_modules/next/dist/next-devtools/shared/forward-logs-shared.js:27
[   33169ms] [WARNING] ./components/stats/StatsClient.tsx
Module not found: Can't resolve 'html-to-image' in '/Users/saladin/Developments/interestory/components/stats'

Import trace for requested module:
./components/stats/StatsClient.tsx @ webpack-internal:///(app-pages-browser)/./node_modules/next/dist/next-devtools/shared/forward-logs-shared.js:27
[   33169ms] [LOG] [Fast Refresh] done in 139ms @ webpack-internal:///(app-pages-browser)/./node_modules/next/dist/next-devtools/shared/forward-logs-shared.js:27
[   33171ms] [LOG] [Fast Refresh] rebuilding @ webpack-internal:///(app-pages-browser)/./node_modules/next/dist/next-devtools/shared/forward-logs-shared.js:27
[   33294ms] [WARNING] ./app/page.tsx
Module not found: Can't resolve 'html-to-image' in '/Users/saladin/Developments/interestory/app'

Import trace for requested module:
./app/page.tsx @ webpack-internal:///(app-pages-browser)/./node_modules/next/dist/next-devtools/shared/forward-logs-shared.js:27
[   33294ms] [WARNING] ./components/stats/StatsClient.tsx
Module not found: Can't resolve 'html-to-image' in '/Users/saladin/Developments/interestory/components/stats'

Import trace for requested module:
./components/stats/StatsClient.tsx @ webpack-internal:///(app-pages-browser)/./node_modules/next/dist/next-devtools/shared/forward-logs-shared.js:27
[   33294ms] [LOG] [Fast Refresh] done in 124ms @ webpack-internal:///(app-pages-browser)/./node_modules/next/dist/next-devtools/shared/forward-logs-shared.js:27
[   33296ms] [LOG] [Fast Refresh] rebuilding @ webpack-internal:///(app-pages-browser)/./node_modules/next/dist/next-devtools/shared/forward-logs-shared.js:27
[   33396ms] [WARNING] ./app/page.tsx
Module not found: Can't resolve 'html-to-image' in '/Users/saladin/Developments/interestory/app'

Import trace for requested module:
./app/page.tsx @ webpack-internal:///(app-pages-browser)/./node_modules/next/dist/next-devtools/shared/forward-logs-shared.js:27
[   33396ms] [WARNING] ./components/stats/StatsClient.tsx
Module not found: Can't resolve 'html-to-image' in '/Users/saladin/Developments/interestory/components/stats'

Import trace for requested module:
./components/stats/StatsClient.tsx @ webpack-internal:///(app-pages-browser)/./node_modules/next/dist/next-devtools/shared/forward-logs-shared.js:27
[   33396ms] [LOG] [Fast Refresh] done in 100ms @ webpack-internal:///(app-pages-browser)/./node_modules/next/dist/next-devtools/shared/forward-logs-shared.js:27
[   33398ms] [LOG] [Fast Refresh] rebuilding @ webpack-internal:///(app-pages-browser)/./node_modules/next/dist/next-devtools/shared/forward-logs-shared.js:27
[   33542ms] [WARNING] ./app/page.tsx
Module not found: Can't resolve 'html-to-image' in '/Users/saladin/Developments/interestory/app'

Import trace for requested module:
./app/page.tsx @ webpack-internal:///(app-pages-browser)/./node_modules/next/dist/next-devtools/shared/forward-logs-shared.js:27
[   33542ms] [WARNING] ./components/stats/StatsClient.tsx
Module not found: Can't resolve 'html-to-image' in '/Users/saladin/Developments/interestory/components/stats'

Import trace for requested module:
./components/stats/StatsClient.tsx @ webpack-internal:///(app-pages-browser)/./node_modules/next/dist/next-devtools/shared/forward-logs-shared.js:27
[   33542ms] [LOG] [Fast Refresh] done in 145ms @ webpack-internal:///(app-pages-browser)/./node_modules/next/dist/next-devtools/shared/forward-logs-shared.js:27
[   33546ms] [LOG] [Fast Refresh] rebuilding @ webpack-internal:///(app-pages-browser)/./node_modules/next/dist/next-devtools/shared/forward-logs-shared.js:27
[   33642ms] [WARNING] ./app/page.tsx
Module not found: Can't resolve 'html-to-image' in '/Users/saladin/Developments/interestory/app'

Import trace for requested module:
./app/page.tsx @ webpack-internal:///(app-pages-browser)/./node_modules/next/dist/next-devtools/shared/forward-logs-shared.js:27
[   33642ms] [WARNING] ./components/stats/StatsClient.tsx
Module not found: Can't resolve 'html-to-image' in '/Users/saladin/Developments/interestory/components/stats'

Import trace for requested module:
./components/stats/StatsClient.tsx @ webpack-internal:///(app-pages-browser)/./node_modules/next/dist/next-devtools/shared/forward-logs-shared.js:27
[   33642ms] [LOG] [Fast Refresh] done in 96ms @ webpack-internal:///(app-pages-browser)/./node_modules/next/dist/next-devtools/shared/forward-logs-shared.js:27
[   33645ms] [LOG] [Fast Refresh] rebuilding @ webpack-internal:///(app-pages-browser)/./node_modules/next/dist/next-devtools/shared/forward-logs-shared.js:27
[   33771ms] [WARNING] ./app/page.tsx
Module not found: Can't resolve 'html-to-image' in '/Users/saladin/Developments/interestory/app'

Import trace for requested module:
./app/page.tsx @ webpack-internal:///(app-pages-browser)/./node_modules/next/dist/next-devtools/shared/forward-logs-shared.js:27
[   33771ms] [WARNING] ./components/stats/StatsClient.tsx
Module not found: Can't resolve 'html-to-image' in '/Users/saladin/Developments/interestory/components/stats'

Import trace for requested module:
./components/stats/StatsClient.tsx @ webpack-internal:///(app-pages-browser)/./node_modules/next/dist/next-devtools/shared/forward-logs-shared.js:27
[   33771ms] [LOG] [Fast Refresh] done in 127ms @ webpack-internal:///(app-pages-browser)/./node_modules/next/dist/next-devtools/shared/forward-logs-shared.js:27
[   33773ms] [LOG] [Fast Refresh] rebuilding @ webpack-internal:///(app-pages-browser)/./node_modules/next/dist/next-devtools/shared/forward-logs-shared.js:27
[   33912ms] [WARNING] ./app/page.tsx
Module not found: Can't resolve 'html-to-image' in '/Users/saladin/Developments/interestory/app'

Import trace for requested module:
./app/page.tsx @ webpack-internal:///(app-pages-browser)/./node_modules/next/dist/next-devtools/shared/forward-logs-shared.js:27
[   33912ms] [WARNING] ./components/stats/StatsClient.tsx
Module not found: Can't resolve 'html-to-image' in '/Users/saladin/Developments/interestory/components/stats'

Import trace for requested module:
./components/stats/StatsClient.tsx @ webpack-internal:///(app-pages-browser)/./node_modules/next/dist/next-devtools/shared/forward-logs-shared.js:27
[   33912ms] [LOG] [Fast Refresh] done in 139ms @ webpack-internal:///(app-pages-browser)/./node_modules/next/dist/next-devtools/shared/forward-logs-shared.js:27
[   33930ms] [LOG] [Fast Refresh] rebuilding @ webpack-internal:///(app-pages-browser)/./node_modules/next/dist/next-devtools/shared/forward-logs-shared.js:27
[   34045ms] [WARNING] ./app/page.tsx
Module not found: Can't resolve 'html-to-image' in '/Users/saladin/Developments/interestory/app'

Import trace for requested module:
./app/page.tsx @ webpack-internal:///(app-pages-browser)/./node_modules/next/dist/next-devtools/shared/forward-logs-shared.js:27
[   34045ms] [WARNING] ./components/stats/StatsClient.tsx
Module not found: Can't resolve 'html-to-image' in '/Users/saladin/Developments/interestory/components/stats'

Import trace for requested module:
./components/stats/StatsClient.tsx @ webpack-internal:///(app-pages-browser)/./node_modules/next/dist/next-devtools/shared/forward-logs-shared.js:27
[   34045ms] [LOG] [Fast Refresh] done in 116ms @ webpack-internal:///(app-pages-browser)/./node_modules/next/dist/next-devtools/shared/forward-logs-shared.js:27
[   34047ms] [LOG] [Fast Refresh] rebuilding @ webpack-internal:///(app-pages-browser)/./node_modules/next/dist/next-devtools/shared/forward-logs-shared.js:27
[   34148ms] [WARNING] ./app/page.tsx
Module not found: Can't resolve 'html-to-image' in '/Users/saladin/Developments/interestory/app'

Import trace for requested module:
./app/page.tsx @ webpack-internal:///(app-pages-browser)/./node_modules/next/dist/next-devtools/shared/forward-logs-shared.js:27
[   34148ms] [WARNING] ./components/stats/StatsClient.tsx
Module not found: Can't resolve 'html-to-image' in '/Users/saladin/Developments/interestory/components/stats'

Import trace for requested module:
./components/stats/StatsClient.tsx @ webpack-internal:///(app-pages-browser)/./node_modules/next/dist/next-devtools/shared/forward-logs-shared.js:27
[   34148ms] [LOG] [Fast Refresh] done in 101ms @ webpack-internal:///(app-pages-browser)/./node_modules/next/dist/next-devtools/shared/forward-logs-shared.js:27
[   34150ms] [LOG] [Fast Refresh] rebuilding @ webpack-internal:///(app-pages-browser)/./node_modules/next/dist/next-devtools/shared/forward-logs-shared.js:27
[   34281ms] [WARNING] ./app/page.tsx
Module not found: Can't resolve 'html-to-image' in '/Users/saladin/Developments/interestory/app'

Import trace for requested module:
./app/page.tsx @ webpack-internal:///(app-pages-browser)/./node_modules/next/dist/next-devtools/shared/forward-logs-shared.js:27
[   34281ms] [WARNING] ./components/stats/StatsClient.tsx
Module not found: Can't resolve 'html-to-image' in '/Users/saladin/Developments/interestory/components/stats'

Import trace for requested module:
./components/stats/StatsClient.tsx @ webpack-internal:///(app-pages-browser)/./node_modules/next/dist/next-devtools/shared/forward-logs-shared.js:27
[   34281ms] [LOG] [Fast Refresh] done in 131ms @ webpack-internal:///(app-pages-browser)/./node_modules/next/dist/next-devtools/shared/forward-logs-shared.js:27
[   34282ms] [LOG] [Fast Refresh] rebuilding @ webpack-internal:///(app-pages-browser)/./node_modules/next/dist/next-devtools/shared/forward-logs-shared.js:27
[   34383ms] [WARNING] ./app/page.tsx
Module not found: Can't resolve 'html-to-image' in '/Users/saladin/Developments/interestory/app'

Import trace for requested module:
./app/page.tsx @ webpack-internal:///(app-pages-browser)/./node_modules/next/dist/next-devtools/shared/forward-logs-shared.js:27
[   34383ms] [WARNING] ./components/stats/StatsClient.tsx
Module not found: Can't resolve 'html-to-image' in '/Users/saladin/Developments/interestory/components/stats'

Import trace for requested module:
./components/stats/StatsClient.tsx @ webpack-internal:///(app-pages-browser)/./node_modules/next/dist/next-devtools/shared/forward-logs-shared.js:27
[   34383ms] [LOG] [Fast Refresh] done in 100ms @ webpack-internal:///(app-pages-browser)/./node_modules/next/dist/next-devtools/shared/forward-logs-shared.js:27
[   34384ms] [LOG] [Fast Refresh] rebuilding @ webpack-internal:///(app-pages-browser)/./node_modules/next/dist/next-devtools/shared/forward-logs-shared.js:27
[   34519ms] [WARNING] ./app/page.tsx
Module not found: Can't resolve 'html-to-image' in '/Users/saladin/Developments/interestory/app'

Import trace for requested module:
./app/page.tsx @ webpack-internal:///(app-pages-browser)/./node_modules/next/dist/next-devtools/shared/forward-logs-shared.js:27
[   34519ms] [WARNING] ./components/stats/StatsClient.tsx
Module not found: Can't resolve 'html-to-image' in '/Users/saladin/Developments/interestory/components/stats'

Import trace for requested module:
./components/stats/StatsClient.tsx @ webpack-internal:///(app-pages-browser)/./node_modules/next/dist/next-devtools/shared/forward-logs-shared.js:27
[   34519ms] [LOG] [Fast Refresh] done in 134ms @ webpack-internal:///(app-pages-browser)/./node_modules/next/dist/next-devtools/shared/forward-logs-shared.js:27
[   34520ms] [LOG] [Fast Refresh] rebuilding @ webpack-internal:///(app-pages-browser)/./node_modules/next/dist/next-devtools/shared/forward-logs-shared.js:27
[   34646ms] [WARNING] ./app/page.tsx
Module not found: Can't resolve 'html-to-image' in '/Users/saladin/Developments/interestory/app'

Import trace for requested module:
./app/page.tsx @ webpack-internal:///(app-pages-browser)/./node_modules/next/dist/next-devtools/shared/forward-logs-shared.js:27
[   34646ms] [WARNING] ./components/stats/StatsClient.tsx
Module not found: Can't resolve 'html-to-image' in '/Users/saladin/Developments/interestory/components/stats'

Import trace for requested module:
./components/stats/StatsClient.tsx @ webpack-internal:///(app-pages-browser)/./node_modules/next/dist/next-devtools/shared/forward-logs-shared.js:27
[   34646ms] [LOG] [Fast Refresh] done in 126ms @ webpack-internal:///(app-pages-browser)/./node_modules/next/dist/next-devtools/shared/forward-logs-shared.js:27
[   34648ms] [LOG] [Fast Refresh] rebuilding @ webpack-internal:///(app-pages-browser)/./node_modules/next/dist/next-devtools/shared/forward-logs-shared.js:27
[   34745ms] [WARNING] ./app/page.tsx
Module not found: Can't resolve 'html-to-image' in '/Users/saladin/Developments/interestory/app'

Import trace for requested module:
./app/page.tsx @ webpack-internal:///(app-pages-browser)/./node_modules/next/dist/next-devtools/shared/forward-logs-shared.js:27
[   34745ms] [WARNING] ./components/stats/StatsClient.tsx
Module not found: Can't resolve 'html-to-image' in '/Users/saladin/Developments/interestory/components/stats'

Import trace for requested module:
./components/stats/StatsClient.tsx @ webpack-internal:///(app-pages-browser)/./node_modules/next/dist/next-devtools/shared/forward-logs-shared.js:27
[   34746ms] [LOG] [Fast Refresh] done in 98ms @ webpack-internal:///(app-pages-browser)/./node_modules/next/dist/next-devtools/shared/forward-logs-shared.js:27
[   34747ms] [LOG] [Fast Refresh] rebuilding @ webpack-internal:///(app-pages-browser)/./node_modules/next/dist/next-devtools/shared/forward-logs-shared.js:27
[   34874ms] [WARNING] ./app/page.tsx
Module not found: Can't resolve 'html-to-image' in '/Users/saladin/Developments/interestory/app'

Import trace for requested module:
./app/page.tsx @ webpack-internal:///(app-pages-browser)/./node_modules/next/dist/next-devtools/shared/forward-logs-shared.js:27
[   34874ms] [WARNING] ./components/stats/StatsClient.tsx
Module not found: Can't resolve 'html-to-image' in '/Users/saladin/Developments/interestory/components/stats'

Import trace for requested module:
./components/stats/StatsClient.tsx @ webpack-internal:///(app-pages-browser)/./node_modules/next/dist/next-devtools/shared/forward-logs-shared.js:27
[   34874ms] [LOG] [Fast Refresh] done in 126ms @ webpack-internal:///(app-pages-browser)/./node_modules/next/dist/next-devtools/shared/forward-logs-shared.js:27
[   34875ms] [LOG] [Fast Refresh] rebuilding @ webpack-internal:///(app-pages-browser)/./node_modules/next/dist/next-devtools/shared/forward-logs-shared.js:27
[   34973ms] [WARNING] ./app/page.tsx
Module not found: Can't resolve 'html-to-image' in '/Users/saladin/Developments/interestory/app'

Import trace for requested module:
./app/page.tsx @ webpack-internal:///(app-pages-browser)/./node_modules/next/dist/next-devtools/shared/forward-logs-shared.js:27
[   34973ms] [WARNING] ./components/stats/StatsClient.tsx
Module not found: Can't resolve 'html-to-image' in '/Users/saladin/Developments/interestory/components/stats'

Import trace for requested module:
./components/stats/StatsClient.tsx @ webpack-internal:///(app-pages-browser)/./node_modules/next/dist/next-devtools/shared/forward-logs-shared.js:27
[   34973ms] [LOG] [Fast Refresh] done in 98ms @ webpack-internal:///(app-pages-browser)/./node_modules/next/dist/next-devtools/shared/forward-logs-shared.js:27
[   34975ms] [LOG] [Fast Refresh] rebuilding @ webpack-internal:///(app-pages-browser)/./node_modules/next/dist/next-devtools/shared/forward-logs-shared.js:27
[   35108ms] [WARNING] ./app/page.tsx
Module not found: Can't resolve 'html-to-image' in '/Users/saladin/Developments/interestory/app'

Import trace for requested module:
./app/page.tsx @ webpack-internal:///(app-pages-browser)/./node_modules/next/dist/next-devtools/shared/forward-logs-shared.js:27
[   35108ms] [WARNING] ./components/stats/StatsClient.tsx
Module not found: Can't resolve 'html-to-image' in '/Users/saladin/Developments/interestory/components/stats'

Import trace for requested module:
./components/stats/StatsClient.tsx @ webpack-internal:///(app-pages-browser)/./node_modules/next/dist/next-devtools/shared/forward-logs-shared.js:27
[   35108ms] [LOG] [Fast Refresh] done in 133ms @ webpack-internal:///(app-pages-browser)/./node_modules/next/dist/next-devtools/shared/forward-logs-shared.js:27
[   35109ms] [LOG] [Fast Refresh] rebuilding @ webpack-internal:///(app-pages-browser)/./node_modules/next/dist/next-devtools/shared/forward-logs-shared.js:27
[   35206ms] [WARNING] ./app/page.tsx
Module not found: Can't resolve 'html-to-image' in '/Users/saladin/Developments/interestory/app'

Import trace for requested module:
./app/page.tsx @ webpack-internal:///(app-pages-browser)/./node_modules/next/dist/next-devtools/shared/forward-logs-shared.js:27
[   35206ms] [WARNING] ./components/stats/StatsClient.tsx
Module not found: Can't resolve 'html-to-image' in '/Users/saladin/Developments/interestory/components/stats'

Import trace for requested module:
./components/stats/StatsClient.tsx @ webpack-internal:///(app-pages-browser)/./node_modules/next/dist/next-devtools/shared/forward-logs-shared.js:27
[   35206ms] [LOG] [Fast Refresh] done in 97ms @ webpack-internal:///(app-pages-browser)/./node_modules/next/dist/next-devtools/shared/forward-logs-shared.js:27
[   35207ms] [LOG] [Fast Refresh] rebuilding @ webpack-internal:///(app-pages-browser)/./node_modules/next/dist/next-devtools/shared/forward-logs-shared.js:27
[   35345ms] [WARNING] ./app/page.tsx
Module not found: Can't resolve 'html-to-image' in '/Users/saladin/Developments/interestory/app'

Import trace for requested module:
./app/page.tsx @ webpack-internal:///(app-pages-browser)/./node_modules/next/dist/next-devtools/shared/forward-logs-shared.js:27
[   35346ms] [WARNING] ./components/stats/StatsClient.tsx
Module not found: Can't resolve 'html-to-image' in '/Users/saladin/Developments/interestory/components/stats'

Import trace for requested module:
./components/stats/StatsClient.tsx @ webpack-internal:///(app-pages-browser)/./node_modules/next/dist/next-devtools/shared/forward-logs-shared.js:27
[   35346ms] [LOG] [Fast Refresh] done in 138ms @ webpack-internal:///(app-pages-browser)/./node_modules/next/dist/next-devtools/shared/forward-logs-shared.js:27
[   35349ms] [LOG] [Fast Refresh] rebuilding @ webpack-internal:///(app-pages-browser)/./node_modules/next/dist/next-devtools/shared/forward-logs-shared.js:27
[   35485ms] [WARNING] ./app/page.tsx
Module not found: Can't resolve 'html-to-image' in '/Users/saladin/Developments/interestory/app'

Import trace for requested module:
./app/page.tsx @ webpack-internal:///(app-pages-browser)/./node_modules/next/dist/next-devtools/shared/forward-logs-shared.js:27
[   35485ms] [WARNING] ./components/stats/StatsClient.tsx
Module not found: Can't resolve 'html-to-image' in '/Users/saladin/Developments/interestory/components/stats'

Import trace for requested module:
./components/stats/StatsClient.tsx @ webpack-internal:///(app-pages-browser)/./node_modules/next/dist/next-devtools/shared/forward-logs-shared.js:27
[   35485ms] [LOG] [Fast Refresh] done in 136ms @ webpack-internal:///(app-pages-browser)/./node_modules/next/dist/next-devtools/shared/forward-logs-shared.js:27
[   35488ms] [LOG] [Fast Refresh] rebuilding @ webpack-internal:///(app-pages-browser)/./node_modules/next/dist/next-devtools/shared/forward-logs-shared.js:27
[   35578ms] [WARNING] ./app/page.tsx
Module not found: Can't resolve 'html-to-image' in '/Users/saladin/Developments/interestory/app'

Import trace for requested module:
./app/page.tsx @ webpack-internal:///(app-pages-browser)/./node_modules/next/dist/next-devtools/shared/forward-logs-shared.js:27
[   35578ms] [WARNING] ./components/stats/StatsClient.tsx
Module not found: Can't resolve 'html-to-image' in '/Users/saladin/Developments/interestory/components/stats'

Import trace for requested module:
./components/stats/StatsClient.tsx @ webpack-internal:///(app-pages-browser)/./node_modules/next/dist/next-devtools/shared/forward-logs-shared.js:27
[   35578ms] [LOG] [Fast Refresh] done in 89ms @ webpack-internal:///(app-pages-browser)/./node_modules/next/dist/next-devtools/shared/forward-logs-shared.js:27
[   35579ms] [LOG] [Fast Refresh] rebuilding @ webpack-internal:///(app-pages-browser)/./node_modules/next/dist/next-devtools/shared/forward-logs-shared.js:27
[   35719ms] [WARNING] ./app/page.tsx
Module not found: Can't resolve 'html-to-image' in '/Users/saladin/Developments/interestory/app'

Import trace for requested module:
./app/page.tsx @ webpack-internal:///(app-pages-browser)/./node_modules/next/dist/next-devtools/shared/forward-logs-shared.js:27
[   35719ms] [WARNING] ./components/stats/StatsClient.tsx
Module not found: Can't resolve 'html-to-image' in '/Users/saladin/Developments/interestory/components/stats'

Import trace for requested module:
./components/stats/StatsClient.tsx @ webpack-internal:///(app-pages-browser)/./node_modules/next/dist/next-devtools/shared/forward-logs-shared.js:27
[   35719ms] [LOG] [Fast Refresh] done in 139ms @ webpack-internal:///(app-pages-browser)/./node_modules/next/dist/next-devtools/shared/forward-logs-shared.js:27
[   35720ms] [LOG] [Fast Refresh] rebuilding @ webpack-internal:///(app-pages-browser)/./node_modules/next/dist/next-devtools/shared/forward-logs-shared.js:27
[   35783ms] [WARNING] The resource http://localhost:3000/_next/static/css/app/layout.css?v=1790076669111 was preloaded using link preload but not used within a few seconds from the window's load event. Please make sure it has an appropriate `as` value and it is preloaded intentionally. @ http://localhost:3000/family:0
[   35783ms] [WARNING] The resource http://localhost:3000/_next/static/media/22a5144ee8d83bca-s.p.woff2?v=1790076665985 was preloaded using link preload but not used within a few seconds from the window's load event. Please make sure it has an appropriate `as` value and it is preloaded intentionally. @ http://localhost:3000/family:0
[   35783ms] [WARNING] The resource http://localhost:3000/_next/static/css/app/layout.css?v=1790076671598 was preloaded using link preload but not used within a few seconds from the window's load event. Please make sure it has an appropriate `as` value and it is preloaded intentionally. @ http://localhost:3000/family:0
[   35783ms] [WARNING] The resource http://localhost:3000/_next/static/css/app/layout.css?v=1790076669708 was preloaded using link preload but not used within a few seconds from the window's load event. Please make sure it has an appropriate `as` value and it is preloaded intentionally. @ http://localhost:3000/family:0
[   35783ms] [WARNING] The resource http://localhost:3000/_next/static/css/app/layout.css?v=1790076670453 was preloaded using link preload but not used within a few seconds from the window's load event. Please make sure it has an appropriate `as` value and it is preloaded intentionally. @ http://localhost:3000/family:0
[   35783ms] [WARNING] The resource http://localhost:3000/_next/static/css/app/layout.css?v=1790076671413 was preloaded using link preload but not used within a few seconds from the window's load event. Please make sure it has an appropriate `as` value and it is preloaded intentionally. @ http://localhost:3000/family:0
[   35783ms] [WARNING] The resource http://localhost:3000/_next/static/css/app/layout.css?v=1790076670625 was preloaded using link preload but not used within a few seconds from the window's load event. Please make sure it has an appropriate `as` value and it is preloaded intentionally. @ http://localhost:3000/family:0
[   35783ms] [WARNING] The resource http://localhost:3000/_next/static/css/app/layout.css?v=1790076668302 was preloaded using link preload but not used within a few seconds from the window's load event. Please make sure it has an appropriate `as` value and it is preloaded intentionally. @ http://localhost:3000/family:0
[   35783ms] [WARNING] The resource http://localhost:3000/_next/static/css/app/layout.css?v=1790076670991 was preloaded using link preload but not used within a few seconds from the window's load event. Please make sure it has an appropriate `as` value and it is preloaded intentionally. @ http://localhost:3000/family:0
[   35783ms] [WARNING] The resource http://localhost:3000/_next/static/css/app/layout.css?v=1790076668933 was preloaded using link preload but not used within a few seconds from the window's load event. Please make sure it has an appropriate `as` value and it is preloaded intentionally. @ http://localhost:3000/family:0
[   35783ms] [WARNING] The resource http://localhost:3000/_next/static/css/app/layout.css?v=1790076669308 was preloaded using link preload but not used within a few seconds from the window's load event. Please make sure it has an appropriate `as` value and it is preloaded intentionally. @ http://localhost:3000/family:0
[   35783ms] [WARNING] The resource http://localhost:3000/_next/static/css/app/layout.css?v=1790076667394 was preloaded using link preload but not used within a few seconds from the window's load event. Please make sure it has an appropriate `as` value and it is preloaded intentionally. @ http://localhost:3000/family:0
[   35783ms] [WARNING] The resource http://localhost:3000/_next/static/css/app/layout.css?v=1790076668063 was preloaded using link preload but not used within a few seconds from the window's load event. Please make sure it has an appropriate `as` value and it is preloaded intentionally. @ http://localhost:3000/family:0
[   35783ms] [WARNING] The resource http://localhost:3000/_next/static/css/app/layout.css?v=1790076668499 was preloaded using link preload but not used within a few seconds from the window's load event. Please make sure it has an appropriate `as` value and it is preloaded intentionally. @ http://localhost:3000/family:0
[   35783ms] [WARNING] The resource http://localhost:3000/_next/static/css/app/layout.css?v=1790076668673 was preloaded using link preload but not used within a few seconds from the window's load event. Please make sure it has an appropriate `as` value and it is preloaded intentionally. @ http://localhost:3000/family:0
[   35783ms] [WARNING] The resource http://localhost:3000/_next/static/css/app/layout.css?v=1790076671185 was preloaded using link preload but not used within a few seconds from the window's load event. Please make sure it has an appropriate `as` value and it is preloaded intentionally. @ http://localhost:3000/family:0
[   35784ms] [WARNING] The resource http://localhost:3000/_next/static/media/7d4881bb7e1bf84d-s.p.woff2?v=1790076665985 was preloaded using link preload but not used within a few seconds from the window's load event. Please make sure it has an appropriate `as` value and it is preloaded intentionally. @ http://localhost:3000/family:0
[   35784ms] [WARNING] The resource http://localhost:3000/_next/static/css/app/layout.css?v=1790076667656 was preloaded using link preload but not used within a few seconds from the window's load event. Please make sure it has an appropriate `as` value and it is preloaded intentionally. @ http://localhost:3000/family:0
[   35784ms] [WARNING] The resource http://localhost:3000/_next/static/css/app/layout.css?v=1790076671815 was preloaded using link preload but not used within a few seconds from the window's load event. Please make sure it has an appropriate `as` value and it is preloaded intentionally. @ http://localhost:3000/family:0
[   35784ms] [WARNING] The resource http://localhost:3000/_next/static/css/app/layout.css?v=1790076670818 was preloaded using link preload but not used within a few seconds from the window's load event. Please make sure it has an appropriate `as` value and it is preloaded intentionally. @ http://localhost:3000/family:0
[   35784ms] [WARNING] The resource http://localhost:3000/_next/static/css/app/layout.css?v=1790076669869 was preloaded using link preload but not used within a few seconds from the window's load event. Please make sure it has an appropriate `as` value and it is preloaded intentionally. @ http://localhost:3000/family:0
[   35784ms] [WARNING] The resource http://localhost:3000/_next/static/css/app/layout.css?v=1790076670074 was preloaded using link preload but not used within a few seconds from the window's load event. Please make sure it has an appropriate `as` value and it is preloaded intentionally. @ http://localhost:3000/family:0
[   35784ms] [WARNING] The resource http://localhost:3000/_next/static/css/app/layout.css?v=1790076672247 was preloaded using link preload but not used within a few seconds from the window's load event. Please make sure it has an appropriate `as` value and it is preloaded intentionally. @ http://localhost:3000/family:0
[   35784ms] [WARNING] The resource http://localhost:3000/_next/static/css/app/layout.css?v=1790076670248 was preloaded using link preload but not used within a few seconds from the window's load event. Please make sure it has an appropriate `as` value and it is preloaded intentionally. @ http://localhost:3000/family:0
[   35784ms] [WARNING] The resource http://localhost:3000/_next/static/css/app/layout.css?v=1790076667876 was preloaded using link preload but not used within a few seconds from the window's load event. Please make sure it has an appropriate `as` value and it is preloaded intentionally. @ http://localhost:3000/family:0
[   35784ms] [WARNING] The resource http://localhost:3000/_next/static/css/app/layout.css?v=1790076669482 was preloaded using link preload but not used within a few seconds from the window's load event. Please make sure it has an appropriate `as` value and it is preloaded intentionally. @ http://localhost:3000/family:0
[   35784ms] [WARNING] The resource http://localhost:3000/_next/static/css/app/layout.css?v=1790076672009 was preloaded using link preload but not used within a few seconds from the window's load event. Please make sure it has an appropriate `as` value and it is preloaded intentionally. @ http://localhost:3000/family:0
[   35842ms] [WARNING] ./app/page.tsx
Module not found: Can't resolve 'html-to-image' in '/Users/saladin/Developments/interestory/app'

Import trace for requested module:
./app/page.tsx @ webpack-internal:///(app-pages-browser)/./node_modules/next/dist/next-devtools/shared/forward-logs-shared.js:27
[   35842ms] [WARNING] ./components/stats/StatsClient.tsx
Module not found: Can't resolve 'html-to-image' in '/Users/saladin/Developments/interestory/components/stats'

Import trace for requested module:
./components/stats/StatsClient.tsx @ webpack-internal:///(app-pages-browser)/./node_modules/next/dist/next-devtools/shared/forward-logs-shared.js:27
[   35842ms] [LOG] [Fast Refresh] done in 122ms @ webpack-internal:///(app-pages-browser)/./node_modules/next/dist/next-devtools/shared/forward-logs-shared.js:27
[   35842ms] [LOG] [Fast Refresh] rebuilding @ webpack-internal:///(app-pages-browser)/./node_modules/next/dist/next-devtools/shared/forward-logs-shared.js:27
[   36041ms] [LOG] [Fast Refresh] rebuilding @ webpack-internal:///(app-pages-browser)/./node_modules/next/dist/next-devtools/shared/forward-logs-shared.js:27
[   36041ms] [WARNING] ./app/page.tsx
Module not found: Can't resolve 'html-to-image' in '/Users/saladin/Developments/interestory/app'

Import trace for requested module:
./app/page.tsx @ webpack-internal:///(app-pages-browser)/./node_modules/next/dist/next-devtools/shared/forward-logs-shared.js:27
[   36042ms] [WARNING] ./components/stats/StatsClient.tsx
Module not found: Can't resolve 'html-to-image' in '/Users/saladin/Developments/interestory/components/stats'

Import trace for requested module:
./components/stats/StatsClient.tsx @ webpack-internal:///(app-pages-browser)/./node_modules/next/dist/next-devtools/shared/forward-logs-shared.js:27
[   36042ms] [LOG] [Fast Refresh] done in 0ms @ webpack-internal:///(app-pages-browser)/./node_modules/next/dist/next-devtools/shared/forward-logs-shared.js:27
[   36053ms] [LOG] [Fast Refresh] rebuilding @ webpack-internal:///(app-pages-browser)/./node_modules/next/dist/next-devtools/shared/forward-logs-shared.js:27
[   36085ms] [WARNING] ./app/page.tsx
Module not found: Can't resolve 'html-to-image' in '/Users/saladin/Developments/interestory/app'

Import trace for requested module:
./app/page.tsx @ webpack-internal:///(app-pages-browser)/./node_modules/next/dist/next-devtools/shared/forward-logs-shared.js:27
[   36085ms] [WARNING] ./components/stats/StatsClient.tsx
Module not found: Can't resolve 'html-to-image' in '/Users/saladin/Developments/interestory/components/stats'

Import trace for requested module:
./components/stats/StatsClient.tsx @ webpack-internal:///(app-pages-browser)/./node_modules/next/dist/next-devtools/shared/forward-logs-shared.js:27
[   36085ms] [LOG] [Fast Refresh] done in 33ms @ webpack-internal:///(app-pages-browser)/./node_modules/next/dist/next-devtools/shared/forward-logs-shared.js:27
[   36106ms] [LOG] [Fast Refresh] rebuilding @ webpack-internal:///(app-pages-browser)/./node_modules/next/dist/next-devtools/shared/forward-logs-shared.js:27
[   36107ms] [ERROR] Failed to load resource: the server responded with a status of 500 (Internal Server Error) @ http://localhost:3000/family?_rsc=13zw9:0
[   36218ms] [WARNING] ./app/page.tsx
Module not found: Can't resolve 'html-to-image' in '/Users/saladin/Developments/interestory/app'

Import trace for requested module:
./app/page.tsx @ webpack-internal:///(app-pages-browser)/./node_modules/next/dist/next-devtools/shared/forward-logs-shared.js:27
[   36218ms] [WARNING] ./components/stats/StatsClient.tsx
Module not found: Can't resolve 'html-to-image' in '/Users/saladin/Developments/interestory/components/stats'

Import trace for requested module:
./components/stats/StatsClient.tsx @ webpack-internal:///(app-pages-browser)/./node_modules/next/dist/next-devtools/shared/forward-logs-shared.js:27
[   36218ms] [LOG] [Fast Refresh] done in 112ms @ webpack-internal:///(app-pages-browser)/./node_modules/next/dist/next-devtools/shared/forward-logs-shared.js:27
[   36280ms] [LOG] [Fast Refresh] rebuilding @ webpack-internal:///(app-pages-browser)/./node_modules/next/dist/next-devtools/shared/forward-logs-shared.js:27
[   36395ms] [WARNING] ./app/page.tsx
Module not found: Can't resolve 'html-to-image' in '/Users/saladin/Developments/interestory/app'

Import trace for requested module:
./app/page.tsx @ webpack-internal:///(app-pages-browser)/./node_modules/next/dist/next-devtools/shared/forward-logs-shared.js:27
[   36395ms] [WARNING] ./components/stats/StatsClient.tsx
Module not found: Can't resolve 'html-to-image' in '/Users/saladin/Developments/interestory/components/stats'

Import trace for requested module:
./components/stats/StatsClient.tsx @ webpack-internal:///(app-pages-browser)/./node_modules/next/dist/next-devtools/shared/forward-logs-shared.js:27
[   36395ms] [LOG] [Fast Refresh] done in 116ms @ webpack-internal:///(app-pages-browser)/./node_modules/next/dist/next-devtools/shared/forward-logs-shared.js:27
[   36409ms] [LOG] [Fast Refresh] rebuilding @ webpack-internal:///(app-pages-browser)/./node_modules/next/dist/next-devtools/shared/forward-logs-shared.js:27
[   36673ms] [WARNING] ./app/page.tsx
Module not found: Can't resolve 'html-to-image' in '/Users/saladin/Developments/interestory/app'

Import trace for requested module:
./app/page.tsx @ webpack-internal:///(app-pages-browser)/./node_modules/next/dist/next-devtools/shared/forward-logs-shared.js:27
[   36673ms] [WARNING] ./components/stats/StatsClient.tsx
Module not found: Can't resolve 'html-to-image' in '/Users/saladin/Developments/interestory/components/stats'

Import trace for requested module:
./components/stats/StatsClient.tsx @ webpack-internal:///(app-pages-browser)/./node_modules/next/dist/next-devtools/shared/forward-logs-shared.js:27
[   36673ms] [LOG] [Fast Refresh] done in 264ms @ webpack-internal:///(app-pages-browser)/./node_modules/next/dist/next-devtools/shared/forward-logs-shared.js:27
[   36734ms] [LOG] [Fast Refresh] rebuilding @ webpack-internal:///(app-pages-browser)/./node_modules/next/dist/next-devtools/shared/forward-logs-shared.js:27
[   36764ms] [WARNING] ./app/page.tsx
Module not found: Can't resolve 'html-to-image' in '/Users/saladin/Developments/interestory/app'

Import trace for requested module:
./app/page.tsx @ webpack-internal:///(app-pages-browser)/./node_modules/next/dist/next-devtools/shared/forward-logs-shared.js:27
[   36764ms] [WARNING] ./components/stats/StatsClient.tsx
Module not found: Can't resolve 'html-to-image' in '/Users/saladin/Developments/interestory/components/stats'

Import trace for requested module:
./components/stats/StatsClient.tsx @ webpack-internal:///(app-pages-browser)/./node_modules/next/dist/next-devtools/shared/forward-logs-shared.js:27
[   36764ms] [LOG] [Fast Refresh] done in 30ms @ webpack-internal:///(app-pages-browser)/./node_modules/next/dist/next-devtools/shared/forward-logs-shared.js:27
[   36889ms] [ERROR] Failed to load resource: the server responded with a status of 500 (Internal Server Error) @ http://localhost:3000/family?_rsc=13zw9:0
[   37538ms] [INFO] %cDownload the React DevTools for a better development experience: https://react.dev/link/react-devtools font-weight:bold @ webpack-internal:///(app-pages-browser)/./node_modules/next/dist/next-devtools/shared/forward-logs-shared.js:27
[   37550ms] [LOG] [HMR] connected @ webpack-internal:///(app-pages-browser)/./node_modules/next/dist/next-devtools/shared/forward-logs-shared.js:27
[   37553ms] [WARNING] ./app/page.tsx
Module not found: Can't resolve 'html-to-image' in '/Users/saladin/Developments/interestory/app' @ webpack-internal:///(app-pages-browser)/./node_modules/next/dist/next-devtools/shared/forward-logs-shared.js:27
[   37553ms] [WARNING] ./components/stats/StatsClient.tsx
Module not found: Can't resolve 'html-to-image' in '/Users/saladin/Developments/interestory/components/stats' @ webpack-internal:///(app-pages-browser)/./node_modules/next/dist/next-devtools/shared/forward-logs-shared.js:27
[   37573ms] [LOG] [Fast Refresh] rebuilding @ webpack-internal:///(app-pages-browser)/./node_modules/next/dist/next-devtools/shared/forward-logs-shared.js:27
[   37684ms] [WARNING] ./app/page.tsx
Module not found: Can't resolve 'html-to-image' in '/Users/saladin/Developments/interestory/app'

Import trace for requested module:
./app/page.tsx @ webpack-internal:///(app-pages-browser)/./node_modules/next/dist/next-devtools/shared/forward-logs-shared.js:27
[   37684ms] [WARNING] ./components/stats/StatsClient.tsx
Module not found: Can't resolve 'html-to-image' in '/Users/saladin/Developments/interestory/components/stats'

Import trace for requested module:
./components/stats/StatsClient.tsx @ webpack-internal:///(app-pages-browser)/./node_modules/next/dist/next-devtools/shared/forward-logs-shared.js:27
[   37685ms] [LOG] [Fast Refresh] rebuilding @ webpack-internal:///(app-pages-browser)/./node_modules/next/dist/next-devtools/shared/forward-logs-shared.js:27
[   37791ms] [LOG] [Fast Refresh] done in 105ms @ webpack-internal:///(app-pages-browser)/./node_modules/next/dist/next-devtools/shared/forward-logs-shared.js:27
[   37816ms] [WARNING] ./app/page.tsx
Module not found: Can't resolve 'html-to-image' in '/Users/saladin/Developments/interestory/app'

Import trace for requested module:
./app/page.tsx @ webpack-internal:///(app-pages-browser)/./node_modules/next/dist/next-devtools/shared/forward-logs-shared.js:27
[   37816ms] [WARNING] ./components/stats/StatsClient.tsx
Module not found: Can't resolve 'html-to-image' in '/Users/saladin/Developments/interestory/components/stats'

Import trace for requested module:
./components/stats/StatsClient.tsx @ webpack-internal:///(app-pages-browser)/./node_modules/next/dist/next-devtools/shared/forward-logs-shared.js:27
[   37817ms] [LOG] [Fast Refresh] rebuilding @ webpack-internal:///(app-pages-browser)/./node_modules/next/dist/next-devtools/shared/forward-logs-shared.js:27
[   37826ms] [LOG] [Fast Refresh] done in 9ms @ webpack-internal:///(app-pages-browser)/./node_modules/next/dist/next-devtools/shared/forward-logs-shared.js:27
[   37991ms] [WARNING] ./app/page.tsx
Module not found: Can't resolve 'html-to-image' in '/Users/saladin/Developments/interestory/app'

Import trace for requested module:
./app/page.tsx @ webpack-internal:///(app-pages-browser)/./node_modules/next/dist/next-devtools/shared/forward-logs-shared.js:27
[   37991ms] [WARNING] ./components/stats/StatsClient.tsx
Module not found: Can't resolve 'html-to-image' in '/Users/saladin/Developments/interestory/components/stats'

Import trace for requested module:
./components/stats/StatsClient.tsx @ webpack-internal:///(app-pages-browser)/./node_modules/next/dist/next-devtools/shared/forward-logs-shared.js:27
[   37992ms] [LOG] [Fast Refresh] rebuilding @ webpack-internal:///(app-pages-browser)/./node_modules/next/dist/next-devtools/shared/forward-logs-shared.js:27
[   37996ms] [LOG] [Fast Refresh] done in 4ms @ webpack-internal:///(app-pages-browser)/./node_modules/next/dist/next-devtools/shared/forward-logs-shared.js:27
[   38085ms] [WARNING] ./app/page.tsx
Module not found: Can't resolve 'html-to-image' in '/Users/saladin/Developments/interestory/app'

Import trace for requested module:
./app/page.tsx @ webpack-internal:///(app-pages-browser)/./node_modules/next/dist/next-devtools/shared/forward-logs-shared.js:27
[   38085ms] [WARNING] ./components/stats/StatsClient.tsx
Module not found: Can't resolve 'html-to-image' in '/Users/saladin/Developments/interestory/components/stats'

Import trace for requested module:
./components/stats/StatsClient.tsx @ webpack-internal:///(app-pages-browser)/./node_modules/next/dist/next-devtools/shared/forward-logs-shared.js:27
[   38086ms] [LOG] [Fast Refresh] rebuilding @ webpack-internal:///(app-pages-browser)/./node_modules/next/dist/next-devtools/shared/forward-logs-shared.js:27
[   38096ms] [LOG] [Fast Refresh] done in 9ms @ webpack-internal:///(app-pages-browser)/./node_modules/next/dist/next-devtools/shared/forward-logs-shared.js:27
[   38211ms] [WARNING] ./app/page.tsx
Module not found: Can't resolve 'html-to-image' in '/Users/saladin/Developments/interestory/app'

Import trace for requested module:
./app/page.tsx @ webpack-internal:///(app-pages-browser)/./node_modules/next/dist/next-devtools/shared/forward-logs-shared.js:27
[   38211ms] [WARNING] ./components/stats/StatsClient.tsx
Module not found: Can't resolve 'html-to-image' in '/Users/saladin/Developments/interestory/components/stats'

Import trace for requested module:
./components/stats/StatsClient.tsx @ webpack-internal:///(app-pages-browser)/./node_modules/next/dist/next-devtools/shared/forward-logs-shared.js:27
[   38212ms] [LOG] [Fast Refresh] rebuilding @ webpack-internal:///(app-pages-browser)/./node_modules/next/dist/next-devtools/shared/forward-logs-shared.js:27
[   38216ms] [LOG] [Fast Refresh] done in 3ms @ webpack-internal:///(app-pages-browser)/./node_modules/next/dist/next-devtools/shared/forward-logs-shared.js:27
[   38302ms] [WARNING] ./app/page.tsx
Module not found: Can't resolve 'html-to-image' in '/Users/saladin/Developments/interestory/app'

Import trace for requested module:
./app/page.tsx @ webpack-internal:///(app-pages-browser)/./node_modules/next/dist/next-devtools/shared/forward-logs-shared.js:27
[   38302ms] [WARNING] ./components/stats/StatsClient.tsx
Module not found: Can't resolve 'html-to-image' in '/Users/saladin/Developments/interestory/components/stats'

Import trace for requested module:
./components/stats/StatsClient.tsx @ webpack-internal:///(app-pages-browser)/./node_modules/next/dist/next-devtools/shared/forward-logs-shared.js:27
[   38303ms] [LOG] [Fast Refresh] rebuilding @ webpack-internal:///(app-pages-browser)/./node_modules/next/dist/next-devtools/shared/forward-logs-shared.js:27
[   38307ms] [LOG] [Fast Refresh] done in 4ms @ webpack-internal:///(app-pages-browser)/./node_modules/next/dist/next-devtools/shared/forward-logs-shared.js:27
[   38422ms] [WARNING] ./app/page.tsx
Module not found: Can't resolve 'html-to-image' in '/Users/saladin/Developments/interestory/app'

Import trace for requested module:
./app/page.tsx @ webpack-internal:///(app-pages-browser)/./node_modules/next/dist/next-devtools/shared/forward-logs-shared.js:27
[   38422ms] [WARNING] ./components/stats/StatsClient.tsx
Module not found: Can't resolve 'html-to-image' in '/Users/saladin/Developments/interestory/components/stats'

Import trace for requested module:
./components/stats/StatsClient.tsx @ webpack-internal:///(app-pages-browser)/./node_modules/next/dist/next-devtools/shared/forward-logs-shared.js:27
[   38424ms] [LOG] [Fast Refresh] rebuilding @ webpack-internal:///(app-pages-browser)/./node_modules/next/dist/next-devtools/shared/forward-logs-shared.js:27
[   38439ms] [LOG] [Fast Refresh] done in 15ms @ webpack-internal:///(app-pages-browser)/./node_modules/next/dist/next-devtools/shared/forward-logs-shared.js:27
[   38696ms] [WARNING] ./app/page.tsx
Module not found: Can't resolve 'html-to-image' in '/Users/saladin/Developments/interestory/app'

Import trace for requested module:
./app/page.tsx @ webpack-internal:///(app-pages-browser)/./node_modules/next/dist/next-devtools/shared/forward-logs-shared.js:27
[   38696ms] [WARNING] ./components/stats/StatsClient.tsx
Module not found: Can't resolve 'html-to-image' in '/Users/saladin/Developments/interestory/components/stats'

Import trace for requested module:
./components/stats/StatsClient.tsx @ webpack-internal:///(app-pages-browser)/./node_modules/next/dist/next-devtools/shared/forward-logs-shared.js:27
[   38696ms] [LOG] [Fast Refresh] rebuilding @ webpack-internal:///(app-pages-browser)/./node_modules/next/dist/next-devtools/shared/forward-logs-shared.js:27
[   38716ms] [LOG] [Fast Refresh] done in 20ms @ webpack-internal:///(app-pages-browser)/./node_modules/next/dist/next-devtools/shared/forward-logs-shared.js:27
[   38906ms] [LOG] [Fast Refresh] rebuilding @ webpack-internal:///(app-pages-browser)/./node_modules/next/dist/next-devtools/shared/forward-logs-shared.js:27
[   38907ms] [WARNING] ./app/page.tsx
Module not found: Can't resolve 'html-to-image' in '/Users/saladin/Developments/interestory/app'

Import trace for requested module:
./app/page.tsx @ webpack-internal:///(app-pages-browser)/./node_modules/next/dist/next-devtools/shared/forward-logs-shared.js:27
[   38907ms] [WARNING] ./components/stats/StatsClient.tsx
Module not found: Can't resolve 'html-to-image' in '/Users/saladin/Developments/interestory/components/stats'

Import trace for requested module:
./components/stats/StatsClient.tsx @ webpack-internal:///(app-pages-browser)/./node_modules/next/dist/next-devtools/shared/forward-logs-shared.js:27
[   38925ms] [LOG] [Fast Refresh] done in 19ms @ webpack-internal:///(app-pages-browser)/./node_modules/next/dist/next-devtools/shared/forward-logs-shared.js:27
[   38950ms] [LOG] [Fast Refresh] rebuilding @ webpack-internal:///(app-pages-browser)/./node_modules/next/dist/next-devtools/shared/forward-logs-shared.js:27
[   38953ms] [WARNING] ./app/page.tsx
Module not found: Can't resolve 'html-to-image' in '/Users/saladin/Developments/interestory/app'

Import trace for requested module:
./app/page.tsx @ webpack-internal:///(app-pages-browser)/./node_modules/next/dist/next-devtools/shared/forward-logs-shared.js:27
[   38954ms] [WARNING] ./components/stats/StatsClient.tsx
Module not found: Can't resolve 'html-to-image' in '/Users/saladin/Developments/interestory/components/stats'

Import trace for requested module:
./components/stats/StatsClient.tsx @ webpack-internal:///(app-pages-browser)/./node_modules/next/dist/next-devtools/shared/forward-logs-shared.js:27
[   38954ms] [LOG] [Fast Refresh] done in 3ms @ webpack-internal:///(app-pages-browser)/./node_modules/next/dist/next-devtools/shared/forward-logs-shared.js:27
[   38972ms] [ERROR] Failed to load resource: the server responded with a status of 500 (Internal Server Error) @ http://localhost:3000/family?_rsc=13zw9:0
[   38996ms] [LOG] [Fast Refresh] rebuilding @ webpack-internal:///(app-pages-browser)/./node_modules/next/dist/next-devtools/shared/forward-logs-shared.js:27
[   39075ms] [WARNING] ./app/page.tsx
Module not found: Can't resolve 'html-to-image' in '/Users/saladin/Developments/interestory/app'

Import trace for requested module:
./app/page.tsx @ webpack-internal:///(app-pages-browser)/./node_modules/next/dist/next-devtools/shared/forward-logs-shared.js:27
[   39075ms] [WARNING] ./components/stats/StatsClient.tsx
Module not found: Can't resolve 'html-to-image' in '/Users/saladin/Developments/interestory/components/stats'

Import trace for requested module:
./components/stats/StatsClient.tsx @ webpack-internal:///(app-pages-browser)/./node_modules/next/dist/next-devtools/shared/forward-logs-shared.js:27
[   39095ms] [LOG] [Fast Refresh] rebuilding @ webpack-internal:///(app-pages-browser)/./node_modules/next/dist/next-devtools/shared/forward-logs-shared.js:27
[   39200ms] [LOG] [Fast Refresh] done in 105ms @ webpack-internal:///(app-pages-browser)/./node_modules/next/dist/next-devtools/shared/forward-logs-shared.js:27
[   39280ms] [WARNING] ./app/page.tsx
Module not found: Can't resolve 'html-to-image' in '/Users/saladin/Developments/interestory/app'

Import trace for requested module:
./app/page.tsx @ webpack-internal:///(app-pages-browser)/./node_modules/next/dist/next-devtools/shared/forward-logs-shared.js:27
[   39280ms] [WARNING] ./components/stats/StatsClient.tsx
Module not found: Can't resolve 'html-to-image' in '/Users/saladin/Developments/interestory/components/stats'

Import trace for requested module:
./components/stats/StatsClient.tsx @ webpack-internal:///(app-pages-browser)/./node_modules/next/dist/next-devtools/shared/forward-logs-shared.js:27
[   39340ms] [LOG] [Fast Refresh] rebuilding @ webpack-internal:///(app-pages-browser)/./node_modules/next/dist/next-devtools/shared/forward-logs-shared.js:27
[   39346ms] [LOG] [Fast Refresh] done in 6ms @ webpack-internal:///(app-pages-browser)/./node_modules/next/dist/next-devtools/shared/forward-logs-shared.js:27
[   39376ms] [WARNING] ./app/page.tsx
Module not found: Can't resolve 'html-to-image' in '/Users/saladin/Developments/interestory/app'

Import trace for requested module:
./app/page.tsx @ webpack-internal:///(app-pages-browser)/./node_modules/next/dist/next-devtools/shared/forward-logs-shared.js:27
[   39376ms] [WARNING] ./components/stats/StatsClient.tsx
Module not found: Can't resolve 'html-to-image' in '/Users/saladin/Developments/interestory/components/stats'

Import trace for requested module:
./components/stats/StatsClient.tsx @ webpack-internal:///(app-pages-browser)/./node_modules/next/dist/next-devtools/shared/forward-logs-shared.js:27
[   39452ms] [LOG] [Fast Refresh] rebuilding @ webpack-internal:///(app-pages-browser)/./node_modules/next/dist/next-devtools/shared/forward-logs-shared.js:27
[   39494ms] [LOG] [Fast Refresh] done in 42ms @ webpack-internal:///(app-pages-browser)/./node_modules/next/dist/next-devtools/shared/forward-logs-shared.js:27
[   39496ms] [WARNING] ./app/page.tsx
Module not found: Can't resolve 'html-to-image' in '/Users/saladin/Developments/interestory/app'

Import trace for requested module:
./app/page.tsx @ webpack-internal:///(app-pages-browser)/./node_modules/next/dist/next-devtools/shared/forward-logs-shared.js:27
[   39496ms] [WARNING] ./components/stats/StatsClient.tsx
Module not found: Can't resolve 'html-to-image' in '/Users/saladin/Developments/interestory/components/stats'

Import trace for requested module:
./components/stats/StatsClient.tsx @ webpack-internal:///(app-pages-browser)/./node_modules/next/dist/next-devtools/shared/forward-logs-shared.js:27
[   39500ms] [LOG] [Fast Refresh] rebuilding @ webpack-internal:///(app-pages-browser)/./node_modules/next/dist/next-devtools/shared/forward-logs-shared.js:27
[   39583ms] [WARNING] ./app/page.tsx
Module not found: Can't resolve 'html-to-image' in '/Users/saladin/Developments/interestory/app'

Import trace for requested module:
./app/page.tsx @ webpack-internal:///(app-pages-browser)/./node_modules/next/dist/next-devtools/shared/forward-logs-shared.js:27
[   39583ms] [WARNING] ./components/stats/StatsClient.tsx
Module not found: Can't resolve 'html-to-image' in '/Users/saladin/Developments/interestory/components/stats'

Import trace for requested module:
./components/stats/StatsClient.tsx @ webpack-internal:///(app-pages-browser)/./node_modules/next/dist/next-devtools/shared/forward-logs-shared.js:27
[   39583ms] [LOG] [Fast Refresh] done in 83ms @ webpack-internal:///(app-pages-browser)/./node_modules/next/dist/next-devtools/shared/forward-logs-shared.js:27
[   39637ms] [LOG] [Fast Refresh] rebuilding @ webpack-internal:///(app-pages-browser)/./node_modules/next/dist/next-devtools/shared/forward-logs-shared.js:27
[   39844ms] Invalid or unexpected token
[   40377ms] [INFO] %cDownload the React DevTools for a better development experience: https://react.dev/link/react-devtools font-weight:bold @ webpack-internal:///(app-pages-browser)/./node_modules/next/dist/next-devtools/shared/forward-logs-shared.js:27
[   40394ms] [LOG] [HMR] connected @ webpack-internal:///(app-pages-browser)/./node_modules/next/dist/next-devtools/shared/forward-logs-shared.js:27
[   40395ms] [WARNING] ./app/page.tsx
Module not found: Can't resolve 'html-to-image' in '/Users/saladin/Developments/interestory/app' @ webpack-internal:///(app-pages-browser)/./node_modules/next/dist/next-devtools/shared/forward-logs-shared.js:27
[   40395ms] [WARNING] ./components/stats/StatsClient.tsx
Module not found: Can't resolve 'html-to-image' in '/Users/saladin/Developments/interestory/components/stats' @ webpack-internal:///(app-pages-browser)/./node_modules/next/dist/next-devtools/shared/forward-logs-shared.js:27
[   40411ms] [LOG] [Fast Refresh] rebuilding @ webpack-internal:///(app-pages-browser)/./node_modules/next/dist/next-devtools/shared/forward-logs-shared.js:27
[   40518ms] [ERROR] Can't perform a React state update on a component that hasn't mounted yet. This indicates that you have a side-effect in your render function that asynchronously tries to update the component. Move this work to useEffect instead. @ webpack-internal:///(app-pages-browser)/./node_modules/next/dist/next-devtools/userspace/app/errors/intercept-console-error.js:57
[   40521ms] [WARNING] ./app/page.tsx
Module not found: Can't resolve 'html-to-image' in '/Users/saladin/Developments/interestory/app'

Import trace for requested module:
./app/page.tsx @ webpack-internal:///(app-pages-browser)/./node_modules/next/dist/next-devtools/shared/forward-logs-shared.js:27
[   40521ms] [WARNING] ./components/stats/StatsClient.tsx
Module not found: Can't resolve 'html-to-image' in '/Users/saladin/Developments/interestory/components/stats'

Import trace for requested module:
./components/stats/StatsClient.tsx @ webpack-internal:///(app-pages-browser)/./node_modules/next/dist/next-devtools/shared/forward-logs-shared.js:27
[   40521ms] [LOG] [Fast Refresh] rebuilding @ webpack-internal:///(app-pages-browser)/./node_modules/next/dist/next-devtools/shared/forward-logs-shared.js:27
[   40703ms] [WARNING] ./app/page.tsx
Module not found: Can't resolve 'html-to-image' in '/Users/saladin/Developments/interestory/app'

Import trace for requested module:
./app/page.tsx @ webpack-internal:///(app-pages-browser)/./node_modules/next/dist/next-devtools/shared/forward-logs-shared.js:27
[   40703ms] [WARNING] ./components/stats/StatsClient.tsx
Module not found: Can't resolve 'html-to-image' in '/Users/saladin/Developments/interestory/components/stats'

Import trace for requested module:
./components/stats/StatsClient.tsx @ webpack-internal:///(app-pages-browser)/./node_modules/next/dist/next-devtools/shared/forward-logs-shared.js:27
[   40703ms] [LOG] [Fast Refresh] done in 182ms @ webpack-internal:///(app-pages-browser)/./node_modules/next/dist/next-devtools/shared/forward-logs-shared.js:27
[   40704ms] [LOG] [Fast Refresh] rebuilding @ webpack-internal:///(app-pages-browser)/./node_modules/next/dist/next-devtools/shared/forward-logs-shared.js:27
[   40795ms] [LOG] [Fast Refresh] done in 90ms @ webpack-internal:///(app-pages-browser)/./node_modules/next/dist/next-devtools/shared/forward-logs-shared.js:27
[   40829ms] [WARNING] ./app/page.tsx
Module not found: Can't resolve 'html-to-image' in '/Users/saladin/Developments/interestory/app'

Import trace for requested module:
./app/page.tsx @ webpack-internal:///(app-pages-browser)/./node_modules/next/dist/next-devtools/shared/forward-logs-shared.js:27
[   40829ms] [WARNING] ./components/stats/StatsClient.tsx
Module not found: Can't resolve 'html-to-image' in '/Users/saladin/Developments/interestory/components/stats'

Import trace for requested module:
./components/stats/StatsClient.tsx @ webpack-internal:///(app-pages-browser)/./node_modules/next/dist/next-devtools/shared/forward-logs-shared.js:27
[   40830ms] [LOG] [Fast Refresh] rebuilding @ webpack-internal:///(app-pages-browser)/./node_modules/next/dist/next-devtools/shared/forward-logs-shared.js:27
[   40838ms] [LOG] [Fast Refresh] done in 7ms @ webpack-internal:///(app-pages-browser)/./node_modules/next/dist/next-devtools/shared/forward-logs-shared.js:27
[   40962ms] [WARNING] ./app/page.tsx
Module not found: Can't resolve 'html-to-image' in '/Users/saladin/Developments/interestory/app'

Import trace for requested module:
./app/page.tsx @ webpack-internal:///(app-pages-browser)/./node_modules/next/dist/next-devtools/shared/forward-logs-shared.js:27
[   40962ms] [WARNING] ./components/stats/StatsClient.tsx
Module not found: Can't resolve 'html-to-image' in '/Users/saladin/Developments/interestory/components/stats'

Import trace for requested module:
./components/stats/StatsClient.tsx @ webpack-internal:///(app-pages-browser)/./node_modules/next/dist/next-devtools/shared/forward-logs-shared.js:27
[   40964ms] [LOG] [Fast Refresh] rebuilding @ webpack-internal:///(app-pages-browser)/./node_modules/next/dist/next-devtools/shared/forward-logs-shared.js:27
[   40974ms] [LOG] [Fast Refresh] done in 10ms @ webpack-internal:///(app-pages-browser)/./node_modules/next/dist/next-devtools/shared/forward-logs-shared.js:27
[   41076ms] [WARNING] ./app/page.tsx
Module not found: Can't resolve 'html-to-image' in '/Users/saladin/Developments/interestory/app'

Import trace for requested module:
./app/page.tsx @ webpack-internal:///(app-pages-browser)/./node_modules/next/dist/next-devtools/shared/forward-logs-shared.js:27
[   41076ms] [WARNING] ./components/stats/StatsClient.tsx
Module not found: Can't resolve 'html-to-image' in '/Users/saladin/Developments/interestory/components/stats'

Import trace for requested module:
./components/stats/StatsClient.tsx @ webpack-internal:///(app-pages-browser)/./node_modules/next/dist/next-devtools/shared/forward-logs-shared.js:27
[   41078ms] [LOG] [Fast Refresh] rebuilding @ webpack-internal:///(app-pages-browser)/./node_modules/next/dist/next-devtools/shared/forward-logs-shared.js:27
[   41132ms] [LOG] [Fast Refresh] done in 53ms @ webpack-internal:///(app-pages-browser)/./node_modules/next/dist/next-devtools/shared/forward-logs-shared.js:27
[   41219ms] [WARNING] ./app/page.tsx
Module not found: Can't resolve 'html-to-image' in '/Users/saladin/Developments/interestory/app'

Import trace for requested module:
./app/page.tsx @ webpack-internal:///(app-pages-browser)/./node_modules/next/dist/next-devtools/shared/forward-logs-shared.js:27
[   41219ms] [WARNING] ./components/stats/StatsClient.tsx
Module not found: Can't resolve 'html-to-image' in '/Users/saladin/Developments/interestory/components/stats'

Import trace for requested module:
./components/stats/StatsClient.tsx @ webpack-internal:///(app-pages-browser)/./node_modules/next/dist/next-devtools/shared/forward-logs-shared.js:27
[   41222ms] [LOG] [Fast Refresh] rebuilding @ webpack-internal:///(app-pages-browser)/./node_modules/next/dist/next-devtools/shared/forward-logs-shared.js:27
[   41225ms] [LOG] [Fast Refresh] done in 3ms @ webpack-internal:///(app-pages-browser)/./node_modules/next/dist/next-devtools/shared/forward-logs-shared.js:27
[   41355ms] [WARNING] ./app/page.tsx
Module not found: Can't resolve 'html-to-image' in '/Users/saladin/Developments/interestory/app'

Import trace for requested module:
./app/page.tsx @ webpack-internal:///(app-pages-browser)/./node_modules/next/dist/next-devtools/shared/forward-logs-shared.js:27
[   41355ms] [WARNING] ./components/stats/StatsClient.tsx
Module not found: Can't resolve 'html-to-image' in '/Users/saladin/Developments/interestory/components/stats'

Import trace for requested module:
./components/stats/StatsClient.tsx @ webpack-internal:///(app-pages-browser)/./node_modules/next/dist/next-devtools/shared/forward-logs-shared.js:27
[   41357ms] [LOG] [Fast Refresh] rebuilding @ webpack-internal:///(app-pages-browser)/./node_modules/next/dist/next-devtools/shared/forward-logs-shared.js:27
[   41370ms] [LOG] [Fast Refresh] done in 13ms @ webpack-internal:///(app-pages-browser)/./node_modules/next/dist/next-devtools/shared/forward-logs-shared.js:27
[   41632ms] [WARNING] ./app/page.tsx
Module not found: Can't resolve 'html-to-image' in '/Users/saladin/Developments/interestory/app'

Import trace for requested module:
./app/page.tsx @ webpack-internal:///(app-pages-browser)/./node_modules/next/dist/next-devtools/shared/forward-logs-shared.js:27
[   41632ms] [WARNING] ./components/stats/StatsClient.tsx
Module not found: Can't resolve 'html-to-image' in '/Users/saladin/Developments/interestory/components/stats'

Import trace for requested module:
./components/stats/StatsClient.tsx @ webpack-internal:///(app-pages-browser)/./node_modules/next/dist/next-devtools/shared/forward-logs-shared.js:27
[   41633ms] [LOG] [Fast Refresh] rebuilding @ webpack-internal:///(app-pages-browser)/./node_modules/next/dist/next-devtools/shared/forward-logs-shared.js:27
[   41653ms] [LOG] [Fast Refresh] done in 20ms @ webpack-internal:///(app-pages-browser)/./node_modules/next/dist/next-devtools/shared/forward-logs-shared.js:27
[   41832ms] [LOG] [Fast Refresh] rebuilding @ webpack-internal:///(app-pages-browser)/./node_modules/next/dist/next-devtools/shared/forward-logs-shared.js:27
[   41832ms] [WARNING] ./app/page.tsx
Module not found: Can't resolve 'html-to-image' in '/Users/saladin/Developments/interestory/app'

Import trace for requested module:
./app/page.tsx @ webpack-internal:///(app-pages-browser)/./node_modules/next/dist/next-devtools/shared/forward-logs-shared.js:27
[   41832ms] [WARNING] ./components/stats/StatsClient.tsx
Module not found: Can't resolve 'html-to-image' in '/Users/saladin/Developments/interestory/components/stats'

Import trace for requested module:
./components/stats/StatsClient.tsx @ webpack-internal:///(app-pages-browser)/./node_modules/next/dist/next-devtools/shared/forward-logs-shared.js:27
[   41848ms] [LOG] [Fast Refresh] done in 16ms @ webpack-internal:///(app-pages-browser)/./node_modules/next/dist/next-devtools/shared/forward-logs-shared.js:27
[   41876ms] [WARNING] ./app/page.tsx
Module not found: Can't resolve 'html-to-image' in '/Users/saladin/Developments/interestory/app'

Import trace for requested module:
./app/page.tsx @ webpack-internal:///(app-pages-browser)/./node_modules/next/dist/next-devtools/shared/forward-logs-shared.js:27
[   41876ms] [WARNING] ./components/stats/StatsClient.tsx
Module not found: Can't resolve 'html-to-image' in '/Users/saladin/Developments/interestory/components/stats'

Import trace for requested module:
./components/stats/StatsClient.tsx @ webpack-internal:///(app-pages-browser)/./node_modules/next/dist/next-devtools/shared/forward-logs-shared.js:27
[   41876ms] [LOG] [Fast Refresh] done in 45ms @ webpack-internal:///(app-pages-browser)/./node_modules/next/dist/next-devtools/shared/forward-logs-shared.js:27
[   41904ms] [LOG] [Fast Refresh] rebuilding @ webpack-internal:///(app-pages-browser)/./node_modules/next/dist/next-devtools/shared/forward-logs-shared.js:27
[   41904ms] [ERROR] Failed to load resource: the server responded with a status of 500 (Internal Server Error) @ http://localhost:3000/family?_rsc=13zw9:0
[   42006ms] [WARNING] ./app/page.tsx
Module not found: Can't resolve 'html-to-image' in '/Users/saladin/Developments/interestory/app'

Import trace for requested module:
./app/page.tsx @ webpack-internal:///(app-pages-browser)/./node_modules/next/dist/next-devtools/shared/forward-logs-shared.js:27
[   42006ms] [WARNING] ./components/stats/StatsClient.tsx
Module not found: Can't resolve 'html-to-image' in '/Users/saladin/Developments/interestory/components/stats'

Import trace for requested module:
./components/stats/StatsClient.tsx @ webpack-internal:///(app-pages-browser)/./node_modules/next/dist/next-devtools/shared/forward-logs-shared.js:27
[   42008ms] [LOG] [Fast Refresh] rebuilding @ webpack-internal:///(app-pages-browser)/./node_modules/next/dist/next-devtools/shared/forward-logs-shared.js:27
[   42012ms] [LOG] [Fast Refresh] done in 5ms @ webpack-internal:///(app-pages-browser)/./node_modules/next/dist/next-devtools/shared/forward-logs-shared.js:27
[   42102ms] [WARNING] ./app/page.tsx
Module not found: Can't resolve 'html-to-image' in '/Users/saladin/Developments/interestory/app'

Import trace for requested module:
./app/page.tsx @ webpack-internal:///(app-pages-browser)/./node_modules/next/dist/next-devtools/shared/forward-logs-shared.js:27
[   42102ms] [WARNING] ./components/stats/StatsClient.tsx
Module not found: Can't resolve 'html-to-image' in '/Users/saladin/Developments/interestory/components/stats'

Import trace for requested module:
./components/stats/StatsClient.tsx @ webpack-internal:///(app-pages-browser)/./node_modules/next/dist/next-devtools/shared/forward-logs-shared.js:27
[   42103ms] [LOG] [Fast Refresh] rebuilding @ webpack-internal:///(app-pages-browser)/./node_modules/next/dist/next-devtools/shared/forward-logs-shared.js:27
[   42117ms] [LOG] [Fast Refresh] done in 14ms @ webpack-internal:///(app-pages-browser)/./node_modules/next/dist/next-devtools/shared/forward-logs-shared.js:27
[   42313ms] [WARNING] ./app/page.tsx
Module not found: Can't resolve 'html-to-image' in '/Users/saladin/Developments/interestory/app'

Import trace for requested module:
./app/page.tsx @ webpack-internal:///(app-pages-browser)/./node_modules/next/dist/next-devtools/shared/forward-logs-shared.js:27
[   42314ms] [WARNING] ./components/stats/StatsClient.tsx
Module not found: Can't resolve 'html-to-image' in '/Users/saladin/Developments/interestory/components/stats'

Import trace for requested module:
./components/stats/StatsClient.tsx @ webpack-internal:///(app-pages-browser)/./node_modules/next/dist/next-devtools/shared/forward-logs-shared.js:27
[   42316ms] [LOG] [Fast Refresh] rebuilding @ webpack-internal:///(app-pages-browser)/./node_modules/next/dist/next-devtools/shared/forward-logs-shared.js:27
[   42379ms] [LOG] [Fast Refresh] done in 62ms @ webpack-internal:///(app-pages-browser)/./node_modules/next/dist/next-devtools/shared/forward-logs-shared.js:27
[   42413ms] [WARNING] ./app/page.tsx
Module not found: Can't resolve 'html-to-image' in '/Users/saladin/Developments/interestory/app'

Import trace for requested module:
./app/page.tsx @ webpack-internal:///(app-pages-browser)/./node_modules/next/dist/next-devtools/shared/forward-logs-shared.js:27
[   42413ms] [WARNING] ./components/stats/StatsClient.tsx
Module not found: Can't resolve 'html-to-image' in '/Users/saladin/Developments/interestory/components/stats'

Import trace for requested module:
./components/stats/StatsClient.tsx @ webpack-internal:///(app-pages-browser)/./node_modules/next/dist/next-devtools/shared/forward-logs-shared.js:27
[   42416ms] [LOG] [Fast Refresh] rebuilding @ webpack-internal:///(app-pages-browser)/./node_modules/next/dist/next-devtools/shared/forward-logs-shared.js:27
[   42519ms] [LOG] [Fast Refresh] done in 104ms @ webpack-internal:///(app-pages-browser)/./node_modules/next/dist/next-devtools/shared/forward-logs-shared.js:27
[   42545ms] [WARNING] ./app/page.tsx
Module not found: Can't resolve 'html-to-image' in '/Users/saladin/Developments/interestory/app'

Import trace for requested module:
./app/page.tsx @ webpack-internal:///(app-pages-browser)/./node_modules/next/dist/next-devtools/shared/forward-logs-shared.js:27
[   42545ms] [WARNING] ./components/stats/StatsClient.tsx
Module not found: Can't resolve 'html-to-image' in '/Users/saladin/Developments/interestory/components/stats'

Import trace for requested module:
./components/stats/StatsClient.tsx @ webpack-internal:///(app-pages-browser)/./node_modules/next/dist/next-devtools/shared/forward-logs-shared.js:27
[   42546ms] [LOG] [Fast Refresh] rebuilding @ webpack-internal:///(app-pages-browser)/./node_modules/next/dist/next-devtools/shared/forward-logs-shared.js:27
[   42677ms] [WARNING] ./app/page.tsx
Module not found: Can't resolve 'html-to-image' in '/Users/saladin/Developments/interestory/app'

Import trace for requested module:
./app/page.tsx @ webpack-internal:///(app-pages-browser)/./node_modules/next/dist/next-devtools/shared/forward-logs-shared.js:27
[   42677ms] [WARNING] ./components/stats/StatsClient.tsx
Module not found: Can't resolve 'html-to-image' in '/Users/saladin/Developments/interestory/components/stats'

Import trace for requested module:
./components/stats/StatsClient.tsx @ webpack-internal:///(app-pages-browser)/./node_modules/next/dist/next-devtools/shared/forward-logs-shared.js:27
[   42677ms] [LOG] [Fast Refresh] done in 130ms @ webpack-internal:///(app-pages-browser)/./node_modules/next/dist/next-devtools/shared/forward-logs-shared.js:27
[   42681ms] [LOG] [Fast Refresh] rebuilding @ webpack-internal:///(app-pages-browser)/./node_modules/next/dist/next-devtools/shared/forward-logs-shared.js:27
[   42784ms] [WARNING] ./app/page.tsx
Module not found: Can't resolve 'html-to-image' in '/Users/saladin/Developments/interestory/app'

Import trace for requested module:
./app/page.tsx @ webpack-internal:///(app-pages-browser)/./node_modules/next/dist/next-devtools/shared/forward-logs-shared.js:27
[   42784ms] [WARNING] ./components/stats/StatsClient.tsx
Module not found: Can't resolve 'html-to-image' in '/Users/saladin/Developments/interestory/components/stats'

Import trace for requested module:
./components/stats/StatsClient.tsx @ webpack-internal:///(app-pages-browser)/./node_modules/next/dist/next-devtools/shared/forward-logs-shared.js:27
[   42784ms] [LOG] [Fast Refresh] done in 104ms @ webpack-internal:///(app-pages-browser)/./node_modules/next/dist/next-devtools/shared/forward-logs-shared.js:27
[   42786ms] [LOG] [Fast Refresh] rebuilding @ webpack-internal:///(app-pages-browser)/./node_modules/next/dist/next-devtools/shared/forward-logs-shared.js:27
[   42910ms] [WARNING] ./app/page.tsx
Module not found: Can't resolve 'html-to-image' in '/Users/saladin/Developments/interestory/app'

Import trace for requested module:
./app/page.tsx @ webpack-internal:///(app-pages-browser)/./node_modules/next/dist/next-devtools/shared/forward-logs-shared.js:27
[   42910ms] [WARNING] ./components/stats/StatsClient.tsx
Module not found: Can't resolve 'html-to-image' in '/Users/saladin/Developments/interestory/components/stats'

Import trace for requested module:
./components/stats/StatsClient.tsx @ webpack-internal:///(app-pages-browser)/./node_modules/next/dist/next-devtools/shared/forward-logs-shared.js:27
[   42910ms] [LOG] [Fast Refresh] done in 123ms @ webpack-internal:///(app-pages-browser)/./node_modules/next/dist/next-devtools/shared/forward-logs-shared.js:27
[   42912ms] [LOG] [Fast Refresh] rebuilding @ webpack-internal:///(app-pages-browser)/./node_modules/next/dist/next-devtools/shared/forward-logs-shared.js:27
[   43048ms] [WARNING] ./app/page.tsx
Module not found: Can't resolve 'html-to-image' in '/Users/saladin/Developments/interestory/app'

Import trace for requested module:
./app/page.tsx @ webpack-internal:///(app-pages-browser)/./node_modules/next/dist/next-devtools/shared/forward-logs-shared.js:27
[   43048ms] [WARNING] ./components/stats/StatsClient.tsx
Module not found: Can't resolve 'html-to-image' in '/Users/saladin/Developments/interestory/components/stats'

Import trace for requested module:
./components/stats/StatsClient.tsx @ webpack-internal:///(app-pages-browser)/./node_modules/next/dist/next-devtools/shared/forward-logs-shared.js:27
[   43048ms] [LOG] [Fast Refresh] done in 137ms @ webpack-internal:///(app-pages-browser)/./node_modules/next/dist/next-devtools/shared/forward-logs-shared.js:27
[   43051ms] [LOG] [Fast Refresh] rebuilding @ webpack-internal:///(app-pages-browser)/./node_modules/next/dist/next-devtools/shared/forward-logs-shared.js:27
[   43310ms] [WARNING] ./app/page.tsx
Module not found: Can't resolve 'html-to-image' in '/Users/saladin/Developments/interestory/app'

Import trace for requested module:
./app/page.tsx @ webpack-internal:///(app-pages-browser)/./node_modules/next/dist/next-devtools/shared/forward-logs-shared.js:27
[   43310ms] [WARNING] ./components/stats/StatsClient.tsx
Module not found: Can't resolve 'html-to-image' in '/Users/saladin/Developments/interestory/components/stats'

Import trace for requested module:
./components/stats/StatsClient.tsx @ webpack-internal:///(app-pages-browser)/./node_modules/next/dist/next-devtools/shared/forward-logs-shared.js:27
[   43310ms] [LOG] [Fast Refresh] done in 259ms @ webpack-internal:///(app-pages-browser)/./node_modules/next/dist/next-devtools/shared/forward-logs-shared.js:27
[   43312ms] [LOG] [Fast Refresh] rebuilding @ webpack-internal:///(app-pages-browser)/./node_modules/next/dist/next-devtools/shared/forward-logs-shared.js:27
[   43416ms] [WARNING] ./app/page.tsx
Module not found: Can't resolve 'html-to-image' in '/Users/saladin/Developments/interestory/app'

Import trace for requested module:
./app/page.tsx @ webpack-internal:///(app-pages-browser)/./node_modules/next/dist/next-devtools/shared/forward-logs-shared.js:27
[   43416ms] [WARNING] ./components/stats/StatsClient.tsx
Module not found: Can't resolve 'html-to-image' in '/Users/saladin/Developments/interestory/components/stats'

Import trace for requested module:
./components/stats/StatsClient.tsx @ webpack-internal:///(app-pages-browser)/./node_modules/next/dist/next-devtools/shared/forward-logs-shared.js:27
[   43416ms] [LOG] [Fast Refresh] done in 104ms @ webpack-internal:///(app-pages-browser)/./node_modules/next/dist/next-devtools/shared/forward-logs-shared.js:27
[   43418ms] [LOG] [Fast Refresh] rebuilding @ webpack-internal:///(app-pages-browser)/./node_modules/next/dist/next-devtools/shared/forward-logs-shared.js:27
[   43545ms] [WARNING] ./app/page.tsx
Module not found: Can't resolve 'html-to-image' in '/Users/saladin/Developments/interestory/app'

Import trace for requested module:
./app/page.tsx @ webpack-internal:///(app-pages-browser)/./node_modules/next/dist/next-devtools/shared/forward-logs-shared.js:27
[   43545ms] [WARNING] ./components/stats/StatsClient.tsx
Module not found: Can't resolve 'html-to-image' in '/Users/saladin/Developments/interestory/components/stats'

Import trace for requested module:
./components/stats/StatsClient.tsx @ webpack-internal:///(app-pages-browser)/./node_modules/next/dist/next-devtools/shared/forward-logs-shared.js:27
[   43545ms] [LOG] [Fast Refresh] done in 127ms @ webpack-internal:///(app-pages-browser)/./node_modules/next/dist/next-devtools/shared/forward-logs-shared.js:27
[   43546ms] [LOG] [Fast Refresh] rebuilding @ webpack-internal:///(app-pages-browser)/./node_modules/next/dist/next-devtools/shared/forward-logs-shared.js:27
[   43654ms] [WARNING] ./app/page.tsx
Module not found: Can't resolve 'html-to-image' in '/Users/saladin/Developments/interestory/app'

Import trace for requested module:
./app/page.tsx @ webpack-internal:///(app-pages-browser)/./node_modules/next/dist/next-devtools/shared/forward-logs-shared.js:27
[   43654ms] [WARNING] ./components/stats/StatsClient.tsx
Module not found: Can't resolve 'html-to-image' in '/Users/saladin/Developments/interestory/components/stats'

Import trace for requested module:
./components/stats/StatsClient.tsx @ webpack-internal:///(app-pages-browser)/./node_modules/next/dist/next-devtools/shared/forward-logs-shared.js:27
[   43654ms] [LOG] [Fast Refresh] done in 107ms @ webpack-internal:///(app-pages-browser)/./node_modules/next/dist/next-devtools/shared/forward-logs-shared.js:27
[   43657ms] [LOG] [Fast Refresh] rebuilding @ webpack-internal:///(app-pages-browser)/./node_modules/next/dist/next-devtools/shared/forward-logs-shared.js:27
[   43865ms] Invalid or unexpected token
[   44328ms] [INFO] %cDownload the React DevTools for a better development experience: https://react.dev/link/react-devtools font-weight:bold @ webpack-internal:///(app-pages-browser)/./node_modules/next/dist/next-devtools/shared/forward-logs-shared.js:27
[   44340ms] [LOG] [HMR] connected @ webpack-internal:///(app-pages-browser)/./node_modules/next/dist/next-devtools/shared/forward-logs-shared.js:27
[   44343ms] [WARNING] ./app/page.tsx
Module not found: Can't resolve 'html-to-image' in '/Users/saladin/Developments/interestory/app' @ webpack-internal:///(app-pages-browser)/./node_modules/next/dist/next-devtools/shared/forward-logs-shared.js:27
[   44343ms] [WARNING] ./components/stats/StatsClient.tsx
Module not found: Can't resolve 'html-to-image' in '/Users/saladin/Developments/interestory/components/stats' @ webpack-internal:///(app-pages-browser)/./node_modules/next/dist/next-devtools/shared/forward-logs-shared.js:27
[   44358ms] [LOG] [Fast Refresh] rebuilding @ webpack-internal:///(app-pages-browser)/./node_modules/next/dist/next-devtools/shared/forward-logs-shared.js:27
[   44456ms] [ERROR] Can't perform a React state update on a component that hasn't mounted yet. This indicates that you have a side-effect in your render function that asynchronously tries to update the component. Move this work to useEffect instead. @ webpack-internal:///(app-pages-browser)/./node_modules/next/dist/next-devtools/userspace/app/errors/intercept-console-error.js:57
[   44459ms] [WARNING] ./app/page.tsx
Module not found: Can't resolve 'html-to-image' in '/Users/saladin/Developments/interestory/app'

Import trace for requested module:
./app/page.tsx @ webpack-internal:///(app-pages-browser)/./node_modules/next/dist/next-devtools/shared/forward-logs-shared.js:27
[   44459ms] [WARNING] ./components/stats/StatsClient.tsx
Module not found: Can't resolve 'html-to-image' in '/Users/saladin/Developments/interestory/components/stats'

Import trace for requested module:
./components/stats/StatsClient.tsx @ webpack-internal:///(app-pages-browser)/./node_modules/next/dist/next-devtools/shared/forward-logs-shared.js:27
[   44459ms] [LOG] [Fast Refresh] rebuilding @ webpack-internal:///(app-pages-browser)/./node_modules/next/dist/next-devtools/shared/forward-logs-shared.js:27
[   44581ms] [WARNING] ./app/page.tsx
Module not found: Can't resolve 'html-to-image' in '/Users/saladin/Developments/interestory/app'

Import trace for requested module:
./app/page.tsx @ webpack-internal:///(app-pages-browser)/./node_modules/next/dist/next-devtools/shared/forward-logs-shared.js:27
[   44581ms] [WARNING] ./components/stats/StatsClient.tsx
Module not found: Can't resolve 'html-to-image' in '/Users/saladin/Developments/interestory/components/stats'

Import trace for requested module:
./components/stats/StatsClient.tsx @ webpack-internal:///(app-pages-browser)/./node_modules/next/dist/next-devtools/shared/forward-logs-shared.js:27
[   44582ms] [LOG] [Fast Refresh] done in 122ms @ webpack-internal:///(app-pages-browser)/./node_modules/next/dist/next-devtools/shared/forward-logs-shared.js:27
[   44585ms] [LOG] [Fast Refresh] rebuilding @ webpack-internal:///(app-pages-browser)/./node_modules/next/dist/next-devtools/shared/forward-logs-shared.js:27
[   44602ms] [LOG] [Fast Refresh] done in 18ms @ webpack-internal:///(app-pages-browser)/./node_modules/next/dist/next-devtools/shared/forward-logs-shared.js:27
[   44731ms] [WARNING] ./app/page.tsx
Module not found: Can't resolve 'html-to-image' in '/Users/saladin/Developments/interestory/app'

Import trace for requested module:
./app/page.tsx @ webpack-internal:///(app-pages-browser)/./node_modules/next/dist/next-devtools/shared/forward-logs-shared.js:27
[   44731ms] [WARNING] ./components/stats/StatsClient.tsx
Module not found: Can't resolve 'html-to-image' in '/Users/saladin/Developments/interestory/components/stats'

Import trace for requested module:
./components/stats/StatsClient.tsx @ webpack-internal:///(app-pages-browser)/./node_modules/next/dist/next-devtools/shared/forward-logs-shared.js:27
[   44733ms] [LOG] [Fast Refresh] rebuilding @ webpack-internal:///(app-pages-browser)/./node_modules/next/dist/next-devtools/shared/forward-logs-shared.js:27
[   44740ms] [LOG] [Fast Refresh] done in 6ms @ webpack-internal:///(app-pages-browser)/./node_modules/next/dist/next-devtools/shared/forward-logs-shared.js:27
[   44835ms] [WARNING] ./app/page.tsx
Module not found: Can't resolve 'html-to-image' in '/Users/saladin/Developments/interestory/app'

Import trace for requested module:
./app/page.tsx @ webpack-internal:///(app-pages-browser)/./node_modules/next/dist/next-devtools/shared/forward-logs-shared.js:27
[   44835ms] [WARNING] ./components/stats/StatsClient.tsx
Module not found: Can't resolve 'html-to-image' in '/Users/saladin/Developments/interestory/components/stats'

Import trace for requested module:
./components/stats/StatsClient.tsx @ webpack-internal:///(app-pages-browser)/./node_modules/next/dist/next-devtools/shared/forward-logs-shared.js:27
[   44837ms] [LOG] [Fast Refresh] rebuilding @ webpack-internal:///(app-pages-browser)/./node_modules/next/dist/next-devtools/shared/forward-logs-shared.js:27
[   44841ms] [LOG] [Fast Refresh] done in 5ms @ webpack-internal:///(app-pages-browser)/./node_modules/next/dist/next-devtools/shared/forward-logs-shared.js:27
[   44960ms] [WARNING] ./app/page.tsx
Module not found: Can't resolve 'html-to-image' in '/Users/saladin/Developments/interestory/app'

Import trace for requested module:
./app/page.tsx @ webpack-internal:///(app-pages-browser)/./node_modules/next/dist/next-devtools/shared/forward-logs-shared.js:27
[   44960ms] [WARNING] ./components/stats/StatsClient.tsx
Module not found: Can't resolve 'html-to-image' in '/Users/saladin/Developments/interestory/components/stats'

Import trace for requested module:
./components/stats/StatsClient.tsx @ webpack-internal:///(app-pages-browser)/./node_modules/next/dist/next-devtools/shared/forward-logs-shared.js:27
[   44962ms] [LOG] [Fast Refresh] rebuilding @ webpack-internal:///(app-pages-browser)/./node_modules/next/dist/next-devtools/shared/forward-logs-shared.js:27
[   44966ms] [LOG] [Fast Refresh] done in 4ms @ webpack-internal:///(app-pages-browser)/./node_modules/next/dist/next-devtools/shared/forward-logs-shared.js:27
[   45064ms] [WARNING] ./app/page.tsx
Module not found: Can't resolve 'html-to-image' in '/Users/saladin/Developments/interestory/app'

Import trace for requested module:
./app/page.tsx @ webpack-internal:///(app-pages-browser)/./node_modules/next/dist/next-devtools/shared/forward-logs-shared.js:27
[   45064ms] [WARNING] ./components/stats/StatsClient.tsx
Module not found: Can't resolve 'html-to-image' in '/Users/saladin/Developments/interestory/components/stats'

Import trace for requested module:
./components/stats/StatsClient.tsx @ webpack-internal:///(app-pages-browser)/./node_modules/next/dist/next-devtools/shared/forward-logs-shared.js:27
[   45068ms] [LOG] [Fast Refresh] rebuilding @ webpack-internal:///(app-pages-browser)/./node_modules/next/dist/next-devtools/shared/forward-logs-shared.js:27
[   45075ms] [LOG] [Fast Refresh] done in 7ms @ webpack-internal:///(app-pages-browser)/./node_modules/next/dist/next-devtools/shared/forward-logs-shared.js:27
[   45199ms] [WARNING] ./app/page.tsx
Module not found: Can't resolve 'html-to-image' in '/Users/saladin/Developments/interestory/app'

Import trace for requested module:
./app/page.tsx @ webpack-internal:///(app-pages-browser)/./node_modules/next/dist/next-devtools/shared/forward-logs-shared.js:27
[   45199ms] [WARNING] ./components/stats/StatsClient.tsx
Module not found: Can't resolve 'html-to-image' in '/Users/saladin/Developments/interestory/components/stats'

Import trace for requested module:
./components/stats/StatsClient.tsx @ webpack-internal:///(app-pages-browser)/./node_modules/next/dist/next-devtools/shared/forward-logs-shared.js:27
[   45200ms] [LOG] [Fast Refresh] rebuilding @ webpack-internal:///(app-pages-browser)/./node_modules/next/dist/next-devtools/shared/forward-logs-shared.js:27
[   45209ms] [LOG] [Fast Refresh] done in 8ms @ webpack-internal:///(app-pages-browser)/./node_modules/next/dist/next-devtools/shared/forward-logs-shared.js:27
[   45297ms] [WARNING] ./app/page.tsx
Module not found: Can't resolve 'html-to-image' in '/Users/saladin/Developments/interestory/app'

Import trace for requested module:
./app/page.tsx @ webpack-internal:///(app-pages-browser)/./node_modules/next/dist/next-devtools/shared/forward-logs-shared.js:27
[   45297ms] [WARNING] ./components/stats/StatsClient.tsx
Module not found: Can't resolve 'html-to-image' in '/Users/saladin/Developments/interestory/components/stats'

Import trace for requested module:
./components/stats/StatsClient.tsx @ webpack-internal:///(app-pages-browser)/./node_modules/next/dist/next-devtools/shared/forward-logs-shared.js:27
[   45300ms] [LOG] [Fast Refresh] rebuilding @ webpack-internal:///(app-pages-browser)/./node_modules/next/dist/next-devtools/shared/forward-logs-shared.js:27
[   45309ms] [LOG] [Fast Refresh] done in 10ms @ webpack-internal:///(app-pages-browser)/./node_modules/next/dist/next-devtools/shared/forward-logs-shared.js:27
[   45481ms] [WARNING] ./app/page.tsx
Module not found: Can't resolve 'html-to-image' in '/Users/saladin/Developments/interestory/app'

Import trace for requested module:
./app/page.tsx @ webpack-internal:///(app-pages-browser)/./node_modules/next/dist/next-devtools/shared/forward-logs-shared.js:27
[   45481ms] [WARNING] ./components/stats/StatsClient.tsx
Module not found: Can't resolve 'html-to-image' in '/Users/saladin/Developments/interestory/components/stats'

Import trace for requested module:
./components/stats/StatsClient.tsx @ webpack-internal:///(app-pages-browser)/./node_modules/next/dist/next-devtools/shared/forward-logs-shared.js:27
[   45484ms] [LOG] [Fast Refresh] rebuilding @ webpack-internal:///(app-pages-browser)/./node_modules/next/dist/next-devtools/shared/forward-logs-shared.js:27
[   45502ms] [LOG] [Fast Refresh] done in 18ms @ webpack-internal:///(app-pages-browser)/./node_modules/next/dist/next-devtools/shared/forward-logs-shared.js:27
[   45660ms] [WARNING] ./app/page.tsx
Module not found: Can't resolve 'html-to-image' in '/Users/saladin/Developments/interestory/app'

Import trace for requested module:
./app/page.tsx @ webpack-internal:///(app-pages-browser)/./node_modules/next/dist/next-devtools/shared/forward-logs-shared.js:27
[   45660ms] [WARNING] ./components/stats/StatsClient.tsx
Module not found: Can't resolve 'html-to-image' in '/Users/saladin/Developments/interestory/components/stats'

Import trace for requested module:
./components/stats/StatsClient.tsx @ webpack-internal:///(app-pages-browser)/./node_modules/next/dist/next-devtools/shared/forward-logs-shared.js:27
[   45663ms] [LOG] [Fast Refresh] rebuilding @ webpack-internal:///(app-pages-browser)/./node_modules/next/dist/next-devtools/shared/forward-logs-shared.js:27
[   45671ms] [LOG] [Fast Refresh] done in 9ms @ webpack-internal:///(app-pages-browser)/./node_modules/next/dist/next-devtools/shared/forward-logs-shared.js:27
[   45798ms] [WARNING] ./app/page.tsx
Module not found: Can't resolve 'html-to-image' in '/Users/saladin/Developments/interestory/app'

Import trace for requested module:
./app/page.tsx @ webpack-internal:///(app-pages-browser)/./node_modules/next/dist/next-devtools/shared/forward-logs-shared.js:27
[   45798ms] [WARNING] ./components/stats/StatsClient.tsx
Module not found: Can't resolve 'html-to-image' in '/Users/saladin/Developments/interestory/components/stats'

Import trace for requested module:
./components/stats/StatsClient.tsx @ webpack-internal:///(app-pages-browser)/./node_modules/next/dist/next-devtools/shared/forward-logs-shared.js:27
[   45798ms] [LOG] [Fast Refresh] rebuilding @ webpack-internal:///(app-pages-browser)/./node_modules/next/dist/next-devtools/shared/forward-logs-shared.js:27
[   45820ms] [LOG] [Fast Refresh] done in 22ms @ webpack-internal:///(app-pages-browser)/./node_modules/next/dist/next-devtools/shared/forward-logs-shared.js:27
[   46012ms] [LOG] [Fast Refresh] rebuilding @ webpack-internal:///(app-pages-browser)/./node_modules/next/dist/next-devtools/shared/forward-logs-shared.js:27
[   46012ms] [WARNING] ./app/page.tsx
Module not found: Can't resolve 'html-to-image' in '/Users/saladin/Developments/interestory/app'

Import trace for requested module:
./app/page.tsx @ webpack-internal:///(app-pages-browser)/./node_modules/next/dist/next-devtools/shared/forward-logs-shared.js:27
[   46012ms] [WARNING] ./components/stats/StatsClient.tsx
Module not found: Can't resolve 'html-to-image' in '/Users/saladin/Developments/interestory/components/stats'

Import trace for requested module:
./components/stats/StatsClient.tsx @ webpack-internal:///(app-pages-browser)/./node_modules/next/dist/next-devtools/shared/forward-logs-shared.js:27
[   46033ms] [LOG] [Fast Refresh] rebuilding @ webpack-internal:///(app-pages-browser)/./node_modules/next/dist/next-devtools/shared/forward-logs-shared.js:27
[   46067ms] [WARNING] ./app/page.tsx
Module not found: Can't resolve 'html-to-image' in '/Users/saladin/Developments/interestory/app'

Import trace for requested module:
./app/page.tsx @ webpack-internal:///(app-pages-browser)/./node_modules/next/dist/next-devtools/shared/forward-logs-shared.js:27
[   46067ms] [WARNING] ./components/stats/StatsClient.tsx
Module not found: Can't resolve 'html-to-image' in '/Users/saladin/Developments/interestory/components/stats'

Import trace for requested module:
./components/stats/StatsClient.tsx @ webpack-internal:///(app-pages-browser)/./node_modules/next/dist/next-devtools/shared/forward-logs-shared.js:27
[   46067ms] [LOG] [Fast Refresh] done in 35ms @ webpack-internal:///(app-pages-browser)/./node_modules/next/dist/next-devtools/shared/forward-logs-shared.js:27
[   46088ms] [LOG] [Fast Refresh] rebuilding @ webpack-internal:///(app-pages-browser)/./node_modules/next/dist/next-devtools/shared/forward-logs-shared.js:27
[   46088ms] [ERROR] Failed to load resource: the server responded with a status of 500 (Internal Server Error) @ http://localhost:3000/family?_rsc=13zw9:0
[   46170ms] [LOG] [Fast Refresh] done in 82ms @ webpack-internal:///(app-pages-browser)/./node_modules/next/dist/next-devtools/shared/forward-logs-shared.js:27
[   46202ms] [WARNING] ./app/page.tsx
Module not found: Can't resolve 'html-to-image' in '/Users/saladin/Developments/interestory/app'

Import trace for requested module:
./app/page.tsx @ webpack-internal:///(app-pages-browser)/./node_modules/next/dist/next-devtools/shared/forward-logs-shared.js:27
[   46202ms] [WARNING] ./components/stats/StatsClient.tsx
Module not found: Can't resolve 'html-to-image' in '/Users/saladin/Developments/interestory/components/stats'

Import trace for requested module:
./components/stats/StatsClient.tsx @ webpack-internal:///(app-pages-browser)/./node_modules/next/dist/next-devtools/shared/forward-logs-shared.js:27
[   46271ms] [LOG] [Fast Refresh] rebuilding @ webpack-internal:///(app-pages-browser)/./node_modules/next/dist/next-devtools/shared/forward-logs-shared.js:27
[   46437ms] [WARNING] ./app/page.tsx
Module not found: Can't resolve 'html-to-image' in '/Users/saladin/Developments/interestory/app'

Import trace for requested module:
./app/page.tsx @ webpack-internal:///(app-pages-browser)/./node_modules/next/dist/next-devtools/shared/forward-logs-shared.js:27
[   46437ms] [WARNING] ./components/stats/StatsClient.tsx
Module not found: Can't resolve 'html-to-image' in '/Users/saladin/Developments/interestory/components/stats'

Import trace for requested module:
./components/stats/StatsClient.tsx @ webpack-internal:///(app-pages-browser)/./node_modules/next/dist/next-devtools/shared/forward-logs-shared.js:27
[   46437ms] [LOG] [Fast Refresh] done in 167ms @ webpack-internal:///(app-pages-browser)/./node_modules/next/dist/next-devtools/shared/forward-logs-shared.js:27
[   46515ms] [LOG] [Fast Refresh] rebuilding @ webpack-internal:///(app-pages-browser)/./node_modules/next/dist/next-devtools/shared/forward-logs-shared.js:27
[   46596ms] [WARNING] ./app/page.tsx
Module not found: Can't resolve 'html-to-image' in '/Users/saladin/Developments/interestory/app'

Import trace for requested module:
./app/page.tsx @ webpack-internal:///(app-pages-browser)/./node_modules/next/dist/next-devtools/shared/forward-logs-shared.js:27
[   46596ms] [WARNING] ./components/stats/StatsClient.tsx
Module not found: Can't resolve 'html-to-image' in '/Users/saladin/Developments/interestory/components/stats'

Import trace for requested module:
./components/stats/StatsClient.tsx @ webpack-internal:///(app-pages-browser)/./node_modules/next/dist/next-devtools/shared/forward-logs-shared.js:27
[   46596ms] [LOG] [Fast Refresh] done in 81ms @ webpack-internal:///(app-pages-browser)/./node_modules/next/dist/next-devtools/shared/forward-logs-shared.js:27
[   46694ms] [LOG] [Fast Refresh] rebuilding @ webpack-internal:///(app-pages-browser)/./node_modules/next/dist/next-devtools/shared/forward-logs-shared.js:27
[   46736ms] [WARNING] ./app/page.tsx
Module not found: Can't resolve 'html-to-image' in '/Users/saladin/Developments/interestory/app'

Import trace for requested module:
./app/page.tsx @ webpack-internal:///(app-pages-browser)/./node_modules/next/dist/next-devtools/shared/forward-logs-shared.js:27
[   46736ms] [WARNING] ./components/stats/StatsClient.tsx
Module not found: Can't resolve 'html-to-image' in '/Users/saladin/Developments/interestory/components/stats'

Import trace for requested module:
./components/stats/StatsClient.tsx @ webpack-internal:///(app-pages-browser)/./node_modules/next/dist/next-devtools/shared/forward-logs-shared.js:27
[   46736ms] [LOG] [Fast Refresh] done in 43ms @ webpack-internal:///(app-pages-browser)/./node_modules/next/dist/next-devtools/shared/forward-logs-shared.js:27
[   46740ms] [LOG] [Fast Refresh] rebuilding @ webpack-internal:///(app-pages-browser)/./node_modules/next/dist/next-devtools/shared/forward-logs-shared.js:27
[   46864ms] [WARNING] ./app/page.tsx
Module not found: Can't resolve 'html-to-image' in '/Users/saladin/Developments/interestory/app'

Import trace for requested module:
./app/page.tsx @ webpack-internal:///(app-pages-browser)/./node_modules/next/dist/next-devtools/shared/forward-logs-shared.js:27
[   46865ms] [WARNING] ./components/stats/StatsClient.tsx
Module not found: Can't resolve 'html-to-image' in '/Users/saladin/Developments/interestory/components/stats'

Import trace for requested module:
./components/stats/StatsClient.tsx @ webpack-internal:///(app-pages-browser)/./node_modules/next/dist/next-devtools/shared/forward-logs-shared.js:27
[   46865ms] [LOG] [Fast Refresh] done in 125ms @ webpack-internal:///(app-pages-browser)/./node_modules/next/dist/next-devtools/shared/forward-logs-shared.js:27
[   46932ms] [LOG] [Fast Refresh] rebuilding @ webpack-internal:///(app-pages-browser)/./node_modules/next/dist/next-devtools/shared/forward-logs-shared.js:27
[   47045ms] Invalid or unexpected token
[   47496ms] [INFO] %cDownload the React DevTools for a better development experience: https://react.dev/link/react-devtools font-weight:bold @ webpack-internal:///(app-pages-browser)/./node_modules/next/dist/next-devtools/shared/forward-logs-shared.js:27
[   47508ms] [LOG] [HMR] connected @ webpack-internal:///(app-pages-browser)/./node_modules/next/dist/next-devtools/shared/forward-logs-shared.js:27
[   47510ms] [WARNING] ./app/page.tsx
Module not found: Can't resolve 'html-to-image' in '/Users/saladin/Developments/interestory/app' @ webpack-internal:///(app-pages-browser)/./node_modules/next/dist/next-devtools/shared/forward-logs-shared.js:27
[   47510ms] [WARNING] ./components/stats/StatsClient.tsx
Module not found: Can't resolve 'html-to-image' in '/Users/saladin/Developments/interestory/components/stats' @ webpack-internal:///(app-pages-browser)/./node_modules/next/dist/next-devtools/shared/forward-logs-shared.js:27
[   47544ms] [LOG] [Fast Refresh] rebuilding @ webpack-internal:///(app-pages-browser)/./node_modules/next/dist/next-devtools/shared/forward-logs-shared.js:27
[   47646ms] [ERROR] Can't perform a React state update on a component that hasn't mounted yet. This indicates that you have a side-effect in your render function that asynchronously tries to update the component. Move this work to useEffect instead. @ webpack-internal:///(app-pages-browser)/./node_modules/next/dist/next-devtools/userspace/app/errors/intercept-console-error.js:57
[   47649ms] [WARNING] ./app/page.tsx
Module not found: Can't resolve 'html-to-image' in '/Users/saladin/Developments/interestory/app'

Import trace for requested module:
./app/page.tsx @ webpack-internal:///(app-pages-browser)/./node_modules/next/dist/next-devtools/shared/forward-logs-shared.js:27
[   47649ms] [WARNING] ./components/stats/StatsClient.tsx
Module not found: Can't resolve 'html-to-image' in '/Users/saladin/Developments/interestory/components/stats'

Import trace for requested module:
./components/stats/StatsClient.tsx @ webpack-internal:///(app-pages-browser)/./node_modules/next/dist/next-devtools/shared/forward-logs-shared.js:27
[   47649ms] [LOG] [Fast Refresh] rebuilding @ webpack-internal:///(app-pages-browser)/./node_modules/next/dist/next-devtools/shared/forward-logs-shared.js:27
[   47779ms] [WARNING] ./app/page.tsx
Module not found: Can't resolve 'html-to-image' in '/Users/saladin/Developments/interestory/app'

Import trace for requested module:
./app/page.tsx @ webpack-internal:///(app-pages-browser)/./node_modules/next/dist/next-devtools/shared/forward-logs-shared.js:27
[   47779ms] [WARNING] ./components/stats/StatsClient.tsx
Module not found: Can't resolve 'html-to-image' in '/Users/saladin/Developments/interestory/components/stats'

Import trace for requested module:
./components/stats/StatsClient.tsx @ webpack-internal:///(app-pages-browser)/./node_modules/next/dist/next-devtools/shared/forward-logs-shared.js:27
[   47779ms] [LOG] [Fast Refresh] done in 129ms @ webpack-internal:///(app-pages-browser)/./node_modules/next/dist/next-devtools/shared/forward-logs-shared.js:27
[   47780ms] [LOG] [Fast Refresh] rebuilding @ webpack-internal:///(app-pages-browser)/./node_modules/next/dist/next-devtools/shared/forward-logs-shared.js:27
[   47787ms] [LOG] [Fast Refresh] done in 7ms @ webpack-internal:///(app-pages-browser)/./node_modules/next/dist/next-devtools/shared/forward-logs-shared.js:27
[   47922ms] [WARNING] ./app/page.tsx
Module not found: Can't resolve 'html-to-image' in '/Users/saladin/Developments/interestory/app'

Import trace for requested module:
./app/page.tsx @ webpack-internal:///(app-pages-browser)/./node_modules/next/dist/next-devtools/shared/forward-logs-shared.js:27
[   47922ms] [WARNING] ./components/stats/StatsClient.tsx
Module not found: Can't resolve 'html-to-image' in '/Users/saladin/Developments/interestory/components/stats'

Import trace for requested module:
./components/stats/StatsClient.tsx @ webpack-internal:///(app-pages-browser)/./node_modules/next/dist/next-devtools/shared/forward-logs-shared.js:27
[   47924ms] [LOG] [Fast Refresh] rebuilding @ webpack-internal:///(app-pages-browser)/./node_modules/next/dist/next-devtools/shared/forward-logs-shared.js:27
[   47929ms] [LOG] [Fast Refresh] done in 5ms @ webpack-internal:///(app-pages-browser)/./node_modules/next/dist/next-devtools/shared/forward-logs-shared.js:27
[   48052ms] [WARNING] ./app/page.tsx
Module not found: Can't resolve 'html-to-image' in '/Users/saladin/Developments/interestory/app'

Import trace for requested module:
./app/page.tsx @ webpack-internal:///(app-pages-browser)/./node_modules/next/dist/next-devtools/shared/forward-logs-shared.js:27
[   48052ms] [WARNING] ./components/stats/StatsClient.tsx
Module not found: Can't resolve 'html-to-image' in '/Users/saladin/Developments/interestory/components/stats'

Import trace for requested module:
./components/stats/StatsClient.tsx @ webpack-internal:///(app-pages-browser)/./node_modules/next/dist/next-devtools/shared/forward-logs-shared.js:27
[   48054ms] [LOG] [Fast Refresh] rebuilding @ webpack-internal:///(app-pages-browser)/./node_modules/next/dist/next-devtools/shared/forward-logs-shared.js:27
[   48068ms] [LOG] [Fast Refresh] done in 15ms @ webpack-internal:///(app-pages-browser)/./node_modules/next/dist/next-devtools/shared/forward-logs-shared.js:27
[   48158ms] [WARNING] ./app/page.tsx
Module not found: Can't resolve 'html-to-image' in '/Users/saladin/Developments/interestory/app'

Import trace for requested module:
./app/page.tsx @ webpack-internal:///(app-pages-browser)/./node_modules/next/dist/next-devtools/shared/forward-logs-shared.js:27
[   48158ms] [WARNING] ./components/stats/StatsClient.tsx
Module not found: Can't resolve 'html-to-image' in '/Users/saladin/Developments/interestory/components/stats'

Import trace for requested module:
./components/stats/StatsClient.tsx @ webpack-internal:///(app-pages-browser)/./node_modules/next/dist/next-devtools/shared/forward-logs-shared.js:27
[   48161ms] [LOG] [Fast Refresh] rebuilding @ webpack-internal:///(app-pages-browser)/./node_modules/next/dist/next-devtools/shared/forward-logs-shared.js:27
[   48166ms] [LOG] [Fast Refresh] done in 5ms @ webpack-internal:///(app-pages-browser)/./node_modules/next/dist/next-devtools/shared/forward-logs-shared.js:27
[   48290ms] [WARNING] ./app/page.tsx
Module not found: Can't resolve 'html-to-image' in '/Users/saladin/Developments/interestory/app'

Import trace for requested module:
./app/page.tsx @ webpack-internal:///(app-pages-browser)/./node_modules/next/dist/next-devtools/shared/forward-logs-shared.js:27
[   48290ms] [WARNING] ./components/stats/StatsClient.tsx
Module not found: Can't resolve 'html-to-image' in '/Users/saladin/Developments/interestory/components/stats'

Import trace for requested module:
./components/stats/StatsClient.tsx @ webpack-internal:///(app-pages-browser)/./node_modules/next/dist/next-devtools/shared/forward-logs-shared.js:27
[   48292ms] [LOG] [Fast Refresh] rebuilding @ webpack-internal:///(app-pages-browser)/./node_modules/next/dist/next-devtools/shared/forward-logs-shared.js:27
[   48296ms] [LOG] [Fast Refresh] done in 4ms @ webpack-internal:///(app-pages-browser)/./node_modules/next/dist/next-devtools/shared/forward-logs-shared.js:27
[   48384ms] [WARNING] ./app/page.tsx
Module not found: Can't resolve 'html-to-image' in '/Users/saladin/Developments/interestory/app'

Import trace for requested module:
./app/page.tsx @ webpack-internal:///(app-pages-browser)/./node_modules/next/dist/next-devtools/shared/forward-logs-shared.js:27
[   48384ms] [WARNING] ./components/stats/StatsClient.tsx
Module not found: Can't resolve 'html-to-image' in '/Users/saladin/Developments/interestory/components/stats'

Import trace for requested module:
./components/stats/StatsClient.tsx @ webpack-internal:///(app-pages-browser)/./node_modules/next/dist/next-devtools/shared/forward-logs-shared.js:27
[   48386ms] [LOG] [Fast Refresh] rebuilding @ webpack-internal:///(app-pages-browser)/./node_modules/next/dist/next-devtools/shared/forward-logs-shared.js:27
[   48392ms] [LOG] [Fast Refresh] done in 6ms @ webpack-internal:///(app-pages-browser)/./node_modules/next/dist/next-devtools/shared/forward-logs-shared.js:27
[   48523ms] [WARNING] ./app/page.tsx
Module not found: Can't resolve 'html-to-image' in '/Users/saladin/Developments/interestory/app'

Import trace for requested module:
./app/page.tsx @ webpack-internal:///(app-pages-browser)/./node_modules/next/dist/next-devtools/shared/forward-logs-shared.js:27
[   48523ms] [WARNING] ./components/stats/StatsClient.tsx
Module not found: Can't resolve 'html-to-image' in '/Users/saladin/Developments/interestory/components/stats'

Import trace for requested module:
./components/stats/StatsClient.tsx @ webpack-internal:///(app-pages-browser)/./node_modules/next/dist/next-devtools/shared/forward-logs-shared.js:27
[   48526ms] [LOG] [Fast Refresh] rebuilding @ webpack-internal:///(app-pages-browser)/./node_modules/next/dist/next-devtools/shared/forward-logs-shared.js:27
[   48534ms] [LOG] [Fast Refresh] done in 9ms @ webpack-internal:///(app-pages-browser)/./node_modules/next/dist/next-devtools/shared/forward-logs-shared.js:27
[   48636ms] [WARNING] ./app/page.tsx
Module not found: Can't resolve 'html-to-image' in '/Users/saladin/Developments/interestory/app'

Import trace for requested module:
./app/page.tsx @ webpack-internal:///(app-pages-browser)/./node_modules/next/dist/next-devtools/shared/forward-logs-shared.js:27
[   48636ms] [WARNING] ./components/stats/StatsClient.tsx
Module not found: Can't resolve 'html-to-image' in '/Users/saladin/Developments/interestory/components/stats'

Import trace for requested module:
./components/stats/StatsClient.tsx @ webpack-internal:///(app-pages-browser)/./node_modules/next/dist/next-devtools/shared/forward-logs-shared.js:27
[   48638ms] [LOG] [Fast Refresh] rebuilding @ webpack-internal:///(app-pages-browser)/./node_modules/next/dist/next-devtools/shared/forward-logs-shared.js:27
[   48711ms] [LOG] [Fast Refresh] done in 73ms @ webpack-internal:///(app-pages-browser)/./node_modules/next/dist/next-devtools/shared/forward-logs-shared.js:27
[   49203ms] [WARNING] ./app/page.tsx
Module not found: Can't resolve 'html-to-image' in '/Users/saladin/Developments/interestory/app'

Import trace for requested module:
./app/page.tsx @ webpack-internal:///(app-pages-browser)/./node_modules/next/dist/next-devtools/shared/forward-logs-shared.js:27
[   49203ms] [WARNING] ./components/stats/StatsClient.tsx
Module not found: Can't resolve 'html-to-image' in '/Users/saladin/Developments/interestory/components/stats'

Import trace for requested module:
./components/stats/StatsClient.tsx @ webpack-internal:///(app-pages-browser)/./node_modules/next/dist/next-devtools/shared/forward-logs-shared.js:27
[   49205ms] [LOG] [Fast Refresh] rebuilding @ webpack-internal:///(app-pages-browser)/./node_modules/next/dist/next-devtools/shared/forward-logs-shared.js:27
[   49209ms] [LOG] [Fast Refresh] done in 4ms @ webpack-internal:///(app-pages-browser)/./node_modules/next/dist/next-devtools/shared/forward-logs-shared.js:27
[   49306ms] [WARNING] ./app/page.tsx
Module not found: Can't resolve 'html-to-image' in '/Users/saladin/Developments/interestory/app'

Import trace for requested module:
./app/page.tsx @ webpack-internal:///(app-pages-browser)/./node_modules/next/dist/next-devtools/shared/forward-logs-shared.js:27
[   49306ms] [WARNING] ./components/stats/StatsClient.tsx
Module not found: Can't resolve 'html-to-image' in '/Users/saladin/Developments/interestory/components/stats'

Import trace for requested module:
./components/stats/StatsClient.tsx @ webpack-internal:///(app-pages-browser)/./node_modules/next/dist/next-devtools/shared/forward-logs-shared.js:27
[   49308ms] [LOG] [Fast Refresh] rebuilding @ webpack-internal:///(app-pages-browser)/./node_modules/next/dist/next-devtools/shared/forward-logs-shared.js:27
[   49339ms] [LOG] [Fast Refresh] done in 32ms @ webpack-internal:///(app-pages-browser)/./node_modules/next/dist/next-devtools/shared/forward-logs-shared.js:27
[   49440ms] [WARNING] ./app/page.tsx
Module not found: Can't resolve 'html-to-image' in '/Users/saladin/Developments/interestory/app'

Import trace for requested module:
./app/page.tsx @ webpack-internal:///(app-pages-browser)/./node_modules/next/dist/next-devtools/shared/forward-logs-shared.js:27
[   49440ms] [WARNING] ./components/stats/StatsClient.tsx
Module not found: Can't resolve 'html-to-image' in '/Users/saladin/Developments/interestory/components/stats'

Import trace for requested module:
./components/stats/StatsClient.tsx @ webpack-internal:///(app-pages-browser)/./node_modules/next/dist/next-devtools/shared/forward-logs-shared.js:27
[   49444ms] [LOG] [Fast Refresh] rebuilding @ webpack-internal:///(app-pages-browser)/./node_modules/next/dist/next-devtools/shared/forward-logs-shared.js:27
[   49539ms] [LOG] [Fast Refresh] done in 95ms @ webpack-internal:///(app-pages-browser)/./node_modules/next/dist/next-devtools/shared/forward-logs-shared.js:27
[   49576ms] [WARNING] ./app/page.tsx
Module not found: Can't resolve 'html-to-image' in '/Users/saladin/Developments/interestory/app'

Import trace for requested module:
./app/page.tsx @ webpack-internal:///(app-pages-browser)/./node_modules/next/dist/next-devtools/shared/forward-logs-shared.js:27
[   49576ms] [WARNING] ./components/stats/StatsClient.tsx
Module not found: Can't resolve 'html-to-image' in '/Users/saladin/Developments/interestory/components/stats'

Import trace for requested module:
./components/stats/StatsClient.tsx @ webpack-internal:///(app-pages-browser)/./node_modules/next/dist/next-devtools/shared/forward-logs-shared.js:27
[   49578ms] [LOG] [Fast Refresh] rebuilding @ webpack-internal:///(app-pages-browser)/./node_modules/next/dist/next-devtools/shared/forward-logs-shared.js:27
[   49586ms] [LOG] [Fast Refresh] done in 8ms @ webpack-internal:///(app-pages-browser)/./node_modules/next/dist/next-devtools/shared/forward-logs-shared.js:27
[   49674ms] [WARNING] ./app/page.tsx
Module not found: Can't resolve 'html-to-image' in '/Users/saladin/Developments/interestory/app'

Import trace for requested module:
./app/page.tsx @ webpack-internal:///(app-pages-browser)/./node_modules/next/dist/next-devtools/shared/forward-logs-shared.js:27
[   49675ms] [WARNING] ./components/stats/StatsClient.tsx
Module not found: Can't resolve 'html-to-image' in '/Users/saladin/Developments/interestory/components/stats'

Import trace for requested module:
./components/stats/StatsClient.tsx @ webpack-internal:///(app-pages-browser)/./node_modules/next/dist/next-devtools/shared/forward-logs-shared.js:27
[   49677ms] [LOG] [Fast Refresh] rebuilding @ webpack-internal:///(app-pages-browser)/./node_modules/next/dist/next-devtools/shared/forward-logs-shared.js:27
[   49809ms] [LOG] [Fast Refresh] done in 132ms @ webpack-internal:///(app-pages-browser)/./node_modules/next/dist/next-devtools/shared/forward-logs-shared.js:27
[   49811ms] [WARNING] ./app/page.tsx
Module not found: Can't resolve 'html-to-image' in '/Users/saladin/Developments/interestory/app'

Import trace for requested module:
./app/page.tsx @ webpack-internal:///(app-pages-browser)/./node_modules/next/dist/next-devtools/shared/forward-logs-shared.js:27
[   49811ms] [WARNING] ./components/stats/StatsClient.tsx
Module not found: Can't resolve 'html-to-image' in '/Users/saladin/Developments/interestory/components/stats'

Import trace for requested module:
./components/stats/StatsClient.tsx @ webpack-internal:///(app-pages-browser)/./node_modules/next/dist/next-devtools/shared/forward-logs-shared.js:27
[   49813ms] [LOG] [Fast Refresh] rebuilding @ webpack-internal:///(app-pages-browser)/./node_modules/next/dist/next-devtools/shared/forward-logs-shared.js:27
[   49930ms] [WARNING] ./app/page.tsx
Module not found: Can't resolve 'html-to-image' in '/Users/saladin/Developments/interestory/app'

Import trace for requested module:
./app/page.tsx @ webpack-internal:///(app-pages-browser)/./node_modules/next/dist/next-devtools/shared/forward-logs-shared.js:27
[   49931ms] [WARNING] ./components/stats/StatsClient.tsx
Module not found: Can't resolve 'html-to-image' in '/Users/saladin/Developments/interestory/components/stats'

Import trace for requested module:
./components/stats/StatsClient.tsx @ webpack-internal:///(app-pages-browser)/./node_modules/next/dist/next-devtools/shared/forward-logs-shared.js:27
[   49931ms] [LOG] [Fast Refresh] done in 118ms @ webpack-internal:///(app-pages-browser)/./node_modules/next/dist/next-devtools/shared/forward-logs-shared.js:27
[   49931ms] [LOG] [Fast Refresh] rebuilding @ webpack-internal:///(app-pages-browser)/./node_modules/next/dist/next-devtools/shared/forward-logs-shared.js:27
[   50139ms] [LOG] [Fast Refresh] rebuilding @ webpack-internal:///(app-pages-browser)/./node_modules/next/dist/next-devtools/shared/forward-logs-shared.js:27
[   50139ms] [WARNING] ./app/page.tsx
Module not found: Can't resolve 'html-to-image' in '/Users/saladin/Developments/interestory/app'

Import trace for requested module:
./app/page.tsx @ webpack-internal:///(app-pages-browser)/./node_modules/next/dist/next-devtools/shared/forward-logs-shared.js:27
[   50139ms] [WARNING] ./components/stats/StatsClient.tsx
Module not found: Can't resolve 'html-to-image' in '/Users/saladin/Developments/interestory/components/stats'

Import trace for requested module:
./components/stats/StatsClient.tsx @ webpack-internal:///(app-pages-browser)/./node_modules/next/dist/next-devtools/shared/forward-logs-shared.js:27
[   50139ms] [LOG] [Fast Refresh] done in 1ms @ webpack-internal:///(app-pages-browser)/./node_modules/next/dist/next-devtools/shared/forward-logs-shared.js:27
[   50187ms] [LOG] [Fast Refresh] rebuilding @ webpack-internal:///(app-pages-browser)/./node_modules/next/dist/next-devtools/shared/forward-logs-shared.js:27
[   50191ms] [WARNING] ./app/page.tsx
Module not found: Can't resolve 'html-to-image' in '/Users/saladin/Developments/interestory/app'

Import trace for requested module:
./app/page.tsx @ webpack-internal:///(app-pages-browser)/./node_modules/next/dist/next-devtools/shared/forward-logs-shared.js:27
[   50191ms] [WARNING] ./components/stats/StatsClient.tsx
Module not found: Can't resolve 'html-to-image' in '/Users/saladin/Developments/interestory/components/stats'

Import trace for requested module:
./components/stats/StatsClient.tsx @ webpack-internal:///(app-pages-browser)/./node_modules/next/dist/next-devtools/shared/forward-logs-shared.js:27
[   50191ms] [LOG] [Fast Refresh] done in 4ms @ webpack-internal:///(app-pages-browser)/./node_modules/next/dist/next-devtools/shared/forward-logs-shared.js:27
[   50227ms] [ERROR] Failed to load resource: the server responded with a status of 500 (Internal Server Error) @ http://localhost:3000/family?_rsc=13zw9:0
[   50230ms] [LOG] [Fast Refresh] rebuilding @ webpack-internal:///(app-pages-browser)/./node_modules/next/dist/next-devtools/shared/forward-logs-shared.js:27
[   50336ms] [WARNING] ./app/page.tsx
Module not found: Can't resolve 'html-to-image' in '/Users/saladin/Developments/interestory/app'

Import trace for requested module:
./app/page.tsx @ webpack-internal:///(app-pages-browser)/./node_modules/next/dist/next-devtools/shared/forward-logs-shared.js:27
[   50336ms] [WARNING] ./components/stats/StatsClient.tsx
Module not found: Can't resolve 'html-to-image' in '/Users/saladin/Developments/interestory/components/stats'

Import trace for requested module:
./components/stats/StatsClient.tsx @ webpack-internal:///(app-pages-browser)/./node_modules/next/dist/next-devtools/shared/forward-logs-shared.js:27
[   50336ms] [LOG] [Fast Refresh] done in 106ms @ webpack-internal:///(app-pages-browser)/./node_modules/next/dist/next-devtools/shared/forward-logs-shared.js:27
[   50396ms] [LOG] [Fast Refresh] rebuilding @ webpack-internal:///(app-pages-browser)/./node_modules/next/dist/next-devtools/shared/forward-logs-shared.js:27
[   50549ms] [WARNING] ./app/page.tsx
Module not found: Can't resolve 'html-to-image' in '/Users/saladin/Developments/interestory/app'

Import trace for requested module:
./app/page.tsx @ webpack-internal:///(app-pages-browser)/./node_modules/next/dist/next-devtools/shared/forward-logs-shared.js:27
[   50549ms] [WARNING] ./components/stats/StatsClient.tsx
Module not found: Can't resolve 'html-to-image' in '/Users/saladin/Developments/interestory/components/stats'

Import trace for requested module:
./components/stats/StatsClient.tsx @ webpack-internal:///(app-pages-browser)/./node_modules/next/dist/next-devtools/shared/forward-logs-shared.js:27
[   50549ms] [LOG] [Fast Refresh] done in 153ms @ webpack-internal:///(app-pages-browser)/./node_modules/next/dist/next-devtools/shared/forward-logs-shared.js:27
[   50616ms] [LOG] [Fast Refresh] rebuilding @ webpack-internal:///(app-pages-browser)/./node_modules/next/dist/next-devtools/shared/forward-logs-shared.js:27
[   50647ms] [WARNING] ./app/page.tsx
Module not found: Can't resolve 'html-to-image' in '/Users/saladin/Developments/interestory/app'

Import trace for requested module:
./app/page.tsx @ webpack-internal:///(app-pages-browser)/./node_modules/next/dist/next-devtools/shared/forward-logs-shared.js:27
[   50647ms] [WARNING] ./components/stats/StatsClient.tsx
Module not found: Can't resolve 'html-to-image' in '/Users/saladin/Developments/interestory/components/stats'

Import trace for requested module:
./components/stats/StatsClient.tsx @ webpack-internal:///(app-pages-browser)/./node_modules/next/dist/next-devtools/shared/forward-logs-shared.js:27
[   50647ms] [LOG] [Fast Refresh] done in 31ms @ webpack-internal:///(app-pages-browser)/./node_modules/next/dist/next-devtools/shared/forward-logs-shared.js:27
[   50733ms] [LOG] [Fast Refresh] rebuilding @ webpack-internal:///(app-pages-browser)/./node_modules/next/dist/next-devtools/shared/forward-logs-shared.js:27
[   50777ms] [WARNING] ./app/page.tsx
Module not found: Can't resolve 'html-to-image' in '/Users/saladin/Developments/interestory/app'

Import trace for requested module:
./app/page.tsx @ webpack-internal:///(app-pages-browser)/./node_modules/next/dist/next-devtools/shared/forward-logs-shared.js:27
[   50777ms] [WARNING] ./components/stats/StatsClient.tsx
Module not found: Can't resolve 'html-to-image' in '/Users/saladin/Developments/interestory/components/stats'

Import trace for requested module:
./components/stats/StatsClient.tsx @ webpack-internal:///(app-pages-browser)/./node_modules/next/dist/next-devtools/shared/forward-logs-shared.js:27
[   50777ms] [LOG] [Fast Refresh] done in 44ms @ webpack-internal:///(app-pages-browser)/./node_modules/next/dist/next-devtools/shared/forward-logs-shared.js:27
[   50787ms] [LOG] [Fast Refresh] rebuilding @ webpack-internal:///(app-pages-browser)/./node_modules/next/dist/next-devtools/shared/forward-logs-shared.js:27
[   50872ms] [WARNING] ./app/page.tsx
Module not found: Can't resolve 'html-to-image' in '/Users/saladin/Developments/interestory/app'

Import trace for requested module:
./app/page.tsx @ webpack-internal:///(app-pages-browser)/./node_modules/next/dist/next-devtools/shared/forward-logs-shared.js:27
[   50872ms] [WARNING] ./components/stats/StatsClient.tsx
Module not found: Can't resolve 'html-to-image' in '/Users/saladin/Developments/interestory/components/stats'

Import trace for requested module:
./components/stats/StatsClient.tsx @ webpack-internal:///(app-pages-browser)/./node_modules/next/dist/next-devtools/shared/forward-logs-shared.js:27
[   50872ms] [LOG] [Fast Refresh] done in 85ms @ webpack-internal:///(app-pages-browser)/./node_modules/next/dist/next-devtools/shared/forward-logs-shared.js:27
[   50902ms] [LOG] [Fast Refresh] rebuilding @ webpack-internal:///(app-pages-browser)/./node_modules/next/dist/next-devtools/shared/forward-logs-shared.js:27
[   51509ms] [INFO] %cDownload the React DevTools for a better development experience: https://react.dev/link/react-devtools font-weight:bold @ webpack-internal:///(app-pages-browser)/./node_modules/next/dist/next-devtools/shared/forward-logs-shared.js:27
[   51521ms] [LOG] [HMR] connected @ webpack-internal:///(app-pages-browser)/./node_modules/next/dist/next-devtools/shared/forward-logs-shared.js:27
[   51523ms] [WARNING] ./app/page.tsx
Module not found: Can't resolve 'html-to-image' in '/Users/saladin/Developments/interestory/app' @ webpack-internal:///(app-pages-browser)/./node_modules/next/dist/next-devtools/shared/forward-logs-shared.js:27
[   51523ms] [WARNING] ./components/stats/StatsClient.tsx
Module not found: Can't resolve 'html-to-image' in '/Users/saladin/Developments/interestory/components/stats' @ webpack-internal:///(app-pages-browser)/./node_modules/next/dist/next-devtools/shared/forward-logs-shared.js:27
[   51544ms] [LOG] [Fast Refresh] rebuilding @ webpack-internal:///(app-pages-browser)/./node_modules/next/dist/next-devtools/shared/forward-logs-shared.js:27
[   51706ms] [WARNING] ./app/page.tsx
Module not found: Can't resolve 'html-to-image' in '/Users/saladin/Developments/interestory/app'

Import trace for requested module:
./app/page.tsx @ webpack-internal:///(app-pages-browser)/./node_modules/next/dist/next-devtools/shared/forward-logs-shared.js:27
[   51706ms] [WARNING] ./components/stats/StatsClient.tsx
Module not found: Can't resolve 'html-to-image' in '/Users/saladin/Developments/interestory/components/stats'

Import trace for requested module:
./components/stats/StatsClient.tsx @ webpack-internal:///(app-pages-browser)/./node_modules/next/dist/next-devtools/shared/forward-logs-shared.js:27
[   51706ms] [LOG] [Fast Refresh] rebuilding @ webpack-internal:///(app-pages-browser)/./node_modules/next/dist/next-devtools/shared/forward-logs-shared.js:27
[   51825ms] [LOG] [Fast Refresh] done in 120ms @ webpack-internal:///(app-pages-browser)/./node_modules/next/dist/next-devtools/shared/forward-logs-shared.js:27
[   51829ms] [WARNING] ./app/page.tsx
Module not found: Can't resolve 'html-to-image' in '/Users/saladin/Developments/interestory/app'

Import trace for requested module:
./app/page.tsx @ webpack-internal:///(app-pages-browser)/./node_modules/next/dist/next-devtools/shared/forward-logs-shared.js:27
[   51829ms] [WARNING] ./components/stats/StatsClient.tsx
Module not found: Can't resolve 'html-to-image' in '/Users/saladin/Developments/interestory/components/stats'

Import trace for requested module:
./components/stats/StatsClient.tsx @ webpack-internal:///(app-pages-browser)/./node_modules/next/dist/next-devtools/shared/forward-logs-shared.js:27
[   51832ms] [LOG] [Fast Refresh] rebuilding @ webpack-internal:///(app-pages-browser)/./node_modules/next/dist/next-devtools/shared/forward-logs-shared.js:27
[   51852ms] [LOG] [Fast Refresh] done in 20ms @ webpack-internal:///(app-pages-browser)/./node_modules/next/dist/next-devtools/shared/forward-logs-shared.js:27
[   51999ms] [WARNING] ./app/page.tsx
Module not found: Can't resolve 'html-to-image' in '/Users/saladin/Developments/interestory/app'

Import trace for requested module:
./app/page.tsx @ webpack-internal:///(app-pages-browser)/./node_modules/next/dist/next-devtools/shared/forward-logs-shared.js:27
[   51999ms] [WARNING] ./components/stats/StatsClient.tsx
Module not found: Can't resolve 'html-to-image' in '/Users/saladin/Developments/interestory/components/stats'

Import trace for requested module:
./components/stats/StatsClient.tsx @ webpack-internal:///(app-pages-browser)/./node_modules/next/dist/next-devtools/shared/forward-logs-shared.js:27
[   52001ms] [LOG] [Fast Refresh] rebuilding @ webpack-internal:///(app-pages-browser)/./node_modules/next/dist/next-devtools/shared/forward-logs-shared.js:27
[   52005ms] [LOG] [Fast Refresh] done in 4ms @ webpack-internal:///(app-pages-browser)/./node_modules/next/dist/next-devtools/shared/forward-logs-shared.js:27
[   52096ms] [WARNING] ./app/page.tsx
Module not found: Can't resolve 'html-to-image' in '/Users/saladin/Developments/interestory/app'

Import trace for requested module:
./app/page.tsx @ webpack-internal:///(app-pages-browser)/./node_modules/next/dist/next-devtools/shared/forward-logs-shared.js:27
[   52096ms] [WARNING] ./components/stats/StatsClient.tsx
Module not found: Can't resolve 'html-to-image' in '/Users/saladin/Developments/interestory/components/stats'

Import trace for requested module:
./components/stats/StatsClient.tsx @ webpack-internal:///(app-pages-browser)/./node_modules/next/dist/next-devtools/shared/forward-logs-shared.js:27
[   52098ms] [LOG] [Fast Refresh] rebuilding @ webpack-internal:///(app-pages-browser)/./node_modules/next/dist/next-devtools/shared/forward-logs-shared.js:27
[   52102ms] [LOG] [Fast Refresh] done in 4ms @ webpack-internal:///(app-pages-browser)/./node_modules/next/dist/next-devtools/shared/forward-logs-shared.js:27
[   52222ms] [WARNING] ./app/page.tsx
Module not found: Can't resolve 'html-to-image' in '/Users/saladin/Developments/interestory/app'

Import trace for requested module:
./app/page.tsx @ webpack-internal:///(app-pages-browser)/./node_modules/next/dist/next-devtools/shared/forward-logs-shared.js:27
[   52222ms] [WARNING] ./components/stats/StatsClient.tsx
Module not found: Can't resolve 'html-to-image' in '/Users/saladin/Developments/interestory/components/stats'

Import trace for requested module:
./components/stats/StatsClient.tsx @ webpack-internal:///(app-pages-browser)/./node_modules/next/dist/next-devtools/shared/forward-logs-shared.js:27
[   52224ms] [LOG] [Fast Refresh] rebuilding @ webpack-internal:///(app-pages-browser)/./node_modules/next/dist/next-devtools/shared/forward-logs-shared.js:27
[   52246ms] [LOG] [Fast Refresh] done in 22ms @ webpack-internal:///(app-pages-browser)/./node_modules/next/dist/next-devtools/shared/forward-logs-shared.js:27
[   52325ms] [WARNING] ./app/page.tsx
Module not found: Can't resolve 'html-to-image' in '/Users/saladin/Developments/interestory/app'

Import trace for requested module:
./app/page.tsx @ webpack-internal:///(app-pages-browser)/./node_modules/next/dist/next-devtools/shared/forward-logs-shared.js:27
[   52325ms] [WARNING] ./components/stats/StatsClient.tsx
Module not found: Can't resolve 'html-to-image' in '/Users/saladin/Developments/interestory/components/stats'

Import trace for requested module:
./components/stats/StatsClient.tsx @ webpack-internal:///(app-pages-browser)/./node_modules/next/dist/next-devtools/shared/forward-logs-shared.js:27
[   52327ms] [LOG] [Fast Refresh] rebuilding @ webpack-internal:///(app-pages-browser)/./node_modules/next/dist/next-devtools/shared/forward-logs-shared.js:27
[   52336ms] [LOG] [Fast Refresh] done in 9ms @ webpack-internal:///(app-pages-browser)/./node_modules/next/dist/next-devtools/shared/forward-logs-shared.js:27
[   52499ms] [WARNING] ./app/page.tsx
Module not found: Can't resolve 'html-to-image' in '/Users/saladin/Developments/interestory/app'

Import trace for requested module:
./app/page.tsx @ webpack-internal:///(app-pages-browser)/./node_modules/next/dist/next-devtools/shared/forward-logs-shared.js:27
[   52499ms] [WARNING] ./components/stats/StatsClient.tsx
Module not found: Can't resolve 'html-to-image' in '/Users/saladin/Developments/interestory/components/stats'

Import trace for requested module:
./components/stats/StatsClient.tsx @ webpack-internal:///(app-pages-browser)/./node_modules/next/dist/next-devtools/shared/forward-logs-shared.js:27
[   52501ms] [LOG] [Fast Refresh] rebuilding @ webpack-internal:///(app-pages-browser)/./node_modules/next/dist/next-devtools/shared/forward-logs-shared.js:27
[   52505ms] [LOG] [Fast Refresh] done in 4ms @ webpack-internal:///(app-pages-browser)/./node_modules/next/dist/next-devtools/shared/forward-logs-shared.js:27
[   52620ms] [WARNING] ./app/page.tsx
Module not found: Can't resolve 'html-to-image' in '/Users/saladin/Developments/interestory/app'

Import trace for requested module:
./app/page.tsx @ webpack-internal:///(app-pages-browser)/./node_modules/next/dist/next-devtools/shared/forward-logs-shared.js:27
[   52620ms] [WARNING] ./components/stats/StatsClient.tsx
Module not found: Can't resolve 'html-to-image' in '/Users/saladin/Developments/interestory/components/stats'

Import trace for requested module:
./components/stats/StatsClient.tsx @ webpack-internal:///(app-pages-browser)/./node_modules/next/dist/next-devtools/shared/forward-logs-shared.js:27
[   52620ms] [LOG] [Fast Refresh] rebuilding @ webpack-internal:///(app-pages-browser)/./node_modules/next/dist/next-devtools/shared/forward-logs-shared.js:27
[   52648ms] [LOG] [Fast Refresh] done in 27ms @ webpack-internal:///(app-pages-browser)/./node_modules/next/dist/next-devtools/shared/forward-logs-shared.js:27
[   52840ms] [LOG] [Fast Refresh] rebuilding @ webpack-internal:///(app-pages-browser)/./node_modules/next/dist/next-devtools/shared/forward-logs-shared.js:27
[   52841ms] [WARNING] ./app/page.tsx
Module not found: Can't resolve 'html-to-image' in '/Users/saladin/Developments/interestory/app'

Import trace for requested module:
./app/page.tsx @ webpack-internal:///(app-pages-browser)/./node_modules/next/dist/next-devtools/shared/forward-logs-shared.js:27
[   52841ms] [WARNING] ./components/stats/StatsClient.tsx
Module not found: Can't resolve 'html-to-image' in '/Users/saladin/Developments/interestory/components/stats'

Import trace for requested module:
./components/stats/StatsClient.tsx @ webpack-internal:///(app-pages-browser)/./node_modules/next/dist/next-devtools/shared/forward-logs-shared.js:27
[   52851ms] [LOG] [Fast Refresh] rebuilding @ webpack-internal:///(app-pages-browser)/./node_modules/next/dist/next-devtools/shared/forward-logs-shared.js:27
[   52863ms] [LOG] [Fast Refresh] done in 12ms @ webpack-internal:///(app-pages-browser)/./node_modules/next/dist/next-devtools/shared/forward-logs-shared.js:27
[   52903ms] [WARNING] ./app/page.tsx
Module not found: Can't resolve 'html-to-image' in '/Users/saladin/Developments/interestory/app'

Import trace for requested module:
./app/page.tsx @ webpack-internal:///(app-pages-browser)/./node_modules/next/dist/next-devtools/shared/forward-logs-shared.js:27
[   52903ms] [WARNING] ./components/stats/StatsClient.tsx
Module not found: Can't resolve 'html-to-image' in '/Users/saladin/Developments/interestory/components/stats'

Import trace for requested module:
./components/stats/StatsClient.tsx @ webpack-internal:///(app-pages-browser)/./node_modules/next/dist/next-devtools/shared/forward-logs-shared.js:27
[   52903ms] [LOG] [Fast Refresh] done in 53ms @ webpack-internal:///(app-pages-browser)/./node_modules/next/dist/next-devtools/shared/forward-logs-shared.js:27
[   52931ms] [ERROR] Failed to load resource: the server responded with a status of 500 (Internal Server Error) @ http://localhost:3000/family?_rsc=13zw9:0
[   52954ms] [LOG] [Fast Refresh] rebuilding @ webpack-internal:///(app-pages-browser)/./node_modules/next/dist/next-devtools/shared/forward-logs-shared.js:27
[   53036ms] [WARNING] ./app/page.tsx
Module not found: Can't resolve 'html-to-image' in '/Users/saladin/Developments/interestory/app'

Import trace for requested module:
./app/page.tsx @ webpack-internal:///(app-pages-browser)/./node_modules/next/dist/next-devtools/shared/forward-logs-shared.js:27
[   53036ms] [WARNING] ./components/stats/StatsClient.tsx
Module not found: Can't resolve 'html-to-image' in '/Users/saladin/Developments/interestory/components/stats'

Import trace for requested module:
./components/stats/StatsClient.tsx @ webpack-internal:///(app-pages-browser)/./node_modules/next/dist/next-devtools/shared/forward-logs-shared.js:27
[   53055ms] [LOG] [Fast Refresh] rebuilding @ webpack-internal:///(app-pages-browser)/./node_modules/next/dist/next-devtools/shared/forward-logs-shared.js:27
[   53109ms] [LOG] [Fast Refresh] done in 55ms @ webpack-internal:///(app-pages-browser)/./node_modules/next/dist/next-devtools/shared/forward-logs-shared.js:27
[   53311ms] [WARNING] ./app/page.tsx
Module not found: Can't resolve 'html-to-image' in '/Users/saladin/Developments/interestory/app'

Import trace for requested module:
./app/page.tsx @ webpack-internal:///(app-pages-browser)/./node_modules/next/dist/next-devtools/shared/forward-logs-shared.js:27
[   53311ms] [WARNING] ./components/stats/StatsClient.tsx
Module not found: Can't resolve 'html-to-image' in '/Users/saladin/Developments/interestory/components/stats'

Import trace for requested module:
./components/stats/StatsClient.tsx @ webpack-internal:///(app-pages-browser)/./node_modules/next/dist/next-devtools/shared/forward-logs-shared.js:27
[   53381ms] [LOG] [Fast Refresh] rebuilding @ webpack-internal:///(app-pages-browser)/./node_modules/next/dist/next-devtools/shared/forward-logs-shared.js:27
[   53385ms] [LOG] [Fast Refresh] done in 4ms @ webpack-internal:///(app-pages-browser)/./node_modules/next/dist/next-devtools/shared/forward-logs-shared.js:27
[   53420ms] [WARNING] ./app/page.tsx
Module not found: Can't resolve 'html-to-image' in '/Users/saladin/Developments/interestory/app'

Import trace for requested module:
./app/page.tsx @ webpack-internal:///(app-pages-browser)/./node_modules/next/dist/next-devtools/shared/forward-logs-shared.js:27
[   53420ms] [WARNING] ./components/stats/StatsClient.tsx
Module not found: Can't resolve 'html-to-image' in '/Users/saladin/Developments/interestory/components/stats'

Import trace for requested module:
./components/stats/StatsClient.tsx @ webpack-internal:///(app-pages-browser)/./node_modules/next/dist/next-devtools/shared/forward-logs-shared.js:27
[   53471ms] [LOG] [Fast Refresh] rebuilding @ webpack-internal:///(app-pages-browser)/./node_modules/next/dist/next-devtools/shared/forward-logs-shared.js:27
[   53585ms] [LOG] [Fast Refresh] done in 114ms @ webpack-internal:///(app-pages-browser)/./node_modules/next/dist/next-devtools/shared/forward-logs-shared.js:27
[   53593ms] [WARNING] ./app/page.tsx
Module not found: Can't resolve 'html-to-image' in '/Users/saladin/Developments/interestory/app'

Import trace for requested module:
./app/page.tsx @ webpack-internal:///(app-pages-browser)/./node_modules/next/dist/next-devtools/shared/forward-logs-shared.js:27
[   53593ms] [WARNING] ./components/stats/StatsClient.tsx
Module not found: Can't resolve 'html-to-image' in '/Users/saladin/Developments/interestory/components/stats'

Import trace for requested module:
./components/stats/StatsClient.tsx @ webpack-internal:///(app-pages-browser)/./node_modules/next/dist/next-devtools/shared/forward-logs-shared.js:27
[   53654ms] [LOG] [Fast Refresh] rebuilding @ webpack-internal:///(app-pages-browser)/./node_modules/next/dist/next-devtools/shared/forward-logs-shared.js:27
[   54338ms] [INFO] %cDownload the React DevTools for a better development experience: https://react.dev/link/react-devtools font-weight:bold @ webpack-internal:///(app-pages-browser)/./node_modules/next/dist/next-devtools/shared/forward-logs-shared.js:27
[   54355ms] [LOG] [HMR] connected @ webpack-internal:///(app-pages-browser)/./node_modules/next/dist/next-devtools/shared/forward-logs-shared.js:27
[   54355ms] [WARNING] ./app/page.tsx
Module not found: Can't resolve 'html-to-image' in '/Users/saladin/Developments/interestory/app' @ webpack-internal:///(app-pages-browser)/./node_modules/next/dist/next-devtools/shared/forward-logs-shared.js:27
[   54355ms] [WARNING] ./components/stats/StatsClient.tsx
Module not found: Can't resolve 'html-to-image' in '/Users/saladin/Developments/interestory/components/stats' @ webpack-internal:///(app-pages-browser)/./node_modules/next/dist/next-devtools/shared/forward-logs-shared.js:27
[   54373ms] [LOG] [Fast Refresh] rebuilding @ webpack-internal:///(app-pages-browser)/./node_modules/next/dist/next-devtools/shared/forward-logs-shared.js:27
[   54492ms] [WARNING] ./app/page.tsx
Module not found: Can't resolve 'html-to-image' in '/Users/saladin/Developments/interestory/app'

Import trace for requested module:
./app/page.tsx @ webpack-internal:///(app-pages-browser)/./node_modules/next/dist/next-devtools/shared/forward-logs-shared.js:27
[   54492ms] [WARNING] ./components/stats/StatsClient.tsx
Module not found: Can't resolve 'html-to-image' in '/Users/saladin/Developments/interestory/components/stats'

Import trace for requested module:
./components/stats/StatsClient.tsx @ webpack-internal:///(app-pages-browser)/./node_modules/next/dist/next-devtools/shared/forward-logs-shared.js:27
[   54493ms] [LOG] [Fast Refresh] rebuilding @ webpack-internal:///(app-pages-browser)/./node_modules/next/dist/next-devtools/shared/forward-logs-shared.js:27
[   54578ms] [LOG] [Fast Refresh] done in 85ms @ webpack-internal:///(app-pages-browser)/./node_modules/next/dist/next-devtools/shared/forward-logs-shared.js:27
[   54619ms] [WARNING] ./app/page.tsx
Module not found: Can't resolve 'html-to-image' in '/Users/saladin/Developments/interestory/app'

Import trace for requested module:
./app/page.tsx @ webpack-internal:///(app-pages-browser)/./node_modules/next/dist/next-devtools/shared/forward-logs-shared.js:27
[   54619ms] [WARNING] ./components/stats/StatsClient.tsx
Module not found: Can't resolve 'html-to-image' in '/Users/saladin/Developments/interestory/components/stats'

Import trace for requested module:
./components/stats/StatsClient.tsx @ webpack-internal:///(app-pages-browser)/./node_modules/next/dist/next-devtools/shared/forward-logs-shared.js:27
[   54622ms] [LOG] [Fast Refresh] rebuilding @ webpack-internal:///(app-pages-browser)/./node_modules/next/dist/next-devtools/shared/forward-logs-shared.js:27
[   54626ms] [LOG] [Fast Refresh] done in 3ms @ webpack-internal:///(app-pages-browser)/./node_modules/next/dist/next-devtools/shared/forward-logs-shared.js:27
[   54750ms] [WARNING] ./app/page.tsx
Module not found: Can't resolve 'html-to-image' in '/Users/saladin/Developments/interestory/app'

Import trace for requested module:
./app/page.tsx @ webpack-internal:///(app-pages-browser)/./node_modules/next/dist/next-devtools/shared/forward-logs-shared.js:27
[   54750ms] [WARNING] ./components/stats/StatsClient.tsx
Module not found: Can't resolve 'html-to-image' in '/Users/saladin/Developments/interestory/components/stats'

Import trace for requested module:
./components/stats/StatsClient.tsx @ webpack-internal:///(app-pages-browser)/./node_modules/next/dist/next-devtools/shared/forward-logs-shared.js:27
[   54751ms] [LOG] [Fast Refresh] rebuilding @ webpack-internal:///(app-pages-browser)/./node_modules/next/dist/next-devtools/shared/forward-logs-shared.js:27
[   54755ms] [LOG] [Fast Refresh] done in 4ms @ webpack-internal:///(app-pages-browser)/./node_modules/next/dist/next-devtools/shared/forward-logs-shared.js:27
[   54886ms] [WARNING] ./app/page.tsx
Module not found: Can't resolve 'html-to-image' in '/Users/saladin/Developments/interestory/app'

Import trace for requested module:
./app/page.tsx @ webpack-internal:///(app-pages-browser)/./node_modules/next/dist/next-devtools/shared/forward-logs-shared.js:27
[   54886ms] [WARNING] ./components/stats/StatsClient.tsx
Module not found: Can't resolve 'html-to-image' in '/Users/saladin/Developments/interestory/components/stats'

Import trace for requested module:
./components/stats/StatsClient.tsx @ webpack-internal:///(app-pages-browser)/./node_modules/next/dist/next-devtools/shared/forward-logs-shared.js:27
[   54888ms] [LOG] [Fast Refresh] rebuilding @ webpack-internal:///(app-pages-browser)/./node_modules/next/dist/next-devtools/shared/forward-logs-shared.js:27
[   54900ms] [LOG] [Fast Refresh] done in 11ms @ webpack-internal:///(app-pages-browser)/./node_modules/next/dist/next-devtools/shared/forward-logs-shared.js:27
[   54991ms] [WARNING] ./app/page.tsx
Module not found: Can't resolve 'html-to-image' in '/Users/saladin/Developments/interestory/app'

Import trace for requested module:
./app/page.tsx @ webpack-internal:///(app-pages-browser)/./node_modules/next/dist/next-devtools/shared/forward-logs-shared.js:27
[   54991ms] [WARNING] ./components/stats/StatsClient.tsx
Module not found: Can't resolve 'html-to-image' in '/Users/saladin/Developments/interestory/components/stats'

Import trace for requested module:
./components/stats/StatsClient.tsx @ webpack-internal:///(app-pages-browser)/./node_modules/next/dist/next-devtools/shared/forward-logs-shared.js:27
[   54994ms] [LOG] [Fast Refresh] rebuilding @ webpack-internal:///(app-pages-browser)/./node_modules/next/dist/next-devtools/shared/forward-logs-shared.js:27
[   55030ms] [LOG] [Fast Refresh] done in 37ms @ webpack-internal:///(app-pages-browser)/./node_modules/next/dist/next-devtools/shared/forward-logs-shared.js:27
[   55119ms] [WARNING] ./app/page.tsx
Module not found: Can't resolve 'html-to-image' in '/Users/saladin/Developments/interestory/app'

Import trace for requested module:
./app/page.tsx @ webpack-internal:///(app-pages-browser)/./node_modules/next/dist/next-devtools/shared/forward-logs-shared.js:27
[   55119ms] [WARNING] ./components/stats/StatsClient.tsx
Module not found: Can't resolve 'html-to-image' in '/Users/saladin/Developments/interestory/components/stats'

Import trace for requested module:
./components/stats/StatsClient.tsx @ webpack-internal:///(app-pages-browser)/./node_modules/next/dist/next-devtools/shared/forward-logs-shared.js:27
[   55123ms] [LOG] [Fast Refresh] rebuilding @ webpack-internal:///(app-pages-browser)/./node_modules/next/dist/next-devtools/shared/forward-logs-shared.js:27
[   55140ms] [LOG] [Fast Refresh] done in 17ms @ webpack-internal:///(app-pages-browser)/./node_modules/next/dist/next-devtools/shared/forward-logs-shared.js:27
[   55249ms] [WARNING] ./app/page.tsx
Module not found: Can't resolve 'html-to-image' in '/Users/saladin/Developments/interestory/app'

Import trace for requested module:
./app/page.tsx @ webpack-internal:///(app-pages-browser)/./node_modules/next/dist/next-devtools/shared/forward-logs-shared.js:27
[   55249ms] [WARNING] ./components/stats/StatsClient.tsx
Module not found: Can't resolve 'html-to-image' in '/Users/saladin/Developments/interestory/components/stats'

Import trace for requested module:
./components/stats/StatsClient.tsx @ webpack-internal:///(app-pages-browser)/./node_modules/next/dist/next-devtools/shared/forward-logs-shared.js:27
[   55250ms] [LOG] [Fast Refresh] rebuilding @ webpack-internal:///(app-pages-browser)/./node_modules/next/dist/next-devtools/shared/forward-logs-shared.js:27
[   55254ms] [LOG] [Fast Refresh] done in 3ms @ webpack-internal:///(app-pages-browser)/./node_modules/next/dist/next-devtools/shared/forward-logs-shared.js:27
[   55342ms] [WARNING] ./app/page.tsx
Module not found: Can't resolve 'html-to-image' in '/Users/saladin/Developments/interestory/app'

Import trace for requested module:
./app/page.tsx @ webpack-internal:///(app-pages-browser)/./node_modules/next/dist/next-devtools/shared/forward-logs-shared.js:27
[   55342ms] [WARNING] ./components/stats/StatsClient.tsx
Module not found: Can't resolve 'html-to-image' in '/Users/saladin/Developments/interestory/components/stats'

Import trace for requested module:
./components/stats/StatsClient.tsx @ webpack-internal:///(app-pages-browser)/./node_modules/next/dist/next-devtools/shared/forward-logs-shared.js:27
[   55344ms] [LOG] [Fast Refresh] rebuilding @ webpack-internal:///(app-pages-browser)/./node_modules/next/dist/next-devtools/shared/forward-logs-shared.js:27
[   55349ms] [LOG] [Fast Refresh] done in 4ms @ webpack-internal:///(app-pages-browser)/./node_modules/next/dist/next-devtools/shared/forward-logs-shared.js:27
[   55475ms] [WARNING] ./app/page.tsx
Module not found: Can't resolve 'html-to-image' in '/Users/saladin/Developments/interestory/app'

Import trace for requested module:
./app/page.tsx @ webpack-internal:///(app-pages-browser)/./node_modules/next/dist/next-devtools/shared/forward-logs-shared.js:27
[   55475ms] [WARNING] ./components/stats/StatsClient.tsx
Module not found: Can't resolve 'html-to-image' in '/Users/saladin/Developments/interestory/components/stats'

Import trace for requested module:
./components/stats/StatsClient.tsx @ webpack-internal:///(app-pages-browser)/./node_modules/next/dist/next-devtools/shared/forward-logs-shared.js:27
[   55479ms] [LOG] [Fast Refresh] rebuilding @ webpack-internal:///(app-pages-browser)/./node_modules/next/dist/next-devtools/shared/forward-logs-shared.js:27
[   55497ms] [LOG] [Fast Refresh] done in 19ms @ webpack-internal:///(app-pages-browser)/./node_modules/next/dist/next-devtools/shared/forward-logs-shared.js:27
[   55572ms] [WARNING] ./app/page.tsx
Module not found: Can't resolve 'html-to-image' in '/Users/saladin/Developments/interestory/app'

Import trace for requested module:
./app/page.tsx @ webpack-internal:///(app-pages-browser)/./node_modules/next/dist/next-devtools/shared/forward-logs-shared.js:27
[   55572ms] [WARNING] ./components/stats/StatsClient.tsx
Module not found: Can't resolve 'html-to-image' in '/Users/saladin/Developments/interestory/components/stats'

Import trace for requested module:
./components/stats/StatsClient.tsx @ webpack-internal:///(app-pages-browser)/./node_modules/next/dist/next-devtools/shared/forward-logs-shared.js:27
[   55573ms] [LOG] [Fast Refresh] rebuilding @ webpack-internal:///(app-pages-browser)/./node_modules/next/dist/next-devtools/shared/forward-logs-shared.js:27
[   55582ms] [LOG] [Fast Refresh] done in 8ms @ webpack-internal:///(app-pages-browser)/./node_modules/next/dist/next-devtools/shared/forward-logs-shared.js:27
[   55707ms] [WARNING] ./app/page.tsx
Module not found: Can't resolve 'html-to-image' in '/Users/saladin/Developments/interestory/app'

Import trace for requested module:
./app/page.tsx @ webpack-internal:///(app-pages-browser)/./node_modules/next/dist/next-devtools/shared/forward-logs-shared.js:27
[   55707ms] [WARNING] ./components/stats/StatsClient.tsx
Module not found: Can't resolve 'html-to-image' in '/Users/saladin/Developments/interestory/components/stats'

Import trace for requested module:
./components/stats/StatsClient.tsx @ webpack-internal:///(app-pages-browser)/./node_modules/next/dist/next-devtools/shared/forward-logs-shared.js:27
[   55708ms] [LOG] [Fast Refresh] rebuilding @ webpack-internal:///(app-pages-browser)/./node_modules/next/dist/next-devtools/shared/forward-logs-shared.js:27
[   55713ms] [LOG] [Fast Refresh] done in 5ms @ webpack-internal:///(app-pages-browser)/./node_modules/next/dist/next-devtools/shared/forward-logs-shared.js:27
[   55801ms] [WARNING] ./app/page.tsx
Module not found: Can't resolve 'html-to-image' in '/Users/saladin/Developments/interestory/app'

Import trace for requested module:
./app/page.tsx @ webpack-internal:///(app-pages-browser)/./node_modules/next/dist/next-devtools/shared/forward-logs-shared.js:27
[   55801ms] [WARNING] ./components/stats/StatsClient.tsx
Module not found: Can't resolve 'html-to-image' in '/Users/saladin/Developments/interestory/components/stats'

Import trace for requested module:
./components/stats/StatsClient.tsx @ webpack-internal:///(app-pages-browser)/./node_modules/next/dist/next-devtools/shared/forward-logs-shared.js:27
[   55802ms] [LOG] [Fast Refresh] rebuilding @ webpack-internal:///(app-pages-browser)/./node_modules/next/dist/next-devtools/shared/forward-logs-shared.js:27
[   55902ms] [LOG] [Fast Refresh] done in 100ms @ webpack-internal:///(app-pages-browser)/./node_modules/next/dist/next-devtools/shared/forward-logs-shared.js:27
[   55934ms] [WARNING] ./app/page.tsx
Module not found: Can't resolve 'html-to-image' in '/Users/saladin/Developments/interestory/app'

Import trace for requested module:
./app/page.tsx @ webpack-internal:///(app-pages-browser)/./node_modules/next/dist/next-devtools/shared/forward-logs-shared.js:27
[   55934ms] [WARNING] ./components/stats/StatsClient.tsx
Module not found: Can't resolve 'html-to-image' in '/Users/saladin/Developments/interestory/components/stats'

Import trace for requested module:
./components/stats/StatsClient.tsx @ webpack-internal:///(app-pages-browser)/./node_modules/next/dist/next-devtools/shared/forward-logs-shared.js:27
[   55937ms] [LOG] [Fast Refresh] rebuilding @ webpack-internal:///(app-pages-browser)/./node_modules/next/dist/next-devtools/shared/forward-logs-shared.js:27
[   56070ms] [WARNING] ./app/page.tsx
Module not found: Can't resolve 'html-to-image' in '/Users/saladin/Developments/interestory/app'

Import trace for requested module:
./app/page.tsx @ webpack-internal:///(app-pages-browser)/./node_modules/next/dist/next-devtools/shared/forward-logs-shared.js:27
[   56070ms] [WARNING] ./components/stats/StatsClient.tsx
Module not found: Can't resolve 'html-to-image' in '/Users/saladin/Developments/interestory/components/stats'

Import trace for requested module:
./components/stats/StatsClient.tsx @ webpack-internal:///(app-pages-browser)/./node_modules/next/dist/next-devtools/shared/forward-logs-shared.js:27
[   56070ms] [LOG] [Fast Refresh] done in 134ms @ webpack-internal:///(app-pages-browser)/./node_modules/next/dist/next-devtools/shared/forward-logs-shared.js:27
[   56072ms] [LOG] [Fast Refresh] rebuilding @ webpack-internal:///(app-pages-browser)/./node_modules/next/dist/next-devtools/shared/forward-logs-shared.js:27
[   56167ms] [WARNING] ./app/page.tsx
Module not found: Can't resolve 'html-to-image' in '/Users/saladin/Developments/interestory/app'

Import trace for requested module:
./app/page.tsx @ webpack-internal:///(app-pages-browser)/./node_modules/next/dist/next-devtools/shared/forward-logs-shared.js:27
[   56167ms] [WARNING] ./components/stats/StatsClient.tsx
Module not found: Can't resolve 'html-to-image' in '/Users/saladin/Developments/interestory/components/stats'

Import trace for requested module:
./components/stats/StatsClient.tsx @ webpack-internal:///(app-pages-browser)/./node_modules/next/dist/next-devtools/shared/forward-logs-shared.js:27
[   56167ms] [LOG] [Fast Refresh] done in 95ms @ webpack-internal:///(app-pages-browser)/./node_modules/next/dist/next-devtools/shared/forward-logs-shared.js:27
[   56168ms] [LOG] [Fast Refresh] rebuilding @ webpack-internal:///(app-pages-browser)/./node_modules/next/dist/next-devtools/shared/forward-logs-shared.js:27
[   56289ms] [WARNING] ./app/page.tsx
Module not found: Can't resolve 'html-to-image' in '/Users/saladin/Developments/interestory/app'

Import trace for requested module:
./app/page.tsx @ webpack-internal:///(app-pages-browser)/./node_modules/next/dist/next-devtools/shared/forward-logs-shared.js:27
[   56289ms] [WARNING] ./components/stats/StatsClient.tsx
Module not found: Can't resolve 'html-to-image' in '/Users/saladin/Developments/interestory/components/stats'

Import trace for requested module:
./components/stats/StatsClient.tsx @ webpack-internal:///(app-pages-browser)/./node_modules/next/dist/next-devtools/shared/forward-logs-shared.js:27
[   56289ms] [LOG] [Fast Refresh] done in 121ms @ webpack-internal:///(app-pages-browser)/./node_modules/next/dist/next-devtools/shared/forward-logs-shared.js:27
[   56292ms] [LOG] [Fast Refresh] rebuilding @ webpack-internal:///(app-pages-browser)/./node_modules/next/dist/next-devtools/shared/forward-logs-shared.js:27
[   56383ms] [WARNING] ./app/page.tsx
Module not found: Can't resolve 'html-to-image' in '/Users/saladin/Developments/interestory/app'

Import trace for requested module:
./app/page.tsx @ webpack-internal:///(app-pages-browser)/./node_modules/next/dist/next-devtools/shared/forward-logs-shared.js:27
[   56383ms] [WARNING] ./components/stats/StatsClient.tsx
Module not found: Can't resolve 'html-to-image' in '/Users/saladin/Developments/interestory/components/stats'

Import trace for requested module:
./components/stats/StatsClient.tsx @ webpack-internal:///(app-pages-browser)/./node_modules/next/dist/next-devtools/shared/forward-logs-shared.js:27
[   56383ms] [LOG] [Fast Refresh] done in 91ms @ webpack-internal:///(app-pages-browser)/./node_modules/next/dist/next-devtools/shared/forward-logs-shared.js:27
[   56385ms] [LOG] [Fast Refresh] rebuilding @ webpack-internal:///(app-pages-browser)/./node_modules/next/dist/next-devtools/shared/forward-logs-shared.js:27
[   56510ms] [WARNING] ./app/page.tsx
Module not found: Can't resolve 'html-to-image' in '/Users/saladin/Developments/interestory/app'

Import trace for requested module:
./app/page.tsx @ webpack-internal:///(app-pages-browser)/./node_modules/next/dist/next-devtools/shared/forward-logs-shared.js:27
[   56511ms] [WARNING] ./components/stats/StatsClient.tsx
Module not found: Can't resolve 'html-to-image' in '/Users/saladin/Developments/interestory/components/stats'

Import trace for requested module:
./components/stats/StatsClient.tsx @ webpack-internal:///(app-pages-browser)/./node_modules/next/dist/next-devtools/shared/forward-logs-shared.js:27
[   56511ms] [LOG] [Fast Refresh] done in 126ms @ webpack-internal:///(app-pages-browser)/./node_modules/next/dist/next-devtools/shared/forward-logs-shared.js:27
[   56512ms] [LOG] [Fast Refresh] rebuilding @ webpack-internal:///(app-pages-browser)/./node_modules/next/dist/next-devtools/shared/forward-logs-shared.js:27
[   56626ms] [WARNING] ./app/page.tsx
Module not found: Can't resolve 'html-to-image' in '/Users/saladin/Developments/interestory/app'

Import trace for requested module:
./app/page.tsx @ webpack-internal:///(app-pages-browser)/./node_modules/next/dist/next-devtools/shared/forward-logs-shared.js:27
[   56626ms] [WARNING] ./components/stats/StatsClient.tsx
Module not found: Can't resolve 'html-to-image' in '/Users/saladin/Developments/interestory/components/stats'

Import trace for requested module:
./components/stats/StatsClient.tsx @ webpack-internal:///(app-pages-browser)/./node_modules/next/dist/next-devtools/shared/forward-logs-shared.js:27
[   56626ms] [LOG] [Fast Refresh] done in 114ms @ webpack-internal:///(app-pages-browser)/./node_modules/next/dist/next-devtools/shared/forward-logs-shared.js:27
[   56627ms] [LOG] [Fast Refresh] rebuilding @ webpack-internal:///(app-pages-browser)/./node_modules/next/dist/next-devtools/shared/forward-logs-shared.js:27
[   56715ms] [WARNING] ./app/page.tsx
Module not found: Can't resolve 'html-to-image' in '/Users/saladin/Developments/interestory/app'

Import trace for requested module:
./app/page.tsx @ webpack-internal:///(app-pages-browser)/./node_modules/next/dist/next-devtools/shared/forward-logs-shared.js:27
[   56715ms] [WARNING] ./components/stats/StatsClient.tsx
Module not found: Can't resolve 'html-to-image' in '/Users/saladin/Developments/interestory/components/stats'

Import trace for requested module:
./components/stats/StatsClient.tsx @ webpack-internal:///(app-pages-browser)/./node_modules/next/dist/next-devtools/shared/forward-logs-shared.js:27
[   56715ms] [LOG] [Fast Refresh] done in 89ms @ webpack-internal:///(app-pages-browser)/./node_modules/next/dist/next-devtools/shared/forward-logs-shared.js:27
[   56716ms] [LOG] [Fast Refresh] rebuilding @ webpack-internal:///(app-pages-browser)/./node_modules/next/dist/next-devtools/shared/forward-logs-shared.js:27
[   56836ms] [WARNING] ./app/page.tsx
Module not found: Can't resolve 'html-to-image' in '/Users/saladin/Developments/interestory/app'

Import trace for requested module:
./app/page.tsx @ webpack-internal:///(app-pages-browser)/./node_modules/next/dist/next-devtools/shared/forward-logs-shared.js:27
[   56836ms] [WARNING] ./components/stats/StatsClient.tsx
Module not found: Can't resolve 'html-to-image' in '/Users/saladin/Developments/interestory/components/stats'

Import trace for requested module:
./components/stats/StatsClient.tsx @ webpack-internal:///(app-pages-browser)/./node_modules/next/dist/next-devtools/shared/forward-logs-shared.js:27
[   56836ms] [LOG] [Fast Refresh] done in 119ms @ webpack-internal:///(app-pages-browser)/./node_modules/next/dist/next-devtools/shared/forward-logs-shared.js:27
[   56837ms] [LOG] [Fast Refresh] rebuilding @ webpack-internal:///(app-pages-browser)/./node_modules/next/dist/next-devtools/shared/forward-logs-shared.js:27
[   56924ms] [WARNING] ./app/page.tsx
Module not found: Can't resolve 'html-to-image' in '/Users/saladin/Developments/interestory/app'

Import trace for requested module:
./app/page.tsx @ webpack-internal:///(app-pages-browser)/./node_modules/next/dist/next-devtools/shared/forward-logs-shared.js:27
[   56924ms] [WARNING] ./components/stats/StatsClient.tsx
Module not found: Can't resolve 'html-to-image' in '/Users/saladin/Developments/interestory/components/stats'

Import trace for requested module:
./components/stats/StatsClient.tsx @ webpack-internal:///(app-pages-browser)/./node_modules/next/dist/next-devtools/shared/forward-logs-shared.js:27
[   56924ms] [LOG] [Fast Refresh] done in 87ms @ webpack-internal:///(app-pages-browser)/./node_modules/next/dist/next-devtools/shared/forward-logs-shared.js:27
[   56925ms] [LOG] [Fast Refresh] rebuilding @ webpack-internal:///(app-pages-browser)/./node_modules/next/dist/next-devtools/shared/forward-logs-shared.js:27
[   57040ms] [WARNING] ./app/page.tsx
Module not found: Can't resolve 'html-to-image' in '/Users/saladin/Developments/interestory/app'

Import trace for requested module:
./app/page.tsx @ webpack-internal:///(app-pages-browser)/./node_modules/next/dist/next-devtools/shared/forward-logs-shared.js:27
[   57040ms] [WARNING] ./components/stats/StatsClient.tsx
Module not found: Can't resolve 'html-to-image' in '/Users/saladin/Developments/interestory/components/stats'

Import trace for requested module:
./components/stats/StatsClient.tsx @ webpack-internal:///(app-pages-browser)/./node_modules/next/dist/next-devtools/shared/forward-logs-shared.js:27
[   57040ms] [LOG] [Fast Refresh] done in 114ms @ webpack-internal:///(app-pages-browser)/./node_modules/next/dist/next-devtools/shared/forward-logs-shared.js:27
[   57042ms] [LOG] [Fast Refresh] rebuilding @ webpack-internal:///(app-pages-browser)/./node_modules/next/dist/next-devtools/shared/forward-logs-shared.js:27
[   57127ms] [WARNING] ./app/page.tsx
Module not found: Can't resolve 'html-to-image' in '/Users/saladin/Developments/interestory/app'

Import trace for requested module:
./app/page.tsx @ webpack-internal:///(app-pages-browser)/./node_modules/next/dist/next-devtools/shared/forward-logs-shared.js:27
[   57127ms] [WARNING] ./components/stats/StatsClient.tsx
Module not found: Can't resolve 'html-to-image' in '/Users/saladin/Developments/interestory/components/stats'

Import trace for requested module:
./components/stats/StatsClient.tsx @ webpack-internal:///(app-pages-browser)/./node_modules/next/dist/next-devtools/shared/forward-logs-shared.js:27
[   57127ms] [LOG] [Fast Refresh] done in 85ms @ webpack-internal:///(app-pages-browser)/./node_modules/next/dist/next-devtools/shared/forward-logs-shared.js:27
[   57147ms] [LOG] [Fast Refresh] rebuilding @ webpack-internal:///(app-pages-browser)/./node_modules/next/dist/next-devtools/shared/forward-logs-shared.js:27
[   57266ms] [WARNING] ./app/page.tsx
Module not found: Can't resolve 'html-to-image' in '/Users/saladin/Developments/interestory/app'

Import trace for requested module:
./app/page.tsx @ webpack-internal:///(app-pages-browser)/./node_modules/next/dist/next-devtools/shared/forward-logs-shared.js:27
[   57266ms] [WARNING] ./components/stats/StatsClient.tsx
Module not found: Can't resolve 'html-to-image' in '/Users/saladin/Developments/interestory/components/stats'

Import trace for requested module:
./components/stats/StatsClient.tsx @ webpack-internal:///(app-pages-browser)/./node_modules/next/dist/next-devtools/shared/forward-logs-shared.js:27
[   57266ms] [LOG] [Fast Refresh] done in 119ms @ webpack-internal:///(app-pages-browser)/./node_modules/next/dist/next-devtools/shared/forward-logs-shared.js:27
[   57267ms] [LOG] [Fast Refresh] rebuilding @ webpack-internal:///(app-pages-browser)/./node_modules/next/dist/next-devtools/shared/forward-logs-shared.js:27
[   57353ms] [WARNING] ./app/page.tsx
Module not found: Can't resolve 'html-to-image' in '/Users/saladin/Developments/interestory/app'

Import trace for requested module:
./app/page.tsx @ webpack-internal:///(app-pages-browser)/./node_modules/next/dist/next-devtools/shared/forward-logs-shared.js:27
[   57354ms] [WARNING] ./components/stats/StatsClient.tsx
Module not found: Can't resolve 'html-to-image' in '/Users/saladin/Developments/interestory/components/stats'

Import trace for requested module:
./components/stats/StatsClient.tsx @ webpack-internal:///(app-pages-browser)/./node_modules/next/dist/next-devtools/shared/forward-logs-shared.js:27
[   57354ms] [LOG] [Fast Refresh] done in 86ms @ webpack-internal:///(app-pages-browser)/./node_modules/next/dist/next-devtools/shared/forward-logs-shared.js:27
[   57354ms] [LOG] [Fast Refresh] rebuilding @ webpack-internal:///(app-pages-browser)/./node_modules/next/dist/next-devtools/shared/forward-logs-shared.js:27
[   57474ms] [WARNING] ./app/page.tsx
Module not found: Can't resolve 'html-to-image' in '/Users/saladin/Developments/interestory/app'

Import trace for requested module:
./app/page.tsx @ webpack-internal:///(app-pages-browser)/./node_modules/next/dist/next-devtools/shared/forward-logs-shared.js:27
[   57475ms] [WARNING] ./components/stats/StatsClient.tsx
Module not found: Can't resolve 'html-to-image' in '/Users/saladin/Developments/interestory/components/stats'

Import trace for requested module:
./components/stats/StatsClient.tsx @ webpack-internal:///(app-pages-browser)/./node_modules/next/dist/next-devtools/shared/forward-logs-shared.js:27
[   57475ms] [LOG] [Fast Refresh] done in 120ms @ webpack-internal:///(app-pages-browser)/./node_modules/next/dist/next-devtools/shared/forward-logs-shared.js:27
[   57476ms] [LOG] [Fast Refresh] rebuilding @ webpack-internal:///(app-pages-browser)/./node_modules/next/dist/next-devtools/shared/forward-logs-shared.js:27
[   57570ms] [WARNING] ./app/page.tsx
Module not found: Can't resolve 'html-to-image' in '/Users/saladin/Developments/interestory/app'

Import trace for requested module:
./app/page.tsx @ webpack-internal:///(app-pages-browser)/./node_modules/next/dist/next-devtools/shared/forward-logs-shared.js:27
[   57570ms] [WARNING] ./components/stats/StatsClient.tsx
Module not found: Can't resolve 'html-to-image' in '/Users/saladin/Developments/interestory/components/stats'

Import trace for requested module:
./components/stats/StatsClient.tsx @ webpack-internal:///(app-pages-browser)/./node_modules/next/dist/next-devtools/shared/forward-logs-shared.js:27
[   57570ms] [LOG] [Fast Refresh] done in 94ms @ webpack-internal:///(app-pages-browser)/./node_modules/next/dist/next-devtools/shared/forward-logs-shared.js:27
[   57572ms] [LOG] [Fast Refresh] rebuilding @ webpack-internal:///(app-pages-browser)/./node_modules/next/dist/next-devtools/shared/forward-logs-shared.js:27
[   57685ms] [WARNING] ./app/page.tsx
Module not found: Can't resolve 'html-to-image' in '/Users/saladin/Developments/interestory/app'

Import trace for requested module:
./app/page.tsx @ webpack-internal:///(app-pages-browser)/./node_modules/next/dist/next-devtools/shared/forward-logs-shared.js:27
[   57685ms] [WARNING] ./components/stats/StatsClient.tsx
Module not found: Can't resolve 'html-to-image' in '/Users/saladin/Developments/interestory/components/stats'

Import trace for requested module:
./components/stats/StatsClient.tsx @ webpack-internal:///(app-pages-browser)/./node_modules/next/dist/next-devtools/shared/forward-logs-shared.js:27
[   57685ms] [LOG] [Fast Refresh] done in 114ms @ webpack-internal:///(app-pages-browser)/./node_modules/next/dist/next-devtools/shared/forward-logs-shared.js:27
[   57687ms] [LOG] [Fast Refresh] rebuilding @ webpack-internal:///(app-pages-browser)/./node_modules/next/dist/next-devtools/shared/forward-logs-shared.js:27
[   57778ms] [WARNING] ./app/page.tsx
Module not found: Can't resolve 'html-to-image' in '/Users/saladin/Developments/interestory/app'

Import trace for requested module:
./app/page.tsx @ webpack-internal:///(app-pages-browser)/./node_modules/next/dist/next-devtools/shared/forward-logs-shared.js:27
[   57778ms] [WARNING] ./components/stats/StatsClient.tsx
Module not found: Can't resolve 'html-to-image' in '/Users/saladin/Developments/interestory/components/stats'

Import trace for requested module:
./components/stats/StatsClient.tsx @ webpack-internal:///(app-pages-browser)/./node_modules/next/dist/next-devtools/shared/forward-logs-shared.js:27
[   57778ms] [LOG] [Fast Refresh] done in 91ms @ webpack-internal:///(app-pages-browser)/./node_modules/next/dist/next-devtools/shared/forward-logs-shared.js:27
[   57780ms] [LOG] [Fast Refresh] rebuilding @ webpack-internal:///(app-pages-browser)/./node_modules/next/dist/next-devtools/shared/forward-logs-shared.js:27
[   57913ms] [WARNING] ./app/page.tsx
Module not found: Can't resolve 'html-to-image' in '/Users/saladin/Developments/interestory/app'

Import trace for requested module:
./app/page.tsx @ webpack-internal:///(app-pages-browser)/./node_modules/next/dist/next-devtools/shared/forward-logs-shared.js:27
[   57913ms] [WARNING] ./components/stats/StatsClient.tsx
Module not found: Can't resolve 'html-to-image' in '/Users/saladin/Developments/interestory/components/stats'

Import trace for requested module:
./components/stats/StatsClient.tsx @ webpack-internal:///(app-pages-browser)/./node_modules/next/dist/next-devtools/shared/forward-logs-shared.js:27
[   57913ms] [LOG] [Fast Refresh] done in 132ms @ webpack-internal:///(app-pages-browser)/./node_modules/next/dist/next-devtools/shared/forward-logs-shared.js:27
[   57915ms] [LOG] [Fast Refresh] rebuilding @ webpack-internal:///(app-pages-browser)/./node_modules/next/dist/next-devtools/shared/forward-logs-shared.js:27
[   58008ms] [WARNING] ./app/page.tsx
Module not found: Can't resolve 'html-to-image' in '/Users/saladin/Developments/interestory/app'

Import trace for requested module:
./app/page.tsx @ webpack-internal:///(app-pages-browser)/./node_modules/next/dist/next-devtools/shared/forward-logs-shared.js:27
[   58008ms] [WARNING] ./components/stats/StatsClient.tsx
Module not found: Can't resolve 'html-to-image' in '/Users/saladin/Developments/interestory/components/stats'

Import trace for requested module:
./components/stats/StatsClient.tsx @ webpack-internal:///(app-pages-browser)/./node_modules/next/dist/next-devtools/shared/forward-logs-shared.js:27
[   58008ms] [LOG] [Fast Refresh] done in 93ms @ webpack-internal:///(app-pages-browser)/./node_modules/next/dist/next-devtools/shared/forward-logs-shared.js:27
[   58011ms] [LOG] [Fast Refresh] rebuilding @ webpack-internal:///(app-pages-browser)/./node_modules/next/dist/next-devtools/shared/forward-logs-shared.js:27
[   58128ms] [WARNING] ./app/page.tsx
Module not found: Can't resolve 'html-to-image' in '/Users/saladin/Developments/interestory/app'

Import trace for requested module:
./app/page.tsx @ webpack-internal:///(app-pages-browser)/./node_modules/next/dist/next-devtools/shared/forward-logs-shared.js:27
[   58128ms] [WARNING] ./components/stats/StatsClient.tsx
Module not found: Can't resolve 'html-to-image' in '/Users/saladin/Developments/interestory/components/stats'

Import trace for requested module:
./components/stats/StatsClient.tsx @ webpack-internal:///(app-pages-browser)/./node_modules/next/dist/next-devtools/shared/forward-logs-shared.js:27
[   58128ms] [LOG] [Fast Refresh] done in 117ms @ webpack-internal:///(app-pages-browser)/./node_modules/next/dist/next-devtools/shared/forward-logs-shared.js:27
[   58129ms] [LOG] [Fast Refresh] rebuilding @ webpack-internal:///(app-pages-browser)/./node_modules/next/dist/next-devtools/shared/forward-logs-shared.js:27
[   58250ms] [WARNING] ./app/page.tsx
Module not found: Can't resolve 'html-to-image' in '/Users/saladin/Developments/interestory/app'

Import trace for requested module:
./app/page.tsx @ webpack-internal:///(app-pages-browser)/./node_modules/next/dist/next-devtools/shared/forward-logs-shared.js:27
[   58250ms] [WARNING] ./components/stats/StatsClient.tsx
Module not found: Can't resolve 'html-to-image' in '/Users/saladin/Developments/interestory/components/stats'

Import trace for requested module:
./components/stats/StatsClient.tsx @ webpack-internal:///(app-pages-browser)/./node_modules/next/dist/next-devtools/shared/forward-logs-shared.js:27
[   58250ms] [LOG] [Fast Refresh] done in 120ms @ webpack-internal:///(app-pages-browser)/./node_modules/next/dist/next-devtools/shared/forward-logs-shared.js:27
[   58252ms] [LOG] [Fast Refresh] rebuilding @ webpack-internal:///(app-pages-browser)/./node_modules/next/dist/next-devtools/shared/forward-logs-shared.js:27
[   58357ms] [WARNING] ./app/page.tsx
Module not found: Can't resolve 'html-to-image' in '/Users/saladin/Developments/interestory/app'

Import trace for requested module:
./app/page.tsx @ webpack-internal:///(app-pages-browser)/./node_modules/next/dist/next-devtools/shared/forward-logs-shared.js:27
[   58357ms] [WARNING] ./components/stats/StatsClient.tsx
Module not found: Can't resolve 'html-to-image' in '/Users/saladin/Developments/interestory/components/stats'

Import trace for requested module:
./components/stats/StatsClient.tsx @ webpack-internal:///(app-pages-browser)/./node_modules/next/dist/next-devtools/shared/forward-logs-shared.js:27
[   58358ms] [LOG] [Fast Refresh] done in 106ms @ webpack-internal:///(app-pages-browser)/./node_modules/next/dist/next-devtools/shared/forward-logs-shared.js:27
[   58359ms] [LOG] [Fast Refresh] rebuilding @ webpack-internal:///(app-pages-browser)/./node_modules/next/dist/next-devtools/shared/forward-logs-shared.js:27
[   58475ms] [WARNING] ./app/page.tsx
Module not found: Can't resolve 'html-to-image' in '/Users/saladin/Developments/interestory/app'

Import trace for requested module:
./app/page.tsx @ webpack-internal:///(app-pages-browser)/./node_modules/next/dist/next-devtools/shared/forward-logs-shared.js:27
[   58475ms] [WARNING] ./components/stats/StatsClient.tsx
Module not found: Can't resolve 'html-to-image' in '/Users/saladin/Developments/interestory/components/stats'

Import trace for requested module:
./components/stats/StatsClient.tsx @ webpack-internal:///(app-pages-browser)/./node_modules/next/dist/next-devtools/shared/forward-logs-shared.js:27
[   58475ms] [LOG] [Fast Refresh] done in 115ms @ webpack-internal:///(app-pages-browser)/./node_modules/next/dist/next-devtools/shared/forward-logs-shared.js:27
[   58476ms] [LOG] [Fast Refresh] rebuilding @ webpack-internal:///(app-pages-browser)/./node_modules/next/dist/next-devtools/shared/forward-logs-shared.js:27
[   58590ms] [WARNING] ./app/page.tsx
Module not found: Can't resolve 'html-to-image' in '/Users/saladin/Developments/interestory/app'

Import trace for requested module:
./app/page.tsx @ webpack-internal:///(app-pages-browser)/./node_modules/next/dist/next-devtools/shared/forward-logs-shared.js:27
[   58590ms] [WARNING] ./components/stats/StatsClient.tsx
Module not found: Can't resolve 'html-to-image' in '/Users/saladin/Developments/interestory/components/stats'

Import trace for requested module:
./components/stats/StatsClient.tsx @ webpack-internal:///(app-pages-browser)/./node_modules/next/dist/next-devtools/shared/forward-logs-shared.js:27
[   58591ms] [LOG] [Fast Refresh] done in 114ms @ webpack-internal:///(app-pages-browser)/./node_modules/next/dist/next-devtools/shared/forward-logs-shared.js:27
[   58592ms] [LOG] [Fast Refresh] rebuilding @ webpack-internal:///(app-pages-browser)/./node_modules/next/dist/next-devtools/shared/forward-logs-shared.js:27
[   58697ms] [WARNING] ./app/page.tsx
Module not found: Can't resolve 'html-to-image' in '/Users/saladin/Developments/interestory/app'

Import trace for requested module:
./app/page.tsx @ webpack-internal:///(app-pages-browser)/./node_modules/next/dist/next-devtools/shared/forward-logs-shared.js:27
[   58697ms] [WARNING] ./components/stats/StatsClient.tsx
Module not found: Can't resolve 'html-to-image' in '/Users/saladin/Developments/interestory/components/stats'

Import trace for requested module:
./components/stats/StatsClient.tsx @ webpack-internal:///(app-pages-browser)/./node_modules/next/dist/next-devtools/shared/forward-logs-shared.js:27
[   58697ms] [LOG] [Fast Refresh] done in 105ms @ webpack-internal:///(app-pages-browser)/./node_modules/next/dist/next-devtools/shared/forward-logs-shared.js:27
[   58699ms] [LOG] [Fast Refresh] rebuilding @ webpack-internal:///(app-pages-browser)/./node_modules/next/dist/next-devtools/shared/forward-logs-shared.js:27
[   58835ms] [WARNING] ./app/page.tsx
Module not found: Can't resolve 'html-to-image' in '/Users/saladin/Developments/interestory/app'

Import trace for requested module:
./app/page.tsx @ webpack-internal:///(app-pages-browser)/./node_modules/next/dist/next-devtools/shared/forward-logs-shared.js:27
[   58835ms] [WARNING] ./components/stats/StatsClient.tsx
Module not found: Can't resolve 'html-to-image' in '/Users/saladin/Developments/interestory/components/stats'

Import trace for requested module:
./components/stats/StatsClient.tsx @ webpack-internal:///(app-pages-browser)/./node_modules/next/dist/next-devtools/shared/forward-logs-shared.js:27
[   58835ms] [LOG] [Fast Refresh] done in 135ms @ webpack-internal:///(app-pages-browser)/./node_modules/next/dist/next-devtools/shared/forward-logs-shared.js:27
[   58837ms] [LOG] [Fast Refresh] rebuilding @ webpack-internal:///(app-pages-browser)/./node_modules/next/dist/next-devtools/shared/forward-logs-shared.js:27
[   59011ms] [WARNING] ./app/page.tsx
Module not found: Can't resolve 'html-to-image' in '/Users/saladin/Developments/interestory/app'

Import trace for requested module:
./app/page.tsx @ webpack-internal:///(app-pages-browser)/./node_modules/next/dist/next-devtools/shared/forward-logs-shared.js:27
[   59011ms] [WARNING] ./components/stats/StatsClient.tsx
Module not found: Can't resolve 'html-to-image' in '/Users/saladin/Developments/interestory/components/stats'

Import trace for requested module:
./components/stats/StatsClient.tsx @ webpack-internal:///(app-pages-browser)/./node_modules/next/dist/next-devtools/shared/forward-logs-shared.js:27
[   59011ms] [LOG] [Fast Refresh] done in 174ms @ webpack-internal:///(app-pages-browser)/./node_modules/next/dist/next-devtools/shared/forward-logs-shared.js:27
[   59013ms] [LOG] [Fast Refresh] rebuilding @ webpack-internal:///(app-pages-browser)/./node_modules/next/dist/next-devtools/shared/forward-logs-shared.js:27
[   59080ms] [WARNING] The resource http://localhost:3000/_next/static/css/app/layout.css?v=1790076692826 was preloaded using link preload but not used within a few seconds from the window's load event. Please make sure it has an appropriate `as` value and it is preloaded intentionally. @ http://localhost:3000/family:0
[   59080ms] [WARNING] The resource http://localhost:3000/_next/static/css/app/layout.css?v=1790076694623 was preloaded using link preload but not used within a few seconds from the window's load event. Please make sure it has an appropriate `as` value and it is preloaded intentionally. @ http://localhost:3000/family:0
[   59080ms] [WARNING] The resource http://localhost:3000/_next/static/css/app/layout.css?v=1790076692608 was preloaded using link preload but not used within a few seconds from the window's load event. Please make sure it has an appropriate `as` value and it is preloaded intentionally. @ http://localhost:3000/family:0
[   59080ms] [WARNING] The resource http://localhost:3000/_next/static/media/22a5144ee8d83bca-s.p.woff2?v=1790076689813 was preloaded using link preload but not used within a few seconds from the window's load event. Please make sure it has an appropriate `as` value and it is preloaded intentionally. @ http://localhost:3000/family:0
[   59080ms] [WARNING] The resource http://localhost:3000/_next/static/css/app/layout.css?v=1790076694796 was preloaded using link preload but not used within a few seconds from the window's load event. Please make sure it has an appropriate `as` value and it is preloaded intentionally. @ http://localhost:3000/family:0
[   59080ms] [WARNING] The resource http://localhost:3000/_next/static/css/app/layout.css?v=1790076694019 was preloaded using link preload but not used within a few seconds from the window's load event. Please make sure it has an appropriate `as` value and it is preloaded intentionally. @ http://localhost:3000/family:0
[   59080ms] [WARNING] The resource http://localhost:3000/_next/static/css/app/layout.css?v=1790076694185 was preloaded using link preload but not used within a few seconds from the window's load event. Please make sure it has an appropriate `as` value and it is preloaded intentionally. @ http://localhost:3000/family:0
[   59080ms] [WARNING] The resource http://localhost:3000/_next/static/css/app/layout.css?v=1790076691229 was preloaded using link preload but not used within a few seconds from the window's load event. Please make sure it has an appropriate `as` value and it is preloaded intentionally. @ http://localhost:3000/family:0
[   59080ms] [WARNING] The resource http://localhost:3000/_next/static/css/app/layout.css?v=1790076692189 was preloaded using link preload but not used within a few seconds from the window's load event. Please make sure it has an appropriate `as` value and it is preloaded intentionally. @ http://localhost:3000/family:0
[   59080ms] [WARNING] The resource http://localhost:3000/_next/static/css/app/layout.css?v=1790076692994 was preloaded using link preload but not used within a few seconds from the window's load event. Please make sure it has an appropriate `as` value and it is preloaded intentionally. @ http://localhost:3000/family:0
[   59080ms] [WARNING] The resource http://localhost:3000/_next/static/css/app/layout.css?v=1790076691962 was preloaded using link preload but not used within a few seconds from the window's load event. Please make sure it has an appropriate `as` value and it is preloaded intentionally. @ http://localhost:3000/family:0
[   59080ms] [WARNING] The resource http://localhost:3000/_next/static/css/app/layout.css?v=1790076693766 was preloaded using link preload but not used within a few seconds from the window's load event. Please make sure it has an appropriate `as` value and it is preloaded intentionally. @ http://localhost:3000/family:0
[   59080ms] [WARNING] The resource http://localhost:3000/_next/static/media/7d4881bb7e1bf84d-s.p.woff2?v=1790076689813 was preloaded using link preload but not used within a few seconds from the window's load event. Please make sure it has an appropriate `as` value and it is preloaded intentionally. @ http://localhost:3000/family:0
[   59080ms] [WARNING] The resource http://localhost:3000/_next/static/css/app/layout.css?v=1790076695305 was preloaded using link preload but not used within a few seconds from the window's load event. Please make sure it has an appropriate `as` value and it is preloaded intentionally. @ http://localhost:3000/family:0
[   59080ms] [WARNING] The resource http://localhost:3000/_next/static/css/app/layout.css?v=1790076691782 was preloaded using link preload but not used within a few seconds from the window's load event. Please make sure it has an appropriate `as` value and it is preloaded intentionally. @ http://localhost:3000/family:0
[   59080ms] [WARNING] The resource http://localhost:3000/_next/static/css/app/layout.css?v=1790076695140 was preloaded using link preload but not used within a few seconds from the window's load event. Please make sure it has an appropriate `as` value and it is preloaded intentionally. @ http://localhost:3000/family:0
[   59080ms] [WARNING] The resource http://localhost:3000/_next/static/css/app/layout.css?v=1790076692409 was preloaded using link preload but not used within a few seconds from the window's load event. Please make sure it has an appropriate `as` value and it is preloaded intentionally. @ http://localhost:3000/family:0
[   59080ms] [WARNING] The resource http://localhost:3000/_next/static/css/app/layout.css?v=1790076693542 was preloaded using link preload but not used within a few seconds from the window's load event. Please make sure it has an appropriate `as` value and it is preloaded intentionally. @ http://localhost:3000/family:0
[   59080ms] [WARNING] The resource http://localhost:3000/_next/static/css/app/layout.css?v=1790076693375 was preloaded using link preload but not used within a few seconds from the window's load event. Please make sure it has an appropriate `as` value and it is preloaded intentionally. @ http://localhost:3000/family:0
[   59080ms] [WARNING] The resource http://localhost:3000/_next/static/css/app/layout.css?v=1790076694962 was preloaded using link preload but not used within a few seconds from the window's load event. Please make sure it has an appropriate `as` value and it is preloaded intentionally. @ http://localhost:3000/family:0
[   59080ms] [WARNING] The resource http://localhost:3000/_next/static/css/app/layout.css?v=1790076695541 was preloaded using link preload but not used within a few seconds from the window's load event. Please make sure it has an appropriate `as` value and it is preloaded intentionally. @ http://localhost:3000/family:0
[   59080ms] [WARNING] The resource http://localhost:3000/_next/static/css/app/layout.css?v=1790076693173 was preloaded using link preload but not used within a few seconds from the window's load event. Please make sure it has an appropriate `as` value and it is preloaded intentionally. @ http://localhost:3000/family:0
[   59080ms] [WARNING] The resource http://localhost:3000/_next/static/css/app/layout.css?v=1790076691420 was preloaded using link preload but not used within a few seconds from the window's load event. Please make sure it has an appropriate `as` value and it is preloaded intentionally. @ http://localhost:3000/family:0
[   59080ms] [WARNING] The resource http://localhost:3000/_next/static/css/app/layout.css?v=1790076694450 was preloaded using link preload but not used within a few seconds from the window's load event. Please make sure it has an appropriate `as` value and it is preloaded intentionally. @ http://localhost:3000/family:0
[   59080ms] [WARNING] The resource http://localhost:3000/_next/static/css/app/layout.css?v=1790076691596 was preloaded using link preload but not used within a few seconds from the window's load event. Please make sure it has an appropriate `as` value and it is preloaded intentionally. @ http://localhost:3000/family:0
[   59100ms] [WARNING] ./app/page.tsx
Module not found: Can't resolve 'html-to-image' in '/Users/saladin/Developments/interestory/app'

Import trace for requested module:
./app/page.tsx @ webpack-internal:///(app-pages-browser)/./node_modules/next/dist/next-devtools/shared/forward-logs-shared.js:27
[   59100ms] [WARNING] ./components/stats/StatsClient.tsx
Module not found: Can't resolve 'html-to-image' in '/Users/saladin/Developments/interestory/components/stats'

Import trace for requested module:
./components/stats/StatsClient.tsx @ webpack-internal:///(app-pages-browser)/./node_modules/next/dist/next-devtools/shared/forward-logs-shared.js:27
[   59100ms] [LOG] [Fast Refresh] done in 87ms @ webpack-internal:///(app-pages-browser)/./node_modules/next/dist/next-devtools/shared/forward-logs-shared.js:27
[   59101ms] [LOG] [Fast Refresh] rebuilding @ webpack-internal:///(app-pages-browser)/./node_modules/next/dist/next-devtools/shared/forward-logs-shared.js:27
[   59244ms] [WARNING] ./app/page.tsx
Module not found: Can't resolve 'html-to-image' in '/Users/saladin/Developments/interestory/app'

Import trace for requested module:
./app/page.tsx @ webpack-internal:///(app-pages-browser)/./node_modules/next/dist/next-devtools/shared/forward-logs-shared.js:27
[   59244ms] [WARNING] ./components/stats/StatsClient.tsx
Module not found: Can't resolve 'html-to-image' in '/Users/saladin/Developments/interestory/components/stats'

Import trace for requested module:
./components/stats/StatsClient.tsx @ webpack-internal:///(app-pages-browser)/./node_modules/next/dist/next-devtools/shared/forward-logs-shared.js:27
[   59244ms] [LOG] [Fast Refresh] done in 143ms @ webpack-internal:///(app-pages-browser)/./node_modules/next/dist/next-devtools/shared/forward-logs-shared.js:27
[   59247ms] [LOG] [Fast Refresh] rebuilding @ webpack-internal:///(app-pages-browser)/./node_modules/next/dist/next-devtools/shared/forward-logs-shared.js:27
[   59518ms] [WARNING] ./app/page.tsx
Module not found: Can't resolve 'html-to-image' in '/Users/saladin/Developments/interestory/app'

Import trace for requested module:
./app/page.tsx @ webpack-internal:///(app-pages-browser)/./node_modules/next/dist/next-devtools/shared/forward-logs-shared.js:27
[   59518ms] [WARNING] ./components/stats/StatsClient.tsx
Module not found: Can't resolve 'html-to-image' in '/Users/saladin/Developments/interestory/components/stats'

Import trace for requested module:
./components/stats/StatsClient.tsx @ webpack-internal:///(app-pages-browser)/./node_modules/next/dist/next-devtools/shared/forward-logs-shared.js:27
[   59518ms] [LOG] [Fast Refresh] done in 272ms @ webpack-internal:///(app-pages-browser)/./node_modules/next/dist/next-devtools/shared/forward-logs-shared.js:27
[   59521ms] [LOG] [Fast Refresh] rebuilding @ webpack-internal:///(app-pages-browser)/./node_modules/next/dist/next-devtools/shared/forward-logs-shared.js:27
[   59754ms] [WARNING] ./app/page.tsx
Module not found: Can't resolve 'html-to-image' in '/Users/saladin/Developments/interestory/app'

Import trace for requested module:
./app/page.tsx @ webpack-internal:///(app-pages-browser)/./node_modules/next/dist/next-devtools/shared/forward-logs-shared.js:27
[   59755ms] [WARNING] ./components/stats/StatsClient.tsx
Module not found: Can't resolve 'html-to-image' in '/Users/saladin/Developments/interestory/components/stats'

Import trace for requested module:
./components/stats/StatsClient.tsx @ webpack-internal:///(app-pages-browser)/./node_modules/next/dist/next-devtools/shared/forward-logs-shared.js:27
[   59755ms] [LOG] [Fast Refresh] done in 233ms @ webpack-internal:///(app-pages-browser)/./node_modules/next/dist/next-devtools/shared/forward-logs-shared.js:27
[   59756ms] [LOG] [Fast Refresh] rebuilding @ webpack-internal:///(app-pages-browser)/./node_modules/next/dist/next-devtools/shared/forward-logs-shared.js:27
[   59875ms] [WARNING] ./app/page.tsx
Module not found: Can't resolve 'html-to-image' in '/Users/saladin/Developments/interestory/app'

Import trace for requested module:
./app/page.tsx @ webpack-internal:///(app-pages-browser)/./node_modules/next/dist/next-devtools/shared/forward-logs-shared.js:27
[   59875ms] [WARNING] ./components/stats/StatsClient.tsx
Module not found: Can't resolve 'html-to-image' in '/Users/saladin/Developments/interestory/components/stats'

Import trace for requested module:
./components/stats/StatsClient.tsx @ webpack-internal:///(app-pages-browser)/./node_modules/next/dist/next-devtools/shared/forward-logs-shared.js:27
[   59875ms] [LOG] [Fast Refresh] done in 119ms @ webpack-internal:///(app-pages-browser)/./node_modules/next/dist/next-devtools/shared/forward-logs-shared.js:27
[   59877ms] [LOG] [Fast Refresh] rebuilding @ webpack-internal:///(app-pages-browser)/./node_modules/next/dist/next-devtools/shared/forward-logs-shared.js:27
[   59975ms] [WARNING] ./app/page.tsx
Module not found: Can't resolve 'html-to-image' in '/Users/saladin/Developments/interestory/app'

Import trace for requested module:
./app/page.tsx @ webpack-internal:///(app-pages-browser)/./node_modules/next/dist/next-devtools/shared/forward-logs-shared.js:27
[   59975ms] [WARNING] ./components/stats/StatsClient.tsx
Module not found: Can't resolve 'html-to-image' in '/Users/saladin/Developments/interestory/components/stats'

Import trace for requested module:
./components/stats/StatsClient.tsx @ webpack-internal:///(app-pages-browser)/./node_modules/next/dist/next-devtools/shared/forward-logs-shared.js:27
[   59975ms] [LOG] [Fast Refresh] done in 98ms @ webpack-internal:///(app-pages-browser)/./node_modules/next/dist/next-devtools/shared/forward-logs-shared.js:27
[   59978ms] [LOG] [Fast Refresh] rebuilding @ webpack-internal:///(app-pages-browser)/./node_modules/next/dist/next-devtools/shared/forward-logs-shared.js:27
[   60127ms] [WARNING] ./app/page.tsx
Module not found: Can't resolve 'html-to-image' in '/Users/saladin/Developments/interestory/app'

Import trace for requested module:
./app/page.tsx @ webpack-internal:///(app-pages-browser)/./node_modules/next/dist/next-devtools/shared/forward-logs-shared.js:27
[   60128ms] [WARNING] ./components/stats/StatsClient.tsx
Module not found: Can't resolve 'html-to-image' in '/Users/saladin/Developments/interestory/components/stats'

Import trace for requested module:
./components/stats/StatsClient.tsx @ webpack-internal:///(app-pages-browser)/./node_modules/next/dist/next-devtools/shared/forward-logs-shared.js:27
[   60128ms] [LOG] [Fast Refresh] done in 150ms @ webpack-internal:///(app-pages-browser)/./node_modules/next/dist/next-devtools/shared/forward-logs-shared.js:27
[   60130ms] [LOG] [Fast Refresh] rebuilding @ webpack-internal:///(app-pages-browser)/./node_modules/next/dist/next-devtools/shared/forward-logs-shared.js:27
[   60273ms] [WARNING] ./app/page.tsx
Module not found: Can't resolve 'html-to-image' in '/Users/saladin/Developments/interestory/app'

Import trace for requested module:
./app/page.tsx @ webpack-internal:///(app-pages-browser)/./node_modules/next/dist/next-devtools/shared/forward-logs-shared.js:27
[   60273ms] [WARNING] ./components/stats/StatsClient.tsx
Module not found: Can't resolve 'html-to-image' in '/Users/saladin/Developments/interestory/components/stats'

Import trace for requested module:
./components/stats/StatsClient.tsx @ webpack-internal:///(app-pages-browser)/./node_modules/next/dist/next-devtools/shared/forward-logs-shared.js:27
[   60273ms] [LOG] [Fast Refresh] done in 142ms @ webpack-internal:///(app-pages-browser)/./node_modules/next/dist/next-devtools/shared/forward-logs-shared.js:27
[   60275ms] [LOG] [Fast Refresh] rebuilding @ webpack-internal:///(app-pages-browser)/./node_modules/next/dist/next-devtools/shared/forward-logs-shared.js:27
[   60380ms] [WARNING] ./app/page.tsx
Module not found: Can't resolve 'html-to-image' in '/Users/saladin/Developments/interestory/app'

Import trace for requested module:
./app/page.tsx @ webpack-internal:///(app-pages-browser)/./node_modules/next/dist/next-devtools/shared/forward-logs-shared.js:27
[   60380ms] [WARNING] ./components/stats/StatsClient.tsx
Module not found: Can't resolve 'html-to-image' in '/Users/saladin/Developments/interestory/components/stats'

Import trace for requested module:
./components/stats/StatsClient.tsx @ webpack-internal:///(app-pages-browser)/./node_modules/next/dist/next-devtools/shared/forward-logs-shared.js:27
[   60380ms] [LOG] [Fast Refresh] done in 105ms @ webpack-internal:///(app-pages-browser)/./node_modules/next/dist/next-devtools/shared/forward-logs-shared.js:27
[   60381ms] [LOG] [Fast Refresh] rebuilding @ webpack-internal:///(app-pages-browser)/./node_modules/next/dist/next-devtools/shared/forward-logs-shared.js:27
[   60513ms] [WARNING] ./app/page.tsx
Module not found: Can't resolve 'html-to-image' in '/Users/saladin/Developments/interestory/app'

Import trace for requested module:
./app/page.tsx @ webpack-internal:///(app-pages-browser)/./node_modules/next/dist/next-devtools/shared/forward-logs-shared.js:27
[   60513ms] [WARNING] ./components/stats/StatsClient.tsx
Module not found: Can't resolve 'html-to-image' in '/Users/saladin/Developments/interestory/components/stats'

Import trace for requested module:
./components/stats/StatsClient.tsx @ webpack-internal:///(app-pages-browser)/./node_modules/next/dist/next-devtools/shared/forward-logs-shared.js:27
[   60513ms] [LOG] [Fast Refresh] done in 132ms @ webpack-internal:///(app-pages-browser)/./node_modules/next/dist/next-devtools/shared/forward-logs-shared.js:27
[   60516ms] [LOG] [Fast Refresh] rebuilding @ webpack-internal:///(app-pages-browser)/./node_modules/next/dist/next-devtools/shared/forward-logs-shared.js:27
[   60608ms] [WARNING] ./app/page.tsx
Module not found: Can't resolve 'html-to-image' in '/Users/saladin/Developments/interestory/app'

Import trace for requested module:
./app/page.tsx @ webpack-internal:///(app-pages-browser)/./node_modules/next/dist/next-devtools/shared/forward-logs-shared.js:27
[   60608ms] [WARNING] ./components/stats/StatsClient.tsx
Module not found: Can't resolve 'html-to-image' in '/Users/saladin/Developments/interestory/components/stats'

Import trace for requested module:
./components/stats/StatsClient.tsx @ webpack-internal:///(app-pages-browser)/./node_modules/next/dist/next-devtools/shared/forward-logs-shared.js:27
[   60608ms] [LOG] [Fast Refresh] done in 93ms @ webpack-internal:///(app-pages-browser)/./node_modules/next/dist/next-devtools/shared/forward-logs-shared.js:27
[   60609ms] [LOG] [Fast Refresh] rebuilding @ webpack-internal:///(app-pages-browser)/./node_modules/next/dist/next-devtools/shared/forward-logs-shared.js:27
[   60726ms] [WARNING] ./app/page.tsx
Module not found: Can't resolve 'html-to-image' in '/Users/saladin/Developments/interestory/app'

Import trace for requested module:
./app/page.tsx @ webpack-internal:///(app-pages-browser)/./node_modules/next/dist/next-devtools/shared/forward-logs-shared.js:27
[   60726ms] [WARNING] ./components/stats/StatsClient.tsx
Module not found: Can't resolve 'html-to-image' in '/Users/saladin/Developments/interestory/components/stats'

Import trace for requested module:
./components/stats/StatsClient.tsx @ webpack-internal:///(app-pages-browser)/./node_modules/next/dist/next-devtools/shared/forward-logs-shared.js:27
[   60726ms] [LOG] [Fast Refresh] done in 116ms @ webpack-internal:///(app-pages-browser)/./node_modules/next/dist/next-devtools/shared/forward-logs-shared.js:27
[   60729ms] [LOG] [Fast Refresh] rebuilding @ webpack-internal:///(app-pages-browser)/./node_modules/next/dist/next-devtools/shared/forward-logs-shared.js:27
[   60853ms] [WARNING] ./app/page.tsx
Module not found: Can't resolve 'html-to-image' in '/Users/saladin/Developments/interestory/app'

Import trace for requested module:
./app/page.tsx @ webpack-internal:///(app-pages-browser)/./node_modules/next/dist/next-devtools/shared/forward-logs-shared.js:27
[   60853ms] [WARNING] ./components/stats/StatsClient.tsx
Module not found: Can't resolve 'html-to-image' in '/Users/saladin/Developments/interestory/components/stats'

Import trace for requested module:
./components/stats/StatsClient.tsx @ webpack-internal:///(app-pages-browser)/./node_modules/next/dist/next-devtools/shared/forward-logs-shared.js:27
[   60853ms] [LOG] [Fast Refresh] done in 124ms @ webpack-internal:///(app-pages-browser)/./node_modules/next/dist/next-devtools/shared/forward-logs-shared.js:27
[   60854ms] [LOG] [Fast Refresh] rebuilding @ webpack-internal:///(app-pages-browser)/./node_modules/next/dist/next-devtools/shared/forward-logs-shared.js:27
[   60945ms] [WARNING] ./app/page.tsx
Module not found: Can't resolve 'html-to-image' in '/Users/saladin/Developments/interestory/app'

Import trace for requested module:
./app/page.tsx @ webpack-internal:///(app-pages-browser)/./node_modules/next/dist/next-devtools/shared/forward-logs-shared.js:27
[   60945ms] [WARNING] ./components/stats/StatsClient.tsx
Module not found: Can't resolve 'html-to-image' in '/Users/saladin/Developments/interestory/components/stats'

Import trace for requested module:
./components/stats/StatsClient.tsx @ webpack-internal:///(app-pages-browser)/./node_modules/next/dist/next-devtools/shared/forward-logs-shared.js:27
[   60945ms] [LOG] [Fast Refresh] done in 92ms @ webpack-internal:///(app-pages-browser)/./node_modules/next/dist/next-devtools/shared/forward-logs-shared.js:27
[   60947ms] [LOG] [Fast Refresh] rebuilding @ webpack-internal:///(app-pages-browser)/./node_modules/next/dist/next-devtools/shared/forward-logs-shared.js:27
[   61069ms] [WARNING] ./app/page.tsx
Module not found: Can't resolve 'html-to-image' in '/Users/saladin/Developments/interestory/app'

Import trace for requested module:
./app/page.tsx @ webpack-internal:///(app-pages-browser)/./node_modules/next/dist/next-devtools/shared/forward-logs-shared.js:27
[   61069ms] [WARNING] ./components/stats/StatsClient.tsx
Module not found: Can't resolve 'html-to-image' in '/Users/saladin/Developments/interestory/components/stats'

Import trace for requested module:
./components/stats/StatsClient.tsx @ webpack-internal:///(app-pages-browser)/./node_modules/next/dist/next-devtools/shared/forward-logs-shared.js:27
[   61069ms] [LOG] [Fast Refresh] done in 123ms @ webpack-internal:///(app-pages-browser)/./node_modules/next/dist/next-devtools/shared/forward-logs-shared.js:27
[   61071ms] [LOG] [Fast Refresh] rebuilding @ webpack-internal:///(app-pages-browser)/./node_modules/next/dist/next-devtools/shared/forward-logs-shared.js:27
[   61161ms] [WARNING] ./app/page.tsx
Module not found: Can't resolve 'html-to-image' in '/Users/saladin/Developments/interestory/app'

Import trace for requested module:
./app/page.tsx @ webpack-internal:///(app-pages-browser)/./node_modules/next/dist/next-devtools/shared/forward-logs-shared.js:27
[   61161ms] [WARNING] ./components/stats/StatsClient.tsx
Module not found: Can't resolve 'html-to-image' in '/Users/saladin/Developments/interestory/components/stats'

Import trace for requested module:
./components/stats/StatsClient.tsx @ webpack-internal:///(app-pages-browser)/./node_modules/next/dist/next-devtools/shared/forward-logs-shared.js:27
[   61161ms] [LOG] [Fast Refresh] done in 90ms @ webpack-internal:///(app-pages-browser)/./node_modules/next/dist/next-devtools/shared/forward-logs-shared.js:27
[   61163ms] [LOG] [Fast Refresh] rebuilding @ webpack-internal:///(app-pages-browser)/./node_modules/next/dist/next-devtools/shared/forward-logs-shared.js:27
[   61292ms] [WARNING] ./app/page.tsx
Module not found: Can't resolve 'html-to-image' in '/Users/saladin/Developments/interestory/app'

Import trace for requested module:
./app/page.tsx @ webpack-internal:///(app-pages-browser)/./node_modules/next/dist/next-devtools/shared/forward-logs-shared.js:27
[   61292ms] [WARNING] ./components/stats/StatsClient.tsx
Module not found: Can't resolve 'html-to-image' in '/Users/saladin/Developments/interestory/components/stats'

Import trace for requested module:
./components/stats/StatsClient.tsx @ webpack-internal:///(app-pages-browser)/./node_modules/next/dist/next-devtools/shared/forward-logs-shared.js:27
[   61292ms] [LOG] [Fast Refresh] done in 130ms @ webpack-internal:///(app-pages-browser)/./node_modules/next/dist/next-devtools/shared/forward-logs-shared.js:27
[   61293ms] [LOG] [Fast Refresh] rebuilding @ webpack-internal:///(app-pages-browser)/./node_modules/next/dist/next-devtools/shared/forward-logs-shared.js:27
[   61389ms] [WARNING] ./app/page.tsx
Module not found: Can't resolve 'html-to-image' in '/Users/saladin/Developments/interestory/app'

Import trace for requested module:
./app/page.tsx @ webpack-internal:///(app-pages-browser)/./node_modules/next/dist/next-devtools/shared/forward-logs-shared.js:27
[   61389ms] [WARNING] ./components/stats/StatsClient.tsx
Module not found: Can't resolve 'html-to-image' in '/Users/saladin/Developments/interestory/components/stats'

Import trace for requested module:
./components/stats/StatsClient.tsx @ webpack-internal:///(app-pages-browser)/./node_modules/next/dist/next-devtools/shared/forward-logs-shared.js:27
[   61389ms] [LOG] [Fast Refresh] done in 96ms @ webpack-internal:///(app-pages-browser)/./node_modules/next/dist/next-devtools/shared/forward-logs-shared.js:27
[   61391ms] [LOG] [Fast Refresh] rebuilding @ webpack-internal:///(app-pages-browser)/./node_modules/next/dist/next-devtools/shared/forward-logs-shared.js:27
[   61526ms] [WARNING] ./app/page.tsx
Module not found: Can't resolve 'html-to-image' in '/Users/saladin/Developments/interestory/app'

Import trace for requested module:
./app/page.tsx @ webpack-internal:///(app-pages-browser)/./node_modules/next/dist/next-devtools/shared/forward-logs-shared.js:27
[   61526ms] [WARNING] ./components/stats/StatsClient.tsx
Module not found: Can't resolve 'html-to-image' in '/Users/saladin/Developments/interestory/components/stats'

Import trace for requested module:
./components/stats/StatsClient.tsx @ webpack-internal:///(app-pages-browser)/./node_modules/next/dist/next-devtools/shared/forward-logs-shared.js:27
[   61526ms] [LOG] [Fast Refresh] done in 135ms @ webpack-internal:///(app-pages-browser)/./node_modules/next/dist/next-devtools/shared/forward-logs-shared.js:27
[   61527ms] [LOG] [Fast Refresh] rebuilding @ webpack-internal:///(app-pages-browser)/./node_modules/next/dist/next-devtools/shared/forward-logs-shared.js:27
[   61617ms] [WARNING] ./app/page.tsx
Module not found: Can't resolve 'html-to-image' in '/Users/saladin/Developments/interestory/app'

Import trace for requested module:
./app/page.tsx @ webpack-internal:///(app-pages-browser)/./node_modules/next/dist/next-devtools/shared/forward-logs-shared.js:27
[   61617ms] [WARNING] ./components/stats/StatsClient.tsx
Module not found: Can't resolve 'html-to-image' in '/Users/saladin/Developments/interestory/components/stats'

Import trace for requested module:
./components/stats/StatsClient.tsx @ webpack-internal:///(app-pages-browser)/./node_modules/next/dist/next-devtools/shared/forward-logs-shared.js:27
[   61617ms] [LOG] [Fast Refresh] done in 91ms @ webpack-internal:///(app-pages-browser)/./node_modules/next/dist/next-devtools/shared/forward-logs-shared.js:27
[   61619ms] [LOG] [Fast Refresh] rebuilding @ webpack-internal:///(app-pages-browser)/./node_modules/next/dist/next-devtools/shared/forward-logs-shared.js:27
[   61747ms] [WARNING] ./app/page.tsx
Module not found: Can't resolve 'html-to-image' in '/Users/saladin/Developments/interestory/app'

Import trace for requested module:
./app/page.tsx @ webpack-internal:///(app-pages-browser)/./node_modules/next/dist/next-devtools/shared/forward-logs-shared.js:27
[   61747ms] [WARNING] ./components/stats/StatsClient.tsx
Module not found: Can't resolve 'html-to-image' in '/Users/saladin/Developments/interestory/components/stats'

Import trace for requested module:
./components/stats/StatsClient.tsx @ webpack-internal:///(app-pages-browser)/./node_modules/next/dist/next-devtools/shared/forward-logs-shared.js:27
[   61747ms] [LOG] [Fast Refresh] done in 129ms @ webpack-internal:///(app-pages-browser)/./node_modules/next/dist/next-devtools/shared/forward-logs-shared.js:27
[   61750ms] [LOG] [Fast Refresh] rebuilding @ webpack-internal:///(app-pages-browser)/./node_modules/next/dist/next-devtools/shared/forward-logs-shared.js:27
