[      17ms] [WARNING] The resource http://localhost:3000/_next/static/css/app/layout.css?v=1790076780584 was preloaded using link preload but not used within a few seconds from the window's load event. Please make sure it has an appropriate `as` value and it is preloaded intentionally. @ http://localhost:3000/declutter:0
[      17ms] [WARNING] The resource http://localhost:3000/_next/static/media/7d4881bb7e1bf84d-s.p.woff2?v=1790076777748 was preloaded using link preload but not used within a few seconds from the window's load event. Please make sure it has an appropriate `as` value and it is preloaded intentionally. @ http://localhost:3000/declutter:0
[      17ms] [WARNING] The resource http://localhost:3000/_next/static/css/app/layout.css?v=1790076783540 was preloaded using link preload but not used within a few seconds from the window's load event. Please make sure it has an appropriate `as` value and it is preloaded intentionally. @ http://localhost:3000/declutter:0
[      17ms] [WARNING] The resource http://localhost:3000/_next/static/css/app/layout.css?v=1790076782741 was preloaded using link preload but not used within a few seconds from the window's load event. Please make sure it has an appropriate `as` value and it is preloaded intentionally. @ http://localhost:3000/declutter:0
[      17ms] [WARNING] The resource http://localhost:3000/_next/static/media/22a5144ee8d83bca-s.p.woff2?v=1790076777748 was preloaded using link preload but not used within a few seconds from the window's load event. Please make sure it has an appropriate `as` value and it is preloaded intentionally. @ http://localhost:3000/declutter:0
[      17ms] [WARNING] The resource http://localhost:3000/_next/static/css/app/layout.css?v=1790076780797 was preloaded using link preload but not used within a few seconds from the window's load event. Please make sure it has an appropriate `as` value and it is preloaded intentionally. @ http://localhost:3000/declutter:0
[      17ms] [WARNING] The resource http://localhost:3000/_next/static/css/app/layout.css?v=1790076780401 was preloaded using link preload but not used within a few seconds from the window's load event. Please make sure it has an appropriate `as` value and it is preloaded intentionally. @ http://localhost:3000/declutter:0
[      17ms] [WARNING] The resource http://localhost:3000/_next/static/css/app/layout.css?v=1790076779749 was preloaded using link preload but not used within a few seconds from the window's load event. Please make sure it has an appropriate `as` value and it is preloaded intentionally. @ http://localhost:3000/declutter:0
[      17ms] [WARNING] The resource http://localhost:3000/_next/static/css/app/layout.css?v=1790076781007 was preloaded using link preload but not used within a few seconds from the window's load event. Please make sure it has an appropriate `as` value and it is preloaded intentionally. @ http://localhost:3000/declutter:0
[      17ms] [WARNING] The resource http://localhost:3000/_next/static/css/app/layout.css?v=1790076780001 was preloaded using link preload but not used within a few seconds from the window's load event. Please make sure it has an appropriate `as` value and it is preloaded intentionally. @ http://localhost:3000/declutter:0
[      17ms] [WARNING] The resource http://localhost:3000/_next/static/css/app/layout.css?v=1790076781670 was preloaded using link preload but not used within a few seconds from the window's load event. Please make sure it has an appropriate `as` value and it is preloaded intentionally. @ http://localhost:3000/declutter:0
[      17ms] [WARNING] The resource http://localhost:3000/_next/static/css/app/layout.css?v=1790076780187 was preloaded using link preload but not used within a few seconds from the window's load event. Please make sure it has an appropriate `as` value and it is preloaded intentionally. @ http://localhost:3000/declutter:0
[      17ms] [WARNING] The resource http://localhost:3000/_next/static/css/app/layout.css?v=1790076782097 was preloaded using link preload but not used within a few seconds from the window's load event. Please make sure it has an appropriate `as` value and it is preloaded intentionally. @ http://localhost:3000/declutter:0
[      17ms] [WARNING] The resource http://localhost:3000/_next/static/css/app/layout.css?v=1790076781220 was preloaded using link preload but not used within a few seconds from the window's load event. Please make sure it has an appropriate `as` value and it is preloaded intentionally. @ http://localhost:3000/declutter:0
[      17ms] [WARNING] The resource http://localhost:3000/_next/static/css/app/layout.css?v=1790076781882 was preloaded using link preload but not used within a few seconds from the window's load event. Please make sure it has an appropriate `as` value and it is preloaded intentionally. @ http://localhost:3000/declutter:0
[      17ms] [WARNING] The resource http://localhost:3000/_next/static/css/app/layout.css?v=1790076781397 was preloaded using link preload but not used within a few seconds from the window's load event. Please make sure it has an appropriate `as` value and it is preloaded intentionally. @ http://localhost:3000/declutter:0
[     250ms] [WARNING] ./app/page.tsx
Module not found: Can't resolve 'html-to-image' in '/Users/saladin/Developments/interestory/app'

Import trace for requested module:
./app/page.tsx @ webpack-internal:///(app-pages-browser)/./node_modules/next/dist/next-devtools/shared/forward-logs-shared.js:27
[     251ms] [WARNING] ./components/stats/StatsClient.tsx
Module not found: Can't resolve 'html-to-image' in '/Users/saladin/Developments/interestory/components/stats'

Import trace for requested module:
./components/stats/StatsClient.tsx @ webpack-internal:///(app-pages-browser)/./node_modules/next/dist/next-devtools/shared/forward-logs-shared.js:27
[     251ms] [LOG] [Fast Refresh] done in 261ms @ webpack-internal:///(app-pages-browser)/./node_modules/next/dist/next-devtools/shared/forward-logs-shared.js:27
[     251ms] [LOG] [Fast Refresh] rebuilding @ webpack-internal:///(app-pages-browser)/./node_modules/next/dist/next-devtools/shared/forward-logs-shared.js:27
[     376ms] [WARNING] ./app/page.tsx
Module not found: Can't resolve 'html-to-image' in '/Users/saladin/Developments/interestory/app'

Import trace for requested module:
./app/page.tsx @ webpack-internal:///(app-pages-browser)/./node_modules/next/dist/next-devtools/shared/forward-logs-shared.js:27
[     376ms] [WARNING] ./components/stats/StatsClient.tsx
Module not found: Can't resolve 'html-to-image' in '/Users/saladin/Developments/interestory/components/stats'

Import trace for requested module:
./components/stats/StatsClient.tsx @ webpack-internal:///(app-pages-browser)/./node_modules/next/dist/next-devtools/shared/forward-logs-shared.js:27
[     376ms] [LOG] [Fast Refresh] done in 125ms @ webpack-internal:///(app-pages-browser)/./node_modules/next/dist/next-devtools/shared/forward-logs-shared.js:27
[     379ms] [LOG] [Fast Refresh] rebuilding @ webpack-internal:///(app-pages-browser)/./node_modules/next/dist/next-devtools/shared/forward-logs-shared.js:27
[     755ms] [WARNING] ./app/page.tsx
Module not found: Can't resolve 'html-to-image' in '/Users/saladin/Developments/interestory/app'

Import trace for requested module:
./app/page.tsx @ webpack-internal:///(app-pages-browser)/./node_modules/next/dist/next-devtools/shared/forward-logs-shared.js:27
[     755ms] [WARNING] ./components/stats/StatsClient.tsx
Module not found: Can't resolve 'html-to-image' in '/Users/saladin/Developments/interestory/components/stats'

Import trace for requested module:
./components/stats/StatsClient.tsx @ webpack-internal:///(app-pages-browser)/./node_modules/next/dist/next-devtools/shared/forward-logs-shared.js:27
[     755ms] [LOG] [Fast Refresh] done in 377ms @ webpack-internal:///(app-pages-browser)/./node_modules/next/dist/next-devtools/shared/forward-logs-shared.js:27
[     802ms] [LOG] [Fast Refresh] rebuilding @ webpack-internal:///(app-pages-browser)/./node_modules/next/dist/next-devtools/shared/forward-logs-shared.js:27
[    1051ms] [WARNING] ./app/page.tsx
Module not found: Can't resolve 'html-to-image' in '/Users/saladin/Developments/interestory/app'

Import trace for requested module:
./app/page.tsx @ webpack-internal:///(app-pages-browser)/./node_modules/next/dist/next-devtools/shared/forward-logs-shared.js:27
[    1051ms] [WARNING] ./components/stats/StatsClient.tsx
Module not found: Can't resolve 'html-to-image' in '/Users/saladin/Developments/interestory/components/stats'

Import trace for requested module:
./components/stats/StatsClient.tsx @ webpack-internal:///(app-pages-browser)/./node_modules/next/dist/next-devtools/shared/forward-logs-shared.js:27
[    1051ms] [LOG] [Fast Refresh] done in 249ms @ webpack-internal:///(app-pages-browser)/./node_modules/next/dist/next-devtools/shared/forward-logs-shared.js:27
[    1157ms] [LOG] [Fast Refresh] rebuilding @ webpack-internal:///(app-pages-browser)/./node_modules/next/dist/next-devtools/shared/forward-logs-shared.js:27
[    1281ms] [WARNING] ./app/page.tsx
Module not found: Can't resolve 'html-to-image' in '/Users/saladin/Developments/interestory/app'

Import trace for requested module:
./app/page.tsx @ webpack-internal:///(app-pages-browser)/./node_modules/next/dist/next-devtools/shared/forward-logs-shared.js:27
[    1281ms] [WARNING] ./components/stats/StatsClient.tsx
Module not found: Can't resolve 'html-to-image' in '/Users/saladin/Developments/interestory/components/stats'

Import trace for requested module:
./components/stats/StatsClient.tsx @ webpack-internal:///(app-pages-browser)/./node_modules/next/dist/next-devtools/shared/forward-logs-shared.js:27
[    1281ms] [LOG] [Fast Refresh] done in 123ms @ webpack-internal:///(app-pages-browser)/./node_modules/next/dist/next-devtools/shared/forward-logs-shared.js:27
[    1283ms] [LOG] [Fast Refresh] rebuilding @ webpack-internal:///(app-pages-browser)/./node_modules/next/dist/next-devtools/shared/forward-logs-shared.js:27
[    1413ms] [WARNING] ./app/page.tsx
Module not found: Can't resolve 'html-to-image' in '/Users/saladin/Developments/interestory/app'

Import trace for requested module:
./app/page.tsx @ webpack-internal:///(app-pages-browser)/./node_modules/next/dist/next-devtools/shared/forward-logs-shared.js:27
[    1413ms] [WARNING] ./components/stats/StatsClient.tsx
Module not found: Can't resolve 'html-to-image' in '/Users/saladin/Developments/interestory/components/stats'

Import trace for requested module:
./components/stats/StatsClient.tsx @ webpack-internal:///(app-pages-browser)/./node_modules/next/dist/next-devtools/shared/forward-logs-shared.js:27
[    1413ms] [LOG] [Fast Refresh] done in 130ms @ webpack-internal:///(app-pages-browser)/./node_modules/next/dist/next-devtools/shared/forward-logs-shared.js:27
[    1415ms] [LOG] [Fast Refresh] rebuilding @ webpack-internal:///(app-pages-browser)/./node_modules/next/dist/next-devtools/shared/forward-logs-shared.js:27
[    1513ms] [WARNING] ./app/page.tsx
Module not found: Can't resolve 'html-to-image' in '/Users/saladin/Developments/interestory/app'

Import trace for requested module:
./app/page.tsx @ webpack-internal:///(app-pages-browser)/./node_modules/next/dist/next-devtools/shared/forward-logs-shared.js:27
[    1513ms] [WARNING] ./components/stats/StatsClient.tsx
Module not found: Can't resolve 'html-to-image' in '/Users/saladin/Developments/interestory/components/stats'

Import trace for requested module:
./components/stats/StatsClient.tsx @ webpack-internal:///(app-pages-browser)/./node_modules/next/dist/next-devtools/shared/forward-logs-shared.js:27
[    1513ms] [LOG] [Fast Refresh] done in 98ms @ webpack-internal:///(app-pages-browser)/./node_modules/next/dist/next-devtools/shared/forward-logs-shared.js:27
[    1515ms] [LOG] [Fast Refresh] rebuilding @ webpack-internal:///(app-pages-browser)/./node_modules/next/dist/next-devtools/shared/forward-logs-shared.js:27
[    1649ms] [WARNING] ./app/page.tsx
Module not found: Can't resolve 'html-to-image' in '/Users/saladin/Developments/interestory/app'

Import trace for requested module:
./app/page.tsx @ webpack-internal:///(app-pages-browser)/./node_modules/next/dist/next-devtools/shared/forward-logs-shared.js:27
[    1649ms] [WARNING] ./components/stats/StatsClient.tsx
Module not found: Can't resolve 'html-to-image' in '/Users/saladin/Developments/interestory/components/stats'

Import trace for requested module:
./components/stats/StatsClient.tsx @ webpack-internal:///(app-pages-browser)/./node_modules/next/dist/next-devtools/shared/forward-logs-shared.js:27
[    1649ms] [LOG] [Fast Refresh] done in 135ms @ webpack-internal:///(app-pages-browser)/./node_modules/next/dist/next-devtools/shared/forward-logs-shared.js:27
[    1651ms] [LOG] [Fast Refresh] rebuilding @ webpack-internal:///(app-pages-browser)/./node_modules/next/dist/next-devtools/shared/forward-logs-shared.js:27
[    1784ms] [WARNING] ./app/page.tsx
Module not found: Can't resolve 'html-to-image' in '/Users/saladin/Developments/interestory/app'

Import trace for requested module:
./app/page.tsx @ webpack-internal:///(app-pages-browser)/./node_modules/next/dist/next-devtools/shared/forward-logs-shared.js:27
[    1784ms] [WARNING] ./components/stats/StatsClient.tsx
Module not found: Can't resolve 'html-to-image' in '/Users/saladin/Developments/interestory/components/stats'

Import trace for requested module:
./components/stats/StatsClient.tsx @ webpack-internal:///(app-pages-browser)/./node_modules/next/dist/next-devtools/shared/forward-logs-shared.js:27
[    1784ms] [LOG] [Fast Refresh] done in 134ms @ webpack-internal:///(app-pages-browser)/./node_modules/next/dist/next-devtools/shared/forward-logs-shared.js:27
[    1807ms] [LOG] [Fast Refresh] rebuilding @ webpack-internal:///(app-pages-browser)/./node_modules/next/dist/next-devtools/shared/forward-logs-shared.js:27
[    1986ms] [ERROR] Access to image at 'https://png.pngtree.com/png-vector/20231123/ourmid/pngtree-round-glasses-png-image_10705551.png' from origin 'http://localhost:3000' has been blocked by CORS policy: No 'Access-Control-Allow-Origin' header is present on the requested resource. @ http://localhost:3000/stats:0
[    1987ms] [ERROR] Failed to load resource: net::ERR_FAILED @ https://png.pngtree.com/png-vector/20231123/ourmid/pngtree-round-glasses-png-image_10705551.png:0
[    1987ms] [ERROR] Access to image at 'https://rricoid-assets.obs.ap-southeast-4.myhuaweicloud.com/berita/Mamuju/o/1756563930409-images_(18)/85c3d6igojy0lgs.jpeg' from origin 'http://localhost:3000' has been blocked by CORS policy: No 'Access-Control-Allow-Origin' header is present on the requested resource. @ http://localhost:3000/stats:0
[    1987ms] [ERROR] Failed to load resource: net::ERR_FAILED @ https://rricoid-assets.obs.ap-southeast-4.myhuaweicloud.com/berita/Mamuju/o/1756563930409-images_(18)/85c3d6igojy0lgs.jpeg:0
[    2487ms] [INFO] %cDownload the React DevTools for a better development experience: https://react.dev/link/react-devtools font-weight:bold @ webpack-internal:///(app-pages-browser)/./node_modules/next/dist/next-devtools/shared/forward-logs-shared.js:27
[    2501ms] [LOG] [HMR] connected @ webpack-internal:///(app-pages-browser)/./node_modules/next/dist/next-devtools/shared/forward-logs-shared.js:27
[    2502ms] [WARNING] ./app/page.tsx
Module not found: Can't resolve 'html-to-image' in '/Users/saladin/Developments/interestory/app' @ webpack-internal:///(app-pages-browser)/./node_modules/next/dist/next-devtools/shared/forward-logs-shared.js:27
[    2502ms] [WARNING] ./components/stats/StatsClient.tsx
Module not found: Can't resolve 'html-to-image' in '/Users/saladin/Developments/interestory/components/stats' @ webpack-internal:///(app-pages-browser)/./node_modules/next/dist/next-devtools/shared/forward-logs-shared.js:27
[    2523ms] [LOG] [Fast Refresh] rebuilding @ webpack-internal:///(app-pages-browser)/./node_modules/next/dist/next-devtools/shared/forward-logs-shared.js:27
[    2638ms] [WARNING] ./app/page.tsx
Module not found: Can't resolve 'html-to-image' in '/Users/saladin/Developments/interestory/app'

Import trace for requested module:
./app/page.tsx @ webpack-internal:///(app-pages-browser)/./node_modules/next/dist/next-devtools/shared/forward-logs-shared.js:27
[    2639ms] [WARNING] ./components/stats/StatsClient.tsx
Module not found: Can't resolve 'html-to-image' in '/Users/saladin/Developments/interestory/components/stats'

Import trace for requested module:
./components/stats/StatsClient.tsx @ webpack-internal:///(app-pages-browser)/./node_modules/next/dist/next-devtools/shared/forward-logs-shared.js:27
[    2640ms] [LOG] [Fast Refresh] rebuilding @ webpack-internal:///(app-pages-browser)/./node_modules/next/dist/next-devtools/shared/forward-logs-shared.js:27
[    2956ms] [WARNING] ./app/page.tsx
Module not found: Can't resolve 'html-to-image' in '/Users/saladin/Developments/interestory/app'

Import trace for requested module:
./app/page.tsx @ webpack-internal:///(app-pages-browser)/./node_modules/next/dist/next-devtools/shared/forward-logs-shared.js:27
[    2956ms] [WARNING] ./components/stats/StatsClient.tsx
Module not found: Can't resolve 'html-to-image' in '/Users/saladin/Developments/interestory/components/stats'

Import trace for requested module:
./components/stats/StatsClient.tsx @ webpack-internal:///(app-pages-browser)/./node_modules/next/dist/next-devtools/shared/forward-logs-shared.js:27
[    2956ms] [LOG] [Fast Refresh] done in 315ms @ webpack-internal:///(app-pages-browser)/./node_modules/next/dist/next-devtools/shared/forward-logs-shared.js:27
[    2956ms] [LOG] [Fast Refresh] rebuilding @ webpack-internal:///(app-pages-browser)/./node_modules/next/dist/next-devtools/shared/forward-logs-shared.js:27
[    3219ms] [LOG] [Fast Refresh] rebuilding @ webpack-internal:///(app-pages-browser)/./node_modules/next/dist/next-devtools/shared/forward-logs-shared.js:27
[    3219ms] [WARNING] ./app/page.tsx
Module not found: Can't resolve 'html-to-image' in '/Users/saladin/Developments/interestory/app'

Import trace for requested module:
./app/page.tsx @ webpack-internal:///(app-pages-browser)/./node_modules/next/dist/next-devtools/shared/forward-logs-shared.js:27
[    3219ms] [WARNING] ./components/stats/StatsClient.tsx
Module not found: Can't resolve 'html-to-image' in '/Users/saladin/Developments/interestory/components/stats'

Import trace for requested module:
./components/stats/StatsClient.tsx @ webpack-internal:///(app-pages-browser)/./node_modules/next/dist/next-devtools/shared/forward-logs-shared.js:27
[    3219ms] [LOG] [Fast Refresh] done in 0ms @ webpack-internal:///(app-pages-browser)/./node_modules/next/dist/next-devtools/shared/forward-logs-shared.js:27
[    3258ms] [WARNING] ./app/page.tsx
Module not found: Can't resolve 'html-to-image' in '/Users/saladin/Developments/interestory/app'

Import trace for requested module:
./app/page.tsx @ webpack-internal:///(app-pages-browser)/./node_modules/next/dist/next-devtools/shared/forward-logs-shared.js:27
[    3258ms] [WARNING] ./components/stats/StatsClient.tsx
Module not found: Can't resolve 'html-to-image' in '/Users/saladin/Developments/interestory/components/stats'

Import trace for requested module:
./components/stats/StatsClient.tsx @ webpack-internal:///(app-pages-browser)/./node_modules/next/dist/next-devtools/shared/forward-logs-shared.js:27
[    3258ms] [LOG] [Fast Refresh] done in 38ms @ webpack-internal:///(app-pages-browser)/./node_modules/next/dist/next-devtools/shared/forward-logs-shared.js:27
[    3276ms] [LOG] [Fast Refresh] rebuilding @ webpack-internal:///(app-pages-browser)/./node_modules/next/dist/next-devtools/shared/forward-logs-shared.js:27
[    3276ms] [ERROR] Failed to load resource: the server responded with a status of 500 (Internal Server Error) @ http://localhost:3000/stats?_rsc=1he2d:0
[    3400ms] [WARNING] ./app/page.tsx
Module not found: Can't resolve 'html-to-image' in '/Users/saladin/Developments/interestory/app'

Import trace for requested module:
./app/page.tsx @ webpack-internal:///(app-pages-browser)/./node_modules/next/dist/next-devtools/shared/forward-logs-shared.js:27
[    3400ms] [WARNING] ./components/stats/StatsClient.tsx
Module not found: Can't resolve 'html-to-image' in '/Users/saladin/Developments/interestory/components/stats'

Import trace for requested module:
./components/stats/StatsClient.tsx @ webpack-internal:///(app-pages-browser)/./node_modules/next/dist/next-devtools/shared/forward-logs-shared.js:27
[    3400ms] [LOG] [Fast Refresh] done in 124ms @ webpack-internal:///(app-pages-browser)/./node_modules/next/dist/next-devtools/shared/forward-logs-shared.js:27
[    3401ms] [LOG] [Fast Refresh] rebuilding @ webpack-internal:///(app-pages-browser)/./node_modules/next/dist/next-devtools/shared/forward-logs-shared.js:27
[    3595ms] [WARNING] ./app/page.tsx
Module not found: Can't resolve 'html-to-image' in '/Users/saladin/Developments/interestory/app'

Import trace for requested module:
./app/page.tsx @ webpack-internal:///(app-pages-browser)/./node_modules/next/dist/next-devtools/shared/forward-logs-shared.js:27
[    3595ms] [WARNING] ./components/stats/StatsClient.tsx
Module not found: Can't resolve 'html-to-image' in '/Users/saladin/Developments/interestory/components/stats'

Import trace for requested module:
./components/stats/StatsClient.tsx @ webpack-internal:///(app-pages-browser)/./node_modules/next/dist/next-devtools/shared/forward-logs-shared.js:27
[    3595ms] [LOG] [Fast Refresh] done in 193ms @ webpack-internal:///(app-pages-browser)/./node_modules/next/dist/next-devtools/shared/forward-logs-shared.js:27
[    3596ms] [LOG] [Fast Refresh] rebuilding @ webpack-internal:///(app-pages-browser)/./node_modules/next/dist/next-devtools/shared/forward-logs-shared.js:27
[    3683ms] [WARNING] ./app/page.tsx
Module not found: Can't resolve 'html-to-image' in '/Users/saladin/Developments/interestory/app'

Import trace for requested module:
./app/page.tsx @ webpack-internal:///(app-pages-browser)/./node_modules/next/dist/next-devtools/shared/forward-logs-shared.js:27
[    3683ms] [WARNING] ./components/stats/StatsClient.tsx
Module not found: Can't resolve 'html-to-image' in '/Users/saladin/Developments/interestory/components/stats'

Import trace for requested module:
./components/stats/StatsClient.tsx @ webpack-internal:///(app-pages-browser)/./node_modules/next/dist/next-devtools/shared/forward-logs-shared.js:27
[    3683ms] [LOG] [Fast Refresh] done in 87ms @ webpack-internal:///(app-pages-browser)/./node_modules/next/dist/next-devtools/shared/forward-logs-shared.js:27
[    3684ms] [LOG] [Fast Refresh] rebuilding @ webpack-internal:///(app-pages-browser)/./node_modules/next/dist/next-devtools/shared/forward-logs-shared.js:27
[    3781ms] [WARNING] ./app/page.tsx
Module not found: Can't resolve 'html-to-image' in '/Users/saladin/Developments/interestory/app'

Import trace for requested module:
./app/page.tsx @ webpack-internal:///(app-pages-browser)/./node_modules/next/dist/next-devtools/shared/forward-logs-shared.js:27
[    3781ms] [WARNING] ./components/stats/StatsClient.tsx
Module not found: Can't resolve 'html-to-image' in '/Users/saladin/Developments/interestory/components/stats'

Import trace for requested module:
./components/stats/StatsClient.tsx @ webpack-internal:///(app-pages-browser)/./node_modules/next/dist/next-devtools/shared/forward-logs-shared.js:27
[    3781ms] [LOG] [Fast Refresh] done in 97ms @ webpack-internal:///(app-pages-browser)/./node_modules/next/dist/next-devtools/shared/forward-logs-shared.js:27
[    3783ms] [LOG] [Fast Refresh] rebuilding @ webpack-internal:///(app-pages-browser)/./node_modules/next/dist/next-devtools/shared/forward-logs-shared.js:27
[    3887ms] [WARNING] ./app/page.tsx
Module not found: Can't resolve 'html-to-image' in '/Users/saladin/Developments/interestory/app'

Import trace for requested module:
./app/page.tsx @ webpack-internal:///(app-pages-browser)/./node_modules/next/dist/next-devtools/shared/forward-logs-shared.js:27
[    3887ms] [WARNING] ./components/stats/StatsClient.tsx
Module not found: Can't resolve 'html-to-image' in '/Users/saladin/Developments/interestory/components/stats'

Import trace for requested module:
./components/stats/StatsClient.tsx @ webpack-internal:///(app-pages-browser)/./node_modules/next/dist/next-devtools/shared/forward-logs-shared.js:27
[    3887ms] [LOG] [Fast Refresh] done in 105ms @ webpack-internal:///(app-pages-browser)/./node_modules/next/dist/next-devtools/shared/forward-logs-shared.js:27
[    3889ms] [LOG] [Fast Refresh] rebuilding @ webpack-internal:///(app-pages-browser)/./node_modules/next/dist/next-devtools/shared/forward-logs-shared.js:27
[    4014ms] [WARNING] ./app/page.tsx
Module not found: Can't resolve 'html-to-image' in '/Users/saladin/Developments/interestory/app'

Import trace for requested module:
./app/page.tsx @ webpack-internal:///(app-pages-browser)/./node_modules/next/dist/next-devtools/shared/forward-logs-shared.js:27
[    4014ms] [WARNING] ./components/stats/StatsClient.tsx
Module not found: Can't resolve 'html-to-image' in '/Users/saladin/Developments/interestory/components/stats'

Import trace for requested module:
./components/stats/StatsClient.tsx @ webpack-internal:///(app-pages-browser)/./node_modules/next/dist/next-devtools/shared/forward-logs-shared.js:27
[    4014ms] [LOG] [Fast Refresh] done in 126ms @ webpack-internal:///(app-pages-browser)/./node_modules/next/dist/next-devtools/shared/forward-logs-shared.js:27
[    4016ms] [LOG] [Fast Refresh] rebuilding @ webpack-internal:///(app-pages-browser)/./node_modules/next/dist/next-devtools/shared/forward-logs-shared.js:27
[    4126ms] [WARNING] ./app/page.tsx
Module not found: Can't resolve 'html-to-image' in '/Users/saladin/Developments/interestory/app'

Import trace for requested module:
./app/page.tsx @ webpack-internal:///(app-pages-browser)/./node_modules/next/dist/next-devtools/shared/forward-logs-shared.js:27
[    4126ms] [WARNING] ./components/stats/StatsClient.tsx
Module not found: Can't resolve 'html-to-image' in '/Users/saladin/Developments/interestory/components/stats'

Import trace for requested module:
./components/stats/StatsClient.tsx @ webpack-internal:///(app-pages-browser)/./node_modules/next/dist/next-devtools/shared/forward-logs-shared.js:27
[    4127ms] [LOG] [Fast Refresh] done in 111ms @ webpack-internal:///(app-pages-browser)/./node_modules/next/dist/next-devtools/shared/forward-logs-shared.js:27
[    4130ms] [LOG] [Fast Refresh] rebuilding @ webpack-internal:///(app-pages-browser)/./node_modules/next/dist/next-devtools/shared/forward-logs-shared.js:27
[    4515ms] [ERROR] Access to image at 'https://png.pngtree.com/png-vector/20231123/ourmid/pngtree-round-glasses-png-image_10705551.png' from origin 'http://localhost:3000' has been blocked by CORS policy: No 'Access-Control-Allow-Origin' header is present on the requested resource. @ http://localhost:3000/stats:0
[    4515ms] [ERROR] Failed to load resource: net::ERR_FAILED @ https://png.pngtree.com/png-vector/20231123/ourmid/pngtree-round-glasses-png-image_10705551.png:0
[    4515ms] [ERROR] Access to image at 'https://rricoid-assets.obs.ap-southeast-4.myhuaweicloud.com/berita/Mamuju/o/1756563930409-images_(18)/85c3d6igojy0lgs.jpeg' from origin 'http://localhost:3000' has been blocked by CORS policy: No 'Access-Control-Allow-Origin' header is present on the requested resource. @ http://localhost:3000/stats:0
[    4515ms] [ERROR] Failed to load resource: net::ERR_FAILED @ https://rricoid-assets.obs.ap-southeast-4.myhuaweicloud.com/berita/Mamuju/o/1756563930409-images_(18)/85c3d6igojy0lgs.jpeg:0
[    5055ms] [INFO] %cDownload the React DevTools for a better development experience: https://react.dev/link/react-devtools font-weight:bold @ webpack-internal:///(app-pages-browser)/./node_modules/next/dist/next-devtools/shared/forward-logs-shared.js:27
[    5070ms] [LOG] [HMR] connected @ webpack-internal:///(app-pages-browser)/./node_modules/next/dist/next-devtools/shared/forward-logs-shared.js:27
[    5071ms] [WARNING] ./app/page.tsx
Module not found: Can't resolve 'html-to-image' in '/Users/saladin/Developments/interestory/app' @ webpack-internal:///(app-pages-browser)/./node_modules/next/dist/next-devtools/shared/forward-logs-shared.js:27
[    5071ms] [WARNING] ./components/stats/StatsClient.tsx
Module not found: Can't resolve 'html-to-image' in '/Users/saladin/Developments/interestory/components/stats' @ webpack-internal:///(app-pages-browser)/./node_modules/next/dist/next-devtools/shared/forward-logs-shared.js:27
[    5075ms] [LOG] [Fast Refresh] rebuilding @ webpack-internal:///(app-pages-browser)/./node_modules/next/dist/next-devtools/shared/forward-logs-shared.js:27
[    5180ms] [WARNING] ./app/page.tsx
Module not found: Can't resolve 'html-to-image' in '/Users/saladin/Developments/interestory/app'

Import trace for requested module:
./app/page.tsx @ webpack-internal:///(app-pages-browser)/./node_modules/next/dist/next-devtools/shared/forward-logs-shared.js:27
[    5180ms] [WARNING] ./components/stats/StatsClient.tsx
Module not found: Can't resolve 'html-to-image' in '/Users/saladin/Developments/interestory/components/stats'

Import trace for requested module:
./components/stats/StatsClient.tsx @ webpack-internal:///(app-pages-browser)/./node_modules/next/dist/next-devtools/shared/forward-logs-shared.js:27
[    5180ms] [LOG] [Fast Refresh] rebuilding @ webpack-internal:///(app-pages-browser)/./node_modules/next/dist/next-devtools/shared/forward-logs-shared.js:27
[    5276ms] [WARNING] ./app/page.tsx
Module not found: Can't resolve 'html-to-image' in '/Users/saladin/Developments/interestory/app'

Import trace for requested module:
./app/page.tsx @ webpack-internal:///(app-pages-browser)/./node_modules/next/dist/next-devtools/shared/forward-logs-shared.js:27
[    5276ms] [WARNING] ./components/stats/StatsClient.tsx
Module not found: Can't resolve 'html-to-image' in '/Users/saladin/Developments/interestory/components/stats'

Import trace for requested module:
./components/stats/StatsClient.tsx @ webpack-internal:///(app-pages-browser)/./node_modules/next/dist/next-devtools/shared/forward-logs-shared.js:27
[    5276ms] [LOG] [Fast Refresh] done in 95ms @ webpack-internal:///(app-pages-browser)/./node_modules/next/dist/next-devtools/shared/forward-logs-shared.js:27
[    5277ms] [LOG] [Fast Refresh] rebuilding @ webpack-internal:///(app-pages-browser)/./node_modules/next/dist/next-devtools/shared/forward-logs-shared.js:27
[    5378ms] [WARNING] ./app/page.tsx
Module not found: Can't resolve 'html-to-image' in '/Users/saladin/Developments/interestory/app'

Import trace for requested module:
./app/page.tsx @ webpack-internal:///(app-pages-browser)/./node_modules/next/dist/next-devtools/shared/forward-logs-shared.js:27
[    5379ms] [WARNING] ./components/stats/StatsClient.tsx
Module not found: Can't resolve 'html-to-image' in '/Users/saladin/Developments/interestory/components/stats'

Import trace for requested module:
./components/stats/StatsClient.tsx @ webpack-internal:///(app-pages-browser)/./node_modules/next/dist/next-devtools/shared/forward-logs-shared.js:27
[    5379ms] [LOG] [Fast Refresh] done in 101ms @ webpack-internal:///(app-pages-browser)/./node_modules/next/dist/next-devtools/shared/forward-logs-shared.js:27
[    5380ms] [LOG] [Fast Refresh] rebuilding @ webpack-internal:///(app-pages-browser)/./node_modules/next/dist/next-devtools/shared/forward-logs-shared.js:27
[    5473ms] [WARNING] ./app/page.tsx
Module not found: Can't resolve 'html-to-image' in '/Users/saladin/Developments/interestory/app'

Import trace for requested module:
./app/page.tsx @ webpack-internal:///(app-pages-browser)/./node_modules/next/dist/next-devtools/shared/forward-logs-shared.js:27
[    5473ms] [WARNING] ./components/stats/StatsClient.tsx
Module not found: Can't resolve 'html-to-image' in '/Users/saladin/Developments/interestory/components/stats'

Import trace for requested module:
./components/stats/StatsClient.tsx @ webpack-internal:///(app-pages-browser)/./node_modules/next/dist/next-devtools/shared/forward-logs-shared.js:27
[    5473ms] [LOG] [Fast Refresh] done in 94ms @ webpack-internal:///(app-pages-browser)/./node_modules/next/dist/next-devtools/shared/forward-logs-shared.js:27
[    5474ms] [LOG] [Fast Refresh] rebuilding @ webpack-internal:///(app-pages-browser)/./node_modules/next/dist/next-devtools/shared/forward-logs-shared.js:27
[    5592ms] [WARNING] ./app/page.tsx
Module not found: Can't resolve 'html-to-image' in '/Users/saladin/Developments/interestory/app'

Import trace for requested module:
./app/page.tsx @ webpack-internal:///(app-pages-browser)/./node_modules/next/dist/next-devtools/shared/forward-logs-shared.js:27
[    5592ms] [WARNING] ./components/stats/StatsClient.tsx
Module not found: Can't resolve 'html-to-image' in '/Users/saladin/Developments/interestory/components/stats'

Import trace for requested module:
./components/stats/StatsClient.tsx @ webpack-internal:///(app-pages-browser)/./node_modules/next/dist/next-devtools/shared/forward-logs-shared.js:27
[    5592ms] [LOG] [Fast Refresh] done in 118ms @ webpack-internal:///(app-pages-browser)/./node_modules/next/dist/next-devtools/shared/forward-logs-shared.js:27
[    5594ms] [LOG] [Fast Refresh] rebuilding @ webpack-internal:///(app-pages-browser)/./node_modules/next/dist/next-devtools/shared/forward-logs-shared.js:27
[    5755ms] [WARNING] ./app/page.tsx
Module not found: Can't resolve 'html-to-image' in '/Users/saladin/Developments/interestory/app'

Import trace for requested module:
./app/page.tsx @ webpack-internal:///(app-pages-browser)/./node_modules/next/dist/next-devtools/shared/forward-logs-shared.js:27
[    5755ms] [WARNING] ./components/stats/StatsClient.tsx
Module not found: Can't resolve 'html-to-image' in '/Users/saladin/Developments/interestory/components/stats'

Import trace for requested module:
./components/stats/StatsClient.tsx @ webpack-internal:///(app-pages-browser)/./node_modules/next/dist/next-devtools/shared/forward-logs-shared.js:27
[    5755ms] [LOG] [Fast Refresh] done in 162ms @ webpack-internal:///(app-pages-browser)/./node_modules/next/dist/next-devtools/shared/forward-logs-shared.js:27
[    5758ms] [LOG] [Fast Refresh] rebuilding @ webpack-internal:///(app-pages-browser)/./node_modules/next/dist/next-devtools/shared/forward-logs-shared.js:27
[    5900ms] [WARNING] ./app/page.tsx
Module not found: Can't resolve 'html-to-image' in '/Users/saladin/Developments/interestory/app'

Import trace for requested module:
./app/page.tsx @ webpack-internal:///(app-pages-browser)/./node_modules/next/dist/next-devtools/shared/forward-logs-shared.js:27
[    5900ms] [WARNING] ./components/stats/StatsClient.tsx
Module not found: Can't resolve 'html-to-image' in '/Users/saladin/Developments/interestory/components/stats'

Import trace for requested module:
./components/stats/StatsClient.tsx @ webpack-internal:///(app-pages-browser)/./node_modules/next/dist/next-devtools/shared/forward-logs-shared.js:27
[    5900ms] [LOG] [Fast Refresh] done in 143ms @ webpack-internal:///(app-pages-browser)/./node_modules/next/dist/next-devtools/shared/forward-logs-shared.js:27
[    5902ms] [LOG] [Fast Refresh] rebuilding @ webpack-internal:///(app-pages-browser)/./node_modules/next/dist/next-devtools/shared/forward-logs-shared.js:27
[    6005ms] [WARNING] ./app/page.tsx
Module not found: Can't resolve 'html-to-image' in '/Users/saladin/Developments/interestory/app'

Import trace for requested module:
./app/page.tsx @ webpack-internal:///(app-pages-browser)/./node_modules/next/dist/next-devtools/shared/forward-logs-shared.js:27
[    6005ms] [WARNING] ./components/stats/StatsClient.tsx
Module not found: Can't resolve 'html-to-image' in '/Users/saladin/Developments/interestory/components/stats'

Import trace for requested module:
./components/stats/StatsClient.tsx @ webpack-internal:///(app-pages-browser)/./node_modules/next/dist/next-devtools/shared/forward-logs-shared.js:27
[    6005ms] [LOG] [Fast Refresh] done in 102ms @ webpack-internal:///(app-pages-browser)/./node_modules/next/dist/next-devtools/shared/forward-logs-shared.js:27
[    6006ms] [LOG] [Fast Refresh] rebuilding @ webpack-internal:///(app-pages-browser)/./node_modules/next/dist/next-devtools/shared/forward-logs-shared.js:27
[    6138ms] [WARNING] ./app/page.tsx
Module not found: Can't resolve 'html-to-image' in '/Users/saladin/Developments/interestory/app'

Import trace for requested module:
./app/page.tsx @ webpack-internal:///(app-pages-browser)/./node_modules/next/dist/next-devtools/shared/forward-logs-shared.js:27
[    6138ms] [WARNING] ./components/stats/StatsClient.tsx
Module not found: Can't resolve 'html-to-image' in '/Users/saladin/Developments/interestory/components/stats'

Import trace for requested module:
./components/stats/StatsClient.tsx @ webpack-internal:///(app-pages-browser)/./node_modules/next/dist/next-devtools/shared/forward-logs-shared.js:27
[    6138ms] [LOG] [Fast Refresh] done in 133ms @ webpack-internal:///(app-pages-browser)/./node_modules/next/dist/next-devtools/shared/forward-logs-shared.js:27
[    6140ms] [LOG] [Fast Refresh] rebuilding @ webpack-internal:///(app-pages-browser)/./node_modules/next/dist/next-devtools/shared/forward-logs-shared.js:27
[    6243ms] [WARNING] ./app/page.tsx
Module not found: Can't resolve 'html-to-image' in '/Users/saladin/Developments/interestory/app'

Import trace for requested module:
./app/page.tsx @ webpack-internal:///(app-pages-browser)/./node_modules/next/dist/next-devtools/shared/forward-logs-shared.js:27
[    6243ms] [WARNING] ./components/stats/StatsClient.tsx
Module not found: Can't resolve 'html-to-image' in '/Users/saladin/Developments/interestory/components/stats'

Import trace for requested module:
./components/stats/StatsClient.tsx @ webpack-internal:///(app-pages-browser)/./node_modules/next/dist/next-devtools/shared/forward-logs-shared.js:27
[    6243ms] [LOG] [Fast Refresh] done in 104ms @ webpack-internal:///(app-pages-browser)/./node_modules/next/dist/next-devtools/shared/forward-logs-shared.js:27
[    6244ms] [LOG] [Fast Refresh] rebuilding @ webpack-internal:///(app-pages-browser)/./node_modules/next/dist/next-devtools/shared/forward-logs-shared.js:27
[    6373ms] [WARNING] ./app/page.tsx
Module not found: Can't resolve 'html-to-image' in '/Users/saladin/Developments/interestory/app'

Import trace for requested module:
./app/page.tsx @ webpack-internal:///(app-pages-browser)/./node_modules/next/dist/next-devtools/shared/forward-logs-shared.js:27
[    6373ms] [WARNING] ./components/stats/StatsClient.tsx
Module not found: Can't resolve 'html-to-image' in '/Users/saladin/Developments/interestory/components/stats'

Import trace for requested module:
./components/stats/StatsClient.tsx @ webpack-internal:///(app-pages-browser)/./node_modules/next/dist/next-devtools/shared/forward-logs-shared.js:27
[    6373ms] [LOG] [Fast Refresh] done in 129ms @ webpack-internal:///(app-pages-browser)/./node_modules/next/dist/next-devtools/shared/forward-logs-shared.js:27
[    6376ms] [LOG] [Fast Refresh] rebuilding @ webpack-internal:///(app-pages-browser)/./node_modules/next/dist/next-devtools/shared/forward-logs-shared.js:27
[    6502ms] [WARNING] ./app/page.tsx
Module not found: Can't resolve 'html-to-image' in '/Users/saladin/Developments/interestory/app'

Import trace for requested module:
./app/page.tsx @ webpack-internal:///(app-pages-browser)/./node_modules/next/dist/next-devtools/shared/forward-logs-shared.js:27
[    6502ms] [WARNING] ./components/stats/StatsClient.tsx
Module not found: Can't resolve 'html-to-image' in '/Users/saladin/Developments/interestory/components/stats'

Import trace for requested module:
./components/stats/StatsClient.tsx @ webpack-internal:///(app-pages-browser)/./node_modules/next/dist/next-devtools/shared/forward-logs-shared.js:27
[    6502ms] [LOG] [Fast Refresh] done in 127ms @ webpack-internal:///(app-pages-browser)/./node_modules/next/dist/next-devtools/shared/forward-logs-shared.js:27
[    6504ms] [LOG] [Fast Refresh] rebuilding @ webpack-internal:///(app-pages-browser)/./node_modules/next/dist/next-devtools/shared/forward-logs-shared.js:27
[    6594ms] [WARNING] ./app/page.tsx
Module not found: Can't resolve 'html-to-image' in '/Users/saladin/Developments/interestory/app'

Import trace for requested module:
./app/page.tsx @ webpack-internal:///(app-pages-browser)/./node_modules/next/dist/next-devtools/shared/forward-logs-shared.js:27
[    6594ms] [WARNING] ./components/stats/StatsClient.tsx
Module not found: Can't resolve 'html-to-image' in '/Users/saladin/Developments/interestory/components/stats'

Import trace for requested module:
./components/stats/StatsClient.tsx @ webpack-internal:///(app-pages-browser)/./node_modules/next/dist/next-devtools/shared/forward-logs-shared.js:27
[    6594ms] [LOG] [Fast Refresh] done in 90ms @ webpack-internal:///(app-pages-browser)/./node_modules/next/dist/next-devtools/shared/forward-logs-shared.js:27
[    6595ms] [LOG] [Fast Refresh] rebuilding @ webpack-internal:///(app-pages-browser)/./node_modules/next/dist/next-devtools/shared/forward-logs-shared.js:27
[    6723ms] [WARNING] ./app/page.tsx
Module not found: Can't resolve 'html-to-image' in '/Users/saladin/Developments/interestory/app'

Import trace for requested module:
./app/page.tsx @ webpack-internal:///(app-pages-browser)/./node_modules/next/dist/next-devtools/shared/forward-logs-shared.js:27
[    6723ms] [WARNING] ./components/stats/StatsClient.tsx
Module not found: Can't resolve 'html-to-image' in '/Users/saladin/Developments/interestory/components/stats'

Import trace for requested module:
./components/stats/StatsClient.tsx @ webpack-internal:///(app-pages-browser)/./node_modules/next/dist/next-devtools/shared/forward-logs-shared.js:27
[    6723ms] [LOG] [Fast Refresh] done in 127ms @ webpack-internal:///(app-pages-browser)/./node_modules/next/dist/next-devtools/shared/forward-logs-shared.js:27
[    6725ms] [LOG] [Fast Refresh] rebuilding @ webpack-internal:///(app-pages-browser)/./node_modules/next/dist/next-devtools/shared/forward-logs-shared.js:27
[    6847ms] [WARNING] ./app/page.tsx
Module not found: Can't resolve 'html-to-image' in '/Users/saladin/Developments/interestory/app'

Import trace for requested module:
./app/page.tsx @ webpack-internal:///(app-pages-browser)/./node_modules/next/dist/next-devtools/shared/forward-logs-shared.js:27
[    6847ms] [WARNING] ./components/stats/StatsClient.tsx
Module not found: Can't resolve 'html-to-image' in '/Users/saladin/Developments/interestory/components/stats'

Import trace for requested module:
./components/stats/StatsClient.tsx @ webpack-internal:///(app-pages-browser)/./node_modules/next/dist/next-devtools/shared/forward-logs-shared.js:27
[    6847ms] [LOG] [Fast Refresh] done in 123ms @ webpack-internal:///(app-pages-browser)/./node_modules/next/dist/next-devtools/shared/forward-logs-shared.js:27
[    6849ms] [LOG] [Fast Refresh] rebuilding @ webpack-internal:///(app-pages-browser)/./node_modules/next/dist/next-devtools/shared/forward-logs-shared.js:27
[    6935ms] [WARNING] ./app/page.tsx
Module not found: Can't resolve 'html-to-image' in '/Users/saladin/Developments/interestory/app'

Import trace for requested module:
./app/page.tsx @ webpack-internal:///(app-pages-browser)/./node_modules/next/dist/next-devtools/shared/forward-logs-shared.js:27
[    6935ms] [WARNING] ./components/stats/StatsClient.tsx
Module not found: Can't resolve 'html-to-image' in '/Users/saladin/Developments/interestory/components/stats'

Import trace for requested module:
./components/stats/StatsClient.tsx @ webpack-internal:///(app-pages-browser)/./node_modules/next/dist/next-devtools/shared/forward-logs-shared.js:27
[    6935ms] [LOG] [Fast Refresh] done in 86ms @ webpack-internal:///(app-pages-browser)/./node_modules/next/dist/next-devtools/shared/forward-logs-shared.js:27
[    6936ms] [LOG] [Fast Refresh] rebuilding @ webpack-internal:///(app-pages-browser)/./node_modules/next/dist/next-devtools/shared/forward-logs-shared.js:27
[    7064ms] [WARNING] ./app/page.tsx
Module not found: Can't resolve 'html-to-image' in '/Users/saladin/Developments/interestory/app'

Import trace for requested module:
./app/page.tsx @ webpack-internal:///(app-pages-browser)/./node_modules/next/dist/next-devtools/shared/forward-logs-shared.js:27
[    7064ms] [WARNING] ./components/stats/StatsClient.tsx
Module not found: Can't resolve 'html-to-image' in '/Users/saladin/Developments/interestory/components/stats'

Import trace for requested module:
./components/stats/StatsClient.tsx @ webpack-internal:///(app-pages-browser)/./node_modules/next/dist/next-devtools/shared/forward-logs-shared.js:27
[    7064ms] [LOG] [Fast Refresh] done in 127ms @ webpack-internal:///(app-pages-browser)/./node_modules/next/dist/next-devtools/shared/forward-logs-shared.js:27
[    7065ms] [LOG] [Fast Refresh] rebuilding @ webpack-internal:///(app-pages-browser)/./node_modules/next/dist/next-devtools/shared/forward-logs-shared.js:27
[    7178ms] [WARNING] ./app/page.tsx
Module not found: Can't resolve 'html-to-image' in '/Users/saladin/Developments/interestory/app'

Import trace for requested module:
./app/page.tsx @ webpack-internal:///(app-pages-browser)/./node_modules/next/dist/next-devtools/shared/forward-logs-shared.js:27
[    7178ms] [WARNING] ./components/stats/StatsClient.tsx
Module not found: Can't resolve 'html-to-image' in '/Users/saladin/Developments/interestory/components/stats'

Import trace for requested module:
./components/stats/StatsClient.tsx @ webpack-internal:///(app-pages-browser)/./node_modules/next/dist/next-devtools/shared/forward-logs-shared.js:27
[    7178ms] [LOG] [Fast Refresh] done in 113ms @ webpack-internal:///(app-pages-browser)/./node_modules/next/dist/next-devtools/shared/forward-logs-shared.js:27
[    7179ms] [LOG] [Fast Refresh] rebuilding @ webpack-internal:///(app-pages-browser)/./node_modules/next/dist/next-devtools/shared/forward-logs-shared.js:27
[    7317ms] [WARNING] ./app/page.tsx
Module not found: Can't resolve 'html-to-image' in '/Users/saladin/Developments/interestory/app'

Import trace for requested module:
./app/page.tsx @ webpack-internal:///(app-pages-browser)/./node_modules/next/dist/next-devtools/shared/forward-logs-shared.js:27
[    7317ms] [WARNING] ./components/stats/StatsClient.tsx
Module not found: Can't resolve 'html-to-image' in '/Users/saladin/Developments/interestory/components/stats'

Import trace for requested module:
./components/stats/StatsClient.tsx @ webpack-internal:///(app-pages-browser)/./node_modules/next/dist/next-devtools/shared/forward-logs-shared.js:27
[    7317ms] [LOG] [Fast Refresh] done in 138ms @ webpack-internal:///(app-pages-browser)/./node_modules/next/dist/next-devtools/shared/forward-logs-shared.js:27
[    7319ms] [LOG] [Fast Refresh] rebuilding @ webpack-internal:///(app-pages-browser)/./node_modules/next/dist/next-devtools/shared/forward-logs-shared.js:27
[    7415ms] [WARNING] ./app/page.tsx
Module not found: Can't resolve 'html-to-image' in '/Users/saladin/Developments/interestory/app'

Import trace for requested module:
./app/page.tsx @ webpack-internal:///(app-pages-browser)/./node_modules/next/dist/next-devtools/shared/forward-logs-shared.js:27
[    7415ms] [WARNING] ./components/stats/StatsClient.tsx
Module not found: Can't resolve 'html-to-image' in '/Users/saladin/Developments/interestory/components/stats'

Import trace for requested module:
./components/stats/StatsClient.tsx @ webpack-internal:///(app-pages-browser)/./node_modules/next/dist/next-devtools/shared/forward-logs-shared.js:27
[    7415ms] [LOG] [Fast Refresh] done in 97ms @ webpack-internal:///(app-pages-browser)/./node_modules/next/dist/next-devtools/shared/forward-logs-shared.js:27
[    7417ms] [LOG] [Fast Refresh] rebuilding @ webpack-internal:///(app-pages-browser)/./node_modules/next/dist/next-devtools/shared/forward-logs-shared.js:27
[    7926ms] [WARNING] ./app/page.tsx
Module not found: Can't resolve 'html-to-image' in '/Users/saladin/Developments/interestory/app'

Import trace for requested module:
./app/page.tsx @ webpack-internal:///(app-pages-browser)/./node_modules/next/dist/next-devtools/shared/forward-logs-shared.js:27
[    7926ms] [WARNING] ./components/stats/StatsClient.tsx
Module not found: Can't resolve 'html-to-image' in '/Users/saladin/Developments/interestory/components/stats'

Import trace for requested module:
./components/stats/StatsClient.tsx @ webpack-internal:///(app-pages-browser)/./node_modules/next/dist/next-devtools/shared/forward-logs-shared.js:27
[    7926ms] [LOG] [Fast Refresh] done in 509ms @ webpack-internal:///(app-pages-browser)/./node_modules/next/dist/next-devtools/shared/forward-logs-shared.js:27
[    7926ms] [LOG] [Fast Refresh] rebuilding @ webpack-internal:///(app-pages-browser)/./node_modules/next/dist/next-devtools/shared/forward-logs-shared.js:27
[    8145ms] [LOG] [Fast Refresh] rebuilding @ webpack-internal:///(app-pages-browser)/./node_modules/next/dist/next-devtools/shared/forward-logs-shared.js:27
[    8145ms] [WARNING] ./app/page.tsx
Module not found: Can't resolve 'html-to-image' in '/Users/saladin/Developments/interestory/app'

Import trace for requested module:
./app/page.tsx @ webpack-internal:///(app-pages-browser)/./node_modules/next/dist/next-devtools/shared/forward-logs-shared.js:27
[    8145ms] [WARNING] ./components/stats/StatsClient.tsx
Module not found: Can't resolve 'html-to-image' in '/Users/saladin/Developments/interestory/components/stats'

Import trace for requested module:
./components/stats/StatsClient.tsx @ webpack-internal:///(app-pages-browser)/./node_modules/next/dist/next-devtools/shared/forward-logs-shared.js:27
[    8145ms] [LOG] [Fast Refresh] done in 0ms @ webpack-internal:///(app-pages-browser)/./node_modules/next/dist/next-devtools/shared/forward-logs-shared.js:27
[    8187ms] [WARNING] ./app/page.tsx
Module not found: Can't resolve 'html-to-image' in '/Users/saladin/Developments/interestory/app'

Import trace for requested module:
./app/page.tsx @ webpack-internal:///(app-pages-browser)/./node_modules/next/dist/next-devtools/shared/forward-logs-shared.js:27
[    8188ms] [WARNING] ./components/stats/StatsClient.tsx
Module not found: Can't resolve 'html-to-image' in '/Users/saladin/Developments/interestory/components/stats'

Import trace for requested module:
./components/stats/StatsClient.tsx @ webpack-internal:///(app-pages-browser)/./node_modules/next/dist/next-devtools/shared/forward-logs-shared.js:27
[    8188ms] [LOG] [Fast Refresh] done in 42ms @ webpack-internal:///(app-pages-browser)/./node_modules/next/dist/next-devtools/shared/forward-logs-shared.js:27
[    8201ms] [ERROR] Failed to load resource: the server responded with a status of 500 (Internal Server Error) @ http://localhost:3000/stats?_rsc=1he2d:0
[    8202ms] [LOG] [Fast Refresh] rebuilding @ webpack-internal:///(app-pages-browser)/./node_modules/next/dist/next-devtools/shared/forward-logs-shared.js:27
[    8304ms] [WARNING] ./app/page.tsx
Module not found: Can't resolve 'html-to-image' in '/Users/saladin/Developments/interestory/app'

Import trace for requested module:
./app/page.tsx @ webpack-internal:///(app-pages-browser)/./node_modules/next/dist/next-devtools/shared/forward-logs-shared.js:27
[    8304ms] [WARNING] ./components/stats/StatsClient.tsx
Module not found: Can't resolve 'html-to-image' in '/Users/saladin/Developments/interestory/components/stats'

Import trace for requested module:
./components/stats/StatsClient.tsx @ webpack-internal:///(app-pages-browser)/./node_modules/next/dist/next-devtools/shared/forward-logs-shared.js:27
[    8304ms] [LOG] [Fast Refresh] done in 101ms @ webpack-internal:///(app-pages-browser)/./node_modules/next/dist/next-devtools/shared/forward-logs-shared.js:27
[    8305ms] [LOG] [Fast Refresh] rebuilding @ webpack-internal:///(app-pages-browser)/./node_modules/next/dist/next-devtools/shared/forward-logs-shared.js:27
[    8480ms] [WARNING] The resource http://localhost:3000/_next/static/media/7d4881bb7e1bf84d-s.p.woff2?v=1790076787256 was preloaded using link preload but not used within a few seconds from the window's load event. Please make sure it has an appropriate `as` value and it is preloaded intentionally. @ http://localhost:3000/stats:0
[    8480ms] [WARNING] The resource http://localhost:3000/_next/static/css/app/layout.css?v=1790076790165 was preloaded using link preload but not used within a few seconds from the window's load event. Please make sure it has an appropriate `as` value and it is preloaded intentionally. @ http://localhost:3000/stats:0
[    8480ms] [WARNING] The resource http://localhost:3000/_next/static/media/22a5144ee8d83bca-s.p.woff2?v=1790076787256 was preloaded using link preload but not used within a few seconds from the window's load event. Please make sure it has an appropriate `as` value and it is preloaded intentionally. @ http://localhost:3000/stats:0
[    8480ms] [WARNING] The resource http://localhost:3000/_next/static/css/app/layout.css?v=1790076790333 was preloaded using link preload but not used within a few seconds from the window's load event. Please make sure it has an appropriate `as` value and it is preloaded intentionally. @ http://localhost:3000/stats:0
[    8480ms] [WARNING] The resource http://localhost:3000/_next/static/css/app/layout.css?v=1790076792113 was preloaded using link preload but not used within a few seconds from the window's load event. Please make sure it has an appropriate `as` value and it is preloaded intentionally. @ http://localhost:3000/stats:0
[    8480ms] [WARNING] The resource http://localhost:3000/_next/static/css/app/layout.css?v=1790076790977 was preloaded using link preload but not used within a few seconds from the window's load event. Please make sure it has an appropriate `as` value and it is preloaded intentionally. @ http://localhost:3000/stats:0
[    8480ms] [WARNING] The resource http://localhost:3000/_next/static/css/app/layout.css?v=1790076790517 was preloaded using link preload but not used within a few seconds from the window's load event. Please make sure it has an appropriate `as` value and it is preloaded intentionally. @ http://localhost:3000/stats:0
[    8480ms] [WARNING] The resource http://localhost:3000/_next/static/css/app/layout.css?v=1790076789591 was preloaded using link preload but not used within a few seconds from the window's load event. Please make sure it has an appropriate `as` value and it is preloaded intentionally. @ http://localhost:3000/stats:0
[    8480ms] [WARNING] The resource http://localhost:3000/_next/static/css/app/layout.css?v=1790076791149 was preloaded using link preload but not used within a few seconds from the window's load event. Please make sure it has an appropriate `as` value and it is preloaded intentionally. @ http://localhost:3000/stats:0
[    8480ms] [WARNING] The resource http://localhost:3000/_next/static/css/app/layout.css?v=1790076789975 was preloaded using link preload but not used within a few seconds from the window's load event. Please make sure it has an appropriate `as` value and it is preloaded intentionally. @ http://localhost:3000/stats:0
[    8480ms] [WARNING] The resource http://localhost:3000/_next/static/css/app/layout.css?v=1790076789392 was preloaded using link preload but not used within a few seconds from the window's load event. Please make sure it has an appropriate `as` value and it is preloaded intentionally. @ http://localhost:3000/stats:0
[    8480ms] [WARNING] The resource http://localhost:3000/_next/static/css/app/layout.css?v=1790076789797 was preloaded using link preload but not used within a few seconds from the window's load event. Please make sure it has an appropriate `as` value and it is preloaded intentionally. @ http://localhost:3000/stats:0
[    8480ms] [WARNING] The resource http://localhost:3000/_next/static/css/app/layout.css?v=1790076790726 was preloaded using link preload but not used within a few seconds from the window's load event. Please make sure it has an appropriate `as` value and it is preloaded intentionally. @ http://localhost:3000/stats:0
[    8497ms] [WARNING] ./app/page.tsx
Module not found: Can't resolve 'html-to-image' in '/Users/saladin/Developments/interestory/app'

Import trace for requested module:
./app/page.tsx @ webpack-internal:///(app-pages-browser)/./node_modules/next/dist/next-devtools/shared/forward-logs-shared.js:27
[    8497ms] [WARNING] ./components/stats/StatsClient.tsx
Module not found: Can't resolve 'html-to-image' in '/Users/saladin/Developments/interestory/components/stats'

Import trace for requested module:
./components/stats/StatsClient.tsx @ webpack-internal:///(app-pages-browser)/./node_modules/next/dist/next-devtools/shared/forward-logs-shared.js:27
[    8498ms] [LOG] [Fast Refresh] done in 193ms @ webpack-internal:///(app-pages-browser)/./node_modules/next/dist/next-devtools/shared/forward-logs-shared.js:27
[    8500ms] [LOG] [Fast Refresh] rebuilding @ webpack-internal:///(app-pages-browser)/./node_modules/next/dist/next-devtools/shared/forward-logs-shared.js:27
[    8593ms] [WARNING] ./app/page.tsx
Module not found: Can't resolve 'html-to-image' in '/Users/saladin/Developments/interestory/app'

Import trace for requested module:
./app/page.tsx @ webpack-internal:///(app-pages-browser)/./node_modules/next/dist/next-devtools/shared/forward-logs-shared.js:27
[    8593ms] [WARNING] ./components/stats/StatsClient.tsx
Module not found: Can't resolve 'html-to-image' in '/Users/saladin/Developments/interestory/components/stats'

Import trace for requested module:
./components/stats/StatsClient.tsx @ webpack-internal:///(app-pages-browser)/./node_modules/next/dist/next-devtools/shared/forward-logs-shared.js:27
[    8593ms] [LOG] [Fast Refresh] done in 94ms @ webpack-internal:///(app-pages-browser)/./node_modules/next/dist/next-devtools/shared/forward-logs-shared.js:27
[    8594ms] [LOG] [Fast Refresh] rebuilding @ webpack-internal:///(app-pages-browser)/./node_modules/next/dist/next-devtools/shared/forward-logs-shared.js:27
[    8724ms] [WARNING] ./app/page.tsx
Module not found: Can't resolve 'html-to-image' in '/Users/saladin/Developments/interestory/app'

Import trace for requested module:
./app/page.tsx @ webpack-internal:///(app-pages-browser)/./node_modules/next/dist/next-devtools/shared/forward-logs-shared.js:27
[    8724ms] [WARNING] ./components/stats/StatsClient.tsx
Module not found: Can't resolve 'html-to-image' in '/Users/saladin/Developments/interestory/components/stats'

Import trace for requested module:
./components/stats/StatsClient.tsx @ webpack-internal:///(app-pages-browser)/./node_modules/next/dist/next-devtools/shared/forward-logs-shared.js:27
[    8724ms] [LOG] [Fast Refresh] done in 130ms @ webpack-internal:///(app-pages-browser)/./node_modules/next/dist/next-devtools/shared/forward-logs-shared.js:27
[    8725ms] [LOG] [Fast Refresh] rebuilding @ webpack-internal:///(app-pages-browser)/./node_modules/next/dist/next-devtools/shared/forward-logs-shared.js:27
[    8816ms] [WARNING] ./app/page.tsx
Module not found: Can't resolve 'html-to-image' in '/Users/saladin/Developments/interestory/app'

Import trace for requested module:
./app/page.tsx @ webpack-internal:///(app-pages-browser)/./node_modules/next/dist/next-devtools/shared/forward-logs-shared.js:27
[    8816ms] [WARNING] ./components/stats/StatsClient.tsx
Module not found: Can't resolve 'html-to-image' in '/Users/saladin/Developments/interestory/components/stats'

Import trace for requested module:
./components/stats/StatsClient.tsx @ webpack-internal:///(app-pages-browser)/./node_modules/next/dist/next-devtools/shared/forward-logs-shared.js:27
[    8816ms] [LOG] [Fast Refresh] done in 92ms @ webpack-internal:///(app-pages-browser)/./node_modules/next/dist/next-devtools/shared/forward-logs-shared.js:27
[    8818ms] [LOG] [Fast Refresh] rebuilding @ webpack-internal:///(app-pages-browser)/./node_modules/next/dist/next-devtools/shared/forward-logs-shared.js:27
[    8951ms] [WARNING] ./app/page.tsx
Module not found: Can't resolve 'html-to-image' in '/Users/saladin/Developments/interestory/app'

Import trace for requested module:
./app/page.tsx @ webpack-internal:///(app-pages-browser)/./node_modules/next/dist/next-devtools/shared/forward-logs-shared.js:27
[    8951ms] [WARNING] ./components/stats/StatsClient.tsx
Module not found: Can't resolve 'html-to-image' in '/Users/saladin/Developments/interestory/components/stats'

Import trace for requested module:
./components/stats/StatsClient.tsx @ webpack-internal:///(app-pages-browser)/./node_modules/next/dist/next-devtools/shared/forward-logs-shared.js:27
[    8951ms] [LOG] [Fast Refresh] done in 134ms @ webpack-internal:///(app-pages-browser)/./node_modules/next/dist/next-devtools/shared/forward-logs-shared.js:27
[    8953ms] [LOG] [Fast Refresh] rebuilding @ webpack-internal:///(app-pages-browser)/./node_modules/next/dist/next-devtools/shared/forward-logs-shared.js:27
[    9049ms] [WARNING] ./app/page.tsx
Module not found: Can't resolve 'html-to-image' in '/Users/saladin/Developments/interestory/app'

Import trace for requested module:
./app/page.tsx @ webpack-internal:///(app-pages-browser)/./node_modules/next/dist/next-devtools/shared/forward-logs-shared.js:27
[    9049ms] [WARNING] ./components/stats/StatsClient.tsx
Module not found: Can't resolve 'html-to-image' in '/Users/saladin/Developments/interestory/components/stats'

Import trace for requested module:
./components/stats/StatsClient.tsx @ webpack-internal:///(app-pages-browser)/./node_modules/next/dist/next-devtools/shared/forward-logs-shared.js:27
[    9049ms] [LOG] [Fast Refresh] done in 96ms @ webpack-internal:///(app-pages-browser)/./node_modules/next/dist/next-devtools/shared/forward-logs-shared.js:27
[    9050ms] [LOG] [Fast Refresh] rebuilding @ webpack-internal:///(app-pages-browser)/./node_modules/next/dist/next-devtools/shared/forward-logs-shared.js:27
[    9149ms] [ERROR] Access to image at 'https://png.pngtree.com/png-vector/20231123/ourmid/pngtree-round-glasses-png-image_10705551.png' from origin 'http://localhost:3000' has been blocked by CORS policy: No 'Access-Control-Allow-Origin' header is present on the requested resource. @ http://localhost:3000/stats:0
[    9149ms] [ERROR] Failed to load resource: net::ERR_FAILED @ https://png.pngtree.com/png-vector/20231123/ourmid/pngtree-round-glasses-png-image_10705551.png:0
[    9149ms] [ERROR] Access to image at 'https://rricoid-assets.obs.ap-southeast-4.myhuaweicloud.com/berita/Mamuju/o/1756563930409-images_(18)/85c3d6igojy0lgs.jpeg' from origin 'http://localhost:3000' has been blocked by CORS policy: No 'Access-Control-Allow-Origin' header is present on the requested resource. @ http://localhost:3000/stats:0
[    9149ms] [ERROR] Failed to load resource: net::ERR_FAILED @ https://rricoid-assets.obs.ap-southeast-4.myhuaweicloud.com/berita/Mamuju/o/1756563930409-images_(18)/85c3d6igojy0lgs.jpeg:0
[    9651ms] [INFO] %cDownload the React DevTools for a better development experience: https://react.dev/link/react-devtools font-weight:bold @ webpack-internal:///(app-pages-browser)/./node_modules/next/dist/next-devtools/shared/forward-logs-shared.js:27
[    9664ms] [LOG] [HMR] connected @ webpack-internal:///(app-pages-browser)/./node_modules/next/dist/next-devtools/shared/forward-logs-shared.js:27
[    9665ms] [WARNING] ./app/page.tsx
Module not found: Can't resolve 'html-to-image' in '/Users/saladin/Developments/interestory/app' @ webpack-internal:///(app-pages-browser)/./node_modules/next/dist/next-devtools/shared/forward-logs-shared.js:27
[    9665ms] [WARNING] ./components/stats/StatsClient.tsx
Module not found: Can't resolve 'html-to-image' in '/Users/saladin/Developments/interestory/components/stats' @ webpack-internal:///(app-pages-browser)/./node_modules/next/dist/next-devtools/shared/forward-logs-shared.js:27
[    9680ms] [LOG] [Fast Refresh] rebuilding @ webpack-internal:///(app-pages-browser)/./node_modules/next/dist/next-devtools/shared/forward-logs-shared.js:27
[    9778ms] [WARNING] ./app/page.tsx
Module not found: Can't resolve 'html-to-image' in '/Users/saladin/Developments/interestory/app'

Import trace for requested module:
./app/page.tsx @ webpack-internal:///(app-pages-browser)/./node_modules/next/dist/next-devtools/shared/forward-logs-shared.js:27
[    9778ms] [WARNING] ./components/stats/StatsClient.tsx
Module not found: Can't resolve 'html-to-image' in '/Users/saladin/Developments/interestory/components/stats'

Import trace for requested module:
./components/stats/StatsClient.tsx @ webpack-internal:///(app-pages-browser)/./node_modules/next/dist/next-devtools/shared/forward-logs-shared.js:27
[    9778ms] [LOG] [Fast Refresh] rebuilding @ webpack-internal:///(app-pages-browser)/./node_modules/next/dist/next-devtools/shared/forward-logs-shared.js:27
[    9870ms] [LOG] [Fast Refresh] done in 92ms @ webpack-internal:///(app-pages-browser)/./node_modules/next/dist/next-devtools/shared/forward-logs-shared.js:27
[    9903ms] [WARNING] ./app/page.tsx
Module not found: Can't resolve 'html-to-image' in '/Users/saladin/Developments/interestory/app'

Import trace for requested module:
./app/page.tsx @ webpack-internal:///(app-pages-browser)/./node_modules/next/dist/next-devtools/shared/forward-logs-shared.js:27
[    9903ms] [WARNING] ./components/stats/StatsClient.tsx
Module not found: Can't resolve 'html-to-image' in '/Users/saladin/Developments/interestory/components/stats'

Import trace for requested module:
./components/stats/StatsClient.tsx @ webpack-internal:///(app-pages-browser)/./node_modules/next/dist/next-devtools/shared/forward-logs-shared.js:27
[    9904ms] [LOG] [Fast Refresh] rebuilding @ webpack-internal:///(app-pages-browser)/./node_modules/next/dist/next-devtools/shared/forward-logs-shared.js:27
[    9908ms] [LOG] [Fast Refresh] done in 4ms @ webpack-internal:///(app-pages-browser)/./node_modules/next/dist/next-devtools/shared/forward-logs-shared.js:27
[   10039ms] [WARNING] ./app/page.tsx
Module not found: Can't resolve 'html-to-image' in '/Users/saladin/Developments/interestory/app'

Import trace for requested module:
./app/page.tsx @ webpack-internal:///(app-pages-browser)/./node_modules/next/dist/next-devtools/shared/forward-logs-shared.js:27
[   10039ms] [WARNING] ./components/stats/StatsClient.tsx
Module not found: Can't resolve 'html-to-image' in '/Users/saladin/Developments/interestory/components/stats'

Import trace for requested module:
./components/stats/StatsClient.tsx @ webpack-internal:///(app-pages-browser)/./node_modules/next/dist/next-devtools/shared/forward-logs-shared.js:27
[   10042ms] [LOG] [Fast Refresh] rebuilding @ webpack-internal:///(app-pages-browser)/./node_modules/next/dist/next-devtools/shared/forward-logs-shared.js:27
[   10050ms] [LOG] [Fast Refresh] done in 8ms @ webpack-internal:///(app-pages-browser)/./node_modules/next/dist/next-devtools/shared/forward-logs-shared.js:27
[   10134ms] [WARNING] ./app/page.tsx
Module not found: Can't resolve 'html-to-image' in '/Users/saladin/Developments/interestory/app'

Import trace for requested module:
./app/page.tsx @ webpack-internal:///(app-pages-browser)/./node_modules/next/dist/next-devtools/shared/forward-logs-shared.js:27
[   10134ms] [WARNING] ./components/stats/StatsClient.tsx
Module not found: Can't resolve 'html-to-image' in '/Users/saladin/Developments/interestory/components/stats'

Import trace for requested module:
./components/stats/StatsClient.tsx @ webpack-internal:///(app-pages-browser)/./node_modules/next/dist/next-devtools/shared/forward-logs-shared.js:27
[   10135ms] [LOG] [Fast Refresh] rebuilding @ webpack-internal:///(app-pages-browser)/./node_modules/next/dist/next-devtools/shared/forward-logs-shared.js:27
[   10140ms] [LOG] [Fast Refresh] done in 4ms @ webpack-internal:///(app-pages-browser)/./node_modules/next/dist/next-devtools/shared/forward-logs-shared.js:27
[   10262ms] [WARNING] ./app/page.tsx
Module not found: Can't resolve 'html-to-image' in '/Users/saladin/Developments/interestory/app'

Import trace for requested module:
./app/page.tsx @ webpack-internal:///(app-pages-browser)/./node_modules/next/dist/next-devtools/shared/forward-logs-shared.js:27
[   10262ms] [WARNING] ./components/stats/StatsClient.tsx
Module not found: Can't resolve 'html-to-image' in '/Users/saladin/Developments/interestory/components/stats'

Import trace for requested module:
./components/stats/StatsClient.tsx @ webpack-internal:///(app-pages-browser)/./node_modules/next/dist/next-devtools/shared/forward-logs-shared.js:27
[   10263ms] [LOG] [Fast Refresh] rebuilding @ webpack-internal:///(app-pages-browser)/./node_modules/next/dist/next-devtools/shared/forward-logs-shared.js:27
[   10271ms] [LOG] [Fast Refresh] done in 8ms @ webpack-internal:///(app-pages-browser)/./node_modules/next/dist/next-devtools/shared/forward-logs-shared.js:27
[   10353ms] [WARNING] ./app/page.tsx
Module not found: Can't resolve 'html-to-image' in '/Users/saladin/Developments/interestory/app'

Import trace for requested module:
./app/page.tsx @ webpack-internal:///(app-pages-browser)/./node_modules/next/dist/next-devtools/shared/forward-logs-shared.js:27
[   10353ms] [WARNING] ./components/stats/StatsClient.tsx
Module not found: Can't resolve 'html-to-image' in '/Users/saladin/Developments/interestory/components/stats'

Import trace for requested module:
./components/stats/StatsClient.tsx @ webpack-internal:///(app-pages-browser)/./node_modules/next/dist/next-devtools/shared/forward-logs-shared.js:27
[   10354ms] [LOG] [Fast Refresh] rebuilding @ webpack-internal:///(app-pages-browser)/./node_modules/next/dist/next-devtools/shared/forward-logs-shared.js:27
[   10358ms] [LOG] [Fast Refresh] done in 4ms @ webpack-internal:///(app-pages-browser)/./node_modules/next/dist/next-devtools/shared/forward-logs-shared.js:27
[   10497ms] [WARNING] ./app/page.tsx
Module not found: Can't resolve 'html-to-image' in '/Users/saladin/Developments/interestory/app'

Import trace for requested module:
./app/page.tsx @ webpack-internal:///(app-pages-browser)/./node_modules/next/dist/next-devtools/shared/forward-logs-shared.js:27
[   10497ms] [WARNING] ./components/stats/StatsClient.tsx
Module not found: Can't resolve 'html-to-image' in '/Users/saladin/Developments/interestory/components/stats'

Import trace for requested module:
./components/stats/StatsClient.tsx @ webpack-internal:///(app-pages-browser)/./node_modules/next/dist/next-devtools/shared/forward-logs-shared.js:27
[   10499ms] [LOG] [Fast Refresh] rebuilding @ webpack-internal:///(app-pages-browser)/./node_modules/next/dist/next-devtools/shared/forward-logs-shared.js:27
[   10508ms] [LOG] [Fast Refresh] done in 9ms @ webpack-internal:///(app-pages-browser)/./node_modules/next/dist/next-devtools/shared/forward-logs-shared.js:27
[   10600ms] [WARNING] ./app/page.tsx
Module not found: Can't resolve 'html-to-image' in '/Users/saladin/Developments/interestory/app'

Import trace for requested module:
./app/page.tsx @ webpack-internal:///(app-pages-browser)/./node_modules/next/dist/next-devtools/shared/forward-logs-shared.js:27
[   10600ms] [WARNING] ./components/stats/StatsClient.tsx
Module not found: Can't resolve 'html-to-image' in '/Users/saladin/Developments/interestory/components/stats'

Import trace for requested module:
./components/stats/StatsClient.tsx @ webpack-internal:///(app-pages-browser)/./node_modules/next/dist/next-devtools/shared/forward-logs-shared.js:27
[   10605ms] [LOG] [Fast Refresh] rebuilding @ webpack-internal:///(app-pages-browser)/./node_modules/next/dist/next-devtools/shared/forward-logs-shared.js:27
[   10698ms] [LOG] [Fast Refresh] done in 93ms @ webpack-internal:///(app-pages-browser)/./node_modules/next/dist/next-devtools/shared/forward-logs-shared.js:27
[   10723ms] [WARNING] ./app/page.tsx
Module not found: Can't resolve 'html-to-image' in '/Users/saladin/Developments/interestory/app'

Import trace for requested module:
./app/page.tsx @ webpack-internal:///(app-pages-browser)/./node_modules/next/dist/next-devtools/shared/forward-logs-shared.js:27
[   10723ms] [WARNING] ./components/stats/StatsClient.tsx
Module not found: Can't resolve 'html-to-image' in '/Users/saladin/Developments/interestory/components/stats'

Import trace for requested module:
./components/stats/StatsClient.tsx @ webpack-internal:///(app-pages-browser)/./node_modules/next/dist/next-devtools/shared/forward-logs-shared.js:27
[   10724ms] [LOG] [Fast Refresh] rebuilding @ webpack-internal:///(app-pages-browser)/./node_modules/next/dist/next-devtools/shared/forward-logs-shared.js:27
[   10729ms] [LOG] [Fast Refresh] done in 4ms @ webpack-internal:///(app-pages-browser)/./node_modules/next/dist/next-devtools/shared/forward-logs-shared.js:27
[   10848ms] [WARNING] ./app/page.tsx
Module not found: Can't resolve 'html-to-image' in '/Users/saladin/Developments/interestory/app'

Import trace for requested module:
./app/page.tsx @ webpack-internal:///(app-pages-browser)/./node_modules/next/dist/next-devtools/shared/forward-logs-shared.js:27
[   10848ms] [WARNING] ./components/stats/StatsClient.tsx
Module not found: Can't resolve 'html-to-image' in '/Users/saladin/Developments/interestory/components/stats'

Import trace for requested module:
./components/stats/StatsClient.tsx @ webpack-internal:///(app-pages-browser)/./node_modules/next/dist/next-devtools/shared/forward-logs-shared.js:27
[   10850ms] [LOG] [Fast Refresh] rebuilding @ webpack-internal:///(app-pages-browser)/./node_modules/next/dist/next-devtools/shared/forward-logs-shared.js:27
[   10863ms] [LOG] [Fast Refresh] done in 14ms @ webpack-internal:///(app-pages-browser)/./node_modules/next/dist/next-devtools/shared/forward-logs-shared.js:27
[   10942ms] [WARNING] ./app/page.tsx
Module not found: Can't resolve 'html-to-image' in '/Users/saladin/Developments/interestory/app'

Import trace for requested module:
./app/page.tsx @ webpack-internal:///(app-pages-browser)/./node_modules/next/dist/next-devtools/shared/forward-logs-shared.js:27
[   10942ms] [WARNING] ./components/stats/StatsClient.tsx
Module not found: Can't resolve 'html-to-image' in '/Users/saladin/Developments/interestory/components/stats'

Import trace for requested module:
./components/stats/StatsClient.tsx @ webpack-internal:///(app-pages-browser)/./node_modules/next/dist/next-devtools/shared/forward-logs-shared.js:27
[   10943ms] [LOG] [Fast Refresh] rebuilding @ webpack-internal:///(app-pages-browser)/./node_modules/next/dist/next-devtools/shared/forward-logs-shared.js:27
[   11078ms] [WARNING] ./app/page.tsx
Module not found: Can't resolve 'html-to-image' in '/Users/saladin/Developments/interestory/app'

Import trace for requested module:
./app/page.tsx @ webpack-internal:///(app-pages-browser)/./node_modules/next/dist/next-devtools/shared/forward-logs-shared.js:27
[   11078ms] [WARNING] ./components/stats/StatsClient.tsx
Module not found: Can't resolve 'html-to-image' in '/Users/saladin/Developments/interestory/components/stats'

Import trace for requested module:
./components/stats/StatsClient.tsx @ webpack-internal:///(app-pages-browser)/./node_modules/next/dist/next-devtools/shared/forward-logs-shared.js:27
[   11078ms] [LOG] [Fast Refresh] done in 134ms @ webpack-internal:///(app-pages-browser)/./node_modules/next/dist/next-devtools/shared/forward-logs-shared.js:27
[   11081ms] [LOG] [Fast Refresh] rebuilding @ webpack-internal:///(app-pages-browser)/./node_modules/next/dist/next-devtools/shared/forward-logs-shared.js:27
[   11312ms] [WARNING] ./app/page.tsx
Module not found: Can't resolve 'html-to-image' in '/Users/saladin/Developments/interestory/app'

Import trace for requested module:
./app/page.tsx @ webpack-internal:///(app-pages-browser)/./node_modules/next/dist/next-devtools/shared/forward-logs-shared.js:27
[   11312ms] [WARNING] ./components/stats/StatsClient.tsx
Module not found: Can't resolve 'html-to-image' in '/Users/saladin/Developments/interestory/components/stats'

Import trace for requested module:
./components/stats/StatsClient.tsx @ webpack-internal:///(app-pages-browser)/./node_modules/next/dist/next-devtools/shared/forward-logs-shared.js:27
[   11312ms] [LOG] [Fast Refresh] done in 232ms @ webpack-internal:///(app-pages-browser)/./node_modules/next/dist/next-devtools/shared/forward-logs-shared.js:27
[   11315ms] [LOG] [Fast Refresh] rebuilding @ webpack-internal:///(app-pages-browser)/./node_modules/next/dist/next-devtools/shared/forward-logs-shared.js:27
[   11541ms] [WARNING] ./app/page.tsx
Module not found: Can't resolve 'html-to-image' in '/Users/saladin/Developments/interestory/app'

Import trace for requested module:
./app/page.tsx @ webpack-internal:///(app-pages-browser)/./node_modules/next/dist/next-devtools/shared/forward-logs-shared.js:27
[   11541ms] [WARNING] ./components/stats/StatsClient.tsx
Module not found: Can't resolve 'html-to-image' in '/Users/saladin/Developments/interestory/components/stats'

Import trace for requested module:
./components/stats/StatsClient.tsx @ webpack-internal:///(app-pages-browser)/./node_modules/next/dist/next-devtools/shared/forward-logs-shared.js:27
[   11541ms] [LOG] [Fast Refresh] done in 226ms @ webpack-internal:///(app-pages-browser)/./node_modules/next/dist/next-devtools/shared/forward-logs-shared.js:27
[   11544ms] [LOG] [Fast Refresh] rebuilding @ webpack-internal:///(app-pages-browser)/./node_modules/next/dist/next-devtools/shared/forward-logs-shared.js:27
[   11646ms] [WARNING] ./app/page.tsx
Module not found: Can't resolve 'html-to-image' in '/Users/saladin/Developments/interestory/app'

Import trace for requested module:
./app/page.tsx @ webpack-internal:///(app-pages-browser)/./node_modules/next/dist/next-devtools/shared/forward-logs-shared.js:27
[   11646ms] [WARNING] ./components/stats/StatsClient.tsx
Module not found: Can't resolve 'html-to-image' in '/Users/saladin/Developments/interestory/components/stats'

Import trace for requested module:
./components/stats/StatsClient.tsx @ webpack-internal:///(app-pages-browser)/./node_modules/next/dist/next-devtools/shared/forward-logs-shared.js:27
[   11646ms] [LOG] [Fast Refresh] done in 102ms @ webpack-internal:///(app-pages-browser)/./node_modules/next/dist/next-devtools/shared/forward-logs-shared.js:27
[   11647ms] [LOG] [Fast Refresh] rebuilding @ webpack-internal:///(app-pages-browser)/./node_modules/next/dist/next-devtools/shared/forward-logs-shared.js:27
[   11769ms] [WARNING] ./app/page.tsx
Module not found: Can't resolve 'html-to-image' in '/Users/saladin/Developments/interestory/app'

Import trace for requested module:
./app/page.tsx @ webpack-internal:///(app-pages-browser)/./node_modules/next/dist/next-devtools/shared/forward-logs-shared.js:27
[   11769ms] [WARNING] ./components/stats/StatsClient.tsx
Module not found: Can't resolve 'html-to-image' in '/Users/saladin/Developments/interestory/components/stats'

Import trace for requested module:
./components/stats/StatsClient.tsx @ webpack-internal:///(app-pages-browser)/./node_modules/next/dist/next-devtools/shared/forward-logs-shared.js:27
[   11769ms] [LOG] [Fast Refresh] done in 121ms @ webpack-internal:///(app-pages-browser)/./node_modules/next/dist/next-devtools/shared/forward-logs-shared.js:27
[   11770ms] [LOG] [Fast Refresh] rebuilding @ webpack-internal:///(app-pages-browser)/./node_modules/next/dist/next-devtools/shared/forward-logs-shared.js:27
[   11862ms] [WARNING] ./app/page.tsx
Module not found: Can't resolve 'html-to-image' in '/Users/saladin/Developments/interestory/app'

Import trace for requested module:
./app/page.tsx @ webpack-internal:///(app-pages-browser)/./node_modules/next/dist/next-devtools/shared/forward-logs-shared.js:27
[   11862ms] [WARNING] ./components/stats/StatsClient.tsx
Module not found: Can't resolve 'html-to-image' in '/Users/saladin/Developments/interestory/components/stats'

Import trace for requested module:
./components/stats/StatsClient.tsx @ webpack-internal:///(app-pages-browser)/./node_modules/next/dist/next-devtools/shared/forward-logs-shared.js:27
[   11862ms] [LOG] [Fast Refresh] done in 92ms @ webpack-internal:///(app-pages-browser)/./node_modules/next/dist/next-devtools/shared/forward-logs-shared.js:27
[   11863ms] [LOG] [Fast Refresh] rebuilding @ webpack-internal:///(app-pages-browser)/./node_modules/next/dist/next-devtools/shared/forward-logs-shared.js:27
[   12000ms] [WARNING] ./app/page.tsx
Module not found: Can't resolve 'html-to-image' in '/Users/saladin/Developments/interestory/app'

Import trace for requested module:
./app/page.tsx @ webpack-internal:///(app-pages-browser)/./node_modules/next/dist/next-devtools/shared/forward-logs-shared.js:27
[   12000ms] [WARNING] ./components/stats/StatsClient.tsx
Module not found: Can't resolve 'html-to-image' in '/Users/saladin/Developments/interestory/components/stats'

Import trace for requested module:
./components/stats/StatsClient.tsx @ webpack-internal:///(app-pages-browser)/./node_modules/next/dist/next-devtools/shared/forward-logs-shared.js:27
[   12000ms] [LOG] [Fast Refresh] done in 138ms @ webpack-internal:///(app-pages-browser)/./node_modules/next/dist/next-devtools/shared/forward-logs-shared.js:27
[   12002ms] [LOG] [Fast Refresh] rebuilding @ webpack-internal:///(app-pages-browser)/./node_modules/next/dist/next-devtools/shared/forward-logs-shared.js:27
[   12180ms] [WARNING] ./app/page.tsx
Module not found: Can't resolve 'html-to-image' in '/Users/saladin/Developments/interestory/app'

Import trace for requested module:
./app/page.tsx @ webpack-internal:///(app-pages-browser)/./node_modules/next/dist/next-devtools/shared/forward-logs-shared.js:27
[   12180ms] [WARNING] ./components/stats/StatsClient.tsx
Module not found: Can't resolve 'html-to-image' in '/Users/saladin/Developments/interestory/components/stats'

Import trace for requested module:
./components/stats/StatsClient.tsx @ webpack-internal:///(app-pages-browser)/./node_modules/next/dist/next-devtools/shared/forward-logs-shared.js:27
[   12180ms] [LOG] [Fast Refresh] done in 177ms @ webpack-internal:///(app-pages-browser)/./node_modules/next/dist/next-devtools/shared/forward-logs-shared.js:27
[   12182ms] [LOG] [Fast Refresh] rebuilding @ webpack-internal:///(app-pages-browser)/./node_modules/next/dist/next-devtools/shared/forward-logs-shared.js:27
[   12282ms] [WARNING] ./app/page.tsx
Module not found: Can't resolve 'html-to-image' in '/Users/saladin/Developments/interestory/app'

Import trace for requested module:
./app/page.tsx @ webpack-internal:///(app-pages-browser)/./node_modules/next/dist/next-devtools/shared/forward-logs-shared.js:27
[   12282ms] [WARNING] ./components/stats/StatsClient.tsx
Module not found: Can't resolve 'html-to-image' in '/Users/saladin/Developments/interestory/components/stats'

Import trace for requested module:
./components/stats/StatsClient.tsx @ webpack-internal:///(app-pages-browser)/./node_modules/next/dist/next-devtools/shared/forward-logs-shared.js:27
[   12283ms] [LOG] [Fast Refresh] done in 101ms @ webpack-internal:///(app-pages-browser)/./node_modules/next/dist/next-devtools/shared/forward-logs-shared.js:27
[   12285ms] [LOG] [Fast Refresh] rebuilding @ webpack-internal:///(app-pages-browser)/./node_modules/next/dist/next-devtools/shared/forward-logs-shared.js:27
[   12436ms] [WARNING] ./app/page.tsx
Module not found: Can't resolve 'html-to-image' in '/Users/saladin/Developments/interestory/app'

Import trace for requested module:
./app/page.tsx @ webpack-internal:///(app-pages-browser)/./node_modules/next/dist/next-devtools/shared/forward-logs-shared.js:27
[   12436ms] [WARNING] ./components/stats/StatsClient.tsx
Module not found: Can't resolve 'html-to-image' in '/Users/saladin/Developments/interestory/components/stats'

Import trace for requested module:
./components/stats/StatsClient.tsx @ webpack-internal:///(app-pages-browser)/./node_modules/next/dist/next-devtools/shared/forward-logs-shared.js:27
[   12436ms] [LOG] [Fast Refresh] done in 152ms @ webpack-internal:///(app-pages-browser)/./node_modules/next/dist/next-devtools/shared/forward-logs-shared.js:27
[   12437ms] [LOG] [Fast Refresh] rebuilding @ webpack-internal:///(app-pages-browser)/./node_modules/next/dist/next-devtools/shared/forward-logs-shared.js:27
[   12527ms] [WARNING] ./app/page.tsx
Module not found: Can't resolve 'html-to-image' in '/Users/saladin/Developments/interestory/app'

Import trace for requested module:
./app/page.tsx @ webpack-internal:///(app-pages-browser)/./node_modules/next/dist/next-devtools/shared/forward-logs-shared.js:27
[   12527ms] [WARNING] ./components/stats/StatsClient.tsx
Module not found: Can't resolve 'html-to-image' in '/Users/saladin/Developments/interestory/components/stats'

Import trace for requested module:
./components/stats/StatsClient.tsx @ webpack-internal:///(app-pages-browser)/./node_modules/next/dist/next-devtools/shared/forward-logs-shared.js:27
[   12527ms] [LOG] [Fast Refresh] done in 90ms @ webpack-internal:///(app-pages-browser)/./node_modules/next/dist/next-devtools/shared/forward-logs-shared.js:27
[   12528ms] [LOG] [Fast Refresh] rebuilding @ webpack-internal:///(app-pages-browser)/./node_modules/next/dist/next-devtools/shared/forward-logs-shared.js:27
[   12653ms] [WARNING] ./app/page.tsx
Module not found: Can't resolve 'html-to-image' in '/Users/saladin/Developments/interestory/app'

Import trace for requested module:
./app/page.tsx @ webpack-internal:///(app-pages-browser)/./node_modules/next/dist/next-devtools/shared/forward-logs-shared.js:27
[   12653ms] [WARNING] ./components/stats/StatsClient.tsx
Module not found: Can't resolve 'html-to-image' in '/Users/saladin/Developments/interestory/components/stats'

Import trace for requested module:
./components/stats/StatsClient.tsx @ webpack-internal:///(app-pages-browser)/./node_modules/next/dist/next-devtools/shared/forward-logs-shared.js:27
[   12653ms] [LOG] [Fast Refresh] done in 124ms @ webpack-internal:///(app-pages-browser)/./node_modules/next/dist/next-devtools/shared/forward-logs-shared.js:27
[   12654ms] [LOG] [Fast Refresh] rebuilding @ webpack-internal:///(app-pages-browser)/./node_modules/next/dist/next-devtools/shared/forward-logs-shared.js:27
[   12742ms] [WARNING] ./app/page.tsx
Module not found: Can't resolve 'html-to-image' in '/Users/saladin/Developments/interestory/app'

Import trace for requested module:
./app/page.tsx @ webpack-internal:///(app-pages-browser)/./node_modules/next/dist/next-devtools/shared/forward-logs-shared.js:27
[   12743ms] [WARNING] ./components/stats/StatsClient.tsx
Module not found: Can't resolve 'html-to-image' in '/Users/saladin/Developments/interestory/components/stats'

Import trace for requested module:
./components/stats/StatsClient.tsx @ webpack-internal:///(app-pages-browser)/./node_modules/next/dist/next-devtools/shared/forward-logs-shared.js:27
[   12743ms] [LOG] [Fast Refresh] done in 88ms @ webpack-internal:///(app-pages-browser)/./node_modules/next/dist/next-devtools/shared/forward-logs-shared.js:27
[   12744ms] [LOG] [Fast Refresh] rebuilding @ webpack-internal:///(app-pages-browser)/./node_modules/next/dist/next-devtools/shared/forward-logs-shared.js:27
[   12869ms] [WARNING] ./app/page.tsx
Module not found: Can't resolve 'html-to-image' in '/Users/saladin/Developments/interestory/app'

Import trace for requested module:
./app/page.tsx @ webpack-internal:///(app-pages-browser)/./node_modules/next/dist/next-devtools/shared/forward-logs-shared.js:27
[   12869ms] [WARNING] ./components/stats/StatsClient.tsx
Module not found: Can't resolve 'html-to-image' in '/Users/saladin/Developments/interestory/components/stats'

Import trace for requested module:
./components/stats/StatsClient.tsx @ webpack-internal:///(app-pages-browser)/./node_modules/next/dist/next-devtools/shared/forward-logs-shared.js:27
[   12869ms] [LOG] [Fast Refresh] done in 124ms @ webpack-internal:///(app-pages-browser)/./node_modules/next/dist/next-devtools/shared/forward-logs-shared.js:27
[   12870ms] [LOG] [Fast Refresh] rebuilding @ webpack-internal:///(app-pages-browser)/./node_modules/next/dist/next-devtools/shared/forward-logs-shared.js:27
[   12959ms] [WARNING] ./app/page.tsx
Module not found: Can't resolve 'html-to-image' in '/Users/saladin/Developments/interestory/app'

Import trace for requested module:
./app/page.tsx @ webpack-internal:///(app-pages-browser)/./node_modules/next/dist/next-devtools/shared/forward-logs-shared.js:27
[   12960ms] [WARNING] ./components/stats/StatsClient.tsx
Module not found: Can't resolve 'html-to-image' in '/Users/saladin/Developments/interestory/components/stats'

Import trace for requested module:
./components/stats/StatsClient.tsx @ webpack-internal:///(app-pages-browser)/./node_modules/next/dist/next-devtools/shared/forward-logs-shared.js:27
[   12960ms] [LOG] [Fast Refresh] done in 89ms @ webpack-internal:///(app-pages-browser)/./node_modules/next/dist/next-devtools/shared/forward-logs-shared.js:27
[   12976ms] [LOG] [Fast Refresh] rebuilding @ webpack-internal:///(app-pages-browser)/./node_modules/next/dist/next-devtools/shared/forward-logs-shared.js:27
[   13097ms] [WARNING] ./app/page.tsx
Module not found: Can't resolve 'html-to-image' in '/Users/saladin/Developments/interestory/app'

Import trace for requested module:
./app/page.tsx @ webpack-internal:///(app-pages-browser)/./node_modules/next/dist/next-devtools/shared/forward-logs-shared.js:27
[   13097ms] [WARNING] ./components/stats/StatsClient.tsx
Module not found: Can't resolve 'html-to-image' in '/Users/saladin/Developments/interestory/components/stats'

Import trace for requested module:
./components/stats/StatsClient.tsx @ webpack-internal:///(app-pages-browser)/./node_modules/next/dist/next-devtools/shared/forward-logs-shared.js:27
[   13097ms] [LOG] [Fast Refresh] done in 121ms @ webpack-internal:///(app-pages-browser)/./node_modules/next/dist/next-devtools/shared/forward-logs-shared.js:27
[   13098ms] [LOG] [Fast Refresh] rebuilding @ webpack-internal:///(app-pages-browser)/./node_modules/next/dist/next-devtools/shared/forward-logs-shared.js:27
[   13219ms] [WARNING] ./app/page.tsx
Module not found: Can't resolve 'html-to-image' in '/Users/saladin/Developments/interestory/app'

Import trace for requested module:
./app/page.tsx @ webpack-internal:///(app-pages-browser)/./node_modules/next/dist/next-devtools/shared/forward-logs-shared.js:27
[   13219ms] [WARNING] ./components/stats/StatsClient.tsx
Module not found: Can't resolve 'html-to-image' in '/Users/saladin/Developments/interestory/components/stats'

Import trace for requested module:
./components/stats/StatsClient.tsx @ webpack-internal:///(app-pages-browser)/./node_modules/next/dist/next-devtools/shared/forward-logs-shared.js:27
[   13219ms] [LOG] [Fast Refresh] done in 121ms @ webpack-internal:///(app-pages-browser)/./node_modules/next/dist/next-devtools/shared/forward-logs-shared.js:27
[   13221ms] [LOG] [Fast Refresh] rebuilding @ webpack-internal:///(app-pages-browser)/./node_modules/next/dist/next-devtools/shared/forward-logs-shared.js:27
[   13315ms] [WARNING] ./app/page.tsx
Module not found: Can't resolve 'html-to-image' in '/Users/saladin/Developments/interestory/app'

Import trace for requested module:
./app/page.tsx @ webpack-internal:///(app-pages-browser)/./node_modules/next/dist/next-devtools/shared/forward-logs-shared.js:27
[   13315ms] [WARNING] ./components/stats/StatsClient.tsx
Module not found: Can't resolve 'html-to-image' in '/Users/saladin/Developments/interestory/components/stats'

Import trace for requested module:
./components/stats/StatsClient.tsx @ webpack-internal:///(app-pages-browser)/./node_modules/next/dist/next-devtools/shared/forward-logs-shared.js:27
[   13315ms] [LOG] [Fast Refresh] done in 94ms @ webpack-internal:///(app-pages-browser)/./node_modules/next/dist/next-devtools/shared/forward-logs-shared.js:27
[   13319ms] [LOG] [Fast Refresh] rebuilding @ webpack-internal:///(app-pages-browser)/./node_modules/next/dist/next-devtools/shared/forward-logs-shared.js:27
[   13452ms] [WARNING] ./app/page.tsx
Module not found: Can't resolve 'html-to-image' in '/Users/saladin/Developments/interestory/app'

Import trace for requested module:
./app/page.tsx @ webpack-internal:///(app-pages-browser)/./node_modules/next/dist/next-devtools/shared/forward-logs-shared.js:27
[   13452ms] [WARNING] ./components/stats/StatsClient.tsx
Module not found: Can't resolve 'html-to-image' in '/Users/saladin/Developments/interestory/components/stats'

Import trace for requested module:
./components/stats/StatsClient.tsx @ webpack-internal:///(app-pages-browser)/./node_modules/next/dist/next-devtools/shared/forward-logs-shared.js:27
[   13452ms] [LOG] [Fast Refresh] done in 133ms @ webpack-internal:///(app-pages-browser)/./node_modules/next/dist/next-devtools/shared/forward-logs-shared.js:27
[   13454ms] [LOG] [Fast Refresh] rebuilding @ webpack-internal:///(app-pages-browser)/./node_modules/next/dist/next-devtools/shared/forward-logs-shared.js:27
[   13549ms] [WARNING] ./app/page.tsx
Module not found: Can't resolve 'html-to-image' in '/Users/saladin/Developments/interestory/app'

Import trace for requested module:
./app/page.tsx @ webpack-internal:///(app-pages-browser)/./node_modules/next/dist/next-devtools/shared/forward-logs-shared.js:27
[   13549ms] [WARNING] ./components/stats/StatsClient.tsx
Module not found: Can't resolve 'html-to-image' in '/Users/saladin/Developments/interestory/components/stats'

Import trace for requested module:
./components/stats/StatsClient.tsx @ webpack-internal:///(app-pages-browser)/./node_modules/next/dist/next-devtools/shared/forward-logs-shared.js:27
[   13549ms] [LOG] [Fast Refresh] done in 96ms @ webpack-internal:///(app-pages-browser)/./node_modules/next/dist/next-devtools/shared/forward-logs-shared.js:27
[   13551ms] [LOG] [Fast Refresh] rebuilding @ webpack-internal:///(app-pages-browser)/./node_modules/next/dist/next-devtools/shared/forward-logs-shared.js:27
[   13680ms] [WARNING] ./app/page.tsx
Module not found: Can't resolve 'html-to-image' in '/Users/saladin/Developments/interestory/app'

Import trace for requested module:
./app/page.tsx @ webpack-internal:///(app-pages-browser)/./node_modules/next/dist/next-devtools/shared/forward-logs-shared.js:27
[   13680ms] [WARNING] ./components/stats/StatsClient.tsx
Module not found: Can't resolve 'html-to-image' in '/Users/saladin/Developments/interestory/components/stats'

Import trace for requested module:
./components/stats/StatsClient.tsx @ webpack-internal:///(app-pages-browser)/./node_modules/next/dist/next-devtools/shared/forward-logs-shared.js:27
[   13680ms] [LOG] [Fast Refresh] done in 129ms @ webpack-internal:///(app-pages-browser)/./node_modules/next/dist/next-devtools/shared/forward-logs-shared.js:27
[   13681ms] [LOG] [Fast Refresh] rebuilding @ webpack-internal:///(app-pages-browser)/./node_modules/next/dist/next-devtools/shared/forward-logs-shared.js:27
[   13781ms] [WARNING] ./app/page.tsx
Module not found: Can't resolve 'html-to-image' in '/Users/saladin/Developments/interestory/app'

Import trace for requested module:
./app/page.tsx @ webpack-internal:///(app-pages-browser)/./node_modules/next/dist/next-devtools/shared/forward-logs-shared.js:27
[   13781ms] [WARNING] ./components/stats/StatsClient.tsx
Module not found: Can't resolve 'html-to-image' in '/Users/saladin/Developments/interestory/components/stats'

Import trace for requested module:
./components/stats/StatsClient.tsx @ webpack-internal:///(app-pages-browser)/./node_modules/next/dist/next-devtools/shared/forward-logs-shared.js:27
[   13781ms] [LOG] [Fast Refresh] done in 101ms @ webpack-internal:///(app-pages-browser)/./node_modules/next/dist/next-devtools/shared/forward-logs-shared.js:27
[   13783ms] [LOG] [Fast Refresh] rebuilding @ webpack-internal:///(app-pages-browser)/./node_modules/next/dist/next-devtools/shared/forward-logs-shared.js:27
[   13921ms] [WARNING] ./app/page.tsx
Module not found: Can't resolve 'html-to-image' in '/Users/saladin/Developments/interestory/app'

Import trace for requested module:
./app/page.tsx @ webpack-internal:///(app-pages-browser)/./node_modules/next/dist/next-devtools/shared/forward-logs-shared.js:27
[   13921ms] [WARNING] ./components/stats/StatsClient.tsx
Module not found: Can't resolve 'html-to-image' in '/Users/saladin/Developments/interestory/components/stats'

Import trace for requested module:
./components/stats/StatsClient.tsx @ webpack-internal:///(app-pages-browser)/./node_modules/next/dist/next-devtools/shared/forward-logs-shared.js:27
[   13921ms] [LOG] [Fast Refresh] done in 139ms @ webpack-internal:///(app-pages-browser)/./node_modules/next/dist/next-devtools/shared/forward-logs-shared.js:27
[   13923ms] [LOG] [Fast Refresh] rebuilding @ webpack-internal:///(app-pages-browser)/./node_modules/next/dist/next-devtools/shared/forward-logs-shared.js:27
[   13946ms] [WARNING] The resource http://localhost:3000/_next/static/css/app/layout.css?v=1790076795215 was preloaded using link preload but not used within a few seconds from the window's load event. Please make sure it has an appropriate `as` value and it is preloaded intentionally. @ http://localhost:3000/stats:0
[   13946ms] [WARNING] The resource http://localhost:3000/_next/static/css/app/layout.css?v=1790076793924 was preloaded using link preload but not used within a few seconds from the window's load event. Please make sure it has an appropriate `as` value and it is preloaded intentionally. @ http://localhost:3000/stats:0
[   13946ms] [WARNING] The resource http://localhost:3000/_next/static/css/app/layout.css?v=1790076795437 was preloaded using link preload but not used within a few seconds from the window's load event. Please make sure it has an appropriate `as` value and it is preloaded intentionally. @ http://localhost:3000/stats:0
[   13946ms] [WARNING] The resource http://localhost:3000/_next/static/css/app/layout.css?v=1790076796269 was preloaded using link preload but not used within a few seconds from the window's load event. Please make sure it has an appropriate `as` value and it is preloaded intentionally. @ http://localhost:3000/stats:0
[   13946ms] [WARNING] The resource http://localhost:3000/_next/static/css/app/layout.css?v=1790076794511 was preloaded using link preload but not used within a few seconds from the window's load event. Please make sure it has an appropriate `as` value and it is preloaded intentionally. @ http://localhost:3000/stats:0
[   13946ms] [WARNING] The resource http://localhost:3000/_next/static/css/app/layout.css?v=1790076796883 was preloaded using link preload but not used within a few seconds from the window's load event. Please make sure it has an appropriate `as` value and it is preloaded intentionally. @ http://localhost:3000/stats:0
[   13946ms] [WARNING] The resource http://localhost:3000/_next/static/css/app/layout.css?v=1790076794725 was preloaded using link preload but not used within a few seconds from the window's load event. Please make sure it has an appropriate `as` value and it is preloaded intentionally. @ http://localhost:3000/stats:0
[   13946ms] [WARNING] The resource http://localhost:3000/_next/static/css/app/layout.css?v=1790076794151 was preloaded using link preload but not used within a few seconds from the window's load event. Please make sure it has an appropriate `as` value and it is preloaded intentionally. @ http://localhost:3000/stats:0
[   13946ms] [WARNING] The resource http://localhost:3000/_next/static/media/7d4881bb7e1bf84d-s.p.woff2?v=1790076792137 was preloaded using link preload but not used within a few seconds from the window's load event. Please make sure it has an appropriate `as` value and it is preloaded intentionally. @ http://localhost:3000/stats:0
[   13946ms] [WARNING] The resource http://localhost:3000/_next/static/css/app/layout.css?v=1790076797525 was preloaded using link preload but not used within a few seconds from the window's load event. Please make sure it has an appropriate `as` value and it is preloaded intentionally. @ http://localhost:3000/stats:0
[   13946ms] [WARNING] The resource http://localhost:3000/_next/static/css/app/layout.css?v=1790076793699 was preloaded using link preload but not used within a few seconds from the window's load event. Please make sure it has an appropriate `as` value and it is preloaded intentionally. @ http://localhost:3000/stats:0
[   13946ms] [WARNING] The resource http://localhost:3000/_next/static/css/app/layout.css?v=1790076795841 was preloaded using link preload but not used within a few seconds from the window's load event. Please make sure it has an appropriate `as` value and it is preloaded intentionally. @ http://localhost:3000/stats:0
[   13946ms] [WARNING] The resource http://localhost:3000/_next/static/css/app/layout.css?v=1790076794939 was preloaded using link preload but not used within a few seconds from the window's load event. Please make sure it has an appropriate `as` value and it is preloaded intentionally. @ http://localhost:3000/stats:0
[   13946ms] [WARNING] The resource http://localhost:3000/_next/static/media/22a5144ee8d83bca-s.p.woff2?v=1790076792137 was preloaded using link preload but not used within a few seconds from the window's load event. Please make sure it has an appropriate `as` value and it is preloaded intentionally. @ http://localhost:3000/stats:0
[   13946ms] [WARNING] The resource http://localhost:3000/_next/static/css/app/layout.css?v=1790076794331 was preloaded using link preload but not used within a few seconds from the window's load event. Please make sure it has an appropriate `as` value and it is preloaded intentionally. @ http://localhost:3000/stats:0
[   13946ms] [WARNING] The resource http://localhost:3000/_next/static/css/app/layout.css?v=1790076797062 was preloaded using link preload but not used within a few seconds from the window's load event. Please make sure it has an appropriate `as` value and it is preloaded intentionally. @ http://localhost:3000/stats:0
[   13946ms] [WARNING] The resource http://localhost:3000/_next/static/css/app/layout.css?v=1790076797339 was preloaded using link preload but not used within a few seconds from the window's load event. Please make sure it has an appropriate `as` value and it is preloaded intentionally. @ http://localhost:3000/stats:0
[   13946ms] [WARNING] The resource http://localhost:3000/_next/static/css/app/layout.css?v=1790076795613 was preloaded using link preload but not used within a few seconds from the window's load event. Please make sure it has an appropriate `as` value and it is preloaded intentionally. @ http://localhost:3000/stats:0
[   13946ms] [WARNING] The resource http://localhost:3000/_next/static/css/app/layout.css?v=1790076796700 was preloaded using link preload but not used within a few seconds from the window's load event. Please make sure it has an appropriate `as` value and it is preloaded intentionally. @ http://localhost:3000/stats:0
[   13946ms] [WARNING] The resource http://localhost:3000/_next/static/css/app/layout.css?v=1790076796534 was preloaded using link preload but not used within a few seconds from the window's load event. Please make sure it has an appropriate `as` value and it is preloaded intentionally. @ http://localhost:3000/stats:0
[   13946ms] [WARNING] The resource http://localhost:3000/_next/static/css/app/layout.css?v=1790076796070 was preloaded using link preload but not used within a few seconds from the window's load event. Please make sure it has an appropriate `as` value and it is preloaded intentionally. @ http://localhost:3000/stats:0
[   14015ms] [WARNING] ./app/page.tsx
Module not found: Can't resolve 'html-to-image' in '/Users/saladin/Developments/interestory/app'

Import trace for requested module:
./app/page.tsx @ webpack-internal:///(app-pages-browser)/./node_modules/next/dist/next-devtools/shared/forward-logs-shared.js:27
[   14015ms] [WARNING] ./components/stats/StatsClient.tsx
Module not found: Can't resolve 'html-to-image' in '/Users/saladin/Developments/interestory/components/stats'

Import trace for requested module:
./components/stats/StatsClient.tsx @ webpack-internal:///(app-pages-browser)/./node_modules/next/dist/next-devtools/shared/forward-logs-shared.js:27
[   14016ms] [LOG] [Fast Refresh] done in 92ms @ webpack-internal:///(app-pages-browser)/./node_modules/next/dist/next-devtools/shared/forward-logs-shared.js:27
[   14017ms] [LOG] [Fast Refresh] rebuilding @ webpack-internal:///(app-pages-browser)/./node_modules/next/dist/next-devtools/shared/forward-logs-shared.js:27
[   14144ms] [WARNING] ./app/page.tsx
Module not found: Can't resolve 'html-to-image' in '/Users/saladin/Developments/interestory/app'

Import trace for requested module:
./app/page.tsx @ webpack-internal:///(app-pages-browser)/./node_modules/next/dist/next-devtools/shared/forward-logs-shared.js:27
[   14144ms] [WARNING] ./components/stats/StatsClient.tsx
Module not found: Can't resolve 'html-to-image' in '/Users/saladin/Developments/interestory/components/stats'

Import trace for requested module:
./components/stats/StatsClient.tsx @ webpack-internal:///(app-pages-browser)/./node_modules/next/dist/next-devtools/shared/forward-logs-shared.js:27
[   14144ms] [LOG] [Fast Refresh] done in 128ms @ webpack-internal:///(app-pages-browser)/./node_modules/next/dist/next-devtools/shared/forward-logs-shared.js:27
[   14145ms] [LOG] [Fast Refresh] rebuilding @ webpack-internal:///(app-pages-browser)/./node_modules/next/dist/next-devtools/shared/forward-logs-shared.js:27
[   14290ms] [WARNING] ./app/page.tsx
Module not found: Can't resolve 'html-to-image' in '/Users/saladin/Developments/interestory/app'

Import trace for requested module:
./app/page.tsx @ webpack-internal:///(app-pages-browser)/./node_modules/next/dist/next-devtools/shared/forward-logs-shared.js:27
[   14290ms] [WARNING] ./components/stats/StatsClient.tsx
Module not found: Can't resolve 'html-to-image' in '/Users/saladin/Developments/interestory/components/stats'

Import trace for requested module:
./components/stats/StatsClient.tsx @ webpack-internal:///(app-pages-browser)/./node_modules/next/dist/next-devtools/shared/forward-logs-shared.js:27
[   14290ms] [LOG] [Fast Refresh] done in 145ms @ webpack-internal:///(app-pages-browser)/./node_modules/next/dist/next-devtools/shared/forward-logs-shared.js:27
[   14292ms] [LOG] [Fast Refresh] rebuilding @ webpack-internal:///(app-pages-browser)/./node_modules/next/dist/next-devtools/shared/forward-logs-shared.js:27
[   14444ms] [WARNING] ./app/page.tsx
Module not found: Can't resolve 'html-to-image' in '/Users/saladin/Developments/interestory/app'

Import trace for requested module:
./app/page.tsx @ webpack-internal:///(app-pages-browser)/./node_modules/next/dist/next-devtools/shared/forward-logs-shared.js:27
[   14444ms] [WARNING] ./components/stats/StatsClient.tsx
Module not found: Can't resolve 'html-to-image' in '/Users/saladin/Developments/interestory/components/stats'

Import trace for requested module:
./components/stats/StatsClient.tsx @ webpack-internal:///(app-pages-browser)/./node_modules/next/dist/next-devtools/shared/forward-logs-shared.js:27
[   14444ms] [LOG] [Fast Refresh] done in 152ms @ webpack-internal:///(app-pages-browser)/./node_modules/next/dist/next-devtools/shared/forward-logs-shared.js:27
[   14444ms] [LOG] [Fast Refresh] rebuilding @ webpack-internal:///(app-pages-browser)/./node_modules/next/dist/next-devtools/shared/forward-logs-shared.js:27
[   14762ms] [LOG] [Fast Refresh] rebuilding @ webpack-internal:///(app-pages-browser)/./node_modules/next/dist/next-devtools/shared/forward-logs-shared.js:27
[   14762ms] [WARNING] ./app/page.tsx
Module not found: Can't resolve 'html-to-image' in '/Users/saladin/Developments/interestory/app'

Import trace for requested module:
./app/page.tsx @ webpack-internal:///(app-pages-browser)/./node_modules/next/dist/next-devtools/shared/forward-logs-shared.js:27
[   14762ms] [WARNING] ./components/stats/StatsClient.tsx
Module not found: Can't resolve 'html-to-image' in '/Users/saladin/Developments/interestory/components/stats'

Import trace for requested module:
./components/stats/StatsClient.tsx @ webpack-internal:///(app-pages-browser)/./node_modules/next/dist/next-devtools/shared/forward-logs-shared.js:27
[   14762ms] [LOG] [Fast Refresh] done in 0ms @ webpack-internal:///(app-pages-browser)/./node_modules/next/dist/next-devtools/shared/forward-logs-shared.js:27
[   14772ms] [LOG] [Fast Refresh] rebuilding @ webpack-internal:///(app-pages-browser)/./node_modules/next/dist/next-devtools/shared/forward-logs-shared.js:27
[   14804ms] [WARNING] ./app/page.tsx
Module not found: Can't resolve 'html-to-image' in '/Users/saladin/Developments/interestory/app'

Import trace for requested module:
./app/page.tsx @ webpack-internal:///(app-pages-browser)/./node_modules/next/dist/next-devtools/shared/forward-logs-shared.js:27
[   14804ms] [WARNING] ./components/stats/StatsClient.tsx
Module not found: Can't resolve 'html-to-image' in '/Users/saladin/Developments/interestory/components/stats'

Import trace for requested module:
./components/stats/StatsClient.tsx @ webpack-internal:///(app-pages-browser)/./node_modules/next/dist/next-devtools/shared/forward-logs-shared.js:27
[   14804ms] [LOG] [Fast Refresh] done in 32ms @ webpack-internal:///(app-pages-browser)/./node_modules/next/dist/next-devtools/shared/forward-logs-shared.js:27
[   14819ms] [ERROR] Failed to load resource: the server responded with a status of 500 (Internal Server Error) @ http://localhost:3000/stats?_rsc=1he2d:0
[   14823ms] [LOG] [Fast Refresh] rebuilding @ webpack-internal:///(app-pages-browser)/./node_modules/next/dist/next-devtools/shared/forward-logs-shared.js:27
[   14916ms] [WARNING] ./app/page.tsx
Module not found: Can't resolve 'html-to-image' in '/Users/saladin/Developments/interestory/app'

Import trace for requested module:
./app/page.tsx @ webpack-internal:///(app-pages-browser)/./node_modules/next/dist/next-devtools/shared/forward-logs-shared.js:27
[   14916ms] [WARNING] ./components/stats/StatsClient.tsx
Module not found: Can't resolve 'html-to-image' in '/Users/saladin/Developments/interestory/components/stats'

Import trace for requested module:
./components/stats/StatsClient.tsx @ webpack-internal:///(app-pages-browser)/./node_modules/next/dist/next-devtools/shared/forward-logs-shared.js:27
[   14916ms] [LOG] [Fast Refresh] done in 94ms @ webpack-internal:///(app-pages-browser)/./node_modules/next/dist/next-devtools/shared/forward-logs-shared.js:27
[   14974ms] [LOG] [Fast Refresh] rebuilding @ webpack-internal:///(app-pages-browser)/./node_modules/next/dist/next-devtools/shared/forward-logs-shared.js:27
[   15070ms] [WARNING] ./app/page.tsx
Module not found: Can't resolve 'html-to-image' in '/Users/saladin/Developments/interestory/app'

Import trace for requested module:
./app/page.tsx @ webpack-internal:///(app-pages-browser)/./node_modules/next/dist/next-devtools/shared/forward-logs-shared.js:27
[   15070ms] [WARNING] ./components/stats/StatsClient.tsx
Module not found: Can't resolve 'html-to-image' in '/Users/saladin/Developments/interestory/components/stats'

Import trace for requested module:
./components/stats/StatsClient.tsx @ webpack-internal:///(app-pages-browser)/./node_modules/next/dist/next-devtools/shared/forward-logs-shared.js:27
[   15070ms] [LOG] [Fast Refresh] done in 96ms @ webpack-internal:///(app-pages-browser)/./node_modules/next/dist/next-devtools/shared/forward-logs-shared.js:27
[   15076ms] [LOG] [Fast Refresh] rebuilding @ webpack-internal:///(app-pages-browser)/./node_modules/next/dist/next-devtools/shared/forward-logs-shared.js:27
[   15209ms] [WARNING] ./app/page.tsx
Module not found: Can't resolve 'html-to-image' in '/Users/saladin/Developments/interestory/app'

Import trace for requested module:
./app/page.tsx @ webpack-internal:///(app-pages-browser)/./node_modules/next/dist/next-devtools/shared/forward-logs-shared.js:27
[   15209ms] [WARNING] ./components/stats/StatsClient.tsx
Module not found: Can't resolve 'html-to-image' in '/Users/saladin/Developments/interestory/components/stats'

Import trace for requested module:
./components/stats/StatsClient.tsx @ webpack-internal:///(app-pages-browser)/./node_modules/next/dist/next-devtools/shared/forward-logs-shared.js:27
[   15209ms] [LOG] [Fast Refresh] done in 134ms @ webpack-internal:///(app-pages-browser)/./node_modules/next/dist/next-devtools/shared/forward-logs-shared.js:27
[   15292ms] [LOG] [Fast Refresh] rebuilding @ webpack-internal:///(app-pages-browser)/./node_modules/next/dist/next-devtools/shared/forward-logs-shared.js:27
[   15333ms] [WARNING] ./app/page.tsx
Module not found: Can't resolve 'html-to-image' in '/Users/saladin/Developments/interestory/app'

Import trace for requested module:
./app/page.tsx @ webpack-internal:///(app-pages-browser)/./node_modules/next/dist/next-devtools/shared/forward-logs-shared.js:27
[   15333ms] [WARNING] ./components/stats/StatsClient.tsx
Module not found: Can't resolve 'html-to-image' in '/Users/saladin/Developments/interestory/components/stats'

Import trace for requested module:
./components/stats/StatsClient.tsx @ webpack-internal:///(app-pages-browser)/./node_modules/next/dist/next-devtools/shared/forward-logs-shared.js:27
[   15333ms] [LOG] [Fast Refresh] done in 41ms @ webpack-internal:///(app-pages-browser)/./node_modules/next/dist/next-devtools/shared/forward-logs-shared.js:27
[   15349ms] [LOG] [Fast Refresh] rebuilding @ webpack-internal:///(app-pages-browser)/./node_modules/next/dist/next-devtools/shared/forward-logs-shared.js:27
[   15430ms] [WARNING] ./app/page.tsx
Module not found: Can't resolve 'html-to-image' in '/Users/saladin/Developments/interestory/app'

Import trace for requested module:
./app/page.tsx @ webpack-internal:///(app-pages-browser)/./node_modules/next/dist/next-devtools/shared/forward-logs-shared.js:27
[   15431ms] [WARNING] ./components/stats/StatsClient.tsx
Module not found: Can't resolve 'html-to-image' in '/Users/saladin/Developments/interestory/components/stats'

Import trace for requested module:
./components/stats/StatsClient.tsx @ webpack-internal:///(app-pages-browser)/./node_modules/next/dist/next-devtools/shared/forward-logs-shared.js:27
[   15431ms] [LOG] [Fast Refresh] done in 82ms @ webpack-internal:///(app-pages-browser)/./node_modules/next/dist/next-devtools/shared/forward-logs-shared.js:27
[   15463ms] [LOG] [Fast Refresh] rebuilding @ webpack-internal:///(app-pages-browser)/./node_modules/next/dist/next-devtools/shared/forward-logs-shared.js:27
[   15554ms] [WARNING] ./app/page.tsx
Module not found: Can't resolve 'html-to-image' in '/Users/saladin/Developments/interestory/app'

Import trace for requested module:
./app/page.tsx @ webpack-internal:///(app-pages-browser)/./node_modules/next/dist/next-devtools/shared/forward-logs-shared.js:27
[   15554ms] [WARNING] ./components/stats/StatsClient.tsx
Module not found: Can't resolve 'html-to-image' in '/Users/saladin/Developments/interestory/components/stats'

Import trace for requested module:
./components/stats/StatsClient.tsx @ webpack-internal:///(app-pages-browser)/./node_modules/next/dist/next-devtools/shared/forward-logs-shared.js:27
[   15554ms] [LOG] [Fast Refresh] done in 90ms @ webpack-internal:///(app-pages-browser)/./node_modules/next/dist/next-devtools/shared/forward-logs-shared.js:27
[   15609ms] [LOG] [Fast Refresh] rebuilding @ webpack-internal:///(app-pages-browser)/./node_modules/next/dist/next-devtools/shared/forward-logs-shared.js:27
[   15639ms] [WARNING] ./app/page.tsx
Module not found: Can't resolve 'html-to-image' in '/Users/saladin/Developments/interestory/app'

Import trace for requested module:
./app/page.tsx @ webpack-internal:///(app-pages-browser)/./node_modules/next/dist/next-devtools/shared/forward-logs-shared.js:27
[   15639ms] [WARNING] ./components/stats/StatsClient.tsx
Module not found: Can't resolve 'html-to-image' in '/Users/saladin/Developments/interestory/components/stats'

Import trace for requested module:
./components/stats/StatsClient.tsx @ webpack-internal:///(app-pages-browser)/./node_modules/next/dist/next-devtools/shared/forward-logs-shared.js:27
[   15639ms] [LOG] [Fast Refresh] done in 29ms @ webpack-internal:///(app-pages-browser)/./node_modules/next/dist/next-devtools/shared/forward-logs-shared.js:27
[   15651ms] [LOG] [Fast Refresh] rebuilding @ webpack-internal:///(app-pages-browser)/./node_modules/next/dist/next-devtools/shared/forward-logs-shared.js:27
[   15762ms] [WARNING] ./app/page.tsx
Module not found: Can't resolve 'html-to-image' in '/Users/saladin/Developments/interestory/app'

Import trace for requested module:
./app/page.tsx @ webpack-internal:///(app-pages-browser)/./node_modules/next/dist/next-devtools/shared/forward-logs-shared.js:27
[   15762ms] [WARNING] ./components/stats/StatsClient.tsx
Module not found: Can't resolve 'html-to-image' in '/Users/saladin/Developments/interestory/components/stats'

Import trace for requested module:
./components/stats/StatsClient.tsx @ webpack-internal:///(app-pages-browser)/./node_modules/next/dist/next-devtools/shared/forward-logs-shared.js:27
[   15762ms] [LOG] [Fast Refresh] done in 111ms @ webpack-internal:///(app-pages-browser)/./node_modules/next/dist/next-devtools/shared/forward-logs-shared.js:27
[   15822ms] [LOG] [Fast Refresh] rebuilding @ webpack-internal:///(app-pages-browser)/./node_modules/next/dist/next-devtools/shared/forward-logs-shared.js:27
[   15855ms] [WARNING] ./app/page.tsx
Module not found: Can't resolve 'html-to-image' in '/Users/saladin/Developments/interestory/app'

Import trace for requested module:
./app/page.tsx @ webpack-internal:///(app-pages-browser)/./node_modules/next/dist/next-devtools/shared/forward-logs-shared.js:27
[   15855ms] [WARNING] ./components/stats/StatsClient.tsx
Module not found: Can't resolve 'html-to-image' in '/Users/saladin/Developments/interestory/components/stats'

Import trace for requested module:
./components/stats/StatsClient.tsx @ webpack-internal:///(app-pages-browser)/./node_modules/next/dist/next-devtools/shared/forward-logs-shared.js:27
[   15855ms] [LOG] [Fast Refresh] done in 33ms @ webpack-internal:///(app-pages-browser)/./node_modules/next/dist/next-devtools/shared/forward-logs-shared.js:27
[   15910ms] [LOG] [Fast Refresh] rebuilding @ webpack-internal:///(app-pages-browser)/./node_modules/next/dist/next-devtools/shared/forward-logs-shared.js:27
[   15972ms] [WARNING] ./app/page.tsx
Module not found: Can't resolve 'html-to-image' in '/Users/saladin/Developments/interestory/app'

Import trace for requested module:
./app/page.tsx @ webpack-internal:///(app-pages-browser)/./node_modules/next/dist/next-devtools/shared/forward-logs-shared.js:27
[   15972ms] [WARNING] ./components/stats/StatsClient.tsx
Module not found: Can't resolve 'html-to-image' in '/Users/saladin/Developments/interestory/components/stats'

Import trace for requested module:
./components/stats/StatsClient.tsx @ webpack-internal:///(app-pages-browser)/./node_modules/next/dist/next-devtools/shared/forward-logs-shared.js:27
[   15973ms] [LOG] [Fast Refresh] done in 62ms @ webpack-internal:///(app-pages-browser)/./node_modules/next/dist/next-devtools/shared/forward-logs-shared.js:27
[   16034ms] [LOG] [Fast Refresh] rebuilding @ webpack-internal:///(app-pages-browser)/./node_modules/next/dist/next-devtools/shared/forward-logs-shared.js:27
[   16059ms] [WARNING] ./app/page.tsx
Module not found: Can't resolve 'html-to-image' in '/Users/saladin/Developments/interestory/app'

Import trace for requested module:
./app/page.tsx @ webpack-internal:///(app-pages-browser)/./node_modules/next/dist/next-devtools/shared/forward-logs-shared.js:27
[   16059ms] [WARNING] ./components/stats/StatsClient.tsx
Module not found: Can't resolve 'html-to-image' in '/Users/saladin/Developments/interestory/components/stats'

Import trace for requested module:
./components/stats/StatsClient.tsx @ webpack-internal:///(app-pages-browser)/./node_modules/next/dist/next-devtools/shared/forward-logs-shared.js:27
[   16059ms] [LOG] [Fast Refresh] done in 26ms @ webpack-internal:///(app-pages-browser)/./node_modules/next/dist/next-devtools/shared/forward-logs-shared.js:27
[   16125ms] [LOG] [Fast Refresh] rebuilding @ webpack-internal:///(app-pages-browser)/./node_modules/next/dist/next-devtools/shared/forward-logs-shared.js:27
[   16202ms] [WARNING] ./app/page.tsx
Module not found: Can't resolve 'html-to-image' in '/Users/saladin/Developments/interestory/app'

Import trace for requested module:
./app/page.tsx @ webpack-internal:///(app-pages-browser)/./node_modules/next/dist/next-devtools/shared/forward-logs-shared.js:27
[   16202ms] [WARNING] ./components/stats/StatsClient.tsx
Module not found: Can't resolve 'html-to-image' in '/Users/saladin/Developments/interestory/components/stats'

Import trace for requested module:
./components/stats/StatsClient.tsx @ webpack-internal:///(app-pages-browser)/./node_modules/next/dist/next-devtools/shared/forward-logs-shared.js:27
[   16202ms] [LOG] [Fast Refresh] done in 76ms @ webpack-internal:///(app-pages-browser)/./node_modules/next/dist/next-devtools/shared/forward-logs-shared.js:27
[   16209ms] [LOG] [Fast Refresh] rebuilding @ webpack-internal:///(app-pages-browser)/./node_modules/next/dist/next-devtools/shared/forward-logs-shared.js:27
[   16373ms] [ERROR] Access to image at 'https://png.pngtree.com/png-vector/20231123/ourmid/pngtree-round-glasses-png-image_10705551.png' from origin 'http://localhost:3000' has been blocked by CORS policy: No 'Access-Control-Allow-Origin' header is present on the requested resource. @ http://localhost:3000/stats:0
[   16373ms] [ERROR] Failed to load resource: net::ERR_FAILED @ https://png.pngtree.com/png-vector/20231123/ourmid/pngtree-round-glasses-png-image_10705551.png:0
[   16374ms] [ERROR] Access to image at 'https://rricoid-assets.obs.ap-southeast-4.myhuaweicloud.com/berita/Mamuju/o/1756563930409-images_(18)/85c3d6igojy0lgs.jpeg' from origin 'http://localhost:3000' has been blocked by CORS policy: No 'Access-Control-Allow-Origin' header is present on the requested resource. @ http://localhost:3000/stats:0
[   16374ms] [ERROR] Failed to load resource: net::ERR_FAILED @ https://rricoid-assets.obs.ap-southeast-4.myhuaweicloud.com/berita/Mamuju/o/1756563930409-images_(18)/85c3d6igojy0lgs.jpeg:0
[   16944ms] [INFO] %cDownload the React DevTools for a better development experience: https://react.dev/link/react-devtools font-weight:bold @ webpack-internal:///(app-pages-browser)/./node_modules/next/dist/next-devtools/shared/forward-logs-shared.js:27
[   16958ms] [LOG] [HMR] connected @ webpack-internal:///(app-pages-browser)/./node_modules/next/dist/next-devtools/shared/forward-logs-shared.js:27
[   16963ms] [WARNING] ./app/page.tsx
Module not found: Can't resolve 'html-to-image' in '/Users/saladin/Developments/interestory/app' @ webpack-internal:///(app-pages-browser)/./node_modules/next/dist/next-devtools/shared/forward-logs-shared.js:27
[   16963ms] [WARNING] ./components/stats/StatsClient.tsx
Module not found: Can't resolve 'html-to-image' in '/Users/saladin/Developments/interestory/components/stats' @ webpack-internal:///(app-pages-browser)/./node_modules/next/dist/next-devtools/shared/forward-logs-shared.js:27
[   16975ms] [LOG] [Fast Refresh] rebuilding @ webpack-internal:///(app-pages-browser)/./node_modules/next/dist/next-devtools/shared/forward-logs-shared.js:27
[   17072ms] [WARNING] ./app/page.tsx
Module not found: Can't resolve 'html-to-image' in '/Users/saladin/Developments/interestory/app'

Import trace for requested module:
./app/page.tsx @ webpack-internal:///(app-pages-browser)/./node_modules/next/dist/next-devtools/shared/forward-logs-shared.js:27
[   17072ms] [WARNING] ./components/stats/StatsClient.tsx
Module not found: Can't resolve 'html-to-image' in '/Users/saladin/Developments/interestory/components/stats'

Import trace for requested module:
./components/stats/StatsClient.tsx @ webpack-internal:///(app-pages-browser)/./node_modules/next/dist/next-devtools/shared/forward-logs-shared.js:27
[   17073ms] [LOG] [Fast Refresh] rebuilding @ webpack-internal:///(app-pages-browser)/./node_modules/next/dist/next-devtools/shared/forward-logs-shared.js:27
[   17185ms] [LOG] [Fast Refresh] done in 112ms @ webpack-internal:///(app-pages-browser)/./node_modules/next/dist/next-devtools/shared/forward-logs-shared.js:27
[   17187ms] [WARNING] ./app/page.tsx
Module not found: Can't resolve 'html-to-image' in '/Users/saladin/Developments/interestory/app'

Import trace for requested module:
./app/page.tsx @ webpack-internal:///(app-pages-browser)/./node_modules/next/dist/next-devtools/shared/forward-logs-shared.js:27
[   17187ms] [WARNING] ./components/stats/StatsClient.tsx
Module not found: Can't resolve 'html-to-image' in '/Users/saladin/Developments/interestory/components/stats'

Import trace for requested module:
./components/stats/StatsClient.tsx @ webpack-internal:///(app-pages-browser)/./node_modules/next/dist/next-devtools/shared/forward-logs-shared.js:27
[   17190ms] [LOG] [Fast Refresh] rebuilding @ webpack-internal:///(app-pages-browser)/./node_modules/next/dist/next-devtools/shared/forward-logs-shared.js:27
[   17201ms] [LOG] [Fast Refresh] done in 11ms @ webpack-internal:///(app-pages-browser)/./node_modules/next/dist/next-devtools/shared/forward-logs-shared.js:27
[   17334ms] [WARNING] ./app/page.tsx
Module not found: Can't resolve 'html-to-image' in '/Users/saladin/Developments/interestory/app'

Import trace for requested module:
./app/page.tsx @ webpack-internal:///(app-pages-browser)/./node_modules/next/dist/next-devtools/shared/forward-logs-shared.js:27
[   17334ms] [WARNING] ./components/stats/StatsClient.tsx
Module not found: Can't resolve 'html-to-image' in '/Users/saladin/Developments/interestory/components/stats'

Import trace for requested module:
./components/stats/StatsClient.tsx @ webpack-internal:///(app-pages-browser)/./node_modules/next/dist/next-devtools/shared/forward-logs-shared.js:27
[   17336ms] [LOG] [Fast Refresh] rebuilding @ webpack-internal:///(app-pages-browser)/./node_modules/next/dist/next-devtools/shared/forward-logs-shared.js:27
[   17342ms] [LOG] [Fast Refresh] done in 7ms @ webpack-internal:///(app-pages-browser)/./node_modules/next/dist/next-devtools/shared/forward-logs-shared.js:27
[   17439ms] [WARNING] ./app/page.tsx
Module not found: Can't resolve 'html-to-image' in '/Users/saladin/Developments/interestory/app'

Import trace for requested module:
./app/page.tsx @ webpack-internal:///(app-pages-browser)/./node_modules/next/dist/next-devtools/shared/forward-logs-shared.js:27
[   17439ms] [WARNING] ./components/stats/StatsClient.tsx
Module not found: Can't resolve 'html-to-image' in '/Users/saladin/Developments/interestory/components/stats'

Import trace for requested module:
./components/stats/StatsClient.tsx @ webpack-internal:///(app-pages-browser)/./node_modules/next/dist/next-devtools/shared/forward-logs-shared.js:27
[   17440ms] [LOG] [Fast Refresh] rebuilding @ webpack-internal:///(app-pages-browser)/./node_modules/next/dist/next-devtools/shared/forward-logs-shared.js:27
[   17444ms] [LOG] [Fast Refresh] done in 5ms @ webpack-internal:///(app-pages-browser)/./node_modules/next/dist/next-devtools/shared/forward-logs-shared.js:27
[   17565ms] [WARNING] ./app/page.tsx
Module not found: Can't resolve 'html-to-image' in '/Users/saladin/Developments/interestory/app'

Import trace for requested module:
./app/page.tsx @ webpack-internal:///(app-pages-browser)/./node_modules/next/dist/next-devtools/shared/forward-logs-shared.js:27
[   17565ms] [WARNING] ./components/stats/StatsClient.tsx
Module not found: Can't resolve 'html-to-image' in '/Users/saladin/Developments/interestory/components/stats'

Import trace for requested module:
./components/stats/StatsClient.tsx @ webpack-internal:///(app-pages-browser)/./node_modules/next/dist/next-devtools/shared/forward-logs-shared.js:27
[   17566ms] [LOG] [Fast Refresh] rebuilding @ webpack-internal:///(app-pages-browser)/./node_modules/next/dist/next-devtools/shared/forward-logs-shared.js:27
[   17575ms] [LOG] [Fast Refresh] done in 9ms @ webpack-internal:///(app-pages-browser)/./node_modules/next/dist/next-devtools/shared/forward-logs-shared.js:27
[   17679ms] [WARNING] ./app/page.tsx
Module not found: Can't resolve 'html-to-image' in '/Users/saladin/Developments/interestory/app'

Import trace for requested module:
./app/page.tsx @ webpack-internal:///(app-pages-browser)/./node_modules/next/dist/next-devtools/shared/forward-logs-shared.js:27
[   17679ms] [WARNING] ./components/stats/StatsClient.tsx
Module not found: Can't resolve 'html-to-image' in '/Users/saladin/Developments/interestory/components/stats'

Import trace for requested module:
./components/stats/StatsClient.tsx @ webpack-internal:///(app-pages-browser)/./node_modules/next/dist/next-devtools/shared/forward-logs-shared.js:27
[   17679ms] [LOG] [Fast Refresh] rebuilding @ webpack-internal:///(app-pages-browser)/./node_modules/next/dist/next-devtools/shared/forward-logs-shared.js:27
[   17709ms] [LOG] [Fast Refresh] done in 29ms @ webpack-internal:///(app-pages-browser)/./node_modules/next/dist/next-devtools/shared/forward-logs-shared.js:27
[   18035ms] [LOG] [Fast Refresh] rebuilding @ webpack-internal:///(app-pages-browser)/./node_modules/next/dist/next-devtools/shared/forward-logs-shared.js:27
[   18036ms] [WARNING] ./app/page.tsx
Module not found: Can't resolve 'html-to-image' in '/Users/saladin/Developments/interestory/app'

Import trace for requested module:
./app/page.tsx @ webpack-internal:///(app-pages-browser)/./node_modules/next/dist/next-devtools/shared/forward-logs-shared.js:27
[   18036ms] [WARNING] ./components/stats/StatsClient.tsx
Module not found: Can't resolve 'html-to-image' in '/Users/saladin/Developments/interestory/components/stats'

Import trace for requested module:
./components/stats/StatsClient.tsx @ webpack-internal:///(app-pages-browser)/./node_modules/next/dist/next-devtools/shared/forward-logs-shared.js:27
[   18054ms] [LOG] [Fast Refresh] done in 18ms @ webpack-internal:///(app-pages-browser)/./node_modules/next/dist/next-devtools/shared/forward-logs-shared.js:27
[   18091ms] [WARNING] ./app/page.tsx
Module not found: Can't resolve 'html-to-image' in '/Users/saladin/Developments/interestory/app'

Import trace for requested module:
./app/page.tsx @ webpack-internal:///(app-pages-browser)/./node_modules/next/dist/next-devtools/shared/forward-logs-shared.js:27
[   18091ms] [WARNING] ./components/stats/StatsClient.tsx
Module not found: Can't resolve 'html-to-image' in '/Users/saladin/Developments/interestory/components/stats'

Import trace for requested module:
./components/stats/StatsClient.tsx @ webpack-internal:///(app-pages-browser)/./node_modules/next/dist/next-devtools/shared/forward-logs-shared.js:27
[   18091ms] [LOG] [Fast Refresh] done in 55ms @ webpack-internal:///(app-pages-browser)/./node_modules/next/dist/next-devtools/shared/forward-logs-shared.js:27
[   18109ms] [ERROR] Failed to load resource: the server responded with a status of 500 (Internal Server Error) @ http://localhost:3000/stats?_rsc=1he2d:0
[   18110ms] [LOG] [Fast Refresh] rebuilding @ webpack-internal:///(app-pages-browser)/./node_modules/next/dist/next-devtools/shared/forward-logs-shared.js:27
[   18214ms] [WARNING] ./app/page.tsx
Module not found: Can't resolve 'html-to-image' in '/Users/saladin/Developments/interestory/app'

Import trace for requested module:
./app/page.tsx @ webpack-internal:///(app-pages-browser)/./node_modules/next/dist/next-devtools/shared/forward-logs-shared.js:27
[   18214ms] [WARNING] ./components/stats/StatsClient.tsx
Module not found: Can't resolve 'html-to-image' in '/Users/saladin/Developments/interestory/components/stats'

Import trace for requested module:
./components/stats/StatsClient.tsx @ webpack-internal:///(app-pages-browser)/./node_modules/next/dist/next-devtools/shared/forward-logs-shared.js:27
[   18216ms] [LOG] [Fast Refresh] rebuilding @ webpack-internal:///(app-pages-browser)/./node_modules/next/dist/next-devtools/shared/forward-logs-shared.js:27
[   18220ms] [LOG] [Fast Refresh] done in 4ms @ webpack-internal:///(app-pages-browser)/./node_modules/next/dist/next-devtools/shared/forward-logs-shared.js:27
[   18416ms] [WARNING] ./app/page.tsx
Module not found: Can't resolve 'html-to-image' in '/Users/saladin/Developments/interestory/app'

Import trace for requested module:
./app/page.tsx @ webpack-internal:///(app-pages-browser)/./node_modules/next/dist/next-devtools/shared/forward-logs-shared.js:27
[   18416ms] [WARNING] ./components/stats/StatsClient.tsx
Module not found: Can't resolve 'html-to-image' in '/Users/saladin/Developments/interestory/components/stats'

Import trace for requested module:
./components/stats/StatsClient.tsx @ webpack-internal:///(app-pages-browser)/./node_modules/next/dist/next-devtools/shared/forward-logs-shared.js:27
[   18418ms] [LOG] [Fast Refresh] rebuilding @ webpack-internal:///(app-pages-browser)/./node_modules/next/dist/next-devtools/shared/forward-logs-shared.js:27
[   18426ms] [LOG] [Fast Refresh] done in 8ms @ webpack-internal:///(app-pages-browser)/./node_modules/next/dist/next-devtools/shared/forward-logs-shared.js:27
[   18507ms] [WARNING] ./app/page.tsx
Module not found: Can't resolve 'html-to-image' in '/Users/saladin/Developments/interestory/app'

Import trace for requested module:
./app/page.tsx @ webpack-internal:///(app-pages-browser)/./node_modules/next/dist/next-devtools/shared/forward-logs-shared.js:27
[   18507ms] [WARNING] ./components/stats/StatsClient.tsx
Module not found: Can't resolve 'html-to-image' in '/Users/saladin/Developments/interestory/components/stats'

Import trace for requested module:
./components/stats/StatsClient.tsx @ webpack-internal:///(app-pages-browser)/./node_modules/next/dist/next-devtools/shared/forward-logs-shared.js:27
[   18508ms] [LOG] [Fast Refresh] rebuilding @ webpack-internal:///(app-pages-browser)/./node_modules/next/dist/next-devtools/shared/forward-logs-shared.js:27
[   18513ms] [LOG] [Fast Refresh] done in 4ms @ webpack-internal:///(app-pages-browser)/./node_modules/next/dist/next-devtools/shared/forward-logs-shared.js:27
[   18696ms] [WARNING] ./app/page.tsx
Module not found: Can't resolve 'html-to-image' in '/Users/saladin/Developments/interestory/app'

Import trace for requested module:
./app/page.tsx @ webpack-internal:///(app-pages-browser)/./node_modules/next/dist/next-devtools/shared/forward-logs-shared.js:27
[   18696ms] [WARNING] ./components/stats/StatsClient.tsx
Module not found: Can't resolve 'html-to-image' in '/Users/saladin/Developments/interestory/components/stats'

Import trace for requested module:
./components/stats/StatsClient.tsx @ webpack-internal:///(app-pages-browser)/./node_modules/next/dist/next-devtools/shared/forward-logs-shared.js:27
[   18698ms] [LOG] [Fast Refresh] rebuilding @ webpack-internal:///(app-pages-browser)/./node_modules/next/dist/next-devtools/shared/forward-logs-shared.js:27
[   18712ms] [LOG] [Fast Refresh] done in 15ms @ webpack-internal:///(app-pages-browser)/./node_modules/next/dist/next-devtools/shared/forward-logs-shared.js:27
[   18790ms] [WARNING] ./app/page.tsx
Module not found: Can't resolve 'html-to-image' in '/Users/saladin/Developments/interestory/app'

Import trace for requested module:
./app/page.tsx @ webpack-internal:///(app-pages-browser)/./node_modules/next/dist/next-devtools/shared/forward-logs-shared.js:27
[   18790ms] [WARNING] ./components/stats/StatsClient.tsx
Module not found: Can't resolve 'html-to-image' in '/Users/saladin/Developments/interestory/components/stats'

Import trace for requested module:
./components/stats/StatsClient.tsx @ webpack-internal:///(app-pages-browser)/./node_modules/next/dist/next-devtools/shared/forward-logs-shared.js:27
[   18792ms] [LOG] [Fast Refresh] rebuilding @ webpack-internal:///(app-pages-browser)/./node_modules/next/dist/next-devtools/shared/forward-logs-shared.js:27
[   18917ms] [WARNING] ./app/page.tsx
Module not found: Can't resolve 'html-to-image' in '/Users/saladin/Developments/interestory/app'

Import trace for requested module:
./app/page.tsx @ webpack-internal:///(app-pages-browser)/./node_modules/next/dist/next-devtools/shared/forward-logs-shared.js:27
[   18917ms] [WARNING] ./components/stats/StatsClient.tsx
Module not found: Can't resolve 'html-to-image' in '/Users/saladin/Developments/interestory/components/stats'

Import trace for requested module:
./components/stats/StatsClient.tsx @ webpack-internal:///(app-pages-browser)/./node_modules/next/dist/next-devtools/shared/forward-logs-shared.js:27
[   18917ms] [LOG] [Fast Refresh] done in 124ms @ webpack-internal:///(app-pages-browser)/./node_modules/next/dist/next-devtools/shared/forward-logs-shared.js:27
[   18918ms] [LOG] [Fast Refresh] rebuilding @ webpack-internal:///(app-pages-browser)/./node_modules/next/dist/next-devtools/shared/forward-logs-shared.js:27
[   19050ms] [WARNING] ./app/page.tsx
Module not found: Can't resolve 'html-to-image' in '/Users/saladin/Developments/interestory/app'

Import trace for requested module:
./app/page.tsx @ webpack-internal:///(app-pages-browser)/./node_modules/next/dist/next-devtools/shared/forward-logs-shared.js:27
[   19050ms] [WARNING] ./components/stats/StatsClient.tsx
Module not found: Can't resolve 'html-to-image' in '/Users/saladin/Developments/interestory/components/stats'

Import trace for requested module:
./components/stats/StatsClient.tsx @ webpack-internal:///(app-pages-browser)/./node_modules/next/dist/next-devtools/shared/forward-logs-shared.js:27
[   19050ms] [LOG] [Fast Refresh] done in 132ms @ webpack-internal:///(app-pages-browser)/./node_modules/next/dist/next-devtools/shared/forward-logs-shared.js:27
[   19052ms] [LOG] [Fast Refresh] rebuilding @ webpack-internal:///(app-pages-browser)/./node_modules/next/dist/next-devtools/shared/forward-logs-shared.js:27
[   19203ms] [ERROR] Access to image at 'https://png.pngtree.com/png-vector/20231123/ourmid/pngtree-round-glasses-png-image_10705551.png' from origin 'http://localhost:3000' has been blocked by CORS policy: No 'Access-Control-Allow-Origin' header is present on the requested resource. @ http://localhost:3000/stats:0
[   19203ms] [ERROR] Failed to load resource: net::ERR_FAILED @ https://png.pngtree.com/png-vector/20231123/ourmid/pngtree-round-glasses-png-image_10705551.png:0
[   19204ms] [ERROR] Access to image at 'https://rricoid-assets.obs.ap-southeast-4.myhuaweicloud.com/berita/Mamuju/o/1756563930409-images_(18)/85c3d6igojy0lgs.jpeg' from origin 'http://localhost:3000' has been blocked by CORS policy: No 'Access-Control-Allow-Origin' header is present on the requested resource. @ http://localhost:3000/stats:0
[   19204ms] [ERROR] Failed to load resource: net::ERR_FAILED @ https://rricoid-assets.obs.ap-southeast-4.myhuaweicloud.com/berita/Mamuju/o/1756563930409-images_(18)/85c3d6igojy0lgs.jpeg:0
[   19639ms] [ERROR] Failed to load resource: the server responded with a status of 500 (Internal Server Error) @ http://localhost:3000/manifest.webmanifest:0
[   19639ms] [ERROR] Manifest fetch from http://localhost:3000/manifest.webmanifest failed, code 500 @ http://localhost:3000/stats:0
[   23085ms] [WARNING] The resource http://localhost:3000/theme-init.js was preloaded using link preload but not used within a few seconds from the window's load event. Please make sure it has an appropriate `as` value and it is preloaded intentionally. @ http://localhost:3000/stats:0
[   23085ms] [WARNING] The resource http://localhost:3000/_next/static/media/7d4881bb7e1bf84d-s.p.woff2?v=1790076802029 was preloaded using link preload but not used within a few seconds from the window's load event. Please make sure it has an appropriate `as` value and it is preloaded intentionally. @ http://localhost:3000/stats:0
[   23085ms] [WARNING] The resource http://localhost:3000/_next/static/media/22a5144ee8d83bca-s.p.woff2?v=1790076802029 was preloaded using link preload but not used within a few seconds from the window's load event. Please make sure it has an appropriate `as` value and it is preloaded intentionally. @ http://localhost:3000/stats:0
