[    1599ms] [INFO] %cDownload the React DevTools for a better development experience: https://react.dev/link/react-devtools font-weight:bold @ webpack-internal:///(app-pages-browser)/./node_modules/next/dist/next-devtools/shared/forward-logs-shared.js:27
[    1612ms] [LOG] [HMR] connected @ webpack-internal:///(app-pages-browser)/./node_modules/next/dist/next-devtools/shared/forward-logs-shared.js:27
[    1616ms] [WARNING] ./app/page.tsx
Module not found: Can't resolve 'html-to-image' in '/Users/saladin/Developments/interestory/app' @ webpack-internal:///(app-pages-browser)/./node_modules/next/dist/next-devtools/shared/forward-logs-shared.js:27
[    1616ms] [WARNING] ./components/stats/StatsClient.tsx
Module not found: Can't resolve 'html-to-image' in '/Users/saladin/Developments/interestory/components/stats' @ webpack-internal:///(app-pages-browser)/./node_modules/next/dist/next-devtools/shared/forward-logs-shared.js:27
[    1639ms] [LOG] [Fast Refresh] rebuilding @ webpack-internal:///(app-pages-browser)/./node_modules/next/dist/next-devtools/shared/forward-logs-shared.js:27
[    1726ms] [WARNING] ./app/page.tsx
Module not found: Can't resolve 'html-to-image' in '/Users/saladin/Developments/interestory/app'

Import trace for requested module:
./app/page.tsx @ webpack-internal:///(app-pages-browser)/./node_modules/next/dist/next-devtools/shared/forward-logs-shared.js:27
[    1726ms] [WARNING] ./components/stats/StatsClient.tsx
Module not found: Can't resolve 'html-to-image' in '/Users/saladin/Developments/interestory/components/stats'

Import trace for requested module:
./components/stats/StatsClient.tsx @ webpack-internal:///(app-pages-browser)/./node_modules/next/dist/next-devtools/shared/forward-logs-shared.js:27
[    1726ms] [LOG] [Fast Refresh] rebuilding @ webpack-internal:///(app-pages-browser)/./node_modules/next/dist/next-devtools/shared/forward-logs-shared.js:27
[    1744ms] [LOG] [Fast Refresh] done in 17ms @ webpack-internal:///(app-pages-browser)/./node_modules/next/dist/next-devtools/shared/forward-logs-shared.js:27
[    1815ms] [WARNING] ./app/page.tsx
Module not found: Can't resolve 'html-to-image' in '/Users/saladin/Developments/interestory/app'

Import trace for requested module:
./app/page.tsx @ webpack-internal:///(app-pages-browser)/./node_modules/next/dist/next-devtools/shared/forward-logs-shared.js:27
[    1815ms] [WARNING] ./components/stats/StatsClient.tsx
Module not found: Can't resolve 'html-to-image' in '/Users/saladin/Developments/interestory/components/stats'

Import trace for requested module:
./components/stats/StatsClient.tsx @ webpack-internal:///(app-pages-browser)/./node_modules/next/dist/next-devtools/shared/forward-logs-shared.js:27
[    1817ms] [LOG] [Fast Refresh] rebuilding @ webpack-internal:///(app-pages-browser)/./node_modules/next/dist/next-devtools/shared/forward-logs-shared.js:27
[    1820ms] [LOG] [Fast Refresh] done in 4ms @ webpack-internal:///(app-pages-browser)/./node_modules/next/dist/next-devtools/shared/forward-logs-shared.js:27
[    1893ms] [WARNING] ./app/page.tsx
Module not found: Can't resolve 'html-to-image' in '/Users/saladin/Developments/interestory/app'

Import trace for requested module:
./app/page.tsx @ webpack-internal:///(app-pages-browser)/./node_modules/next/dist/next-devtools/shared/forward-logs-shared.js:27
[    1893ms] [WARNING] ./components/stats/StatsClient.tsx
Module not found: Can't resolve 'html-to-image' in '/Users/saladin/Developments/interestory/components/stats'

Import trace for requested module:
./components/stats/StatsClient.tsx @ webpack-internal:///(app-pages-browser)/./node_modules/next/dist/next-devtools/shared/forward-logs-shared.js:27
[    1894ms] [LOG] [Fast Refresh] rebuilding @ webpack-internal:///(app-pages-browser)/./node_modules/next/dist/next-devtools/shared/forward-logs-shared.js:27
[    1898ms] [LOG] [Fast Refresh] done in 3ms @ webpack-internal:///(app-pages-browser)/./node_modules/next/dist/next-devtools/shared/forward-logs-shared.js:27
[    2088ms] [WARNING] ./app/page.tsx
Module not found: Can't resolve 'html-to-image' in '/Users/saladin/Developments/interestory/app'

Import trace for requested module:
./app/page.tsx @ webpack-internal:///(app-pages-browser)/./node_modules/next/dist/next-devtools/shared/forward-logs-shared.js:27
[    2088ms] [WARNING] ./components/stats/StatsClient.tsx
Module not found: Can't resolve 'html-to-image' in '/Users/saladin/Developments/interestory/components/stats'

Import trace for requested module:
./components/stats/StatsClient.tsx @ webpack-internal:///(app-pages-browser)/./node_modules/next/dist/next-devtools/shared/forward-logs-shared.js:27
[    2089ms] [LOG] [Fast Refresh] rebuilding @ webpack-internal:///(app-pages-browser)/./node_modules/next/dist/next-devtools/shared/forward-logs-shared.js:27
[    2106ms] [LOG] [Fast Refresh] done in 18ms @ webpack-internal:///(app-pages-browser)/./node_modules/next/dist/next-devtools/shared/forward-logs-shared.js:27
[    2290ms] [LOG] [Fast Refresh] rebuilding @ webpack-internal:///(app-pages-browser)/./node_modules/next/dist/next-devtools/shared/forward-logs-shared.js:27
[    2290ms] [WARNING] ./app/page.tsx
Module not found: Can't resolve 'html-to-image' in '/Users/saladin/Developments/interestory/app'

Import trace for requested module:
./app/page.tsx @ webpack-internal:///(app-pages-browser)/./node_modules/next/dist/next-devtools/shared/forward-logs-shared.js:27
[    2290ms] [WARNING] ./components/stats/StatsClient.tsx
Module not found: Can't resolve 'html-to-image' in '/Users/saladin/Developments/interestory/components/stats'

Import trace for requested module:
./components/stats/StatsClient.tsx @ webpack-internal:///(app-pages-browser)/./node_modules/next/dist/next-devtools/shared/forward-logs-shared.js:27
[    2302ms] [LOG] [Fast Refresh] done in 12ms @ webpack-internal:///(app-pages-browser)/./node_modules/next/dist/next-devtools/shared/forward-logs-shared.js:27
[    2324ms] [WARNING] ./app/page.tsx
Module not found: Can't resolve 'html-to-image' in '/Users/saladin/Developments/interestory/app'

Import trace for requested module:
./app/page.tsx @ webpack-internal:///(app-pages-browser)/./node_modules/next/dist/next-devtools/shared/forward-logs-shared.js:27
[    2324ms] [WARNING] ./components/stats/StatsClient.tsx
Module not found: Can't resolve 'html-to-image' in '/Users/saladin/Developments/interestory/components/stats'

Import trace for requested module:
./components/stats/StatsClient.tsx @ webpack-internal:///(app-pages-browser)/./node_modules/next/dist/next-devtools/shared/forward-logs-shared.js:27
[    2325ms] [LOG] [Fast Refresh] done in 35ms @ webpack-internal:///(app-pages-browser)/./node_modules/next/dist/next-devtools/shared/forward-logs-shared.js:27
[    2340ms] [ERROR] Failed to load resource: the server responded with a status of 500 (Internal Server Error) @ http://localhost:3000/family?_rsc=13zw9:0
[    2341ms] [LOG] [Fast Refresh] rebuilding @ webpack-internal:///(app-pages-browser)/./node_modules/next/dist/next-devtools/shared/forward-logs-shared.js:27
[    2450ms] [WARNING] ./app/page.tsx
Module not found: Can't resolve 'html-to-image' in '/Users/saladin/Developments/interestory/app'

Import trace for requested module:
./app/page.tsx @ webpack-internal:///(app-pages-browser)/./node_modules/next/dist/next-devtools/shared/forward-logs-shared.js:27
[    2450ms] [WARNING] ./components/stats/StatsClient.tsx
Module not found: Can't resolve 'html-to-image' in '/Users/saladin/Developments/interestory/components/stats'

Import trace for requested module:
./components/stats/StatsClient.tsx @ webpack-internal:///(app-pages-browser)/./node_modules/next/dist/next-devtools/shared/forward-logs-shared.js:27
[    2451ms] [LOG] [Fast Refresh] rebuilding @ webpack-internal:///(app-pages-browser)/./node_modules/next/dist/next-devtools/shared/forward-logs-shared.js:27
[    2459ms] [LOG] [Fast Refresh] done in 8ms @ webpack-internal:///(app-pages-browser)/./node_modules/next/dist/next-devtools/shared/forward-logs-shared.js:27
[    2587ms] [WARNING] ./app/page.tsx
Module not found: Can't resolve 'html-to-image' in '/Users/saladin/Developments/interestory/app'

Import trace for requested module:
./app/page.tsx @ webpack-internal:///(app-pages-browser)/./node_modules/next/dist/next-devtools/shared/forward-logs-shared.js:27
[    2587ms] [WARNING] ./components/stats/StatsClient.tsx
Module not found: Can't resolve 'html-to-image' in '/Users/saladin/Developments/interestory/components/stats'

Import trace for requested module:
./components/stats/StatsClient.tsx @ webpack-internal:///(app-pages-browser)/./node_modules/next/dist/next-devtools/shared/forward-logs-shared.js:27
[    2587ms] [LOG] [Fast Refresh] rebuilding @ webpack-internal:///(app-pages-browser)/./node_modules/next/dist/next-devtools/shared/forward-logs-shared.js:27
[    2591ms] [LOG] [Fast Refresh] done in 4ms @ webpack-internal:///(app-pages-browser)/./node_modules/next/dist/next-devtools/shared/forward-logs-shared.js:27
[    2659ms] [WARNING] ./app/page.tsx
Module not found: Can't resolve 'html-to-image' in '/Users/saladin/Developments/interestory/app'

Import trace for requested module:
./app/page.tsx @ webpack-internal:///(app-pages-browser)/./node_modules/next/dist/next-devtools/shared/forward-logs-shared.js:27
[    2659ms] [WARNING] ./components/stats/StatsClient.tsx
Module not found: Can't resolve 'html-to-image' in '/Users/saladin/Developments/interestory/components/stats'

Import trace for requested module:
./components/stats/StatsClient.tsx @ webpack-internal:///(app-pages-browser)/./node_modules/next/dist/next-devtools/shared/forward-logs-shared.js:27
[    2660ms] [LOG] [Fast Refresh] rebuilding @ webpack-internal:///(app-pages-browser)/./node_modules/next/dist/next-devtools/shared/forward-logs-shared.js:27
[    2742ms] [LOG] [Fast Refresh] done in 81ms @ webpack-internal:///(app-pages-browser)/./node_modules/next/dist/next-devtools/shared/forward-logs-shared.js:27
[    2760ms] [WARNING] ./app/page.tsx
Module not found: Can't resolve 'html-to-image' in '/Users/saladin/Developments/interestory/app'

Import trace for requested module:
./app/page.tsx @ webpack-internal:///(app-pages-browser)/./node_modules/next/dist/next-devtools/shared/forward-logs-shared.js:27
[    2760ms] [WARNING] ./components/stats/StatsClient.tsx
Module not found: Can't resolve 'html-to-image' in '/Users/saladin/Developments/interestory/components/stats'

Import trace for requested module:
./components/stats/StatsClient.tsx @ webpack-internal:///(app-pages-browser)/./node_modules/next/dist/next-devtools/shared/forward-logs-shared.js:27
[    2761ms] [LOG] [Fast Refresh] rebuilding @ webpack-internal:///(app-pages-browser)/./node_modules/next/dist/next-devtools/shared/forward-logs-shared.js:27
[    2988ms] [WARNING] ./app/page.tsx
Module not found: Can't resolve 'html-to-image' in '/Users/saladin/Developments/interestory/app'

Import trace for requested module:
./app/page.tsx @ webpack-internal:///(app-pages-browser)/./node_modules/next/dist/next-devtools/shared/forward-logs-shared.js:27
[    2988ms] [WARNING] ./components/stats/StatsClient.tsx
Module not found: Can't resolve 'html-to-image' in '/Users/saladin/Developments/interestory/components/stats'

Import trace for requested module:
./components/stats/StatsClient.tsx @ webpack-internal:///(app-pages-browser)/./node_modules/next/dist/next-devtools/shared/forward-logs-shared.js:27
[    2988ms] [LOG] [Fast Refresh] done in 226ms @ webpack-internal:///(app-pages-browser)/./node_modules/next/dist/next-devtools/shared/forward-logs-shared.js:27
[    2988ms] [LOG] [Fast Refresh] rebuilding @ webpack-internal:///(app-pages-browser)/./node_modules/next/dist/next-devtools/shared/forward-logs-shared.js:27
[    3618ms] [INFO] %cDownload the React DevTools for a better development experience: https://react.dev/link/react-devtools font-weight:bold @ webpack-internal:///(app-pages-browser)/./node_modules/next/dist/next-devtools/shared/forward-logs-shared.js:27
[    3629ms] [LOG] [HMR] connected @ webpack-internal:///(app-pages-browser)/./node_modules/next/dist/next-devtools/shared/forward-logs-shared.js:27
[    3630ms] [WARNING] ./app/page.tsx
Module not found: Can't resolve 'html-to-image' in '/Users/saladin/Developments/interestory/app' @ webpack-internal:///(app-pages-browser)/./node_modules/next/dist/next-devtools/shared/forward-logs-shared.js:27
[    3630ms] [WARNING] ./components/stats/StatsClient.tsx
Module not found: Can't resolve 'html-to-image' in '/Users/saladin/Developments/interestory/components/stats' @ webpack-internal:///(app-pages-browser)/./node_modules/next/dist/next-devtools/shared/forward-logs-shared.js:27
[    3651ms] [LOG] [Fast Refresh] rebuilding @ webpack-internal:///(app-pages-browser)/./node_modules/next/dist/next-devtools/shared/forward-logs-shared.js:27
[    3723ms] [WARNING] ./app/page.tsx
Module not found: Can't resolve 'html-to-image' in '/Users/saladin/Developments/interestory/app'

Import trace for requested module:
./app/page.tsx @ webpack-internal:///(app-pages-browser)/./node_modules/next/dist/next-devtools/shared/forward-logs-shared.js:27
[    3723ms] [WARNING] ./components/stats/StatsClient.tsx
Module not found: Can't resolve 'html-to-image' in '/Users/saladin/Developments/interestory/components/stats'

Import trace for requested module:
./components/stats/StatsClient.tsx @ webpack-internal:///(app-pages-browser)/./node_modules/next/dist/next-devtools/shared/forward-logs-shared.js:27
[    3724ms] [LOG] [Fast Refresh] rebuilding @ webpack-internal:///(app-pages-browser)/./node_modules/next/dist/next-devtools/shared/forward-logs-shared.js:27
[    3788ms] [LOG] [Fast Refresh] done in 64ms @ webpack-internal:///(app-pages-browser)/./node_modules/next/dist/next-devtools/shared/forward-logs-shared.js:27
[    3807ms] [WARNING] ./app/page.tsx
Module not found: Can't resolve 'html-to-image' in '/Users/saladin/Developments/interestory/app'

Import trace for requested module:
./app/page.tsx @ webpack-internal:///(app-pages-browser)/./node_modules/next/dist/next-devtools/shared/forward-logs-shared.js:27
[    3807ms] [WARNING] ./components/stats/StatsClient.tsx
Module not found: Can't resolve 'html-to-image' in '/Users/saladin/Developments/interestory/components/stats'

Import trace for requested module:
./components/stats/StatsClient.tsx @ webpack-internal:///(app-pages-browser)/./node_modules/next/dist/next-devtools/shared/forward-logs-shared.js:27
[    3808ms] [LOG] [Fast Refresh] rebuilding @ webpack-internal:///(app-pages-browser)/./node_modules/next/dist/next-devtools/shared/forward-logs-shared.js:27
[    3817ms] [LOG] [Fast Refresh] done in 8ms @ webpack-internal:///(app-pages-browser)/./node_modules/next/dist/next-devtools/shared/forward-logs-shared.js:27
[    4012ms] [WARNING] ./app/page.tsx
Module not found: Can't resolve 'html-to-image' in '/Users/saladin/Developments/interestory/app'

Import trace for requested module:
./app/page.tsx @ webpack-internal:///(app-pages-browser)/./node_modules/next/dist/next-devtools/shared/forward-logs-shared.js:27
[    4012ms] [WARNING] ./components/stats/StatsClient.tsx
Module not found: Can't resolve 'html-to-image' in '/Users/saladin/Developments/interestory/components/stats'

Import trace for requested module:
./components/stats/StatsClient.tsx @ webpack-internal:///(app-pages-browser)/./node_modules/next/dist/next-devtools/shared/forward-logs-shared.js:27
[    4013ms] [LOG] [Fast Refresh] rebuilding @ webpack-internal:///(app-pages-browser)/./node_modules/next/dist/next-devtools/shared/forward-logs-shared.js:27
[    4028ms] [LOG] [Fast Refresh] done in 16ms @ webpack-internal:///(app-pages-browser)/./node_modules/next/dist/next-devtools/shared/forward-logs-shared.js:27
[    4194ms] [LOG] [Fast Refresh] rebuilding @ webpack-internal:///(app-pages-browser)/./node_modules/next/dist/next-devtools/shared/forward-logs-shared.js:27
[    4194ms] [WARNING] ./app/page.tsx
Module not found: Can't resolve 'html-to-image' in '/Users/saladin/Developments/interestory/app'

Import trace for requested module:
./app/page.tsx @ webpack-internal:///(app-pages-browser)/./node_modules/next/dist/next-devtools/shared/forward-logs-shared.js:27
[    4194ms] [WARNING] ./components/stats/StatsClient.tsx
Module not found: Can't resolve 'html-to-image' in '/Users/saladin/Developments/interestory/components/stats'

Import trace for requested module:
./components/stats/StatsClient.tsx @ webpack-internal:///(app-pages-browser)/./node_modules/next/dist/next-devtools/shared/forward-logs-shared.js:27
[    4205ms] [LOG] [Fast Refresh] done in 11ms @ webpack-internal:///(app-pages-browser)/./node_modules/next/dist/next-devtools/shared/forward-logs-shared.js:27
[    4225ms] [WARNING] ./app/page.tsx
Module not found: Can't resolve 'html-to-image' in '/Users/saladin/Developments/interestory/app'

Import trace for requested module:
./app/page.tsx @ webpack-internal:///(app-pages-browser)/./node_modules/next/dist/next-devtools/shared/forward-logs-shared.js:27
[    4225ms] [WARNING] ./components/stats/StatsClient.tsx
Module not found: Can't resolve 'html-to-image' in '/Users/saladin/Developments/interestory/components/stats'

Import trace for requested module:
./components/stats/StatsClient.tsx @ webpack-internal:///(app-pages-browser)/./node_modules/next/dist/next-devtools/shared/forward-logs-shared.js:27
[    4225ms] [LOG] [Fast Refresh] done in 32ms @ webpack-internal:///(app-pages-browser)/./node_modules/next/dist/next-devtools/shared/forward-logs-shared.js:27
[    4236ms] [LOG] [Fast Refresh] rebuilding @ webpack-internal:///(app-pages-browser)/./node_modules/next/dist/next-devtools/shared/forward-logs-shared.js:27
[    4236ms] [ERROR] Failed to load resource: the server responded with a status of 500 (Internal Server Error) @ http://localhost:3000/family?_rsc=13zw9:0
[    4309ms] [WARNING] ./app/page.tsx
Module not found: Can't resolve 'html-to-image' in '/Users/saladin/Developments/interestory/app'

Import trace for requested module:
./app/page.tsx @ webpack-internal:///(app-pages-browser)/./node_modules/next/dist/next-devtools/shared/forward-logs-shared.js:27
[    4309ms] [WARNING] ./components/stats/StatsClient.tsx
Module not found: Can't resolve 'html-to-image' in '/Users/saladin/Developments/interestory/components/stats'

Import trace for requested module:
./components/stats/StatsClient.tsx @ webpack-internal:///(app-pages-browser)/./node_modules/next/dist/next-devtools/shared/forward-logs-shared.js:27
[    4310ms] [LOG] [Fast Refresh] rebuilding @ webpack-internal:///(app-pages-browser)/./node_modules/next/dist/next-devtools/shared/forward-logs-shared.js:27
[    4313ms] [LOG] [Fast Refresh] done in 3ms @ webpack-internal:///(app-pages-browser)/./node_modules/next/dist/next-devtools/shared/forward-logs-shared.js:27
[    4414ms] [WARNING] ./app/page.tsx
Module not found: Can't resolve 'html-to-image' in '/Users/saladin/Developments/interestory/app'

Import trace for requested module:
./app/page.tsx @ webpack-internal:///(app-pages-browser)/./node_modules/next/dist/next-devtools/shared/forward-logs-shared.js:27
[    4414ms] [WARNING] ./components/stats/StatsClient.tsx
Module not found: Can't resolve 'html-to-image' in '/Users/saladin/Developments/interestory/components/stats'

Import trace for requested module:
./components/stats/StatsClient.tsx @ webpack-internal:///(app-pages-browser)/./node_modules/next/dist/next-devtools/shared/forward-logs-shared.js:27
[    4416ms] [LOG] [Fast Refresh] rebuilding @ webpack-internal:///(app-pages-browser)/./node_modules/next/dist/next-devtools/shared/forward-logs-shared.js:27
[    4504ms] [LOG] [Fast Refresh] done in 87ms @ webpack-internal:///(app-pages-browser)/./node_modules/next/dist/next-devtools/shared/forward-logs-shared.js:27
[    4525ms] [WARNING] ./app/page.tsx
Module not found: Can't resolve 'html-to-image' in '/Users/saladin/Developments/interestory/app'

Import trace for requested module:
./app/page.tsx @ webpack-internal:///(app-pages-browser)/./node_modules/next/dist/next-devtools/shared/forward-logs-shared.js:27
[    4525ms] [WARNING] ./components/stats/StatsClient.tsx
Module not found: Can't resolve 'html-to-image' in '/Users/saladin/Developments/interestory/components/stats'

Import trace for requested module:
./components/stats/StatsClient.tsx @ webpack-internal:///(app-pages-browser)/./node_modules/next/dist/next-devtools/shared/forward-logs-shared.js:27
[    4526ms] [LOG] [Fast Refresh] rebuilding @ webpack-internal:///(app-pages-browser)/./node_modules/next/dist/next-devtools/shared/forward-logs-shared.js:27
[    4533ms] [LOG] [Fast Refresh] done in 6ms @ webpack-internal:///(app-pages-browser)/./node_modules/next/dist/next-devtools/shared/forward-logs-shared.js:27
[    4599ms] [WARNING] ./app/page.tsx
Module not found: Can't resolve 'html-to-image' in '/Users/saladin/Developments/interestory/app'

Import trace for requested module:
./app/page.tsx @ webpack-internal:///(app-pages-browser)/./node_modules/next/dist/next-devtools/shared/forward-logs-shared.js:27
[    4599ms] [WARNING] ./components/stats/StatsClient.tsx
Module not found: Can't resolve 'html-to-image' in '/Users/saladin/Developments/interestory/components/stats'

Import trace for requested module:
./components/stats/StatsClient.tsx @ webpack-internal:///(app-pages-browser)/./node_modules/next/dist/next-devtools/shared/forward-logs-shared.js:27
[    4600ms] [LOG] [Fast Refresh] rebuilding @ webpack-internal:///(app-pages-browser)/./node_modules/next/dist/next-devtools/shared/forward-logs-shared.js:27
[    4693ms] [WARNING] ./app/page.tsx
Module not found: Can't resolve 'html-to-image' in '/Users/saladin/Developments/interestory/app'

Import trace for requested module:
./app/page.tsx @ webpack-internal:///(app-pages-browser)/./node_modules/next/dist/next-devtools/shared/forward-logs-shared.js:27
[    4693ms] [WARNING] ./components/stats/StatsClient.tsx
Module not found: Can't resolve 'html-to-image' in '/Users/saladin/Developments/interestory/components/stats'

Import trace for requested module:
./components/stats/StatsClient.tsx @ webpack-internal:///(app-pages-browser)/./node_modules/next/dist/next-devtools/shared/forward-logs-shared.js:27
[    4693ms] [LOG] [Fast Refresh] done in 92ms @ webpack-internal:///(app-pages-browser)/./node_modules/next/dist/next-devtools/shared/forward-logs-shared.js:27
[    4694ms] [LOG] [Fast Refresh] rebuilding @ webpack-internal:///(app-pages-browser)/./node_modules/next/dist/next-devtools/shared/forward-logs-shared.js:27
[    4752ms] [LOG] [Fast Refresh] done in 58ms @ webpack-internal:///(app-pages-browser)/./node_modules/next/dist/next-devtools/shared/forward-logs-shared.js:27
[    4769ms] [WARNING] ./app/page.tsx
Module not found: Can't resolve 'html-to-image' in '/Users/saladin/Developments/interestory/app'

Import trace for requested module:
./app/page.tsx @ webpack-internal:///(app-pages-browser)/./node_modules/next/dist/next-devtools/shared/forward-logs-shared.js:27
[    4769ms] [WARNING] ./components/stats/StatsClient.tsx
Module not found: Can't resolve 'html-to-image' in '/Users/saladin/Developments/interestory/components/stats'

Import trace for requested module:
./components/stats/StatsClient.tsx @ webpack-internal:///(app-pages-browser)/./node_modules/next/dist/next-devtools/shared/forward-logs-shared.js:27
[    4769ms] [LOG] [Fast Refresh] rebuilding @ webpack-internal:///(app-pages-browser)/./node_modules/next/dist/next-devtools/shared/forward-logs-shared.js:27
[    4866ms] [WARNING] ./app/page.tsx
Module not found: Can't resolve 'html-to-image' in '/Users/saladin/Developments/interestory/app'

Import trace for requested module:
./app/page.tsx @ webpack-internal:///(app-pages-browser)/./node_modules/next/dist/next-devtools/shared/forward-logs-shared.js:27
[    4866ms] [WARNING] ./components/stats/StatsClient.tsx
Module not found: Can't resolve 'html-to-image' in '/Users/saladin/Developments/interestory/components/stats'

Import trace for requested module:
./components/stats/StatsClient.tsx @ webpack-internal:///(app-pages-browser)/./node_modules/next/dist/next-devtools/shared/forward-logs-shared.js:27
[    4866ms] [LOG] [Fast Refresh] done in 96ms @ webpack-internal:///(app-pages-browser)/./node_modules/next/dist/next-devtools/shared/forward-logs-shared.js:27
[    4867ms] [LOG] [Fast Refresh] rebuilding @ webpack-internal:///(app-pages-browser)/./node_modules/next/dist/next-devtools/shared/forward-logs-shared.js:27
[    5294ms] [INFO] %cDownload the React DevTools for a better development experience: https://react.dev/link/react-devtools font-weight:bold @ webpack-internal:///(app-pages-browser)/./node_modules/next/dist/next-devtools/shared/forward-logs-shared.js:27
[    5307ms] [LOG] [HMR] connected @ webpack-internal:///(app-pages-browser)/./node_modules/next/dist/next-devtools/shared/forward-logs-shared.js:27
[    5309ms] [WARNING] ./app/page.tsx
Module not found: Can't resolve 'html-to-image' in '/Users/saladin/Developments/interestory/app' @ webpack-internal:///(app-pages-browser)/./node_modules/next/dist/next-devtools/shared/forward-logs-shared.js:27
[    5309ms] [WARNING] ./components/stats/StatsClient.tsx
Module not found: Can't resolve 'html-to-image' in '/Users/saladin/Developments/interestory/components/stats' @ webpack-internal:///(app-pages-browser)/./node_modules/next/dist/next-devtools/shared/forward-logs-shared.js:27
[    5327ms] [LOG] [Fast Refresh] rebuilding @ webpack-internal:///(app-pages-browser)/./node_modules/next/dist/next-devtools/shared/forward-logs-shared.js:27
[    5399ms] [WARNING] ./app/page.tsx
Module not found: Can't resolve 'html-to-image' in '/Users/saladin/Developments/interestory/app'

Import trace for requested module:
./app/page.tsx @ webpack-internal:///(app-pages-browser)/./node_modules/next/dist/next-devtools/shared/forward-logs-shared.js:27
[    5400ms] [WARNING] ./components/stats/StatsClient.tsx
Module not found: Can't resolve 'html-to-image' in '/Users/saladin/Developments/interestory/components/stats'

Import trace for requested module:
./components/stats/StatsClient.tsx @ webpack-internal:///(app-pages-browser)/./node_modules/next/dist/next-devtools/shared/forward-logs-shared.js:27
[    5400ms] [LOG] [Fast Refresh] rebuilding @ webpack-internal:///(app-pages-browser)/./node_modules/next/dist/next-devtools/shared/forward-logs-shared.js:27
[    5459ms] [LOG] [Fast Refresh] done in 59ms @ webpack-internal:///(app-pages-browser)/./node_modules/next/dist/next-devtools/shared/forward-logs-shared.js:27
[    5486ms] [WARNING] ./app/page.tsx
Module not found: Can't resolve 'html-to-image' in '/Users/saladin/Developments/interestory/app'

Import trace for requested module:
./app/page.tsx @ webpack-internal:///(app-pages-browser)/./node_modules/next/dist/next-devtools/shared/forward-logs-shared.js:27
[    5486ms] [WARNING] ./components/stats/StatsClient.tsx
Module not found: Can't resolve 'html-to-image' in '/Users/saladin/Developments/interestory/components/stats'

Import trace for requested module:
./components/stats/StatsClient.tsx @ webpack-internal:///(app-pages-browser)/./node_modules/next/dist/next-devtools/shared/forward-logs-shared.js:27
[    5487ms] [LOG] [Fast Refresh] rebuilding @ webpack-internal:///(app-pages-browser)/./node_modules/next/dist/next-devtools/shared/forward-logs-shared.js:27
[    5491ms] [LOG] [Fast Refresh] done in 4ms @ webpack-internal:///(app-pages-browser)/./node_modules/next/dist/next-devtools/shared/forward-logs-shared.js:27
[    5688ms] [WARNING] ./app/page.tsx
Module not found: Can't resolve 'html-to-image' in '/Users/saladin/Developments/interestory/app'

Import trace for requested module:
./app/page.tsx @ webpack-internal:///(app-pages-browser)/./node_modules/next/dist/next-devtools/shared/forward-logs-shared.js:27
[    5688ms] [WARNING] ./components/stats/StatsClient.tsx
Module not found: Can't resolve 'html-to-image' in '/Users/saladin/Developments/interestory/components/stats'

Import trace for requested module:
./components/stats/StatsClient.tsx @ webpack-internal:///(app-pages-browser)/./node_modules/next/dist/next-devtools/shared/forward-logs-shared.js:27
[    5688ms] [LOG] [Fast Refresh] rebuilding @ webpack-internal:///(app-pages-browser)/./node_modules/next/dist/next-devtools/shared/forward-logs-shared.js:27
[    5702ms] [LOG] [Fast Refresh] done in 13ms @ webpack-internal:///(app-pages-browser)/./node_modules/next/dist/next-devtools/shared/forward-logs-shared.js:27
[    5822ms] [LOG] [Fast Refresh] rebuilding @ webpack-internal:///(app-pages-browser)/./node_modules/next/dist/next-devtools/shared/forward-logs-shared.js:27
[    5822ms] [WARNING] ./app/page.tsx
Module not found: Can't resolve 'html-to-image' in '/Users/saladin/Developments/interestory/app'

Import trace for requested module:
./app/page.tsx @ webpack-internal:///(app-pages-browser)/./node_modules/next/dist/next-devtools/shared/forward-logs-shared.js:27
[    5822ms] [WARNING] ./components/stats/StatsClient.tsx
Module not found: Can't resolve 'html-to-image' in '/Users/saladin/Developments/interestory/components/stats'

Import trace for requested module:
./components/stats/StatsClient.tsx @ webpack-internal:///(app-pages-browser)/./node_modules/next/dist/next-devtools/shared/forward-logs-shared.js:27
[    5832ms] [LOG] [Fast Refresh] done in 10ms @ webpack-internal:///(app-pages-browser)/./node_modules/next/dist/next-devtools/shared/forward-logs-shared.js:27
[    5851ms] [LOG] [Fast Refresh] rebuilding @ webpack-internal:///(app-pages-browser)/./node_modules/next/dist/next-devtools/shared/forward-logs-shared.js:27
[    5853ms] [WARNING] ./app/page.tsx
Module not found: Can't resolve 'html-to-image' in '/Users/saladin/Developments/interestory/app'

Import trace for requested module:
./app/page.tsx @ webpack-internal:///(app-pages-browser)/./node_modules/next/dist/next-devtools/shared/forward-logs-shared.js:27
[    5853ms] [WARNING] ./components/stats/StatsClient.tsx
Module not found: Can't resolve 'html-to-image' in '/Users/saladin/Developments/interestory/components/stats'

Import trace for requested module:
./components/stats/StatsClient.tsx @ webpack-internal:///(app-pages-browser)/./node_modules/next/dist/next-devtools/shared/forward-logs-shared.js:27
[    5853ms] [LOG] [Fast Refresh] done in 3ms @ webpack-internal:///(app-pages-browser)/./node_modules/next/dist/next-devtools/shared/forward-logs-shared.js:27
[    5866ms] [ERROR] Failed to load resource: the server responded with a status of 500 (Internal Server Error) @ http://localhost:3000/family?_rsc=13zw9:0
[    5913ms] [LOG] [Fast Refresh] rebuilding @ webpack-internal:///(app-pages-browser)/./node_modules/next/dist/next-devtools/shared/forward-logs-shared.js:27
[    5937ms] [WARNING] ./app/page.tsx
Module not found: Can't resolve 'html-to-image' in '/Users/saladin/Developments/interestory/app'

Import trace for requested module:
./app/page.tsx @ webpack-internal:///(app-pages-browser)/./node_modules/next/dist/next-devtools/shared/forward-logs-shared.js:27
[    5937ms] [WARNING] ./components/stats/StatsClient.tsx
Module not found: Can't resolve 'html-to-image' in '/Users/saladin/Developments/interestory/components/stats'

Import trace for requested module:
./components/stats/StatsClient.tsx @ webpack-internal:///(app-pages-browser)/./node_modules/next/dist/next-devtools/shared/forward-logs-shared.js:27
[    5942ms] [LOG] [Fast Refresh] rebuilding @ webpack-internal:///(app-pages-browser)/./node_modules/next/dist/next-devtools/shared/forward-logs-shared.js:27
[    5949ms] [LOG] [Fast Refresh] done in 7ms @ webpack-internal:///(app-pages-browser)/./node_modules/next/dist/next-devtools/shared/forward-logs-shared.js:27
[    6022ms] [WARNING] ./app/page.tsx
Module not found: Can't resolve 'html-to-image' in '/Users/saladin/Developments/interestory/app'

Import trace for requested module:
./app/page.tsx @ webpack-internal:///(app-pages-browser)/./node_modules/next/dist/next-devtools/shared/forward-logs-shared.js:27
[    6022ms] [WARNING] ./components/stats/StatsClient.tsx
Module not found: Can't resolve 'html-to-image' in '/Users/saladin/Developments/interestory/components/stats'

Import trace for requested module:
./components/stats/StatsClient.tsx @ webpack-internal:///(app-pages-browser)/./node_modules/next/dist/next-devtools/shared/forward-logs-shared.js:27
[    6072ms] [LOG] [Fast Refresh] rebuilding @ webpack-internal:///(app-pages-browser)/./node_modules/next/dist/next-devtools/shared/forward-logs-shared.js:27
[    6073ms] [LOG] [Fast Refresh] done in 1ms @ webpack-internal:///(app-pages-browser)/./node_modules/next/dist/next-devtools/shared/forward-logs-shared.js:27
[    6147ms] [WARNING] ./app/page.tsx
Module not found: Can't resolve 'html-to-image' in '/Users/saladin/Developments/interestory/app'

Import trace for requested module:
./app/page.tsx @ webpack-internal:///(app-pages-browser)/./node_modules/next/dist/next-devtools/shared/forward-logs-shared.js:27
[    6147ms] [WARNING] ./components/stats/StatsClient.tsx
Module not found: Can't resolve 'html-to-image' in '/Users/saladin/Developments/interestory/components/stats'

Import trace for requested module:
./components/stats/StatsClient.tsx @ webpack-internal:///(app-pages-browser)/./node_modules/next/dist/next-devtools/shared/forward-logs-shared.js:27
[    6159ms] [LOG] [Fast Refresh] done in 87ms @ webpack-internal:///(app-pages-browser)/./node_modules/next/dist/next-devtools/shared/forward-logs-shared.js:27
[    6240ms] [ERROR] Failed to load resource: the server responded with a status of 500 (Internal Server Error) @ http://localhost:3000/family?_rsc=13zw9:0
[    6365ms] [WARNING] ./app/page.tsx
Module not found: Can't resolve 'html-to-image' in '/Users/saladin/Developments/interestory/app'

Import trace for requested module:
./app/page.tsx @ webpack-internal:///(app-pages-browser)/./node_modules/next/dist/next-devtools/shared/forward-logs-shared.js:27
[    6365ms] [WARNING] ./components/stats/StatsClient.tsx
Module not found: Can't resolve 'html-to-image' in '/Users/saladin/Developments/interestory/components/stats'

Import trace for requested module:
./components/stats/StatsClient.tsx @ webpack-internal:///(app-pages-browser)/./node_modules/next/dist/next-devtools/shared/forward-logs-shared.js:27
[    6365ms] [LOG] [Fast Refresh] rebuilding @ webpack-internal:///(app-pages-browser)/./node_modules/next/dist/next-devtools/shared/forward-logs-shared.js:27
[    6369ms] [LOG] [Fast Refresh] done in 4ms @ webpack-internal:///(app-pages-browser)/./node_modules/next/dist/next-devtools/shared/forward-logs-shared.js:27
[    6444ms] [WARNING] ./app/page.tsx
Module not found: Can't resolve 'html-to-image' in '/Users/saladin/Developments/interestory/app'

Import trace for requested module:
./app/page.tsx @ webpack-internal:///(app-pages-browser)/./node_modules/next/dist/next-devtools/shared/forward-logs-shared.js:27
[    6444ms] [WARNING] ./components/stats/StatsClient.tsx
Module not found: Can't resolve 'html-to-image' in '/Users/saladin/Developments/interestory/components/stats'

Import trace for requested module:
./components/stats/StatsClient.tsx @ webpack-internal:///(app-pages-browser)/./node_modules/next/dist/next-devtools/shared/forward-logs-shared.js:27
[    6445ms] [LOG] [Fast Refresh] rebuilding @ webpack-internal:///(app-pages-browser)/./node_modules/next/dist/next-devtools/shared/forward-logs-shared.js:27
[    6459ms] [LOG] [Fast Refresh] done in 13ms @ webpack-internal:///(app-pages-browser)/./node_modules/next/dist/next-devtools/shared/forward-logs-shared.js:27
[    6888ms] [INFO] %cDownload the React DevTools for a better development experience: https://react.dev/link/react-devtools font-weight:bold @ webpack-internal:///(app-pages-browser)/./node_modules/next/dist/next-devtools/shared/forward-logs-shared.js:27
[    6898ms] [LOG] [HMR] connected @ webpack-internal:///(app-pages-browser)/./node_modules/next/dist/next-devtools/shared/forward-logs-shared.js:27
[    6899ms] [WARNING] ./app/page.tsx
Module not found: Can't resolve 'html-to-image' in '/Users/saladin/Developments/interestory/app' @ webpack-internal:///(app-pages-browser)/./node_modules/next/dist/next-devtools/shared/forward-logs-shared.js:27
[    6900ms] [WARNING] ./components/stats/StatsClient.tsx
Module not found: Can't resolve 'html-to-image' in '/Users/saladin/Developments/interestory/components/stats' @ webpack-internal:///(app-pages-browser)/./node_modules/next/dist/next-devtools/shared/forward-logs-shared.js:27
[    6919ms] [LOG] [Fast Refresh] rebuilding @ webpack-internal:///(app-pages-browser)/./node_modules/next/dist/next-devtools/shared/forward-logs-shared.js:27
[    6994ms] [WARNING] ./app/page.tsx
Module not found: Can't resolve 'html-to-image' in '/Users/saladin/Developments/interestory/app'

Import trace for requested module:
./app/page.tsx @ webpack-internal:///(app-pages-browser)/./node_modules/next/dist/next-devtools/shared/forward-logs-shared.js:27
[    6994ms] [WARNING] ./components/stats/StatsClient.tsx
Module not found: Can't resolve 'html-to-image' in '/Users/saladin/Developments/interestory/components/stats'

Import trace for requested module:
./components/stats/StatsClient.tsx @ webpack-internal:///(app-pages-browser)/./node_modules/next/dist/next-devtools/shared/forward-logs-shared.js:27
[    6994ms] [LOG] [Fast Refresh] rebuilding @ webpack-internal:///(app-pages-browser)/./node_modules/next/dist/next-devtools/shared/forward-logs-shared.js:27
[    7083ms] [LOG] [Fast Refresh] done in 88ms @ webpack-internal:///(app-pages-browser)/./node_modules/next/dist/next-devtools/shared/forward-logs-shared.js:27
[    7085ms] [WARNING] ./app/page.tsx
Module not found: Can't resolve 'html-to-image' in '/Users/saladin/Developments/interestory/app'

Import trace for requested module:
./app/page.tsx @ webpack-internal:///(app-pages-browser)/./node_modules/next/dist/next-devtools/shared/forward-logs-shared.js:27
[    7085ms] [WARNING] ./components/stats/StatsClient.tsx
Module not found: Can't resolve 'html-to-image' in '/Users/saladin/Developments/interestory/components/stats'

Import trace for requested module:
./components/stats/StatsClient.tsx @ webpack-internal:///(app-pages-browser)/./node_modules/next/dist/next-devtools/shared/forward-logs-shared.js:27
[    7086ms] [LOG] [Fast Refresh] rebuilding @ webpack-internal:///(app-pages-browser)/./node_modules/next/dist/next-devtools/shared/forward-logs-shared.js:27
[    7093ms] [LOG] [Fast Refresh] done in 7ms @ webpack-internal:///(app-pages-browser)/./node_modules/next/dist/next-devtools/shared/forward-logs-shared.js:27
[    7161ms] [WARNING] ./app/page.tsx
Module not found: Can't resolve 'html-to-image' in '/Users/saladin/Developments/interestory/app'

Import trace for requested module:
./app/page.tsx @ webpack-internal:///(app-pages-browser)/./node_modules/next/dist/next-devtools/shared/forward-logs-shared.js:27
[    7161ms] [WARNING] ./components/stats/StatsClient.tsx
Module not found: Can't resolve 'html-to-image' in '/Users/saladin/Developments/interestory/components/stats'

Import trace for requested module:
./components/stats/StatsClient.tsx @ webpack-internal:///(app-pages-browser)/./node_modules/next/dist/next-devtools/shared/forward-logs-shared.js:27
[    7162ms] [LOG] [Fast Refresh] rebuilding @ webpack-internal:///(app-pages-browser)/./node_modules/next/dist/next-devtools/shared/forward-logs-shared.js:27
[    7165ms] [LOG] [Fast Refresh] done in 3ms @ webpack-internal:///(app-pages-browser)/./node_modules/next/dist/next-devtools/shared/forward-logs-shared.js:27
[    7282ms] [WARNING] ./app/page.tsx
Module not found: Can't resolve 'html-to-image' in '/Users/saladin/Developments/interestory/app'

Import trace for requested module:
./app/page.tsx @ webpack-internal:///(app-pages-browser)/./node_modules/next/dist/next-devtools/shared/forward-logs-shared.js:27
[    7282ms] [WARNING] ./components/stats/StatsClient.tsx
Module not found: Can't resolve 'html-to-image' in '/Users/saladin/Developments/interestory/components/stats'

Import trace for requested module:
./components/stats/StatsClient.tsx @ webpack-internal:///(app-pages-browser)/./node_modules/next/dist/next-devtools/shared/forward-logs-shared.js:27
[    7284ms] [LOG] [Fast Refresh] rebuilding @ webpack-internal:///(app-pages-browser)/./node_modules/next/dist/next-devtools/shared/forward-logs-shared.js:27
[    7287ms] [LOG] [Fast Refresh] done in 4ms @ webpack-internal:///(app-pages-browser)/./node_modules/next/dist/next-devtools/shared/forward-logs-shared.js:27
[    7353ms] [WARNING] ./app/page.tsx
Module not found: Can't resolve 'html-to-image' in '/Users/saladin/Developments/interestory/app'

Import trace for requested module:
./app/page.tsx @ webpack-internal:///(app-pages-browser)/./node_modules/next/dist/next-devtools/shared/forward-logs-shared.js:27
[    7353ms] [WARNING] ./components/stats/StatsClient.tsx
Module not found: Can't resolve 'html-to-image' in '/Users/saladin/Developments/interestory/components/stats'

Import trace for requested module:
./components/stats/StatsClient.tsx @ webpack-internal:///(app-pages-browser)/./node_modules/next/dist/next-devtools/shared/forward-logs-shared.js:27
[    7353ms] [LOG] [Fast Refresh] rebuilding @ webpack-internal:///(app-pages-browser)/./node_modules/next/dist/next-devtools/shared/forward-logs-shared.js:27
[    7357ms] [LOG] [Fast Refresh] done in 3ms @ webpack-internal:///(app-pages-browser)/./node_modules/next/dist/next-devtools/shared/forward-logs-shared.js:27
[    7447ms] [WARNING] ./app/page.tsx
Module not found: Can't resolve 'html-to-image' in '/Users/saladin/Developments/interestory/app'

Import trace for requested module:
./app/page.tsx @ webpack-internal:///(app-pages-browser)/./node_modules/next/dist/next-devtools/shared/forward-logs-shared.js:27
[    7447ms] [WARNING] ./components/stats/StatsClient.tsx
Module not found: Can't resolve 'html-to-image' in '/Users/saladin/Developments/interestory/components/stats'

Import trace for requested module:
./components/stats/StatsClient.tsx @ webpack-internal:///(app-pages-browser)/./node_modules/next/dist/next-devtools/shared/forward-logs-shared.js:27
[    7448ms] [LOG] [Fast Refresh] rebuilding @ webpack-internal:///(app-pages-browser)/./node_modules/next/dist/next-devtools/shared/forward-logs-shared.js:27
[    7451ms] [LOG] [Fast Refresh] done in 3ms @ webpack-internal:///(app-pages-browser)/./node_modules/next/dist/next-devtools/shared/forward-logs-shared.js:27
[    7520ms] [WARNING] ./app/page.tsx
Module not found: Can't resolve 'html-to-image' in '/Users/saladin/Developments/interestory/app'

Import trace for requested module:
./app/page.tsx @ webpack-internal:///(app-pages-browser)/./node_modules/next/dist/next-devtools/shared/forward-logs-shared.js:27
[    7520ms] [WARNING] ./components/stats/StatsClient.tsx
Module not found: Can't resolve 'html-to-image' in '/Users/saladin/Developments/interestory/components/stats'

Import trace for requested module:
./components/stats/StatsClient.tsx @ webpack-internal:///(app-pages-browser)/./node_modules/next/dist/next-devtools/shared/forward-logs-shared.js:27
[    7521ms] [LOG] [Fast Refresh] rebuilding @ webpack-internal:///(app-pages-browser)/./node_modules/next/dist/next-devtools/shared/forward-logs-shared.js:27
[    7524ms] [LOG] [Fast Refresh] done in 3ms @ webpack-internal:///(app-pages-browser)/./node_modules/next/dist/next-devtools/shared/forward-logs-shared.js:27
[    7615ms] [WARNING] ./app/page.tsx
Module not found: Can't resolve 'html-to-image' in '/Users/saladin/Developments/interestory/app'

Import trace for requested module:
./app/page.tsx @ webpack-internal:///(app-pages-browser)/./node_modules/next/dist/next-devtools/shared/forward-logs-shared.js:27
[    7615ms] [WARNING] ./components/stats/StatsClient.tsx
Module not found: Can't resolve 'html-to-image' in '/Users/saladin/Developments/interestory/components/stats'

Import trace for requested module:
./components/stats/StatsClient.tsx @ webpack-internal:///(app-pages-browser)/./node_modules/next/dist/next-devtools/shared/forward-logs-shared.js:27
[    7617ms] [LOG] [Fast Refresh] rebuilding @ webpack-internal:///(app-pages-browser)/./node_modules/next/dist/next-devtools/shared/forward-logs-shared.js:27
[    7624ms] [LOG] [Fast Refresh] done in 8ms @ webpack-internal:///(app-pages-browser)/./node_modules/next/dist/next-devtools/shared/forward-logs-shared.js:27
[    7688ms] [WARNING] ./app/page.tsx
Module not found: Can't resolve 'html-to-image' in '/Users/saladin/Developments/interestory/app'

Import trace for requested module:
./app/page.tsx @ webpack-internal:///(app-pages-browser)/./node_modules/next/dist/next-devtools/shared/forward-logs-shared.js:27
[    7688ms] [WARNING] ./components/stats/StatsClient.tsx
Module not found: Can't resolve 'html-to-image' in '/Users/saladin/Developments/interestory/components/stats'

Import trace for requested module:
./components/stats/StatsClient.tsx @ webpack-internal:///(app-pages-browser)/./node_modules/next/dist/next-devtools/shared/forward-logs-shared.js:27
[    7690ms] [LOG] [Fast Refresh] rebuilding @ webpack-internal:///(app-pages-browser)/./node_modules/next/dist/next-devtools/shared/forward-logs-shared.js:27
[    7782ms] [WARNING] ./app/page.tsx
Module not found: Can't resolve 'html-to-image' in '/Users/saladin/Developments/interestory/app'

Import trace for requested module:
./app/page.tsx @ webpack-internal:///(app-pages-browser)/./node_modules/next/dist/next-devtools/shared/forward-logs-shared.js:27
[    7782ms] [WARNING] ./components/stats/StatsClient.tsx
Module not found: Can't resolve 'html-to-image' in '/Users/saladin/Developments/interestory/components/stats'

Import trace for requested module:
./components/stats/StatsClient.tsx @ webpack-internal:///(app-pages-browser)/./node_modules/next/dist/next-devtools/shared/forward-logs-shared.js:27
[    7783ms] [LOG] [Fast Refresh] done in 93ms @ webpack-internal:///(app-pages-browser)/./node_modules/next/dist/next-devtools/shared/forward-logs-shared.js:27
[    7784ms] [LOG] [Fast Refresh] rebuilding @ webpack-internal:///(app-pages-browser)/./node_modules/next/dist/next-devtools/shared/forward-logs-shared.js:27
[    7856ms] [WARNING] ./app/page.tsx
Module not found: Can't resolve 'html-to-image' in '/Users/saladin/Developments/interestory/app'

Import trace for requested module:
./app/page.tsx @ webpack-internal:///(app-pages-browser)/./node_modules/next/dist/next-devtools/shared/forward-logs-shared.js:27
[    7856ms] [WARNING] ./components/stats/StatsClient.tsx
Module not found: Can't resolve 'html-to-image' in '/Users/saladin/Developments/interestory/components/stats'

Import trace for requested module:
./components/stats/StatsClient.tsx @ webpack-internal:///(app-pages-browser)/./node_modules/next/dist/next-devtools/shared/forward-logs-shared.js:27
[    7856ms] [LOG] [Fast Refresh] done in 73ms @ webpack-internal:///(app-pages-browser)/./node_modules/next/dist/next-devtools/shared/forward-logs-shared.js:27
[    7857ms] [LOG] [Fast Refresh] rebuilding @ webpack-internal:///(app-pages-browser)/./node_modules/next/dist/next-devtools/shared/forward-logs-shared.js:27
[    7952ms] [WARNING] ./app/page.tsx
Module not found: Can't resolve 'html-to-image' in '/Users/saladin/Developments/interestory/app'

Import trace for requested module:
./app/page.tsx @ webpack-internal:///(app-pages-browser)/./node_modules/next/dist/next-devtools/shared/forward-logs-shared.js:27
[    7952ms] [WARNING] ./components/stats/StatsClient.tsx
Module not found: Can't resolve 'html-to-image' in '/Users/saladin/Developments/interestory/components/stats'

Import trace for requested module:
./components/stats/StatsClient.tsx @ webpack-internal:///(app-pages-browser)/./node_modules/next/dist/next-devtools/shared/forward-logs-shared.js:27
[    7952ms] [LOG] [Fast Refresh] done in 94ms @ webpack-internal:///(app-pages-browser)/./node_modules/next/dist/next-devtools/shared/forward-logs-shared.js:27
[    7953ms] [LOG] [Fast Refresh] rebuilding @ webpack-internal:///(app-pages-browser)/./node_modules/next/dist/next-devtools/shared/forward-logs-shared.js:27
[    8028ms] [WARNING] ./app/page.tsx
Module not found: Can't resolve 'html-to-image' in '/Users/saladin/Developments/interestory/app'

Import trace for requested module:
./app/page.tsx @ webpack-internal:///(app-pages-browser)/./node_modules/next/dist/next-devtools/shared/forward-logs-shared.js:27
[    8028ms] [WARNING] ./components/stats/StatsClient.tsx
Module not found: Can't resolve 'html-to-image' in '/Users/saladin/Developments/interestory/components/stats'

Import trace for requested module:
./components/stats/StatsClient.tsx @ webpack-internal:///(app-pages-browser)/./node_modules/next/dist/next-devtools/shared/forward-logs-shared.js:27
[    8028ms] [LOG] [Fast Refresh] done in 75ms @ webpack-internal:///(app-pages-browser)/./node_modules/next/dist/next-devtools/shared/forward-logs-shared.js:27
[    8029ms] [LOG] [Fast Refresh] rebuilding @ webpack-internal:///(app-pages-browser)/./node_modules/next/dist/next-devtools/shared/forward-logs-shared.js:27
[    8119ms] [WARNING] ./app/page.tsx
Module not found: Can't resolve 'html-to-image' in '/Users/saladin/Developments/interestory/app'

Import trace for requested module:
./app/page.tsx @ webpack-internal:///(app-pages-browser)/./node_modules/next/dist/next-devtools/shared/forward-logs-shared.js:27
[    8119ms] [WARNING] ./components/stats/StatsClient.tsx
Module not found: Can't resolve 'html-to-image' in '/Users/saladin/Developments/interestory/components/stats'

Import trace for requested module:
./components/stats/StatsClient.tsx @ webpack-internal:///(app-pages-browser)/./node_modules/next/dist/next-devtools/shared/forward-logs-shared.js:27
[    8119ms] [LOG] [Fast Refresh] done in 91ms @ webpack-internal:///(app-pages-browser)/./node_modules/next/dist/next-devtools/shared/forward-logs-shared.js:27
[    8120ms] [LOG] [Fast Refresh] rebuilding @ webpack-internal:///(app-pages-browser)/./node_modules/next/dist/next-devtools/shared/forward-logs-shared.js:27
[    8191ms] [WARNING] ./app/page.tsx
Module not found: Can't resolve 'html-to-image' in '/Users/saladin/Developments/interestory/app'

Import trace for requested module:
./app/page.tsx @ webpack-internal:///(app-pages-browser)/./node_modules/next/dist/next-devtools/shared/forward-logs-shared.js:27
[    8191ms] [WARNING] ./components/stats/StatsClient.tsx
Module not found: Can't resolve 'html-to-image' in '/Users/saladin/Developments/interestory/components/stats'

Import trace for requested module:
./components/stats/StatsClient.tsx @ webpack-internal:///(app-pages-browser)/./node_modules/next/dist/next-devtools/shared/forward-logs-shared.js:27
[    8191ms] [LOG] [Fast Refresh] done in 71ms @ webpack-internal:///(app-pages-browser)/./node_modules/next/dist/next-devtools/shared/forward-logs-shared.js:27
[    8192ms] [LOG] [Fast Refresh] rebuilding @ webpack-internal:///(app-pages-browser)/./node_modules/next/dist/next-devtools/shared/forward-logs-shared.js:27
[    8265ms] [WARNING] ./app/page.tsx
Module not found: Can't resolve 'html-to-image' in '/Users/saladin/Developments/interestory/app'

Import trace for requested module:
./app/page.tsx @ webpack-internal:///(app-pages-browser)/./node_modules/next/dist/next-devtools/shared/forward-logs-shared.js:27
[    8265ms] [WARNING] ./components/stats/StatsClient.tsx
Module not found: Can't resolve 'html-to-image' in '/Users/saladin/Developments/interestory/components/stats'

Import trace for requested module:
./components/stats/StatsClient.tsx @ webpack-internal:///(app-pages-browser)/./node_modules/next/dist/next-devtools/shared/forward-logs-shared.js:27
[    8265ms] [LOG] [Fast Refresh] done in 74ms @ webpack-internal:///(app-pages-browser)/./node_modules/next/dist/next-devtools/shared/forward-logs-shared.js:27
[    8267ms] [LOG] [Fast Refresh] rebuilding @ webpack-internal:///(app-pages-browser)/./node_modules/next/dist/next-devtools/shared/forward-logs-shared.js:27
[    8338ms] [WARNING] ./app/page.tsx
Module not found: Can't resolve 'html-to-image' in '/Users/saladin/Developments/interestory/app'

Import trace for requested module:
./app/page.tsx @ webpack-internal:///(app-pages-browser)/./node_modules/next/dist/next-devtools/shared/forward-logs-shared.js:27
[    8338ms] [WARNING] ./components/stats/StatsClient.tsx
Module not found: Can't resolve 'html-to-image' in '/Users/saladin/Developments/interestory/components/stats'

Import trace for requested module:
./components/stats/StatsClient.tsx @ webpack-internal:///(app-pages-browser)/./node_modules/next/dist/next-devtools/shared/forward-logs-shared.js:27
[    8338ms] [LOG] [Fast Refresh] done in 72ms @ webpack-internal:///(app-pages-browser)/./node_modules/next/dist/next-devtools/shared/forward-logs-shared.js:27
[    8339ms] [LOG] [Fast Refresh] rebuilding @ webpack-internal:///(app-pages-browser)/./node_modules/next/dist/next-devtools/shared/forward-logs-shared.js:27
[    8407ms] [WARNING] ./app/page.tsx
Module not found: Can't resolve 'html-to-image' in '/Users/saladin/Developments/interestory/app'

Import trace for requested module:
./app/page.tsx @ webpack-internal:///(app-pages-browser)/./node_modules/next/dist/next-devtools/shared/forward-logs-shared.js:27
[    8407ms] [WARNING] ./components/stats/StatsClient.tsx
Module not found: Can't resolve 'html-to-image' in '/Users/saladin/Developments/interestory/components/stats'

Import trace for requested module:
./components/stats/StatsClient.tsx @ webpack-internal:///(app-pages-browser)/./node_modules/next/dist/next-devtools/shared/forward-logs-shared.js:27
[    8407ms] [LOG] [Fast Refresh] done in 68ms @ webpack-internal:///(app-pages-browser)/./node_modules/next/dist/next-devtools/shared/forward-logs-shared.js:27
[    8408ms] [LOG] [Fast Refresh] rebuilding @ webpack-internal:///(app-pages-browser)/./node_modules/next/dist/next-devtools/shared/forward-logs-shared.js:27
[    8501ms] [WARNING] ./app/page.tsx
Module not found: Can't resolve 'html-to-image' in '/Users/saladin/Developments/interestory/app'

Import trace for requested module:
./app/page.tsx @ webpack-internal:///(app-pages-browser)/./node_modules/next/dist/next-devtools/shared/forward-logs-shared.js:27
[    8501ms] [WARNING] ./components/stats/StatsClient.tsx
Module not found: Can't resolve 'html-to-image' in '/Users/saladin/Developments/interestory/components/stats'

Import trace for requested module:
./components/stats/StatsClient.tsx @ webpack-internal:///(app-pages-browser)/./node_modules/next/dist/next-devtools/shared/forward-logs-shared.js:27
[    8501ms] [LOG] [Fast Refresh] done in 94ms @ webpack-internal:///(app-pages-browser)/./node_modules/next/dist/next-devtools/shared/forward-logs-shared.js:27
[    8502ms] [LOG] [Fast Refresh] rebuilding @ webpack-internal:///(app-pages-browser)/./node_modules/next/dist/next-devtools/shared/forward-logs-shared.js:27
[    8573ms] [WARNING] ./app/page.tsx
Module not found: Can't resolve 'html-to-image' in '/Users/saladin/Developments/interestory/app'

Import trace for requested module:
./app/page.tsx @ webpack-internal:///(app-pages-browser)/./node_modules/next/dist/next-devtools/shared/forward-logs-shared.js:27
[    8573ms] [WARNING] ./components/stats/StatsClient.tsx
Module not found: Can't resolve 'html-to-image' in '/Users/saladin/Developments/interestory/components/stats'

Import trace for requested module:
./components/stats/StatsClient.tsx @ webpack-internal:///(app-pages-browser)/./node_modules/next/dist/next-devtools/shared/forward-logs-shared.js:27
[    8573ms] [LOG] [Fast Refresh] done in 71ms @ webpack-internal:///(app-pages-browser)/./node_modules/next/dist/next-devtools/shared/forward-logs-shared.js:27
[    8574ms] [LOG] [Fast Refresh] rebuilding @ webpack-internal:///(app-pages-browser)/./node_modules/next/dist/next-devtools/shared/forward-logs-shared.js:27
[    8669ms] [WARNING] ./app/page.tsx
Module not found: Can't resolve 'html-to-image' in '/Users/saladin/Developments/interestory/app'

Import trace for requested module:
./app/page.tsx @ webpack-internal:///(app-pages-browser)/./node_modules/next/dist/next-devtools/shared/forward-logs-shared.js:27
[    8669ms] [WARNING] ./components/stats/StatsClient.tsx
Module not found: Can't resolve 'html-to-image' in '/Users/saladin/Developments/interestory/components/stats'

Import trace for requested module:
./components/stats/StatsClient.tsx @ webpack-internal:///(app-pages-browser)/./node_modules/next/dist/next-devtools/shared/forward-logs-shared.js:27
[    8669ms] [LOG] [Fast Refresh] done in 95ms @ webpack-internal:///(app-pages-browser)/./node_modules/next/dist/next-devtools/shared/forward-logs-shared.js:27
[    8670ms] [LOG] [Fast Refresh] rebuilding @ webpack-internal:///(app-pages-browser)/./node_modules/next/dist/next-devtools/shared/forward-logs-shared.js:27
[    8740ms] [WARNING] ./app/page.tsx
Module not found: Can't resolve 'html-to-image' in '/Users/saladin/Developments/interestory/app'

Import trace for requested module:
./app/page.tsx @ webpack-internal:///(app-pages-browser)/./node_modules/next/dist/next-devtools/shared/forward-logs-shared.js:27
[    8740ms] [WARNING] ./components/stats/StatsClient.tsx
Module not found: Can't resolve 'html-to-image' in '/Users/saladin/Developments/interestory/components/stats'

Import trace for requested module:
./components/stats/StatsClient.tsx @ webpack-internal:///(app-pages-browser)/./node_modules/next/dist/next-devtools/shared/forward-logs-shared.js:27
[    8740ms] [LOG] [Fast Refresh] done in 70ms @ webpack-internal:///(app-pages-browser)/./node_modules/next/dist/next-devtools/shared/forward-logs-shared.js:27
[    8741ms] [LOG] [Fast Refresh] rebuilding @ webpack-internal:///(app-pages-browser)/./node_modules/next/dist/next-devtools/shared/forward-logs-shared.js:27
[    8834ms] [WARNING] ./app/page.tsx
Module not found: Can't resolve 'html-to-image' in '/Users/saladin/Developments/interestory/app'

Import trace for requested module:
./app/page.tsx @ webpack-internal:///(app-pages-browser)/./node_modules/next/dist/next-devtools/shared/forward-logs-shared.js:27
[    8834ms] [WARNING] ./components/stats/StatsClient.tsx
Module not found: Can't resolve 'html-to-image' in '/Users/saladin/Developments/interestory/components/stats'

Import trace for requested module:
./components/stats/StatsClient.tsx @ webpack-internal:///(app-pages-browser)/./node_modules/next/dist/next-devtools/shared/forward-logs-shared.js:27
[    8834ms] [LOG] [Fast Refresh] done in 93ms @ webpack-internal:///(app-pages-browser)/./node_modules/next/dist/next-devtools/shared/forward-logs-shared.js:27
[    8836ms] [LOG] [Fast Refresh] rebuilding @ webpack-internal:///(app-pages-browser)/./node_modules/next/dist/next-devtools/shared/forward-logs-shared.js:27
[    8906ms] [WARNING] ./app/page.tsx
Module not found: Can't resolve 'html-to-image' in '/Users/saladin/Developments/interestory/app'

Import trace for requested module:
./app/page.tsx @ webpack-internal:///(app-pages-browser)/./node_modules/next/dist/next-devtools/shared/forward-logs-shared.js:27
[    8906ms] [WARNING] ./components/stats/StatsClient.tsx
Module not found: Can't resolve 'html-to-image' in '/Users/saladin/Developments/interestory/components/stats'

Import trace for requested module:
./components/stats/StatsClient.tsx @ webpack-internal:///(app-pages-browser)/./node_modules/next/dist/next-devtools/shared/forward-logs-shared.js:27
[    8906ms] [LOG] [Fast Refresh] done in 71ms @ webpack-internal:///(app-pages-browser)/./node_modules/next/dist/next-devtools/shared/forward-logs-shared.js:27
[    8907ms] [LOG] [Fast Refresh] rebuilding @ webpack-internal:///(app-pages-browser)/./node_modules/next/dist/next-devtools/shared/forward-logs-shared.js:27
[    8999ms] [WARNING] ./app/page.tsx
Module not found: Can't resolve 'html-to-image' in '/Users/saladin/Developments/interestory/app'

Import trace for requested module:
./app/page.tsx @ webpack-internal:///(app-pages-browser)/./node_modules/next/dist/next-devtools/shared/forward-logs-shared.js:27
[    8999ms] [WARNING] ./components/stats/StatsClient.tsx
Module not found: Can't resolve 'html-to-image' in '/Users/saladin/Developments/interestory/components/stats'

Import trace for requested module:
./components/stats/StatsClient.tsx @ webpack-internal:///(app-pages-browser)/./node_modules/next/dist/next-devtools/shared/forward-logs-shared.js:27
[    8999ms] [LOG] [Fast Refresh] done in 91ms @ webpack-internal:///(app-pages-browser)/./node_modules/next/dist/next-devtools/shared/forward-logs-shared.js:27
[    9000ms] [LOG] [Fast Refresh] rebuilding @ webpack-internal:///(app-pages-browser)/./node_modules/next/dist/next-devtools/shared/forward-logs-shared.js:27
[    9071ms] [WARNING] ./app/page.tsx
Module not found: Can't resolve 'html-to-image' in '/Users/saladin/Developments/interestory/app'

Import trace for requested module:
./app/page.tsx @ webpack-internal:///(app-pages-browser)/./node_modules/next/dist/next-devtools/shared/forward-logs-shared.js:27
[    9071ms] [WARNING] ./components/stats/StatsClient.tsx
Module not found: Can't resolve 'html-to-image' in '/Users/saladin/Developments/interestory/components/stats'

Import trace for requested module:
./components/stats/StatsClient.tsx @ webpack-internal:///(app-pages-browser)/./node_modules/next/dist/next-devtools/shared/forward-logs-shared.js:27
[    9071ms] [LOG] [Fast Refresh] done in 71ms @ webpack-internal:///(app-pages-browser)/./node_modules/next/dist/next-devtools/shared/forward-logs-shared.js:27
[    9071ms] [LOG] [Fast Refresh] rebuilding @ webpack-internal:///(app-pages-browser)/./node_modules/next/dist/next-devtools/shared/forward-logs-shared.js:27
[    9167ms] [WARNING] ./app/page.tsx
Module not found: Can't resolve 'html-to-image' in '/Users/saladin/Developments/interestory/app'

Import trace for requested module:
./app/page.tsx @ webpack-internal:///(app-pages-browser)/./node_modules/next/dist/next-devtools/shared/forward-logs-shared.js:27
[    9168ms] [WARNING] ./components/stats/StatsClient.tsx
Module not found: Can't resolve 'html-to-image' in '/Users/saladin/Developments/interestory/components/stats'

Import trace for requested module:
./components/stats/StatsClient.tsx @ webpack-internal:///(app-pages-browser)/./node_modules/next/dist/next-devtools/shared/forward-logs-shared.js:27
[    9168ms] [LOG] [Fast Refresh] done in 96ms @ webpack-internal:///(app-pages-browser)/./node_modules/next/dist/next-devtools/shared/forward-logs-shared.js:27
[    9169ms] [LOG] [Fast Refresh] rebuilding @ webpack-internal:///(app-pages-browser)/./node_modules/next/dist/next-devtools/shared/forward-logs-shared.js:27
[    9238ms] [WARNING] ./app/page.tsx
Module not found: Can't resolve 'html-to-image' in '/Users/saladin/Developments/interestory/app'

Import trace for requested module:
./app/page.tsx @ webpack-internal:///(app-pages-browser)/./node_modules/next/dist/next-devtools/shared/forward-logs-shared.js:27
[    9238ms] [WARNING] ./components/stats/StatsClient.tsx
Module not found: Can't resolve 'html-to-image' in '/Users/saladin/Developments/interestory/components/stats'

Import trace for requested module:
./components/stats/StatsClient.tsx @ webpack-internal:///(app-pages-browser)/./node_modules/next/dist/next-devtools/shared/forward-logs-shared.js:27
[    9238ms] [LOG] [Fast Refresh] done in 70ms @ webpack-internal:///(app-pages-browser)/./node_modules/next/dist/next-devtools/shared/forward-logs-shared.js:27
[    9239ms] [LOG] [Fast Refresh] rebuilding @ webpack-internal:///(app-pages-browser)/./node_modules/next/dist/next-devtools/shared/forward-logs-shared.js:27
[    9333ms] [WARNING] ./app/page.tsx
Module not found: Can't resolve 'html-to-image' in '/Users/saladin/Developments/interestory/app'

Import trace for requested module:
./app/page.tsx @ webpack-internal:///(app-pages-browser)/./node_modules/next/dist/next-devtools/shared/forward-logs-shared.js:27
[    9333ms] [WARNING] ./components/stats/StatsClient.tsx
Module not found: Can't resolve 'html-to-image' in '/Users/saladin/Developments/interestory/components/stats'

Import trace for requested module:
./components/stats/StatsClient.tsx @ webpack-internal:///(app-pages-browser)/./node_modules/next/dist/next-devtools/shared/forward-logs-shared.js:27
[    9333ms] [LOG] [Fast Refresh] done in 93ms @ webpack-internal:///(app-pages-browser)/./node_modules/next/dist/next-devtools/shared/forward-logs-shared.js:27
[    9334ms] [LOG] [Fast Refresh] rebuilding @ webpack-internal:///(app-pages-browser)/./node_modules/next/dist/next-devtools/shared/forward-logs-shared.js:27
[    9403ms] [WARNING] ./app/page.tsx
Module not found: Can't resolve 'html-to-image' in '/Users/saladin/Developments/interestory/app'

Import trace for requested module:
./app/page.tsx @ webpack-internal:///(app-pages-browser)/./node_modules/next/dist/next-devtools/shared/forward-logs-shared.js:27
[    9403ms] [WARNING] ./components/stats/StatsClient.tsx
Module not found: Can't resolve 'html-to-image' in '/Users/saladin/Developments/interestory/components/stats'

Import trace for requested module:
./components/stats/StatsClient.tsx @ webpack-internal:///(app-pages-browser)/./node_modules/next/dist/next-devtools/shared/forward-logs-shared.js:27
[    9403ms] [LOG] [Fast Refresh] done in 69ms @ webpack-internal:///(app-pages-browser)/./node_modules/next/dist/next-devtools/shared/forward-logs-shared.js:27
[    9404ms] [LOG] [Fast Refresh] rebuilding @ webpack-internal:///(app-pages-browser)/./node_modules/next/dist/next-devtools/shared/forward-logs-shared.js:27
[    9500ms] [WARNING] ./app/page.tsx
Module not found: Can't resolve 'html-to-image' in '/Users/saladin/Developments/interestory/app'

Import trace for requested module:
./app/page.tsx @ webpack-internal:///(app-pages-browser)/./node_modules/next/dist/next-devtools/shared/forward-logs-shared.js:27
[    9500ms] [WARNING] ./components/stats/StatsClient.tsx
Module not found: Can't resolve 'html-to-image' in '/Users/saladin/Developments/interestory/components/stats'

Import trace for requested module:
./components/stats/StatsClient.tsx @ webpack-internal:///(app-pages-browser)/./node_modules/next/dist/next-devtools/shared/forward-logs-shared.js:27
[    9500ms] [LOG] [Fast Refresh] done in 96ms @ webpack-internal:///(app-pages-browser)/./node_modules/next/dist/next-devtools/shared/forward-logs-shared.js:27
[    9501ms] [LOG] [Fast Refresh] rebuilding @ webpack-internal:///(app-pages-browser)/./node_modules/next/dist/next-devtools/shared/forward-logs-shared.js:27
[    9575ms] [WARNING] ./app/page.tsx
Module not found: Can't resolve 'html-to-image' in '/Users/saladin/Developments/interestory/app'

Import trace for requested module:
./app/page.tsx @ webpack-internal:///(app-pages-browser)/./node_modules/next/dist/next-devtools/shared/forward-logs-shared.js:27
[    9575ms] [WARNING] ./components/stats/StatsClient.tsx
Module not found: Can't resolve 'html-to-image' in '/Users/saladin/Developments/interestory/components/stats'

Import trace for requested module:
./components/stats/StatsClient.tsx @ webpack-internal:///(app-pages-browser)/./node_modules/next/dist/next-devtools/shared/forward-logs-shared.js:27
[    9575ms] [LOG] [Fast Refresh] done in 75ms @ webpack-internal:///(app-pages-browser)/./node_modules/next/dist/next-devtools/shared/forward-logs-shared.js:27
[    9576ms] [LOG] [Fast Refresh] rebuilding @ webpack-internal:///(app-pages-browser)/./node_modules/next/dist/next-devtools/shared/forward-logs-shared.js:27
[    9671ms] [WARNING] ./app/page.tsx
Module not found: Can't resolve 'html-to-image' in '/Users/saladin/Developments/interestory/app'

Import trace for requested module:
./app/page.tsx @ webpack-internal:///(app-pages-browser)/./node_modules/next/dist/next-devtools/shared/forward-logs-shared.js:27
[    9671ms] [WARNING] ./components/stats/StatsClient.tsx
Module not found: Can't resolve 'html-to-image' in '/Users/saladin/Developments/interestory/components/stats'

Import trace for requested module:
./components/stats/StatsClient.tsx @ webpack-internal:///(app-pages-browser)/./node_modules/next/dist/next-devtools/shared/forward-logs-shared.js:27
[    9671ms] [LOG] [Fast Refresh] done in 95ms @ webpack-internal:///(app-pages-browser)/./node_modules/next/dist/next-devtools/shared/forward-logs-shared.js:27
[    9673ms] [LOG] [Fast Refresh] rebuilding @ webpack-internal:///(app-pages-browser)/./node_modules/next/dist/next-devtools/shared/forward-logs-shared.js:27
[    9743ms] [WARNING] ./app/page.tsx
Module not found: Can't resolve 'html-to-image' in '/Users/saladin/Developments/interestory/app'

Import trace for requested module:
./app/page.tsx @ webpack-internal:///(app-pages-browser)/./node_modules/next/dist/next-devtools/shared/forward-logs-shared.js:27
[    9743ms] [WARNING] ./components/stats/StatsClient.tsx
Module not found: Can't resolve 'html-to-image' in '/Users/saladin/Developments/interestory/components/stats'

Import trace for requested module:
./components/stats/StatsClient.tsx @ webpack-internal:///(app-pages-browser)/./node_modules/next/dist/next-devtools/shared/forward-logs-shared.js:27
[    9743ms] [LOG] [Fast Refresh] done in 71ms @ webpack-internal:///(app-pages-browser)/./node_modules/next/dist/next-devtools/shared/forward-logs-shared.js:27
[    9744ms] [LOG] [Fast Refresh] rebuilding @ webpack-internal:///(app-pages-browser)/./node_modules/next/dist/next-devtools/shared/forward-logs-shared.js:27
[    9841ms] [WARNING] ./app/page.tsx
Module not found: Can't resolve 'html-to-image' in '/Users/saladin/Developments/interestory/app'

Import trace for requested module:
./app/page.tsx @ webpack-internal:///(app-pages-browser)/./node_modules/next/dist/next-devtools/shared/forward-logs-shared.js:27
[    9841ms] [WARNING] ./components/stats/StatsClient.tsx
Module not found: Can't resolve 'html-to-image' in '/Users/saladin/Developments/interestory/components/stats'

Import trace for requested module:
./components/stats/StatsClient.tsx @ webpack-internal:///(app-pages-browser)/./node_modules/next/dist/next-devtools/shared/forward-logs-shared.js:27
[    9841ms] [LOG] [Fast Refresh] done in 96ms @ webpack-internal:///(app-pages-browser)/./node_modules/next/dist/next-devtools/shared/forward-logs-shared.js:27
[    9843ms] [LOG] [Fast Refresh] rebuilding @ webpack-internal:///(app-pages-browser)/./node_modules/next/dist/next-devtools/shared/forward-logs-shared.js:27
[    9915ms] [WARNING] ./app/page.tsx
Module not found: Can't resolve 'html-to-image' in '/Users/saladin/Developments/interestory/app'

Import trace for requested module:
./app/page.tsx @ webpack-internal:///(app-pages-browser)/./node_modules/next/dist/next-devtools/shared/forward-logs-shared.js:27
[    9915ms] [WARNING] ./components/stats/StatsClient.tsx
Module not found: Can't resolve 'html-to-image' in '/Users/saladin/Developments/interestory/components/stats'

Import trace for requested module:
./components/stats/StatsClient.tsx @ webpack-internal:///(app-pages-browser)/./node_modules/next/dist/next-devtools/shared/forward-logs-shared.js:27
[    9915ms] [LOG] [Fast Refresh] done in 73ms @ webpack-internal:///(app-pages-browser)/./node_modules/next/dist/next-devtools/shared/forward-logs-shared.js:27
[    9916ms] [LOG] [Fast Refresh] rebuilding @ webpack-internal:///(app-pages-browser)/./node_modules/next/dist/next-devtools/shared/forward-logs-shared.js:27
[   10021ms] [WARNING] ./app/page.tsx
Module not found: Can't resolve 'html-to-image' in '/Users/saladin/Developments/interestory/app'

Import trace for requested module:
./app/page.tsx @ webpack-internal:///(app-pages-browser)/./node_modules/next/dist/next-devtools/shared/forward-logs-shared.js:27
[   10021ms] [WARNING] ./components/stats/StatsClient.tsx
Module not found: Can't resolve 'html-to-image' in '/Users/saladin/Developments/interestory/components/stats'

Import trace for requested module:
./components/stats/StatsClient.tsx @ webpack-internal:///(app-pages-browser)/./node_modules/next/dist/next-devtools/shared/forward-logs-shared.js:27
[   10021ms] [LOG] [Fast Refresh] done in 105ms @ webpack-internal:///(app-pages-browser)/./node_modules/next/dist/next-devtools/shared/forward-logs-shared.js:27
[   10023ms] [LOG] [Fast Refresh] rebuilding @ webpack-internal:///(app-pages-browser)/./node_modules/next/dist/next-devtools/shared/forward-logs-shared.js:27
[   10253ms] [WARNING] ./app/page.tsx
Module not found: Can't resolve 'html-to-image' in '/Users/saladin/Developments/interestory/app'

Import trace for requested module:
./app/page.tsx @ webpack-internal:///(app-pages-browser)/./node_modules/next/dist/next-devtools/shared/forward-logs-shared.js:27
[   10253ms] [WARNING] ./components/stats/StatsClient.tsx
Module not found: Can't resolve 'html-to-image' in '/Users/saladin/Developments/interestory/components/stats'

Import trace for requested module:
./components/stats/StatsClient.tsx @ webpack-internal:///(app-pages-browser)/./node_modules/next/dist/next-devtools/shared/forward-logs-shared.js:27
[   10253ms] [LOG] [Fast Refresh] done in 229ms @ webpack-internal:///(app-pages-browser)/./node_modules/next/dist/next-devtools/shared/forward-logs-shared.js:27
[   10253ms] [LOG] [Fast Refresh] rebuilding @ webpack-internal:///(app-pages-browser)/./node_modules/next/dist/next-devtools/shared/forward-logs-shared.js:27
[   10396ms] [LOG] [Fast Refresh] rebuilding @ webpack-internal:///(app-pages-browser)/./node_modules/next/dist/next-devtools/shared/forward-logs-shared.js:27
[   10396ms] [WARNING] ./app/page.tsx
Module not found: Can't resolve 'html-to-image' in '/Users/saladin/Developments/interestory/app'

Import trace for requested module:
./app/page.tsx @ webpack-internal:///(app-pages-browser)/./node_modules/next/dist/next-devtools/shared/forward-logs-shared.js:27
[   10396ms] [WARNING] ./components/stats/StatsClient.tsx
Module not found: Can't resolve 'html-to-image' in '/Users/saladin/Developments/interestory/components/stats'

Import trace for requested module:
./components/stats/StatsClient.tsx @ webpack-internal:///(app-pages-browser)/./node_modules/next/dist/next-devtools/shared/forward-logs-shared.js:27
[   10396ms] [LOG] [Fast Refresh] done in 0ms @ webpack-internal:///(app-pages-browser)/./node_modules/next/dist/next-devtools/shared/forward-logs-shared.js:27
[   10424ms] [WARNING] ./app/page.tsx
Module not found: Can't resolve 'html-to-image' in '/Users/saladin/Developments/interestory/app'

Import trace for requested module:
./app/page.tsx @ webpack-internal:///(app-pages-browser)/./node_modules/next/dist/next-devtools/shared/forward-logs-shared.js:27
[   10424ms] [WARNING] ./components/stats/StatsClient.tsx
Module not found: Can't resolve 'html-to-image' in '/Users/saladin/Developments/interestory/components/stats'

Import trace for requested module:
./components/stats/StatsClient.tsx @ webpack-internal:///(app-pages-browser)/./node_modules/next/dist/next-devtools/shared/forward-logs-shared.js:27
[   10424ms] [LOG] [Fast Refresh] done in 29ms @ webpack-internal:///(app-pages-browser)/./node_modules/next/dist/next-devtools/shared/forward-logs-shared.js:27
[   10436ms] [ERROR] Failed to load resource: the server responded with a status of 500 (Internal Server Error) @ http://localhost:3000/family?_rsc=13zw9:0
[   10456ms] [LOG] [Fast Refresh] rebuilding @ webpack-internal:///(app-pages-browser)/./node_modules/next/dist/next-devtools/shared/forward-logs-shared.js:27
[   10529ms] [WARNING] ./app/page.tsx
Module not found: Can't resolve 'html-to-image' in '/Users/saladin/Developments/interestory/app'

Import trace for requested module:
./app/page.tsx @ webpack-internal:///(app-pages-browser)/./node_modules/next/dist/next-devtools/shared/forward-logs-shared.js:27
[   10529ms] [WARNING] ./components/stats/StatsClient.tsx
Module not found: Can't resolve 'html-to-image' in '/Users/saladin/Developments/interestory/components/stats'

Import trace for requested module:
./components/stats/StatsClient.tsx @ webpack-internal:///(app-pages-browser)/./node_modules/next/dist/next-devtools/shared/forward-logs-shared.js:27
[   10529ms] [LOG] [Fast Refresh] done in 73ms @ webpack-internal:///(app-pages-browser)/./node_modules/next/dist/next-devtools/shared/forward-logs-shared.js:27
[   10530ms] [LOG] [Fast Refresh] rebuilding @ webpack-internal:///(app-pages-browser)/./node_modules/next/dist/next-devtools/shared/forward-logs-shared.js:27
[   10684ms] [WARNING] ./app/page.tsx
Module not found: Can't resolve 'html-to-image' in '/Users/saladin/Developments/interestory/app'

Import trace for requested module:
./app/page.tsx @ webpack-internal:///(app-pages-browser)/./node_modules/next/dist/next-devtools/shared/forward-logs-shared.js:27
[   10684ms] [WARNING] ./components/stats/StatsClient.tsx
Module not found: Can't resolve 'html-to-image' in '/Users/saladin/Developments/interestory/components/stats'

Import trace for requested module:
./components/stats/StatsClient.tsx @ webpack-internal:///(app-pages-browser)/./node_modules/next/dist/next-devtools/shared/forward-logs-shared.js:27
[   10684ms] [LOG] [Fast Refresh] done in 153ms @ webpack-internal:///(app-pages-browser)/./node_modules/next/dist/next-devtools/shared/forward-logs-shared.js:27
[   10685ms] [LOG] [Fast Refresh] rebuilding @ webpack-internal:///(app-pages-browser)/./node_modules/next/dist/next-devtools/shared/forward-logs-shared.js:27
[   10756ms] [WARNING] ./app/page.tsx
Module not found: Can't resolve 'html-to-image' in '/Users/saladin/Developments/interestory/app'

Import trace for requested module:
./app/page.tsx @ webpack-internal:///(app-pages-browser)/./node_modules/next/dist/next-devtools/shared/forward-logs-shared.js:27
[   10756ms] [WARNING] ./components/stats/StatsClient.tsx
Module not found: Can't resolve 'html-to-image' in '/Users/saladin/Developments/interestory/components/stats'

Import trace for requested module:
./components/stats/StatsClient.tsx @ webpack-internal:///(app-pages-browser)/./node_modules/next/dist/next-devtools/shared/forward-logs-shared.js:27
[   10756ms] [LOG] [Fast Refresh] done in 71ms @ webpack-internal:///(app-pages-browser)/./node_modules/next/dist/next-devtools/shared/forward-logs-shared.js:27
[   10757ms] [LOG] [Fast Refresh] rebuilding @ webpack-internal:///(app-pages-browser)/./node_modules/next/dist/next-devtools/shared/forward-logs-shared.js:27
[   10787ms] [WARNING] The resource http://localhost:3000/_next/static/css/app/layout.css?v=1790076541611 was preloaded using link preload but not used within a few seconds from the window's load event. Please make sure it has an appropriate `as` value and it is preloaded intentionally. @ http://localhost:3000/family:0
[   10787ms] [WARNING] The resource http://localhost:3000/_next/static/css/app/layout.css?v=1790076540400 was preloaded using link preload but not used within a few seconds from the window's load event. Please make sure it has an appropriate `as` value and it is preloaded intentionally. @ http://localhost:3000/family:0
[   10787ms] [WARNING] The resource http://localhost:3000/_next/static/css/app/layout.css?v=1790076541115 was preloaded using link preload but not used within a few seconds from the window's load event. Please make sure it has an appropriate `as` value and it is preloaded intentionally. @ http://localhost:3000/family:0
[   10787ms] [WARNING] The resource http://localhost:3000/_next/static/css/app/layout.css?v=1790076539895 was preloaded using link preload but not used within a few seconds from the window's load event. Please make sure it has an appropriate `as` value and it is preloaded intentionally. @ http://localhost:3000/family:0
[   10787ms] [WARNING] The resource http://localhost:3000/_next/static/css/app/layout.css?v=1790076542288 was preloaded using link preload but not used within a few seconds from the window's load event. Please make sure it has an appropriate `as` value and it is preloaded intentionally. @ http://localhost:3000/family:0
[   10787ms] [WARNING] The resource http://localhost:3000/_next/static/css/app/layout.css?v=1790076539510 was preloaded using link preload but not used within a few seconds from the window's load event. Please make sure it has an appropriate `as` value and it is preloaded intentionally. @ http://localhost:3000/family:0
[   10787ms] [WARNING] The resource http://localhost:3000/_next/static/css/app/layout.css?v=1790076540782 was preloaded using link preload but not used within a few seconds from the window's load event. Please make sure it has an appropriate `as` value and it is preloaded intentionally. @ http://localhost:3000/family:0
[   10787ms] [WARNING] The resource http://localhost:3000/_next/static/css/app/layout.css?v=1790076540060 was preloaded using link preload but not used within a few seconds from the window's load event. Please make sure it has an appropriate `as` value and it is preloaded intentionally. @ http://localhost:3000/family:0
[   10787ms] [WARNING] The resource http://localhost:3000/_next/static/css/app/layout.css?v=1790076541781 was preloaded using link preload but not used within a few seconds from the window's load event. Please make sure it has an appropriate `as` value and it is preloaded intentionally. @ http://localhost:3000/family:0
[   10787ms] [WARNING] The resource http://localhost:3000/_next/static/css/app/layout.css?v=1790076542921 was preloaded using link preload but not used within a few seconds from the window's load event. Please make sure it has an appropriate `as` value and it is preloaded intentionally. @ http://localhost:3000/family:0
[   10787ms] [WARNING] The resource http://localhost:3000/_next/static/css/app/layout.css?v=1790076542120 was preloaded using link preload but not used within a few seconds from the window's load event. Please make sure it has an appropriate `as` value and it is preloaded intentionally. @ http://localhost:3000/family:0
[   10787ms] [WARNING] The resource http://localhost:3000/_next/static/css/app/layout.css?v=1790076539726 was preloaded using link preload but not used within a few seconds from the window's load event. Please make sure it has an appropriate `as` value and it is preloaded intentionally. @ http://localhost:3000/family:0
[   10787ms] [WARNING] The resource http://localhost:3000/_next/static/css/app/layout.css?v=1790076540947 was preloaded using link preload but not used within a few seconds from the window's load event. Please make sure it has an appropriate `as` value and it is preloaded intentionally. @ http://localhost:3000/family:0
[   10787ms] [WARNING] The resource http://localhost:3000/_next/static/css/app/layout.css?v=1790076541448 was preloaded using link preload but not used within a few seconds from the window's load event. Please make sure it has an appropriate `as` value and it is preloaded intentionally. @ http://localhost:3000/family:0
[   10787ms] [WARNING] The resource http://localhost:3000/_next/static/css/app/layout.css?v=1790076541278 was preloaded using link preload but not used within a few seconds from the window's load event. Please make sure it has an appropriate `as` value and it is preloaded intentionally. @ http://localhost:3000/family:0
[   10787ms] [WARNING] The resource http://localhost:3000/_next/static/media/7d4881bb7e1bf84d-s.p.woff2?v=1790076538416 was preloaded using link preload but not used within a few seconds from the window's load event. Please make sure it has an appropriate `as` value and it is preloaded intentionally. @ http://localhost:3000/family:0
[   10787ms] [WARNING] The resource http://localhost:3000/_next/static/media/22a5144ee8d83bca-s.p.woff2?v=1790076538416 was preloaded using link preload but not used within a few seconds from the window's load event. Please make sure it has an appropriate `as` value and it is preloaded intentionally. @ http://localhost:3000/family:0
[   10787ms] [WARNING] The resource http://localhost:3000/_next/static/css/app/layout.css?v=1790076540232 was preloaded using link preload but not used within a few seconds from the window's load event. Please make sure it has an appropriate `as` value and it is preloaded intentionally. @ http://localhost:3000/family:0
[   10787ms] [WARNING] The resource http://localhost:3000/_next/static/css/app/layout.css?v=1790076541949 was preloaded using link preload but not used within a few seconds from the window's load event. Please make sure it has an appropriate `as` value and it is preloaded intentionally. @ http://localhost:3000/family:0
[   10832ms] [WARNING] ./app/page.tsx
Module not found: Can't resolve 'html-to-image' in '/Users/saladin/Developments/interestory/app'

Import trace for requested module:
./app/page.tsx @ webpack-internal:///(app-pages-browser)/./node_modules/next/dist/next-devtools/shared/forward-logs-shared.js:27
[   10832ms] [WARNING] ./components/stats/StatsClient.tsx
Module not found: Can't resolve 'html-to-image' in '/Users/saladin/Developments/interestory/components/stats'

Import trace for requested module:
./components/stats/StatsClient.tsx @ webpack-internal:///(app-pages-browser)/./node_modules/next/dist/next-devtools/shared/forward-logs-shared.js:27
[   10832ms] [LOG] [Fast Refresh] done in 76ms @ webpack-internal:///(app-pages-browser)/./node_modules/next/dist/next-devtools/shared/forward-logs-shared.js:27
[   10833ms] [LOG] [Fast Refresh] rebuilding @ webpack-internal:///(app-pages-browser)/./node_modules/next/dist/next-devtools/shared/forward-logs-shared.js:27
[   10934ms] [WARNING] ./app/page.tsx
Module not found: Can't resolve 'html-to-image' in '/Users/saladin/Developments/interestory/app'

Import trace for requested module:
./app/page.tsx @ webpack-internal:///(app-pages-browser)/./node_modules/next/dist/next-devtools/shared/forward-logs-shared.js:27
[   10934ms] [WARNING] ./components/stats/StatsClient.tsx
Module not found: Can't resolve 'html-to-image' in '/Users/saladin/Developments/interestory/components/stats'

Import trace for requested module:
./components/stats/StatsClient.tsx @ webpack-internal:///(app-pages-browser)/./node_modules/next/dist/next-devtools/shared/forward-logs-shared.js:27
[   10934ms] [LOG] [Fast Refresh] done in 100ms @ webpack-internal:///(app-pages-browser)/./node_modules/next/dist/next-devtools/shared/forward-logs-shared.js:27
[   10935ms] [LOG] [Fast Refresh] rebuilding @ webpack-internal:///(app-pages-browser)/./node_modules/next/dist/next-devtools/shared/forward-logs-shared.js:27
[   11006ms] [WARNING] ./app/page.tsx
Module not found: Can't resolve 'html-to-image' in '/Users/saladin/Developments/interestory/app'

Import trace for requested module:
./app/page.tsx @ webpack-internal:///(app-pages-browser)/./node_modules/next/dist/next-devtools/shared/forward-logs-shared.js:27
[   11006ms] [WARNING] ./components/stats/StatsClient.tsx
Module not found: Can't resolve 'html-to-image' in '/Users/saladin/Developments/interestory/components/stats'

Import trace for requested module:
./components/stats/StatsClient.tsx @ webpack-internal:///(app-pages-browser)/./node_modules/next/dist/next-devtools/shared/forward-logs-shared.js:27
[   11006ms] [LOG] [Fast Refresh] done in 70ms @ webpack-internal:///(app-pages-browser)/./node_modules/next/dist/next-devtools/shared/forward-logs-shared.js:27
[   11007ms] [LOG] [Fast Refresh] rebuilding @ webpack-internal:///(app-pages-browser)/./node_modules/next/dist/next-devtools/shared/forward-logs-shared.js:27
[   11171ms] Invalid or unexpected token
[   11552ms] [INFO] %cDownload the React DevTools for a better development experience: https://react.dev/link/react-devtools font-weight:bold @ webpack-internal:///(app-pages-browser)/./node_modules/next/dist/next-devtools/shared/forward-logs-shared.js:27
[   11563ms] [LOG] [HMR] connected @ webpack-internal:///(app-pages-browser)/./node_modules/next/dist/next-devtools/shared/forward-logs-shared.js:27
[   11564ms] [WARNING] ./app/page.tsx
Module not found: Can't resolve 'html-to-image' in '/Users/saladin/Developments/interestory/app' @ webpack-internal:///(app-pages-browser)/./node_modules/next/dist/next-devtools/shared/forward-logs-shared.js:27
[   11564ms] [WARNING] ./components/stats/StatsClient.tsx
Module not found: Can't resolve 'html-to-image' in '/Users/saladin/Developments/interestory/components/stats' @ webpack-internal:///(app-pages-browser)/./node_modules/next/dist/next-devtools/shared/forward-logs-shared.js:27
[   11590ms] [LOG] [Fast Refresh] rebuilding @ webpack-internal:///(app-pages-browser)/./node_modules/next/dist/next-devtools/shared/forward-logs-shared.js:27
[   11669ms] [ERROR] Can't perform a React state update on a component that hasn't mounted yet. This indicates that you have a side-effect in your render function that asynchronously tries to update the component. Move this work to useEffect instead. @ webpack-internal:///(app-pages-browser)/./node_modules/next/dist/next-devtools/userspace/app/errors/intercept-console-error.js:57
[   11671ms] [WARNING] ./app/page.tsx
Module not found: Can't resolve 'html-to-image' in '/Users/saladin/Developments/interestory/app'

Import trace for requested module:
./app/page.tsx @ webpack-internal:///(app-pages-browser)/./node_modules/next/dist/next-devtools/shared/forward-logs-shared.js:27
[   11671ms] [WARNING] ./components/stats/StatsClient.tsx
Module not found: Can't resolve 'html-to-image' in '/Users/saladin/Developments/interestory/components/stats'

Import trace for requested module:
./components/stats/StatsClient.tsx @ webpack-internal:///(app-pages-browser)/./node_modules/next/dist/next-devtools/shared/forward-logs-shared.js:27
[   11672ms] [LOG] [Fast Refresh] rebuilding @ webpack-internal:///(app-pages-browser)/./node_modules/next/dist/next-devtools/shared/forward-logs-shared.js:27
[   11826ms] [WARNING] ./app/page.tsx
Module not found: Can't resolve 'html-to-image' in '/Users/saladin/Developments/interestory/app'

Import trace for requested module:
./app/page.tsx @ webpack-internal:///(app-pages-browser)/./node_modules/next/dist/next-devtools/shared/forward-logs-shared.js:27
[   11826ms] [WARNING] ./components/stats/StatsClient.tsx
Module not found: Can't resolve 'html-to-image' in '/Users/saladin/Developments/interestory/components/stats'

Import trace for requested module:
./components/stats/StatsClient.tsx @ webpack-internal:///(app-pages-browser)/./node_modules/next/dist/next-devtools/shared/forward-logs-shared.js:27
[   11826ms] [LOG] [Fast Refresh] done in 154ms @ webpack-internal:///(app-pages-browser)/./node_modules/next/dist/next-devtools/shared/forward-logs-shared.js:27
[   11827ms] [LOG] [Fast Refresh] rebuilding @ webpack-internal:///(app-pages-browser)/./node_modules/next/dist/next-devtools/shared/forward-logs-shared.js:27
[   11848ms] [LOG] [Fast Refresh] done in 22ms @ webpack-internal:///(app-pages-browser)/./node_modules/next/dist/next-devtools/shared/forward-logs-shared.js:27
[   11962ms] [WARNING] ./app/page.tsx
Module not found: Can't resolve 'html-to-image' in '/Users/saladin/Developments/interestory/app'

Import trace for requested module:
./app/page.tsx @ webpack-internal:///(app-pages-browser)/./node_modules/next/dist/next-devtools/shared/forward-logs-shared.js:27
[   11962ms] [WARNING] ./components/stats/StatsClient.tsx
Module not found: Can't resolve 'html-to-image' in '/Users/saladin/Developments/interestory/components/stats'

Import trace for requested module:
./components/stats/StatsClient.tsx @ webpack-internal:///(app-pages-browser)/./node_modules/next/dist/next-devtools/shared/forward-logs-shared.js:27
[   11964ms] [LOG] [Fast Refresh] rebuilding @ webpack-internal:///(app-pages-browser)/./node_modules/next/dist/next-devtools/shared/forward-logs-shared.js:27
[   11972ms] [LOG] [Fast Refresh] done in 8ms @ webpack-internal:///(app-pages-browser)/./node_modules/next/dist/next-devtools/shared/forward-logs-shared.js:27
[   12052ms] [WARNING] ./app/page.tsx
Module not found: Can't resolve 'html-to-image' in '/Users/saladin/Developments/interestory/app'

Import trace for requested module:
./app/page.tsx @ webpack-internal:///(app-pages-browser)/./node_modules/next/dist/next-devtools/shared/forward-logs-shared.js:27
[   12052ms] [WARNING] ./components/stats/StatsClient.tsx
Module not found: Can't resolve 'html-to-image' in '/Users/saladin/Developments/interestory/components/stats'

Import trace for requested module:
./components/stats/StatsClient.tsx @ webpack-internal:///(app-pages-browser)/./node_modules/next/dist/next-devtools/shared/forward-logs-shared.js:27
[   12053ms] [LOG] [Fast Refresh] rebuilding @ webpack-internal:///(app-pages-browser)/./node_modules/next/dist/next-devtools/shared/forward-logs-shared.js:27
[   12056ms] [LOG] [Fast Refresh] done in 4ms @ webpack-internal:///(app-pages-browser)/./node_modules/next/dist/next-devtools/shared/forward-logs-shared.js:27
[   12155ms] [WARNING] ./app/page.tsx
Module not found: Can't resolve 'html-to-image' in '/Users/saladin/Developments/interestory/app'

Import trace for requested module:
./app/page.tsx @ webpack-internal:///(app-pages-browser)/./node_modules/next/dist/next-devtools/shared/forward-logs-shared.js:27
[   12155ms] [WARNING] ./components/stats/StatsClient.tsx
Module not found: Can't resolve 'html-to-image' in '/Users/saladin/Developments/interestory/components/stats'

Import trace for requested module:
./components/stats/StatsClient.tsx @ webpack-internal:///(app-pages-browser)/./node_modules/next/dist/next-devtools/shared/forward-logs-shared.js:27
[   12156ms] [LOG] [Fast Refresh] rebuilding @ webpack-internal:///(app-pages-browser)/./node_modules/next/dist/next-devtools/shared/forward-logs-shared.js:27
[   12162ms] [LOG] [Fast Refresh] done in 7ms @ webpack-internal:///(app-pages-browser)/./node_modules/next/dist/next-devtools/shared/forward-logs-shared.js:27
[   12231ms] [WARNING] ./app/page.tsx
Module not found: Can't resolve 'html-to-image' in '/Users/saladin/Developments/interestory/app'

Import trace for requested module:
./app/page.tsx @ webpack-internal:///(app-pages-browser)/./node_modules/next/dist/next-devtools/shared/forward-logs-shared.js:27
[   12231ms] [WARNING] ./components/stats/StatsClient.tsx
Module not found: Can't resolve 'html-to-image' in '/Users/saladin/Developments/interestory/components/stats'

Import trace for requested module:
./components/stats/StatsClient.tsx @ webpack-internal:///(app-pages-browser)/./node_modules/next/dist/next-devtools/shared/forward-logs-shared.js:27
[   12232ms] [LOG] [Fast Refresh] rebuilding @ webpack-internal:///(app-pages-browser)/./node_modules/next/dist/next-devtools/shared/forward-logs-shared.js:27
[   12236ms] [LOG] [Fast Refresh] done in 3ms @ webpack-internal:///(app-pages-browser)/./node_modules/next/dist/next-devtools/shared/forward-logs-shared.js:27
[   12333ms] [WARNING] ./app/page.tsx
Module not found: Can't resolve 'html-to-image' in '/Users/saladin/Developments/interestory/app'

Import trace for requested module:
./app/page.tsx @ webpack-internal:///(app-pages-browser)/./node_modules/next/dist/next-devtools/shared/forward-logs-shared.js:27
[   12333ms] [WARNING] ./components/stats/StatsClient.tsx
Module not found: Can't resolve 'html-to-image' in '/Users/saladin/Developments/interestory/components/stats'

Import trace for requested module:
./components/stats/StatsClient.tsx @ webpack-internal:///(app-pages-browser)/./node_modules/next/dist/next-devtools/shared/forward-logs-shared.js:27
[   12335ms] [LOG] [Fast Refresh] rebuilding @ webpack-internal:///(app-pages-browser)/./node_modules/next/dist/next-devtools/shared/forward-logs-shared.js:27
[   12338ms] [LOG] [Fast Refresh] done in 3ms @ webpack-internal:///(app-pages-browser)/./node_modules/next/dist/next-devtools/shared/forward-logs-shared.js:27
[   12411ms] [WARNING] ./app/page.tsx
Module not found: Can't resolve 'html-to-image' in '/Users/saladin/Developments/interestory/app'

Import trace for requested module:
./app/page.tsx @ webpack-internal:///(app-pages-browser)/./node_modules/next/dist/next-devtools/shared/forward-logs-shared.js:27
[   12411ms] [WARNING] ./components/stats/StatsClient.tsx
Module not found: Can't resolve 'html-to-image' in '/Users/saladin/Developments/interestory/components/stats'

Import trace for requested module:
./components/stats/StatsClient.tsx @ webpack-internal:///(app-pages-browser)/./node_modules/next/dist/next-devtools/shared/forward-logs-shared.js:27
[   12413ms] [LOG] [Fast Refresh] rebuilding @ webpack-internal:///(app-pages-browser)/./node_modules/next/dist/next-devtools/shared/forward-logs-shared.js:27
[   12416ms] [LOG] [Fast Refresh] done in 4ms @ webpack-internal:///(app-pages-browser)/./node_modules/next/dist/next-devtools/shared/forward-logs-shared.js:27
[   12515ms] [WARNING] ./app/page.tsx
Module not found: Can't resolve 'html-to-image' in '/Users/saladin/Developments/interestory/app'

Import trace for requested module:
./app/page.tsx @ webpack-internal:///(app-pages-browser)/./node_modules/next/dist/next-devtools/shared/forward-logs-shared.js:27
[   12515ms] [WARNING] ./components/stats/StatsClient.tsx
Module not found: Can't resolve 'html-to-image' in '/Users/saladin/Developments/interestory/components/stats'

Import trace for requested module:
./components/stats/StatsClient.tsx @ webpack-internal:///(app-pages-browser)/./node_modules/next/dist/next-devtools/shared/forward-logs-shared.js:27
[   12517ms] [LOG] [Fast Refresh] rebuilding @ webpack-internal:///(app-pages-browser)/./node_modules/next/dist/next-devtools/shared/forward-logs-shared.js:27
[   12524ms] [LOG] [Fast Refresh] done in 7ms @ webpack-internal:///(app-pages-browser)/./node_modules/next/dist/next-devtools/shared/forward-logs-shared.js:27
[   12593ms] [WARNING] ./app/page.tsx
Module not found: Can't resolve 'html-to-image' in '/Users/saladin/Developments/interestory/app'

Import trace for requested module:
./app/page.tsx @ webpack-internal:///(app-pages-browser)/./node_modules/next/dist/next-devtools/shared/forward-logs-shared.js:27
[   12593ms] [WARNING] ./components/stats/StatsClient.tsx
Module not found: Can't resolve 'html-to-image' in '/Users/saladin/Developments/interestory/components/stats'

Import trace for requested module:
./components/stats/StatsClient.tsx @ webpack-internal:///(app-pages-browser)/./node_modules/next/dist/next-devtools/shared/forward-logs-shared.js:27
[   12595ms] [LOG] [Fast Refresh] rebuilding @ webpack-internal:///(app-pages-browser)/./node_modules/next/dist/next-devtools/shared/forward-logs-shared.js:27
[   12694ms] [WARNING] ./app/page.tsx
Module not found: Can't resolve 'html-to-image' in '/Users/saladin/Developments/interestory/app'

Import trace for requested module:
./app/page.tsx @ webpack-internal:///(app-pages-browser)/./node_modules/next/dist/next-devtools/shared/forward-logs-shared.js:27
[   12694ms] [WARNING] ./components/stats/StatsClient.tsx
Module not found: Can't resolve 'html-to-image' in '/Users/saladin/Developments/interestory/components/stats'

Import trace for requested module:
./components/stats/StatsClient.tsx @ webpack-internal:///(app-pages-browser)/./node_modules/next/dist/next-devtools/shared/forward-logs-shared.js:27
[   12694ms] [LOG] [Fast Refresh] done in 99ms @ webpack-internal:///(app-pages-browser)/./node_modules/next/dist/next-devtools/shared/forward-logs-shared.js:27
[   12695ms] [LOG] [Fast Refresh] rebuilding @ webpack-internal:///(app-pages-browser)/./node_modules/next/dist/next-devtools/shared/forward-logs-shared.js:27
[   12770ms] [WARNING] ./app/page.tsx
Module not found: Can't resolve 'html-to-image' in '/Users/saladin/Developments/interestory/app'

Import trace for requested module:
./app/page.tsx @ webpack-internal:///(app-pages-browser)/./node_modules/next/dist/next-devtools/shared/forward-logs-shared.js:27
[   12770ms] [WARNING] ./components/stats/StatsClient.tsx
Module not found: Can't resolve 'html-to-image' in '/Users/saladin/Developments/interestory/components/stats'

Import trace for requested module:
./components/stats/StatsClient.tsx @ webpack-internal:///(app-pages-browser)/./node_modules/next/dist/next-devtools/shared/forward-logs-shared.js:27
[   12771ms] [LOG] [Fast Refresh] done in 75ms @ webpack-internal:///(app-pages-browser)/./node_modules/next/dist/next-devtools/shared/forward-logs-shared.js:27
[   12772ms] [LOG] [Fast Refresh] rebuilding @ webpack-internal:///(app-pages-browser)/./node_modules/next/dist/next-devtools/shared/forward-logs-shared.js:27
[   12876ms] [WARNING] ./app/page.tsx
Module not found: Can't resolve 'html-to-image' in '/Users/saladin/Developments/interestory/app'

Import trace for requested module:
./app/page.tsx @ webpack-internal:///(app-pages-browser)/./node_modules/next/dist/next-devtools/shared/forward-logs-shared.js:27
[   12876ms] [WARNING] ./components/stats/StatsClient.tsx
Module not found: Can't resolve 'html-to-image' in '/Users/saladin/Developments/interestory/components/stats'

Import trace for requested module:
./components/stats/StatsClient.tsx @ webpack-internal:///(app-pages-browser)/./node_modules/next/dist/next-devtools/shared/forward-logs-shared.js:27
[   12876ms] [LOG] [Fast Refresh] done in 104ms @ webpack-internal:///(app-pages-browser)/./node_modules/next/dist/next-devtools/shared/forward-logs-shared.js:27
[   12877ms] [LOG] [Fast Refresh] rebuilding @ webpack-internal:///(app-pages-browser)/./node_modules/next/dist/next-devtools/shared/forward-logs-shared.js:27
[   12960ms] [WARNING] ./app/page.tsx
Module not found: Can't resolve 'html-to-image' in '/Users/saladin/Developments/interestory/app'

Import trace for requested module:
./app/page.tsx @ webpack-internal:///(app-pages-browser)/./node_modules/next/dist/next-devtools/shared/forward-logs-shared.js:27
[   12960ms] [WARNING] ./components/stats/StatsClient.tsx
Module not found: Can't resolve 'html-to-image' in '/Users/saladin/Developments/interestory/components/stats'

Import trace for requested module:
./components/stats/StatsClient.tsx @ webpack-internal:///(app-pages-browser)/./node_modules/next/dist/next-devtools/shared/forward-logs-shared.js:27
[   12961ms] [LOG] [Fast Refresh] done in 84ms @ webpack-internal:///(app-pages-browser)/./node_modules/next/dist/next-devtools/shared/forward-logs-shared.js:27
[   12962ms] [LOG] [Fast Refresh] rebuilding @ webpack-internal:///(app-pages-browser)/./node_modules/next/dist/next-devtools/shared/forward-logs-shared.js:27
[   13063ms] [WARNING] ./app/page.tsx
Module not found: Can't resolve 'html-to-image' in '/Users/saladin/Developments/interestory/app'

Import trace for requested module:
./app/page.tsx @ webpack-internal:///(app-pages-browser)/./node_modules/next/dist/next-devtools/shared/forward-logs-shared.js:27
[   13063ms] [WARNING] ./components/stats/StatsClient.tsx
Module not found: Can't resolve 'html-to-image' in '/Users/saladin/Developments/interestory/components/stats'

Import trace for requested module:
./components/stats/StatsClient.tsx @ webpack-internal:///(app-pages-browser)/./node_modules/next/dist/next-devtools/shared/forward-logs-shared.js:27
[   13063ms] [LOG] [Fast Refresh] done in 102ms @ webpack-internal:///(app-pages-browser)/./node_modules/next/dist/next-devtools/shared/forward-logs-shared.js:27
[   13065ms] [LOG] [Fast Refresh] rebuilding @ webpack-internal:///(app-pages-browser)/./node_modules/next/dist/next-devtools/shared/forward-logs-shared.js:27
[   13143ms] [WARNING] ./app/page.tsx
Module not found: Can't resolve 'html-to-image' in '/Users/saladin/Developments/interestory/app'

Import trace for requested module:
./app/page.tsx @ webpack-internal:///(app-pages-browser)/./node_modules/next/dist/next-devtools/shared/forward-logs-shared.js:27
[   13143ms] [WARNING] ./components/stats/StatsClient.tsx
Module not found: Can't resolve 'html-to-image' in '/Users/saladin/Developments/interestory/components/stats'

Import trace for requested module:
./components/stats/StatsClient.tsx @ webpack-internal:///(app-pages-browser)/./node_modules/next/dist/next-devtools/shared/forward-logs-shared.js:27
[   13143ms] [LOG] [Fast Refresh] done in 78ms @ webpack-internal:///(app-pages-browser)/./node_modules/next/dist/next-devtools/shared/forward-logs-shared.js:27
[   13144ms] [LOG] [Fast Refresh] rebuilding @ webpack-internal:///(app-pages-browser)/./node_modules/next/dist/next-devtools/shared/forward-logs-shared.js:27
[   13250ms] [WARNING] ./app/page.tsx
Module not found: Can't resolve 'html-to-image' in '/Users/saladin/Developments/interestory/app'

Import trace for requested module:
./app/page.tsx @ webpack-internal:///(app-pages-browser)/./node_modules/next/dist/next-devtools/shared/forward-logs-shared.js:27
[   13250ms] [WARNING] ./components/stats/StatsClient.tsx
Module not found: Can't resolve 'html-to-image' in '/Users/saladin/Developments/interestory/components/stats'

Import trace for requested module:
./components/stats/StatsClient.tsx @ webpack-internal:///(app-pages-browser)/./node_modules/next/dist/next-devtools/shared/forward-logs-shared.js:27
[   13250ms] [LOG] [Fast Refresh] done in 105ms @ webpack-internal:///(app-pages-browser)/./node_modules/next/dist/next-devtools/shared/forward-logs-shared.js:27
[   13251ms] [LOG] [Fast Refresh] rebuilding @ webpack-internal:///(app-pages-browser)/./node_modules/next/dist/next-devtools/shared/forward-logs-shared.js:27
[   13329ms] [WARNING] ./app/page.tsx
Module not found: Can't resolve 'html-to-image' in '/Users/saladin/Developments/interestory/app'

Import trace for requested module:
./app/page.tsx @ webpack-internal:///(app-pages-browser)/./node_modules/next/dist/next-devtools/shared/forward-logs-shared.js:27
[   13329ms] [WARNING] ./components/stats/StatsClient.tsx
Module not found: Can't resolve 'html-to-image' in '/Users/saladin/Developments/interestory/components/stats'

Import trace for requested module:
./components/stats/StatsClient.tsx @ webpack-internal:///(app-pages-browser)/./node_modules/next/dist/next-devtools/shared/forward-logs-shared.js:27
[   13329ms] [LOG] [Fast Refresh] done in 78ms @ webpack-internal:///(app-pages-browser)/./node_modules/next/dist/next-devtools/shared/forward-logs-shared.js:27
[   13330ms] [LOG] [Fast Refresh] rebuilding @ webpack-internal:///(app-pages-browser)/./node_modules/next/dist/next-devtools/shared/forward-logs-shared.js:27
[   13437ms] [WARNING] ./app/page.tsx
Module not found: Can't resolve 'html-to-image' in '/Users/saladin/Developments/interestory/app'

Import trace for requested module:
./app/page.tsx @ webpack-internal:///(app-pages-browser)/./node_modules/next/dist/next-devtools/shared/forward-logs-shared.js:27
[   13437ms] [WARNING] ./components/stats/StatsClient.tsx
Module not found: Can't resolve 'html-to-image' in '/Users/saladin/Developments/interestory/components/stats'

Import trace for requested module:
./components/stats/StatsClient.tsx @ webpack-internal:///(app-pages-browser)/./node_modules/next/dist/next-devtools/shared/forward-logs-shared.js:27
[   13437ms] [LOG] [Fast Refresh] done in 107ms @ webpack-internal:///(app-pages-browser)/./node_modules/next/dist/next-devtools/shared/forward-logs-shared.js:27
[   13438ms] [LOG] [Fast Refresh] rebuilding @ webpack-internal:///(app-pages-browser)/./node_modules/next/dist/next-devtools/shared/forward-logs-shared.js:27
[   13511ms] [WARNING] ./app/page.tsx
Module not found: Can't resolve 'html-to-image' in '/Users/saladin/Developments/interestory/app'

Import trace for requested module:
./app/page.tsx @ webpack-internal:///(app-pages-browser)/./node_modules/next/dist/next-devtools/shared/forward-logs-shared.js:27
[   13511ms] [WARNING] ./components/stats/StatsClient.tsx
Module not found: Can't resolve 'html-to-image' in '/Users/saladin/Developments/interestory/components/stats'

Import trace for requested module:
./components/stats/StatsClient.tsx @ webpack-internal:///(app-pages-browser)/./node_modules/next/dist/next-devtools/shared/forward-logs-shared.js:27
[   13511ms] [LOG] [Fast Refresh] done in 73ms @ webpack-internal:///(app-pages-browser)/./node_modules/next/dist/next-devtools/shared/forward-logs-shared.js:27
[   13512ms] [LOG] [Fast Refresh] rebuilding @ webpack-internal:///(app-pages-browser)/./node_modules/next/dist/next-devtools/shared/forward-logs-shared.js:27
[   13610ms] [WARNING] ./app/page.tsx
Module not found: Can't resolve 'html-to-image' in '/Users/saladin/Developments/interestory/app'

Import trace for requested module:
./app/page.tsx @ webpack-internal:///(app-pages-browser)/./node_modules/next/dist/next-devtools/shared/forward-logs-shared.js:27
[   13610ms] [WARNING] ./components/stats/StatsClient.tsx
Module not found: Can't resolve 'html-to-image' in '/Users/saladin/Developments/interestory/components/stats'

Import trace for requested module:
./components/stats/StatsClient.tsx @ webpack-internal:///(app-pages-browser)/./node_modules/next/dist/next-devtools/shared/forward-logs-shared.js:27
[   13610ms] [LOG] [Fast Refresh] done in 97ms @ webpack-internal:///(app-pages-browser)/./node_modules/next/dist/next-devtools/shared/forward-logs-shared.js:27
[   13611ms] [LOG] [Fast Refresh] rebuilding @ webpack-internal:///(app-pages-browser)/./node_modules/next/dist/next-devtools/shared/forward-logs-shared.js:27
[   13687ms] [WARNING] ./app/page.tsx
Module not found: Can't resolve 'html-to-image' in '/Users/saladin/Developments/interestory/app'

Import trace for requested module:
./app/page.tsx @ webpack-internal:///(app-pages-browser)/./node_modules/next/dist/next-devtools/shared/forward-logs-shared.js:27
[   13687ms] [WARNING] ./components/stats/StatsClient.tsx
Module not found: Can't resolve 'html-to-image' in '/Users/saladin/Developments/interestory/components/stats'

Import trace for requested module:
./components/stats/StatsClient.tsx @ webpack-internal:///(app-pages-browser)/./node_modules/next/dist/next-devtools/shared/forward-logs-shared.js:27
[   13687ms] [LOG] [Fast Refresh] done in 76ms @ webpack-internal:///(app-pages-browser)/./node_modules/next/dist/next-devtools/shared/forward-logs-shared.js:27
[   13689ms] [LOG] [Fast Refresh] rebuilding @ webpack-internal:///(app-pages-browser)/./node_modules/next/dist/next-devtools/shared/forward-logs-shared.js:27
[   13814ms] [WARNING] ./app/page.tsx
Module not found: Can't resolve 'html-to-image' in '/Users/saladin/Developments/interestory/app'

Import trace for requested module:
./app/page.tsx @ webpack-internal:///(app-pages-browser)/./node_modules/next/dist/next-devtools/shared/forward-logs-shared.js:27
[   13814ms] [WARNING] ./components/stats/StatsClient.tsx
Module not found: Can't resolve 'html-to-image' in '/Users/saladin/Developments/interestory/components/stats'

Import trace for requested module:
./components/stats/StatsClient.tsx @ webpack-internal:///(app-pages-browser)/./node_modules/next/dist/next-devtools/shared/forward-logs-shared.js:27
[   13814ms] [LOG] [Fast Refresh] done in 126ms @ webpack-internal:///(app-pages-browser)/./node_modules/next/dist/next-devtools/shared/forward-logs-shared.js:27
[   13816ms] [LOG] [Fast Refresh] rebuilding @ webpack-internal:///(app-pages-browser)/./node_modules/next/dist/next-devtools/shared/forward-logs-shared.js:27
[   13897ms] [WARNING] ./app/page.tsx
Module not found: Can't resolve 'html-to-image' in '/Users/saladin/Developments/interestory/app'

Import trace for requested module:
./app/page.tsx @ webpack-internal:///(app-pages-browser)/./node_modules/next/dist/next-devtools/shared/forward-logs-shared.js:27
[   13897ms] [WARNING] ./components/stats/StatsClient.tsx
Module not found: Can't resolve 'html-to-image' in '/Users/saladin/Developments/interestory/components/stats'

Import trace for requested module:
./components/stats/StatsClient.tsx @ webpack-internal:///(app-pages-browser)/./node_modules/next/dist/next-devtools/shared/forward-logs-shared.js:27
[   13897ms] [LOG] [Fast Refresh] done in 81ms @ webpack-internal:///(app-pages-browser)/./node_modules/next/dist/next-devtools/shared/forward-logs-shared.js:27
[   13898ms] [LOG] [Fast Refresh] rebuilding @ webpack-internal:///(app-pages-browser)/./node_modules/next/dist/next-devtools/shared/forward-logs-shared.js:27
[   14001ms] [WARNING] ./app/page.tsx
Module not found: Can't resolve 'html-to-image' in '/Users/saladin/Developments/interestory/app'

Import trace for requested module:
./app/page.tsx @ webpack-internal:///(app-pages-browser)/./node_modules/next/dist/next-devtools/shared/forward-logs-shared.js:27
[   14002ms] [WARNING] ./components/stats/StatsClient.tsx
Module not found: Can't resolve 'html-to-image' in '/Users/saladin/Developments/interestory/components/stats'

Import trace for requested module:
./components/stats/StatsClient.tsx @ webpack-internal:///(app-pages-browser)/./node_modules/next/dist/next-devtools/shared/forward-logs-shared.js:27
[   14002ms] [LOG] [Fast Refresh] done in 104ms @ webpack-internal:///(app-pages-browser)/./node_modules/next/dist/next-devtools/shared/forward-logs-shared.js:27
[   14003ms] [LOG] [Fast Refresh] rebuilding @ webpack-internal:///(app-pages-browser)/./node_modules/next/dist/next-devtools/shared/forward-logs-shared.js:27
[   14079ms] [WARNING] ./app/page.tsx
Module not found: Can't resolve 'html-to-image' in '/Users/saladin/Developments/interestory/app'

Import trace for requested module:
./app/page.tsx @ webpack-internal:///(app-pages-browser)/./node_modules/next/dist/next-devtools/shared/forward-logs-shared.js:27
[   14079ms] [WARNING] ./components/stats/StatsClient.tsx
Module not found: Can't resolve 'html-to-image' in '/Users/saladin/Developments/interestory/components/stats'

Import trace for requested module:
./components/stats/StatsClient.tsx @ webpack-internal:///(app-pages-browser)/./node_modules/next/dist/next-devtools/shared/forward-logs-shared.js:27
[   14079ms] [LOG] [Fast Refresh] done in 77ms @ webpack-internal:///(app-pages-browser)/./node_modules/next/dist/next-devtools/shared/forward-logs-shared.js:27
[   14081ms] [LOG] [Fast Refresh] rebuilding @ webpack-internal:///(app-pages-browser)/./node_modules/next/dist/next-devtools/shared/forward-logs-shared.js:27
[   14197ms] [WARNING] ./app/page.tsx
Module not found: Can't resolve 'html-to-image' in '/Users/saladin/Developments/interestory/app'

Import trace for requested module:
./app/page.tsx @ webpack-internal:///(app-pages-browser)/./node_modules/next/dist/next-devtools/shared/forward-logs-shared.js:27
[   14197ms] [WARNING] ./components/stats/StatsClient.tsx
Module not found: Can't resolve 'html-to-image' in '/Users/saladin/Developments/interestory/components/stats'

Import trace for requested module:
./components/stats/StatsClient.tsx @ webpack-internal:///(app-pages-browser)/./node_modules/next/dist/next-devtools/shared/forward-logs-shared.js:27
[   14197ms] [LOG] [Fast Refresh] done in 117ms @ webpack-internal:///(app-pages-browser)/./node_modules/next/dist/next-devtools/shared/forward-logs-shared.js:27
[   14199ms] [LOG] [Fast Refresh] rebuilding @ webpack-internal:///(app-pages-browser)/./node_modules/next/dist/next-devtools/shared/forward-logs-shared.js:27
[   14353ms] [WARNING] ./app/page.tsx
Module not found: Can't resolve 'html-to-image' in '/Users/saladin/Developments/interestory/app'

Import trace for requested module:
./app/page.tsx @ webpack-internal:///(app-pages-browser)/./node_modules/next/dist/next-devtools/shared/forward-logs-shared.js:27
[   14353ms] [WARNING] ./components/stats/StatsClient.tsx
Module not found: Can't resolve 'html-to-image' in '/Users/saladin/Developments/interestory/components/stats'

Import trace for requested module:
./components/stats/StatsClient.tsx @ webpack-internal:///(app-pages-browser)/./node_modules/next/dist/next-devtools/shared/forward-logs-shared.js:27
[   14353ms] [LOG] [Fast Refresh] done in 155ms @ webpack-internal:///(app-pages-browser)/./node_modules/next/dist/next-devtools/shared/forward-logs-shared.js:27
[   14355ms] [LOG] [Fast Refresh] rebuilding @ webpack-internal:///(app-pages-browser)/./node_modules/next/dist/next-devtools/shared/forward-logs-shared.js:27
[   14441ms] [WARNING] ./app/page.tsx
Module not found: Can't resolve 'html-to-image' in '/Users/saladin/Developments/interestory/app'

Import trace for requested module:
./app/page.tsx @ webpack-internal:///(app-pages-browser)/./node_modules/next/dist/next-devtools/shared/forward-logs-shared.js:27
[   14441ms] [WARNING] ./components/stats/StatsClient.tsx
Module not found: Can't resolve 'html-to-image' in '/Users/saladin/Developments/interestory/components/stats'

Import trace for requested module:
./components/stats/StatsClient.tsx @ webpack-internal:///(app-pages-browser)/./node_modules/next/dist/next-devtools/shared/forward-logs-shared.js:27
[   14441ms] [LOG] [Fast Refresh] done in 85ms @ webpack-internal:///(app-pages-browser)/./node_modules/next/dist/next-devtools/shared/forward-logs-shared.js:27
[   14442ms] [LOG] [Fast Refresh] rebuilding @ webpack-internal:///(app-pages-browser)/./node_modules/next/dist/next-devtools/shared/forward-logs-shared.js:27
[   14543ms] [WARNING] ./app/page.tsx
Module not found: Can't resolve 'html-to-image' in '/Users/saladin/Developments/interestory/app'

Import trace for requested module:
./app/page.tsx @ webpack-internal:///(app-pages-browser)/./node_modules/next/dist/next-devtools/shared/forward-logs-shared.js:27
[   14543ms] [WARNING] ./components/stats/StatsClient.tsx
Module not found: Can't resolve 'html-to-image' in '/Users/saladin/Developments/interestory/components/stats'

Import trace for requested module:
./components/stats/StatsClient.tsx @ webpack-internal:///(app-pages-browser)/./node_modules/next/dist/next-devtools/shared/forward-logs-shared.js:27
[   14543ms] [LOG] [Fast Refresh] done in 100ms @ webpack-internal:///(app-pages-browser)/./node_modules/next/dist/next-devtools/shared/forward-logs-shared.js:27
[   14544ms] [LOG] [Fast Refresh] rebuilding @ webpack-internal:///(app-pages-browser)/./node_modules/next/dist/next-devtools/shared/forward-logs-shared.js:27
[   14621ms] [WARNING] ./app/page.tsx
Module not found: Can't resolve 'html-to-image' in '/Users/saladin/Developments/interestory/app'

Import trace for requested module:
./app/page.tsx @ webpack-internal:///(app-pages-browser)/./node_modules/next/dist/next-devtools/shared/forward-logs-shared.js:27
[   14621ms] [WARNING] ./components/stats/StatsClient.tsx
Module not found: Can't resolve 'html-to-image' in '/Users/saladin/Developments/interestory/components/stats'

Import trace for requested module:
./components/stats/StatsClient.tsx @ webpack-internal:///(app-pages-browser)/./node_modules/next/dist/next-devtools/shared/forward-logs-shared.js:27
[   14622ms] [LOG] [Fast Refresh] done in 78ms @ webpack-internal:///(app-pages-browser)/./node_modules/next/dist/next-devtools/shared/forward-logs-shared.js:27
[   14623ms] [LOG] [Fast Refresh] rebuilding @ webpack-internal:///(app-pages-browser)/./node_modules/next/dist/next-devtools/shared/forward-logs-shared.js:27
[   14721ms] [WARNING] ./app/page.tsx
Module not found: Can't resolve 'html-to-image' in '/Users/saladin/Developments/interestory/app'

Import trace for requested module:
./app/page.tsx @ webpack-internal:///(app-pages-browser)/./node_modules/next/dist/next-devtools/shared/forward-logs-shared.js:27
[   14721ms] [WARNING] ./components/stats/StatsClient.tsx
Module not found: Can't resolve 'html-to-image' in '/Users/saladin/Developments/interestory/components/stats'

Import trace for requested module:
./components/stats/StatsClient.tsx @ webpack-internal:///(app-pages-browser)/./node_modules/next/dist/next-devtools/shared/forward-logs-shared.js:27
[   14721ms] [LOG] [Fast Refresh] done in 98ms @ webpack-internal:///(app-pages-browser)/./node_modules/next/dist/next-devtools/shared/forward-logs-shared.js:27
[   14722ms] [LOG] [Fast Refresh] rebuilding @ webpack-internal:///(app-pages-browser)/./node_modules/next/dist/next-devtools/shared/forward-logs-shared.js:27
[   14803ms] [WARNING] ./app/page.tsx
Module not found: Can't resolve 'html-to-image' in '/Users/saladin/Developments/interestory/app'

Import trace for requested module:
./app/page.tsx @ webpack-internal:///(app-pages-browser)/./node_modules/next/dist/next-devtools/shared/forward-logs-shared.js:27
[   14803ms] [WARNING] ./components/stats/StatsClient.tsx
Module not found: Can't resolve 'html-to-image' in '/Users/saladin/Developments/interestory/components/stats'

Import trace for requested module:
./components/stats/StatsClient.tsx @ webpack-internal:///(app-pages-browser)/./node_modules/next/dist/next-devtools/shared/forward-logs-shared.js:27
[   14803ms] [LOG] [Fast Refresh] done in 81ms @ webpack-internal:///(app-pages-browser)/./node_modules/next/dist/next-devtools/shared/forward-logs-shared.js:27
[   14804ms] [LOG] [Fast Refresh] rebuilding @ webpack-internal:///(app-pages-browser)/./node_modules/next/dist/next-devtools/shared/forward-logs-shared.js:27
[   14906ms] [WARNING] ./app/page.tsx
Module not found: Can't resolve 'html-to-image' in '/Users/saladin/Developments/interestory/app'

Import trace for requested module:
./app/page.tsx @ webpack-internal:///(app-pages-browser)/./node_modules/next/dist/next-devtools/shared/forward-logs-shared.js:27
[   14906ms] [WARNING] ./components/stats/StatsClient.tsx
Module not found: Can't resolve 'html-to-image' in '/Users/saladin/Developments/interestory/components/stats'

Import trace for requested module:
./components/stats/StatsClient.tsx @ webpack-internal:///(app-pages-browser)/./node_modules/next/dist/next-devtools/shared/forward-logs-shared.js:27
[   14906ms] [LOG] [Fast Refresh] done in 102ms @ webpack-internal:///(app-pages-browser)/./node_modules/next/dist/next-devtools/shared/forward-logs-shared.js:27
[   14907ms] [LOG] [Fast Refresh] rebuilding @ webpack-internal:///(app-pages-browser)/./node_modules/next/dist/next-devtools/shared/forward-logs-shared.js:27
[   14985ms] [WARNING] ./app/page.tsx
Module not found: Can't resolve 'html-to-image' in '/Users/saladin/Developments/interestory/app'

Import trace for requested module:
./app/page.tsx @ webpack-internal:///(app-pages-browser)/./node_modules/next/dist/next-devtools/shared/forward-logs-shared.js:27
[   14985ms] [WARNING] ./components/stats/StatsClient.tsx
Module not found: Can't resolve 'html-to-image' in '/Users/saladin/Developments/interestory/components/stats'

Import trace for requested module:
./components/stats/StatsClient.tsx @ webpack-internal:///(app-pages-browser)/./node_modules/next/dist/next-devtools/shared/forward-logs-shared.js:27
[   14985ms] [LOG] [Fast Refresh] done in 77ms @ webpack-internal:///(app-pages-browser)/./node_modules/next/dist/next-devtools/shared/forward-logs-shared.js:27
[   14986ms] [LOG] [Fast Refresh] rebuilding @ webpack-internal:///(app-pages-browser)/./node_modules/next/dist/next-devtools/shared/forward-logs-shared.js:27
[   15091ms] [WARNING] ./app/page.tsx
Module not found: Can't resolve 'html-to-image' in '/Users/saladin/Developments/interestory/app'

Import trace for requested module:
./app/page.tsx @ webpack-internal:///(app-pages-browser)/./node_modules/next/dist/next-devtools/shared/forward-logs-shared.js:27
[   15091ms] [WARNING] ./components/stats/StatsClient.tsx
Module not found: Can't resolve 'html-to-image' in '/Users/saladin/Developments/interestory/components/stats'

Import trace for requested module:
./components/stats/StatsClient.tsx @ webpack-internal:///(app-pages-browser)/./node_modules/next/dist/next-devtools/shared/forward-logs-shared.js:27
[   15091ms] [LOG] [Fast Refresh] done in 105ms @ webpack-internal:///(app-pages-browser)/./node_modules/next/dist/next-devtools/shared/forward-logs-shared.js:27
[   15093ms] [LOG] [Fast Refresh] rebuilding @ webpack-internal:///(app-pages-browser)/./node_modules/next/dist/next-devtools/shared/forward-logs-shared.js:27
[   15174ms] [WARNING] ./app/page.tsx
Module not found: Can't resolve 'html-to-image' in '/Users/saladin/Developments/interestory/app'

Import trace for requested module:
./app/page.tsx @ webpack-internal:///(app-pages-browser)/./node_modules/next/dist/next-devtools/shared/forward-logs-shared.js:27
[   15174ms] [WARNING] ./components/stats/StatsClient.tsx
Module not found: Can't resolve 'html-to-image' in '/Users/saladin/Developments/interestory/components/stats'

Import trace for requested module:
./components/stats/StatsClient.tsx @ webpack-internal:///(app-pages-browser)/./node_modules/next/dist/next-devtools/shared/forward-logs-shared.js:27
[   15174ms] [LOG] [Fast Refresh] done in 82ms @ webpack-internal:///(app-pages-browser)/./node_modules/next/dist/next-devtools/shared/forward-logs-shared.js:27
[   15176ms] [LOG] [Fast Refresh] rebuilding @ webpack-internal:///(app-pages-browser)/./node_modules/next/dist/next-devtools/shared/forward-logs-shared.js:27
[   15275ms] [WARNING] ./app/page.tsx
Module not found: Can't resolve 'html-to-image' in '/Users/saladin/Developments/interestory/app'

Import trace for requested module:
./app/page.tsx @ webpack-internal:///(app-pages-browser)/./node_modules/next/dist/next-devtools/shared/forward-logs-shared.js:27
[   15275ms] [WARNING] ./components/stats/StatsClient.tsx
Module not found: Can't resolve 'html-to-image' in '/Users/saladin/Developments/interestory/components/stats'

Import trace for requested module:
./components/stats/StatsClient.tsx @ webpack-internal:///(app-pages-browser)/./node_modules/next/dist/next-devtools/shared/forward-logs-shared.js:27
[   15275ms] [LOG] [Fast Refresh] done in 100ms @ webpack-internal:///(app-pages-browser)/./node_modules/next/dist/next-devtools/shared/forward-logs-shared.js:27
[   15277ms] [LOG] [Fast Refresh] rebuilding @ webpack-internal:///(app-pages-browser)/./node_modules/next/dist/next-devtools/shared/forward-logs-shared.js:27
[   15353ms] [WARNING] ./app/page.tsx
Module not found: Can't resolve 'html-to-image' in '/Users/saladin/Developments/interestory/app'

Import trace for requested module:
./app/page.tsx @ webpack-internal:///(app-pages-browser)/./node_modules/next/dist/next-devtools/shared/forward-logs-shared.js:27
[   15353ms] [WARNING] ./components/stats/StatsClient.tsx
Module not found: Can't resolve 'html-to-image' in '/Users/saladin/Developments/interestory/components/stats'

Import trace for requested module:
./components/stats/StatsClient.tsx @ webpack-internal:///(app-pages-browser)/./node_modules/next/dist/next-devtools/shared/forward-logs-shared.js:27
[   15353ms] [LOG] [Fast Refresh] done in 76ms @ webpack-internal:///(app-pages-browser)/./node_modules/next/dist/next-devtools/shared/forward-logs-shared.js:27
[   15354ms] [LOG] [Fast Refresh] rebuilding @ webpack-internal:///(app-pages-browser)/./node_modules/next/dist/next-devtools/shared/forward-logs-shared.js:27
[   15455ms] [WARNING] ./app/page.tsx
Module not found: Can't resolve 'html-to-image' in '/Users/saladin/Developments/interestory/app'

Import trace for requested module:
./app/page.tsx @ webpack-internal:///(app-pages-browser)/./node_modules/next/dist/next-devtools/shared/forward-logs-shared.js:27
[   15455ms] [WARNING] ./components/stats/StatsClient.tsx
Module not found: Can't resolve 'html-to-image' in '/Users/saladin/Developments/interestory/components/stats'

Import trace for requested module:
./components/stats/StatsClient.tsx @ webpack-internal:///(app-pages-browser)/./node_modules/next/dist/next-devtools/shared/forward-logs-shared.js:27
[   15455ms] [LOG] [Fast Refresh] done in 101ms @ webpack-internal:///(app-pages-browser)/./node_modules/next/dist/next-devtools/shared/forward-logs-shared.js:27
[   15456ms] [LOG] [Fast Refresh] rebuilding @ webpack-internal:///(app-pages-browser)/./node_modules/next/dist/next-devtools/shared/forward-logs-shared.js:27
[   15535ms] [WARNING] ./app/page.tsx
Module not found: Can't resolve 'html-to-image' in '/Users/saladin/Developments/interestory/app'

Import trace for requested module:
./app/page.tsx @ webpack-internal:///(app-pages-browser)/./node_modules/next/dist/next-devtools/shared/forward-logs-shared.js:27
[   15535ms] [WARNING] ./components/stats/StatsClient.tsx
Module not found: Can't resolve 'html-to-image' in '/Users/saladin/Developments/interestory/components/stats'

Import trace for requested module:
./components/stats/StatsClient.tsx @ webpack-internal:///(app-pages-browser)/./node_modules/next/dist/next-devtools/shared/forward-logs-shared.js:27
[   15535ms] [LOG] [Fast Refresh] done in 78ms @ webpack-internal:///(app-pages-browser)/./node_modules/next/dist/next-devtools/shared/forward-logs-shared.js:27
[   15536ms] [LOG] [Fast Refresh] rebuilding @ webpack-internal:///(app-pages-browser)/./node_modules/next/dist/next-devtools/shared/forward-logs-shared.js:27
[   15615ms] [WARNING] ./app/page.tsx
Module not found: Can't resolve 'html-to-image' in '/Users/saladin/Developments/interestory/app'

Import trace for requested module:
./app/page.tsx @ webpack-internal:///(app-pages-browser)/./node_modules/next/dist/next-devtools/shared/forward-logs-shared.js:27
[   15615ms] [WARNING] ./components/stats/StatsClient.tsx
Module not found: Can't resolve 'html-to-image' in '/Users/saladin/Developments/interestory/components/stats'

Import trace for requested module:
./components/stats/StatsClient.tsx @ webpack-internal:///(app-pages-browser)/./node_modules/next/dist/next-devtools/shared/forward-logs-shared.js:27
[   15615ms] [LOG] [Fast Refresh] done in 80ms @ webpack-internal:///(app-pages-browser)/./node_modules/next/dist/next-devtools/shared/forward-logs-shared.js:27
[   15616ms] [LOG] [Fast Refresh] rebuilding @ webpack-internal:///(app-pages-browser)/./node_modules/next/dist/next-devtools/shared/forward-logs-shared.js:27
[   15690ms] [WARNING] ./app/page.tsx
Module not found: Can't resolve 'html-to-image' in '/Users/saladin/Developments/interestory/app'

Import trace for requested module:
./app/page.tsx @ webpack-internal:///(app-pages-browser)/./node_modules/next/dist/next-devtools/shared/forward-logs-shared.js:27
[   15690ms] [WARNING] ./components/stats/StatsClient.tsx
Module not found: Can't resolve 'html-to-image' in '/Users/saladin/Developments/interestory/components/stats'

Import trace for requested module:
./components/stats/StatsClient.tsx @ webpack-internal:///(app-pages-browser)/./node_modules/next/dist/next-devtools/shared/forward-logs-shared.js:27
[   15690ms] [LOG] [Fast Refresh] done in 74ms @ webpack-internal:///(app-pages-browser)/./node_modules/next/dist/next-devtools/shared/forward-logs-shared.js:27
[   15692ms] [LOG] [Fast Refresh] rebuilding @ webpack-internal:///(app-pages-browser)/./node_modules/next/dist/next-devtools/shared/forward-logs-shared.js:27
[   15697ms] [WARNING] The resource http://localhost:3000/_next/static/css/app/layout.css?v=1790076544793 was preloaded using link preload but not used within a few seconds from the window's load event. Please make sure it has an appropriate `as` value and it is preloaded intentionally. @ http://localhost:3000/family:0
[   15697ms] [WARNING] The resource http://localhost:3000/_next/static/css/app/layout.css?v=1790076546084 was preloaded using link preload but not used within a few seconds from the window's load event. Please make sure it has an appropriate `as` value and it is preloaded intentionally. @ http://localhost:3000/family:0
[   15697ms] [WARNING] The resource http://localhost:3000/_next/static/media/7d4881bb7e1bf84d-s.p.woff2?v=1790076542954 was preloaded using link preload but not used within a few seconds from the window's load event. Please make sure it has an appropriate `as` value and it is preloaded intentionally. @ http://localhost:3000/family:0
[   15697ms] [WARNING] The resource http://localhost:3000/_next/static/css/app/layout.css?v=1790076546460 was preloaded using link preload but not used within a few seconds from the window's load event. Please make sure it has an appropriate `as` value and it is preloaded intentionally. @ http://localhost:3000/family:0
[   15697ms] [WARNING] The resource http://localhost:3000/_next/static/css/app/layout.css?v=1790076544394 was preloaded using link preload but not used within a few seconds from the window's load event. Please make sure it has an appropriate `as` value and it is preloaded intentionally. @ http://localhost:3000/family:0
[   15697ms] [WARNING] The resource http://localhost:3000/_next/static/css/app/layout.css?v=1790076546278 was preloaded using link preload but not used within a few seconds from the window's load event. Please make sure it has an appropriate `as` value and it is preloaded intentionally. @ http://localhost:3000/family:0
[   15697ms] [WARNING] The resource http://localhost:3000/_next/static/css/app/layout.css?v=1790076546626 was preloaded using link preload but not used within a few seconds from the window's load event. Please make sure it has an appropriate `as` value and it is preloaded intentionally. @ http://localhost:3000/family:0
[   15697ms] [WARNING] The resource http://localhost:3000/_next/static/css/app/layout.css?v=1790076545886 was preloaded using link preload but not used within a few seconds from the window's load event. Please make sure it has an appropriate `as` value and it is preloaded intentionally. @ http://localhost:3000/family:0
[   15697ms] [WARNING] The resource http://localhost:3000/_next/static/css/app/layout.css?v=1790076547183 was preloaded using link preload but not used within a few seconds from the window's load event. Please make sure it has an appropriate `as` value and it is preloaded intentionally. @ http://localhost:3000/family:0
[   15697ms] [WARNING] The resource http://localhost:3000/_next/static/css/app/layout.css?v=1790076544971 was preloaded using link preload but not used within a few seconds from the window's load event. Please make sure it has an appropriate `as` value and it is preloaded intentionally. @ http://localhost:3000/family:0
[   15697ms] [WARNING] The resource http://localhost:3000/_next/static/css/app/layout.css?v=1790076545340 was preloaded using link preload but not used within a few seconds from the window's load event. Please make sure it has an appropriate `as` value and it is preloaded intentionally. @ http://localhost:3000/family:0
[   15697ms] [WARNING] The resource http://localhost:3000/_next/static/css/app/layout.css?v=1790076545529 was preloaded using link preload but not used within a few seconds from the window's load event. Please make sure it has an appropriate `as` value and it is preloaded intentionally. @ http://localhost:3000/family:0
[   15697ms] [WARNING] The resource http://localhost:3000/_next/static/css/app/layout.css?v=1790076547735 was preloaded using link preload but not used within a few seconds from the window's load event. Please make sure it has an appropriate `as` value and it is preloaded intentionally. @ http://localhost:3000/family:0
[   15698ms] [WARNING] The resource http://localhost:3000/_next/static/css/app/layout.css?v=1790076545151 was preloaded using link preload but not used within a few seconds from the window's load event. Please make sure it has an appropriate `as` value and it is preloaded intentionally. @ http://localhost:3000/family:0
[   15698ms] [WARNING] The resource http://localhost:3000/_next/static/css/app/layout.css?v=1790076544222 was preloaded using link preload but not used within a few seconds from the window's load event. Please make sure it has an appropriate `as` value and it is preloaded intentionally. @ http://localhost:3000/family:0
[   15698ms] [WARNING] The resource http://localhost:3000/_next/static/css/app/layout.css?v=1790076547553 was preloaded using link preload but not used within a few seconds from the window's load event. Please make sure it has an appropriate `as` value and it is preloaded intentionally. @ http://localhost:3000/family:0
[   15698ms] [WARNING] The resource http://localhost:3000/_next/static/css/app/layout.css?v=1790076544608 was preloaded using link preload but not used within a few seconds from the window's load event. Please make sure it has an appropriate `as` value and it is preloaded intentionally. @ http://localhost:3000/family:0
[   15698ms] [WARNING] The resource http://localhost:3000/_next/static/media/22a5144ee8d83bca-s.p.woff2?v=1790076542954 was preloaded using link preload but not used within a few seconds from the window's load event. Please make sure it has an appropriate `as` value and it is preloaded intentionally. @ http://localhost:3000/family:0
[   15698ms] [WARNING] The resource http://localhost:3000/_next/static/css/app/layout.css?v=1790076546819 was preloaded using link preload but not used within a few seconds from the window's load event. Please make sure it has an appropriate `as` value and it is preloaded intentionally. @ http://localhost:3000/family:0
[   15698ms] [WARNING] The resource http://localhost:3000/_next/static/css/app/layout.css?v=1790076547002 was preloaded using link preload but not used within a few seconds from the window's load event. Please make sure it has an appropriate `as` value and it is preloaded intentionally. @ http://localhost:3000/family:0
[   15698ms] [WARNING] The resource http://localhost:3000/_next/static/css/app/layout.css?v=1790076545707 was preloaded using link preload but not used within a few seconds from the window's load event. Please make sure it has an appropriate `as` value and it is preloaded intentionally. @ http://localhost:3000/family:0
[   15698ms] [WARNING] The resource http://localhost:3000/_next/static/css/app/layout.css?v=1790076547370 was preloaded using link preload but not used within a few seconds from the window's load event. Please make sure it has an appropriate `as` value and it is preloaded intentionally. @ http://localhost:3000/family:0
[   15768ms] [WARNING] ./app/page.tsx
Module not found: Can't resolve 'html-to-image' in '/Users/saladin/Developments/interestory/app'

Import trace for requested module:
./app/page.tsx @ webpack-internal:///(app-pages-browser)/./node_modules/next/dist/next-devtools/shared/forward-logs-shared.js:27
[   15768ms] [WARNING] ./components/stats/StatsClient.tsx
Module not found: Can't resolve 'html-to-image' in '/Users/saladin/Developments/interestory/components/stats'

Import trace for requested module:
./components/stats/StatsClient.tsx @ webpack-internal:///(app-pages-browser)/./node_modules/next/dist/next-devtools/shared/forward-logs-shared.js:27
[   15768ms] [LOG] [Fast Refresh] done in 77ms @ webpack-internal:///(app-pages-browser)/./node_modules/next/dist/next-devtools/shared/forward-logs-shared.js:27
[   15769ms] [LOG] [Fast Refresh] rebuilding @ webpack-internal:///(app-pages-browser)/./node_modules/next/dist/next-devtools/shared/forward-logs-shared.js:27
[   15868ms] [WARNING] ./app/page.tsx
Module not found: Can't resolve 'html-to-image' in '/Users/saladin/Developments/interestory/app'

Import trace for requested module:
./app/page.tsx @ webpack-internal:///(app-pages-browser)/./node_modules/next/dist/next-devtools/shared/forward-logs-shared.js:27
[   15868ms] [WARNING] ./components/stats/StatsClient.tsx
Module not found: Can't resolve 'html-to-image' in '/Users/saladin/Developments/interestory/components/stats'

Import trace for requested module:
./components/stats/StatsClient.tsx @ webpack-internal:///(app-pages-browser)/./node_modules/next/dist/next-devtools/shared/forward-logs-shared.js:27
[   15868ms] [LOG] [Fast Refresh] done in 98ms @ webpack-internal:///(app-pages-browser)/./node_modules/next/dist/next-devtools/shared/forward-logs-shared.js:27
[   15869ms] [LOG] [Fast Refresh] rebuilding @ webpack-internal:///(app-pages-browser)/./node_modules/next/dist/next-devtools/shared/forward-logs-shared.js:27
[   15945ms] [WARNING] ./app/page.tsx
Module not found: Can't resolve 'html-to-image' in '/Users/saladin/Developments/interestory/app'

Import trace for requested module:
./app/page.tsx @ webpack-internal:///(app-pages-browser)/./node_modules/next/dist/next-devtools/shared/forward-logs-shared.js:27
[   15945ms] [WARNING] ./components/stats/StatsClient.tsx
Module not found: Can't resolve 'html-to-image' in '/Users/saladin/Developments/interestory/components/stats'

Import trace for requested module:
./components/stats/StatsClient.tsx @ webpack-internal:///(app-pages-browser)/./node_modules/next/dist/next-devtools/shared/forward-logs-shared.js:27
[   15945ms] [LOG] [Fast Refresh] done in 77ms @ webpack-internal:///(app-pages-browser)/./node_modules/next/dist/next-devtools/shared/forward-logs-shared.js:27
[   15947ms] [LOG] [Fast Refresh] rebuilding @ webpack-internal:///(app-pages-browser)/./node_modules/next/dist/next-devtools/shared/forward-logs-shared.js:27
[   16047ms] [WARNING] ./app/page.tsx
Module not found: Can't resolve 'html-to-image' in '/Users/saladin/Developments/interestory/app'

Import trace for requested module:
./app/page.tsx @ webpack-internal:///(app-pages-browser)/./node_modules/next/dist/next-devtools/shared/forward-logs-shared.js:27
[   16047ms] [WARNING] ./components/stats/StatsClient.tsx
Module not found: Can't resolve 'html-to-image' in '/Users/saladin/Developments/interestory/components/stats'

Import trace for requested module:
./components/stats/StatsClient.tsx @ webpack-internal:///(app-pages-browser)/./node_modules/next/dist/next-devtools/shared/forward-logs-shared.js:27
[   16047ms] [LOG] [Fast Refresh] done in 101ms @ webpack-internal:///(app-pages-browser)/./node_modules/next/dist/next-devtools/shared/forward-logs-shared.js:27
[   16049ms] [LOG] [Fast Refresh] rebuilding @ webpack-internal:///(app-pages-browser)/./node_modules/next/dist/next-devtools/shared/forward-logs-shared.js:27
[   16128ms] [WARNING] ./app/page.tsx
Module not found: Can't resolve 'html-to-image' in '/Users/saladin/Developments/interestory/app'

Import trace for requested module:
./app/page.tsx @ webpack-internal:///(app-pages-browser)/./node_modules/next/dist/next-devtools/shared/forward-logs-shared.js:27
[   16128ms] [WARNING] ./components/stats/StatsClient.tsx
Module not found: Can't resolve 'html-to-image' in '/Users/saladin/Developments/interestory/components/stats'

Import trace for requested module:
./components/stats/StatsClient.tsx @ webpack-internal:///(app-pages-browser)/./node_modules/next/dist/next-devtools/shared/forward-logs-shared.js:27
[   16128ms] [LOG] [Fast Refresh] done in 80ms @ webpack-internal:///(app-pages-browser)/./node_modules/next/dist/next-devtools/shared/forward-logs-shared.js:27
[   16129ms] [LOG] [Fast Refresh] rebuilding @ webpack-internal:///(app-pages-browser)/./node_modules/next/dist/next-devtools/shared/forward-logs-shared.js:27
[   16230ms] [WARNING] ./app/page.tsx
Module not found: Can't resolve 'html-to-image' in '/Users/saladin/Developments/interestory/app'

Import trace for requested module:
./app/page.tsx @ webpack-internal:///(app-pages-browser)/./node_modules/next/dist/next-devtools/shared/forward-logs-shared.js:27
[   16230ms] [WARNING] ./components/stats/StatsClient.tsx
Module not found: Can't resolve 'html-to-image' in '/Users/saladin/Developments/interestory/components/stats'

Import trace for requested module:
./components/stats/StatsClient.tsx @ webpack-internal:///(app-pages-browser)/./node_modules/next/dist/next-devtools/shared/forward-logs-shared.js:27
[   16230ms] [LOG] [Fast Refresh] done in 100ms @ webpack-internal:///(app-pages-browser)/./node_modules/next/dist/next-devtools/shared/forward-logs-shared.js:27
[   16231ms] [LOG] [Fast Refresh] rebuilding @ webpack-internal:///(app-pages-browser)/./node_modules/next/dist/next-devtools/shared/forward-logs-shared.js:27
[   16310ms] [WARNING] ./app/page.tsx
Module not found: Can't resolve 'html-to-image' in '/Users/saladin/Developments/interestory/app'

Import trace for requested module:
./app/page.tsx @ webpack-internal:///(app-pages-browser)/./node_modules/next/dist/next-devtools/shared/forward-logs-shared.js:27
[   16311ms] [WARNING] ./components/stats/StatsClient.tsx
Module not found: Can't resolve 'html-to-image' in '/Users/saladin/Developments/interestory/components/stats'

Import trace for requested module:
./components/stats/StatsClient.tsx @ webpack-internal:///(app-pages-browser)/./node_modules/next/dist/next-devtools/shared/forward-logs-shared.js:27
[   16311ms] [LOG] [Fast Refresh] done in 80ms @ webpack-internal:///(app-pages-browser)/./node_modules/next/dist/next-devtools/shared/forward-logs-shared.js:27
[   16312ms] [LOG] [Fast Refresh] rebuilding @ webpack-internal:///(app-pages-browser)/./node_modules/next/dist/next-devtools/shared/forward-logs-shared.js:27
[   16413ms] [WARNING] ./app/page.tsx
Module not found: Can't resolve 'html-to-image' in '/Users/saladin/Developments/interestory/app'

Import trace for requested module:
./app/page.tsx @ webpack-internal:///(app-pages-browser)/./node_modules/next/dist/next-devtools/shared/forward-logs-shared.js:27
[   16413ms] [WARNING] ./components/stats/StatsClient.tsx
Module not found: Can't resolve 'html-to-image' in '/Users/saladin/Developments/interestory/components/stats'

Import trace for requested module:
./components/stats/StatsClient.tsx @ webpack-internal:///(app-pages-browser)/./node_modules/next/dist/next-devtools/shared/forward-logs-shared.js:27
[   16413ms] [LOG] [Fast Refresh] done in 101ms @ webpack-internal:///(app-pages-browser)/./node_modules/next/dist/next-devtools/shared/forward-logs-shared.js:27
[   16415ms] [LOG] [Fast Refresh] rebuilding @ webpack-internal:///(app-pages-browser)/./node_modules/next/dist/next-devtools/shared/forward-logs-shared.js:27
[   16491ms] [WARNING] ./app/page.tsx
Module not found: Can't resolve 'html-to-image' in '/Users/saladin/Developments/interestory/app'

Import trace for requested module:
./app/page.tsx @ webpack-internal:///(app-pages-browser)/./node_modules/next/dist/next-devtools/shared/forward-logs-shared.js:27
[   16491ms] [WARNING] ./components/stats/StatsClient.tsx
Module not found: Can't resolve 'html-to-image' in '/Users/saladin/Developments/interestory/components/stats'

Import trace for requested module:
./components/stats/StatsClient.tsx @ webpack-internal:///(app-pages-browser)/./node_modules/next/dist/next-devtools/shared/forward-logs-shared.js:27
[   16491ms] [LOG] [Fast Refresh] done in 76ms @ webpack-internal:///(app-pages-browser)/./node_modules/next/dist/next-devtools/shared/forward-logs-shared.js:27
[   16492ms] [LOG] [Fast Refresh] rebuilding @ webpack-internal:///(app-pages-browser)/./node_modules/next/dist/next-devtools/shared/forward-logs-shared.js:27
[   16594ms] [WARNING] ./app/page.tsx
Module not found: Can't resolve 'html-to-image' in '/Users/saladin/Developments/interestory/app'

Import trace for requested module:
./app/page.tsx @ webpack-internal:///(app-pages-browser)/./node_modules/next/dist/next-devtools/shared/forward-logs-shared.js:27
[   16594ms] [WARNING] ./components/stats/StatsClient.tsx
Module not found: Can't resolve 'html-to-image' in '/Users/saladin/Developments/interestory/components/stats'

Import trace for requested module:
./components/stats/StatsClient.tsx @ webpack-internal:///(app-pages-browser)/./node_modules/next/dist/next-devtools/shared/forward-logs-shared.js:27
[   16594ms] [LOG] [Fast Refresh] done in 102ms @ webpack-internal:///(app-pages-browser)/./node_modules/next/dist/next-devtools/shared/forward-logs-shared.js:27
[   16595ms] [LOG] [Fast Refresh] rebuilding @ webpack-internal:///(app-pages-browser)/./node_modules/next/dist/next-devtools/shared/forward-logs-shared.js:27
[   16671ms] [WARNING] ./app/page.tsx
Module not found: Can't resolve 'html-to-image' in '/Users/saladin/Developments/interestory/app'

Import trace for requested module:
./app/page.tsx @ webpack-internal:///(app-pages-browser)/./node_modules/next/dist/next-devtools/shared/forward-logs-shared.js:27
[   16671ms] [WARNING] ./components/stats/StatsClient.tsx
Module not found: Can't resolve 'html-to-image' in '/Users/saladin/Developments/interestory/components/stats'

Import trace for requested module:
./components/stats/StatsClient.tsx @ webpack-internal:///(app-pages-browser)/./node_modules/next/dist/next-devtools/shared/forward-logs-shared.js:27
[   16671ms] [LOG] [Fast Refresh] done in 77ms @ webpack-internal:///(app-pages-browser)/./node_modules/next/dist/next-devtools/shared/forward-logs-shared.js:27
[   16672ms] [LOG] [Fast Refresh] rebuilding @ webpack-internal:///(app-pages-browser)/./node_modules/next/dist/next-devtools/shared/forward-logs-shared.js:27
[   16776ms] [WARNING] ./app/page.tsx
Module not found: Can't resolve 'html-to-image' in '/Users/saladin/Developments/interestory/app'

Import trace for requested module:
./app/page.tsx @ webpack-internal:///(app-pages-browser)/./node_modules/next/dist/next-devtools/shared/forward-logs-shared.js:27
[   16776ms] [WARNING] ./components/stats/StatsClient.tsx
Module not found: Can't resolve 'html-to-image' in '/Users/saladin/Developments/interestory/components/stats'

Import trace for requested module:
./components/stats/StatsClient.tsx @ webpack-internal:///(app-pages-browser)/./node_modules/next/dist/next-devtools/shared/forward-logs-shared.js:27
[   16776ms] [LOG] [Fast Refresh] done in 104ms @ webpack-internal:///(app-pages-browser)/./node_modules/next/dist/next-devtools/shared/forward-logs-shared.js:27
[   16777ms] [LOG] [Fast Refresh] rebuilding @ webpack-internal:///(app-pages-browser)/./node_modules/next/dist/next-devtools/shared/forward-logs-shared.js:27
[   16856ms] [WARNING] ./app/page.tsx
Module not found: Can't resolve 'html-to-image' in '/Users/saladin/Developments/interestory/app'

Import trace for requested module:
./app/page.tsx @ webpack-internal:///(app-pages-browser)/./node_modules/next/dist/next-devtools/shared/forward-logs-shared.js:27
[   16856ms] [WARNING] ./components/stats/StatsClient.tsx
Module not found: Can't resolve 'html-to-image' in '/Users/saladin/Developments/interestory/components/stats'

Import trace for requested module:
./components/stats/StatsClient.tsx @ webpack-internal:///(app-pages-browser)/./node_modules/next/dist/next-devtools/shared/forward-logs-shared.js:27
[   16856ms] [LOG] [Fast Refresh] done in 80ms @ webpack-internal:///(app-pages-browser)/./node_modules/next/dist/next-devtools/shared/forward-logs-shared.js:27
[   16858ms] [LOG] [Fast Refresh] rebuilding @ webpack-internal:///(app-pages-browser)/./node_modules/next/dist/next-devtools/shared/forward-logs-shared.js:27
[   16959ms] [WARNING] ./app/page.tsx
Module not found: Can't resolve 'html-to-image' in '/Users/saladin/Developments/interestory/app'

Import trace for requested module:
./app/page.tsx @ webpack-internal:///(app-pages-browser)/./node_modules/next/dist/next-devtools/shared/forward-logs-shared.js:27
[   16959ms] [WARNING] ./components/stats/StatsClient.tsx
Module not found: Can't resolve 'html-to-image' in '/Users/saladin/Developments/interestory/components/stats'

Import trace for requested module:
./components/stats/StatsClient.tsx @ webpack-internal:///(app-pages-browser)/./node_modules/next/dist/next-devtools/shared/forward-logs-shared.js:27
[   16959ms] [LOG] [Fast Refresh] done in 101ms @ webpack-internal:///(app-pages-browser)/./node_modules/next/dist/next-devtools/shared/forward-logs-shared.js:27
[   16960ms] [LOG] [Fast Refresh] rebuilding @ webpack-internal:///(app-pages-browser)/./node_modules/next/dist/next-devtools/shared/forward-logs-shared.js:27
[   17037ms] [WARNING] ./app/page.tsx
Module not found: Can't resolve 'html-to-image' in '/Users/saladin/Developments/interestory/app'

Import trace for requested module:
./app/page.tsx @ webpack-internal:///(app-pages-browser)/./node_modules/next/dist/next-devtools/shared/forward-logs-shared.js:27
[   17037ms] [WARNING] ./components/stats/StatsClient.tsx
Module not found: Can't resolve 'html-to-image' in '/Users/saladin/Developments/interestory/components/stats'

Import trace for requested module:
./components/stats/StatsClient.tsx @ webpack-internal:///(app-pages-browser)/./node_modules/next/dist/next-devtools/shared/forward-logs-shared.js:27
[   17037ms] [LOG] [Fast Refresh] done in 77ms @ webpack-internal:///(app-pages-browser)/./node_modules/next/dist/next-devtools/shared/forward-logs-shared.js:27
[   17038ms] [LOG] [Fast Refresh] rebuilding @ webpack-internal:///(app-pages-browser)/./node_modules/next/dist/next-devtools/shared/forward-logs-shared.js:27
[   17143ms] [WARNING] ./app/page.tsx
Module not found: Can't resolve 'html-to-image' in '/Users/saladin/Developments/interestory/app'

Import trace for requested module:
./app/page.tsx @ webpack-internal:///(app-pages-browser)/./node_modules/next/dist/next-devtools/shared/forward-logs-shared.js:27
[   17143ms] [WARNING] ./components/stats/StatsClient.tsx
Module not found: Can't resolve 'html-to-image' in '/Users/saladin/Developments/interestory/components/stats'

Import trace for requested module:
./components/stats/StatsClient.tsx @ webpack-internal:///(app-pages-browser)/./node_modules/next/dist/next-devtools/shared/forward-logs-shared.js:27
[   17143ms] [LOG] [Fast Refresh] done in 106ms @ webpack-internal:///(app-pages-browser)/./node_modules/next/dist/next-devtools/shared/forward-logs-shared.js:27
[   17145ms] [LOG] [Fast Refresh] rebuilding @ webpack-internal:///(app-pages-browser)/./node_modules/next/dist/next-devtools/shared/forward-logs-shared.js:27
[   17223ms] [WARNING] ./app/page.tsx
Module not found: Can't resolve 'html-to-image' in '/Users/saladin/Developments/interestory/app'

Import trace for requested module:
./app/page.tsx @ webpack-internal:///(app-pages-browser)/./node_modules/next/dist/next-devtools/shared/forward-logs-shared.js:27
[   17223ms] [WARNING] ./components/stats/StatsClient.tsx
Module not found: Can't resolve 'html-to-image' in '/Users/saladin/Developments/interestory/components/stats'

Import trace for requested module:
./components/stats/StatsClient.tsx @ webpack-internal:///(app-pages-browser)/./node_modules/next/dist/next-devtools/shared/forward-logs-shared.js:27
[   17223ms] [LOG] [Fast Refresh] done in 79ms @ webpack-internal:///(app-pages-browser)/./node_modules/next/dist/next-devtools/shared/forward-logs-shared.js:27
[   17225ms] [LOG] [Fast Refresh] rebuilding @ webpack-internal:///(app-pages-browser)/./node_modules/next/dist/next-devtools/shared/forward-logs-shared.js:27
[   17336ms] [WARNING] ./app/page.tsx
Module not found: Can't resolve 'html-to-image' in '/Users/saladin/Developments/interestory/app'

Import trace for requested module:
./app/page.tsx @ webpack-internal:///(app-pages-browser)/./node_modules/next/dist/next-devtools/shared/forward-logs-shared.js:27
[   17337ms] [WARNING] ./components/stats/StatsClient.tsx
Module not found: Can't resolve 'html-to-image' in '/Users/saladin/Developments/interestory/components/stats'

Import trace for requested module:
./components/stats/StatsClient.tsx @ webpack-internal:///(app-pages-browser)/./node_modules/next/dist/next-devtools/shared/forward-logs-shared.js:27
[   17337ms] [LOG] [Fast Refresh] done in 112ms @ webpack-internal:///(app-pages-browser)/./node_modules/next/dist/next-devtools/shared/forward-logs-shared.js:27
[   17338ms] [LOG] [Fast Refresh] rebuilding @ webpack-internal:///(app-pages-browser)/./node_modules/next/dist/next-devtools/shared/forward-logs-shared.js:27
[   17416ms] [WARNING] ./app/page.tsx
Module not found: Can't resolve 'html-to-image' in '/Users/saladin/Developments/interestory/app'

Import trace for requested module:
./app/page.tsx @ webpack-internal:///(app-pages-browser)/./node_modules/next/dist/next-devtools/shared/forward-logs-shared.js:27
[   17416ms] [WARNING] ./components/stats/StatsClient.tsx
Module not found: Can't resolve 'html-to-image' in '/Users/saladin/Developments/interestory/components/stats'

Import trace for requested module:
./components/stats/StatsClient.tsx @ webpack-internal:///(app-pages-browser)/./node_modules/next/dist/next-devtools/shared/forward-logs-shared.js:27
[   17416ms] [LOG] [Fast Refresh] done in 79ms @ webpack-internal:///(app-pages-browser)/./node_modules/next/dist/next-devtools/shared/forward-logs-shared.js:27
[   17418ms] [LOG] [Fast Refresh] rebuilding @ webpack-internal:///(app-pages-browser)/./node_modules/next/dist/next-devtools/shared/forward-logs-shared.js:27
[   17515ms] [WARNING] ./app/page.tsx
Module not found: Can't resolve 'html-to-image' in '/Users/saladin/Developments/interestory/app'

Import trace for requested module:
./app/page.tsx @ webpack-internal:///(app-pages-browser)/./node_modules/next/dist/next-devtools/shared/forward-logs-shared.js:27
[   17515ms] [WARNING] ./components/stats/StatsClient.tsx
Module not found: Can't resolve 'html-to-image' in '/Users/saladin/Developments/interestory/components/stats'

Import trace for requested module:
./components/stats/StatsClient.tsx @ webpack-internal:///(app-pages-browser)/./node_modules/next/dist/next-devtools/shared/forward-logs-shared.js:27
[   17516ms] [LOG] [Fast Refresh] done in 98ms @ webpack-internal:///(app-pages-browser)/./node_modules/next/dist/next-devtools/shared/forward-logs-shared.js:27
[   17517ms] [LOG] [Fast Refresh] rebuilding @ webpack-internal:///(app-pages-browser)/./node_modules/next/dist/next-devtools/shared/forward-logs-shared.js:27
[   17594ms] [WARNING] ./app/page.tsx
Module not found: Can't resolve 'html-to-image' in '/Users/saladin/Developments/interestory/app'

Import trace for requested module:
./app/page.tsx @ webpack-internal:///(app-pages-browser)/./node_modules/next/dist/next-devtools/shared/forward-logs-shared.js:27
[   17594ms] [WARNING] ./components/stats/StatsClient.tsx
Module not found: Can't resolve 'html-to-image' in '/Users/saladin/Developments/interestory/components/stats'

Import trace for requested module:
./components/stats/StatsClient.tsx @ webpack-internal:///(app-pages-browser)/./node_modules/next/dist/next-devtools/shared/forward-logs-shared.js:27
[   17595ms] [LOG] [Fast Refresh] done in 78ms @ webpack-internal:///(app-pages-browser)/./node_modules/next/dist/next-devtools/shared/forward-logs-shared.js:27
[   17595ms] [LOG] [Fast Refresh] rebuilding @ webpack-internal:///(app-pages-browser)/./node_modules/next/dist/next-devtools/shared/forward-logs-shared.js:27
[   17697ms] [WARNING] ./app/page.tsx
Module not found: Can't resolve 'html-to-image' in '/Users/saladin/Developments/interestory/app'

Import trace for requested module:
./app/page.tsx @ webpack-internal:///(app-pages-browser)/./node_modules/next/dist/next-devtools/shared/forward-logs-shared.js:27
[   17697ms] [WARNING] ./components/stats/StatsClient.tsx
Module not found: Can't resolve 'html-to-image' in '/Users/saladin/Developments/interestory/components/stats'

Import trace for requested module:
./components/stats/StatsClient.tsx @ webpack-internal:///(app-pages-browser)/./node_modules/next/dist/next-devtools/shared/forward-logs-shared.js:27
[   17697ms] [LOG] [Fast Refresh] done in 101ms @ webpack-internal:///(app-pages-browser)/./node_modules/next/dist/next-devtools/shared/forward-logs-shared.js:27
[   17698ms] [LOG] [Fast Refresh] rebuilding @ webpack-internal:///(app-pages-browser)/./node_modules/next/dist/next-devtools/shared/forward-logs-shared.js:27
[   17779ms] [WARNING] ./app/page.tsx
Module not found: Can't resolve 'html-to-image' in '/Users/saladin/Developments/interestory/app'

Import trace for requested module:
./app/page.tsx @ webpack-internal:///(app-pages-browser)/./node_modules/next/dist/next-devtools/shared/forward-logs-shared.js:27
[   17779ms] [WARNING] ./components/stats/StatsClient.tsx
Module not found: Can't resolve 'html-to-image' in '/Users/saladin/Developments/interestory/components/stats'

Import trace for requested module:
./components/stats/StatsClient.tsx @ webpack-internal:///(app-pages-browser)/./node_modules/next/dist/next-devtools/shared/forward-logs-shared.js:27
[   17779ms] [LOG] [Fast Refresh] done in 80ms @ webpack-internal:///(app-pages-browser)/./node_modules/next/dist/next-devtools/shared/forward-logs-shared.js:27
[   17780ms] [LOG] [Fast Refresh] rebuilding @ webpack-internal:///(app-pages-browser)/./node_modules/next/dist/next-devtools/shared/forward-logs-shared.js:27
[   17884ms] [WARNING] ./app/page.tsx
Module not found: Can't resolve 'html-to-image' in '/Users/saladin/Developments/interestory/app'

Import trace for requested module:
./app/page.tsx @ webpack-internal:///(app-pages-browser)/./node_modules/next/dist/next-devtools/shared/forward-logs-shared.js:27
[   17884ms] [WARNING] ./components/stats/StatsClient.tsx
Module not found: Can't resolve 'html-to-image' in '/Users/saladin/Developments/interestory/components/stats'

Import trace for requested module:
./components/stats/StatsClient.tsx @ webpack-internal:///(app-pages-browser)/./node_modules/next/dist/next-devtools/shared/forward-logs-shared.js:27
[   17884ms] [LOG] [Fast Refresh] done in 105ms @ webpack-internal:///(app-pages-browser)/./node_modules/next/dist/next-devtools/shared/forward-logs-shared.js:27
[   17885ms] [LOG] [Fast Refresh] rebuilding @ webpack-internal:///(app-pages-browser)/./node_modules/next/dist/next-devtools/shared/forward-logs-shared.js:27
[   17962ms] [WARNING] ./app/page.tsx
Module not found: Can't resolve 'html-to-image' in '/Users/saladin/Developments/interestory/app'

Import trace for requested module:
./app/page.tsx @ webpack-internal:///(app-pages-browser)/./node_modules/next/dist/next-devtools/shared/forward-logs-shared.js:27
[   17962ms] [WARNING] ./components/stats/StatsClient.tsx
Module not found: Can't resolve 'html-to-image' in '/Users/saladin/Developments/interestory/components/stats'

Import trace for requested module:
./components/stats/StatsClient.tsx @ webpack-internal:///(app-pages-browser)/./node_modules/next/dist/next-devtools/shared/forward-logs-shared.js:27
[   17962ms] [LOG] [Fast Refresh] done in 76ms @ webpack-internal:///(app-pages-browser)/./node_modules/next/dist/next-devtools/shared/forward-logs-shared.js:27
[   17964ms] [LOG] [Fast Refresh] rebuilding @ webpack-internal:///(app-pages-browser)/./node_modules/next/dist/next-devtools/shared/forward-logs-shared.js:27
[   18064ms] [WARNING] ./app/page.tsx
Module not found: Can't resolve 'html-to-image' in '/Users/saladin/Developments/interestory/app'

Import trace for requested module:
./app/page.tsx @ webpack-internal:///(app-pages-browser)/./node_modules/next/dist/next-devtools/shared/forward-logs-shared.js:27
[   18064ms] [WARNING] ./components/stats/StatsClient.tsx
Module not found: Can't resolve 'html-to-image' in '/Users/saladin/Developments/interestory/components/stats'

Import trace for requested module:
./components/stats/StatsClient.tsx @ webpack-internal:///(app-pages-browser)/./node_modules/next/dist/next-devtools/shared/forward-logs-shared.js:27
[   18064ms] [LOG] [Fast Refresh] done in 100ms @ webpack-internal:///(app-pages-browser)/./node_modules/next/dist/next-devtools/shared/forward-logs-shared.js:27
[   18065ms] [LOG] [Fast Refresh] rebuilding @ webpack-internal:///(app-pages-browser)/./node_modules/next/dist/next-devtools/shared/forward-logs-shared.js:27
[   18149ms] [WARNING] ./app/page.tsx
Module not found: Can't resolve 'html-to-image' in '/Users/saladin/Developments/interestory/app'

Import trace for requested module:
./app/page.tsx @ webpack-internal:///(app-pages-browser)/./node_modules/next/dist/next-devtools/shared/forward-logs-shared.js:27
[   18149ms] [WARNING] ./components/stats/StatsClient.tsx
Module not found: Can't resolve 'html-to-image' in '/Users/saladin/Developments/interestory/components/stats'

Import trace for requested module:
./components/stats/StatsClient.tsx @ webpack-internal:///(app-pages-browser)/./node_modules/next/dist/next-devtools/shared/forward-logs-shared.js:27
[   18149ms] [LOG] [Fast Refresh] done in 83ms @ webpack-internal:///(app-pages-browser)/./node_modules/next/dist/next-devtools/shared/forward-logs-shared.js:27
[   18150ms] [LOG] [Fast Refresh] rebuilding @ webpack-internal:///(app-pages-browser)/./node_modules/next/dist/next-devtools/shared/forward-logs-shared.js:27
[   18273ms] [WARNING] ./app/page.tsx
Module not found: Can't resolve 'html-to-image' in '/Users/saladin/Developments/interestory/app'

Import trace for requested module:
./app/page.tsx @ webpack-internal:///(app-pages-browser)/./node_modules/next/dist/next-devtools/shared/forward-logs-shared.js:27
[   18273ms] [WARNING] ./components/stats/StatsClient.tsx
Module not found: Can't resolve 'html-to-image' in '/Users/saladin/Developments/interestory/components/stats'

Import trace for requested module:
./components/stats/StatsClient.tsx @ webpack-internal:///(app-pages-browser)/./node_modules/next/dist/next-devtools/shared/forward-logs-shared.js:27
[   18273ms] [LOG] [Fast Refresh] done in 123ms @ webpack-internal:///(app-pages-browser)/./node_modules/next/dist/next-devtools/shared/forward-logs-shared.js:27
[   18275ms] [LOG] [Fast Refresh] rebuilding @ webpack-internal:///(app-pages-browser)/./node_modules/next/dist/next-devtools/shared/forward-logs-shared.js:27
[   18424ms] [WARNING] ./app/page.tsx
Module not found: Can't resolve 'html-to-image' in '/Users/saladin/Developments/interestory/app'

Import trace for requested module:
./app/page.tsx @ webpack-internal:///(app-pages-browser)/./node_modules/next/dist/next-devtools/shared/forward-logs-shared.js:27
[   18424ms] [WARNING] ./components/stats/StatsClient.tsx
Module not found: Can't resolve 'html-to-image' in '/Users/saladin/Developments/interestory/components/stats'

Import trace for requested module:
./components/stats/StatsClient.tsx @ webpack-internal:///(app-pages-browser)/./node_modules/next/dist/next-devtools/shared/forward-logs-shared.js:27
[   18424ms] [LOG] [Fast Refresh] done in 149ms @ webpack-internal:///(app-pages-browser)/./node_modules/next/dist/next-devtools/shared/forward-logs-shared.js:27
[   18425ms] [LOG] [Fast Refresh] rebuilding @ webpack-internal:///(app-pages-browser)/./node_modules/next/dist/next-devtools/shared/forward-logs-shared.js:27
[   18509ms] [WARNING] ./app/page.tsx
Module not found: Can't resolve 'html-to-image' in '/Users/saladin/Developments/interestory/app'

Import trace for requested module:
./app/page.tsx @ webpack-internal:///(app-pages-browser)/./node_modules/next/dist/next-devtools/shared/forward-logs-shared.js:27
[   18509ms] [WARNING] ./components/stats/StatsClient.tsx
Module not found: Can't resolve 'html-to-image' in '/Users/saladin/Developments/interestory/components/stats'

Import trace for requested module:
./components/stats/StatsClient.tsx @ webpack-internal:///(app-pages-browser)/./node_modules/next/dist/next-devtools/shared/forward-logs-shared.js:27
[   18509ms] [LOG] [Fast Refresh] done in 85ms @ webpack-internal:///(app-pages-browser)/./node_modules/next/dist/next-devtools/shared/forward-logs-shared.js:27
[   18511ms] [LOG] [Fast Refresh] rebuilding @ webpack-internal:///(app-pages-browser)/./node_modules/next/dist/next-devtools/shared/forward-logs-shared.js:27
[   18611ms] [WARNING] ./app/page.tsx
Module not found: Can't resolve 'html-to-image' in '/Users/saladin/Developments/interestory/app'

Import trace for requested module:
./app/page.tsx @ webpack-internal:///(app-pages-browser)/./node_modules/next/dist/next-devtools/shared/forward-logs-shared.js:27
[   18611ms] [WARNING] ./components/stats/StatsClient.tsx
Module not found: Can't resolve 'html-to-image' in '/Users/saladin/Developments/interestory/components/stats'

Import trace for requested module:
./components/stats/StatsClient.tsx @ webpack-internal:///(app-pages-browser)/./node_modules/next/dist/next-devtools/shared/forward-logs-shared.js:27
[   18611ms] [LOG] [Fast Refresh] done in 101ms @ webpack-internal:///(app-pages-browser)/./node_modules/next/dist/next-devtools/shared/forward-logs-shared.js:27
[   18612ms] [LOG] [Fast Refresh] rebuilding @ webpack-internal:///(app-pages-browser)/./node_modules/next/dist/next-devtools/shared/forward-logs-shared.js:27
[   69012ms] [INFO] %cDownload the React DevTools for a better development experience: https://react.dev/link/react-devtools font-weight:bold @ webpack-internal:///(app-pages-browser)/./node_modules/next/dist/next-devtools/shared/forward-logs-shared.js:27
[   69023ms] [LOG] [HMR] connected @ webpack-internal:///(app-pages-browser)/./node_modules/next/dist/next-devtools/shared/forward-logs-shared.js:27
[   69026ms] [WARNING] ./app/page.tsx
Module not found: Can't resolve 'html-to-image' in '/Users/saladin/Developments/interestory/app' @ webpack-internal:///(app-pages-browser)/./node_modules/next/dist/next-devtools/shared/forward-logs-shared.js:27
[   69026ms] [WARNING] ./components/stats/StatsClient.tsx
Module not found: Can't resolve 'html-to-image' in '/Users/saladin/Developments/interestory/components/stats' @ webpack-internal:///(app-pages-browser)/./node_modules/next/dist/next-devtools/shared/forward-logs-shared.js:27
[   69049ms] [LOG] [Fast Refresh] rebuilding @ webpack-internal:///(app-pages-browser)/./node_modules/next/dist/next-devtools/shared/forward-logs-shared.js:27
[   69081ms] [WARNING] Image with src "/momo.png" has either width or height modified, but not the other. If you use CSS to change the size of your image, also include the styles 'width: "auto"' or 'height: "auto"' to maintain the aspect ratio. @ webpack-internal:///(app-pages-browser)/./node_modules/next/dist/next-devtools/shared/forward-logs-shared.js:27
[   69186ms] [WARNING] ./app/page.tsx
Module not found: Can't resolve 'html-to-image' in '/Users/saladin/Developments/interestory/app'

Import trace for requested module:
./app/page.tsx @ webpack-internal:///(app-pages-browser)/./node_modules/next/dist/next-devtools/shared/forward-logs-shared.js:27
[   69186ms] [WARNING] ./components/stats/StatsClient.tsx
Module not found: Can't resolve 'html-to-image' in '/Users/saladin/Developments/interestory/components/stats'

Import trace for requested module:
./components/stats/StatsClient.tsx @ webpack-internal:///(app-pages-browser)/./node_modules/next/dist/next-devtools/shared/forward-logs-shared.js:27
[   69187ms] [LOG] [Fast Refresh] rebuilding @ webpack-internal:///(app-pages-browser)/./node_modules/next/dist/next-devtools/shared/forward-logs-shared.js:27
[   69202ms] [LOG] [Fast Refresh] done in 14ms @ webpack-internal:///(app-pages-browser)/./node_modules/next/dist/next-devtools/shared/forward-logs-shared.js:27
[   69307ms] [WARNING] ./app/page.tsx
Module not found: Can't resolve 'html-to-image' in '/Users/saladin/Developments/interestory/app'

Import trace for requested module:
./app/page.tsx @ webpack-internal:///(app-pages-browser)/./node_modules/next/dist/next-devtools/shared/forward-logs-shared.js:27
[   69307ms] [WARNING] ./components/stats/StatsClient.tsx
Module not found: Can't resolve 'html-to-image' in '/Users/saladin/Developments/interestory/components/stats'

Import trace for requested module:
./components/stats/StatsClient.tsx @ webpack-internal:///(app-pages-browser)/./node_modules/next/dist/next-devtools/shared/forward-logs-shared.js:27
[   69309ms] [LOG] [Fast Refresh] rebuilding @ webpack-internal:///(app-pages-browser)/./node_modules/next/dist/next-devtools/shared/forward-logs-shared.js:27
[   69312ms] [LOG] [Fast Refresh] done in 4ms @ webpack-internal:///(app-pages-browser)/./node_modules/next/dist/next-devtools/shared/forward-logs-shared.js:27
[   69391ms] [WARNING] ./app/page.tsx
Module not found: Can't resolve 'html-to-image' in '/Users/saladin/Developments/interestory/app'

Import trace for requested module:
./app/page.tsx @ webpack-internal:///(app-pages-browser)/./node_modules/next/dist/next-devtools/shared/forward-logs-shared.js:27
[   69391ms] [WARNING] ./components/stats/StatsClient.tsx
Module not found: Can't resolve 'html-to-image' in '/Users/saladin/Developments/interestory/components/stats'

Import trace for requested module:
./components/stats/StatsClient.tsx @ webpack-internal:///(app-pages-browser)/./node_modules/next/dist/next-devtools/shared/forward-logs-shared.js:27
[   69392ms] [LOG] [Fast Refresh] rebuilding @ webpack-internal:///(app-pages-browser)/./node_modules/next/dist/next-devtools/shared/forward-logs-shared.js:27
[   69397ms] [LOG] [Fast Refresh] done in 4ms @ webpack-internal:///(app-pages-browser)/./node_modules/next/dist/next-devtools/shared/forward-logs-shared.js:27
[   69469ms] [WARNING] ./app/page.tsx
Module not found: Can't resolve 'html-to-image' in '/Users/saladin/Developments/interestory/app'

Import trace for requested module:
./app/page.tsx @ webpack-internal:///(app-pages-browser)/./node_modules/next/dist/next-devtools/shared/forward-logs-shared.js:27
[   69469ms] [WARNING] ./components/stats/StatsClient.tsx
Module not found: Can't resolve 'html-to-image' in '/Users/saladin/Developments/interestory/components/stats'

Import trace for requested module:
./components/stats/StatsClient.tsx @ webpack-internal:///(app-pages-browser)/./node_modules/next/dist/next-devtools/shared/forward-logs-shared.js:27
[   69471ms] [LOG] [Fast Refresh] rebuilding @ webpack-internal:///(app-pages-browser)/./node_modules/next/dist/next-devtools/shared/forward-logs-shared.js:27
[   69474ms] [LOG] [Fast Refresh] done in 4ms @ webpack-internal:///(app-pages-browser)/./node_modules/next/dist/next-devtools/shared/forward-logs-shared.js:27
[   69576ms] [WARNING] ./app/page.tsx
Module not found: Can't resolve 'html-to-image' in '/Users/saladin/Developments/interestory/app'

Import trace for requested module:
./app/page.tsx @ webpack-internal:///(app-pages-browser)/./node_modules/next/dist/next-devtools/shared/forward-logs-shared.js:27
[   69576ms] [WARNING] ./components/stats/StatsClient.tsx
Module not found: Can't resolve 'html-to-image' in '/Users/saladin/Developments/interestory/components/stats'

Import trace for requested module:
./components/stats/StatsClient.tsx @ webpack-internal:///(app-pages-browser)/./node_modules/next/dist/next-devtools/shared/forward-logs-shared.js:27
[   69577ms] [LOG] [Fast Refresh] rebuilding @ webpack-internal:///(app-pages-browser)/./node_modules/next/dist/next-devtools/shared/forward-logs-shared.js:27
[   69581ms] [LOG] [Fast Refresh] done in 3ms @ webpack-internal:///(app-pages-browser)/./node_modules/next/dist/next-devtools/shared/forward-logs-shared.js:27
[   69660ms] [WARNING] ./app/page.tsx
Module not found: Can't resolve 'html-to-image' in '/Users/saladin/Developments/interestory/app'

Import trace for requested module:
./app/page.tsx @ webpack-internal:///(app-pages-browser)/./node_modules/next/dist/next-devtools/shared/forward-logs-shared.js:27
[   69660ms] [WARNING] ./components/stats/StatsClient.tsx
Module not found: Can't resolve 'html-to-image' in '/Users/saladin/Developments/interestory/components/stats'

Import trace for requested module:
./components/stats/StatsClient.tsx @ webpack-internal:///(app-pages-browser)/./node_modules/next/dist/next-devtools/shared/forward-logs-shared.js:27
[   69661ms] [LOG] [Fast Refresh] rebuilding @ webpack-internal:///(app-pages-browser)/./node_modules/next/dist/next-devtools/shared/forward-logs-shared.js:27
[   69749ms] [LOG] [Fast Refresh] done in 89ms @ webpack-internal:///(app-pages-browser)/./node_modules/next/dist/next-devtools/shared/forward-logs-shared.js:27
[   69750ms] [WARNING] ./app/page.tsx
Module not found: Can't resolve 'html-to-image' in '/Users/saladin/Developments/interestory/app'

Import trace for requested module:
./app/page.tsx @ webpack-internal:///(app-pages-browser)/./node_modules/next/dist/next-devtools/shared/forward-logs-shared.js:27
[   69751ms] [WARNING] ./components/stats/StatsClient.tsx
Module not found: Can't resolve 'html-to-image' in '/Users/saladin/Developments/interestory/components/stats'

Import trace for requested module:
./components/stats/StatsClient.tsx @ webpack-internal:///(app-pages-browser)/./node_modules/next/dist/next-devtools/shared/forward-logs-shared.js:27
[   69751ms] [LOG] [Fast Refresh] rebuilding @ webpack-internal:///(app-pages-browser)/./node_modules/next/dist/next-devtools/shared/forward-logs-shared.js:27
[   69848ms] [WARNING] ./app/page.tsx
Module not found: Can't resolve 'html-to-image' in '/Users/saladin/Developments/interestory/app'

Import trace for requested module:
./app/page.tsx @ webpack-internal:///(app-pages-browser)/./node_modules/next/dist/next-devtools/shared/forward-logs-shared.js:27
[   69848ms] [WARNING] ./components/stats/StatsClient.tsx
Module not found: Can't resolve 'html-to-image' in '/Users/saladin/Developments/interestory/components/stats'

Import trace for requested module:
./components/stats/StatsClient.tsx @ webpack-internal:///(app-pages-browser)/./node_modules/next/dist/next-devtools/shared/forward-logs-shared.js:27
[   69848ms] [LOG] [Fast Refresh] done in 96ms @ webpack-internal:///(app-pages-browser)/./node_modules/next/dist/next-devtools/shared/forward-logs-shared.js:27
[   69849ms] [LOG] [Fast Refresh] rebuilding @ webpack-internal:///(app-pages-browser)/./node_modules/next/dist/next-devtools/shared/forward-logs-shared.js:27
[   69930ms] [WARNING] ./app/page.tsx
Module not found: Can't resolve 'html-to-image' in '/Users/saladin/Developments/interestory/app'

Import trace for requested module:
./app/page.tsx @ webpack-internal:///(app-pages-browser)/./node_modules/next/dist/next-devtools/shared/forward-logs-shared.js:27
[   69930ms] [WARNING] ./components/stats/StatsClient.tsx
Module not found: Can't resolve 'html-to-image' in '/Users/saladin/Developments/interestory/components/stats'

Import trace for requested module:
./components/stats/StatsClient.tsx @ webpack-internal:///(app-pages-browser)/./node_modules/next/dist/next-devtools/shared/forward-logs-shared.js:27
[   69930ms] [LOG] [Fast Refresh] done in 81ms @ webpack-internal:///(app-pages-browser)/./node_modules/next/dist/next-devtools/shared/forward-logs-shared.js:27
[   69931ms] [LOG] [Fast Refresh] rebuilding @ webpack-internal:///(app-pages-browser)/./node_modules/next/dist/next-devtools/shared/forward-logs-shared.js:27
[   70010ms] [WARNING] ./app/page.tsx
Module not found: Can't resolve 'html-to-image' in '/Users/saladin/Developments/interestory/app'

Import trace for requested module:
./app/page.tsx @ webpack-internal:///(app-pages-browser)/./node_modules/next/dist/next-devtools/shared/forward-logs-shared.js:27
[   70010ms] [WARNING] ./components/stats/StatsClient.tsx
Module not found: Can't resolve 'html-to-image' in '/Users/saladin/Developments/interestory/components/stats'

Import trace for requested module:
./components/stats/StatsClient.tsx @ webpack-internal:///(app-pages-browser)/./node_modules/next/dist/next-devtools/shared/forward-logs-shared.js:27
[   70010ms] [LOG] [Fast Refresh] done in 79ms @ webpack-internal:///(app-pages-browser)/./node_modules/next/dist/next-devtools/shared/forward-logs-shared.js:27
[   70011ms] [LOG] [Fast Refresh] rebuilding @ webpack-internal:///(app-pages-browser)/./node_modules/next/dist/next-devtools/shared/forward-logs-shared.js:27
[   70094ms] [WARNING] ./app/page.tsx
Module not found: Can't resolve 'html-to-image' in '/Users/saladin/Developments/interestory/app'

Import trace for requested module:
./app/page.tsx @ webpack-internal:///(app-pages-browser)/./node_modules/next/dist/next-devtools/shared/forward-logs-shared.js:27
[   70094ms] [WARNING] ./components/stats/StatsClient.tsx
Module not found: Can't resolve 'html-to-image' in '/Users/saladin/Developments/interestory/components/stats'

Import trace for requested module:
./components/stats/StatsClient.tsx @ webpack-internal:///(app-pages-browser)/./node_modules/next/dist/next-devtools/shared/forward-logs-shared.js:27
[   70094ms] [LOG] [Fast Refresh] done in 84ms @ webpack-internal:///(app-pages-browser)/./node_modules/next/dist/next-devtools/shared/forward-logs-shared.js:27
[   70095ms] [LOG] [Fast Refresh] rebuilding @ webpack-internal:///(app-pages-browser)/./node_modules/next/dist/next-devtools/shared/forward-logs-shared.js:27
[   70168ms] [WARNING] ./app/page.tsx
Module not found: Can't resolve 'html-to-image' in '/Users/saladin/Developments/interestory/app'

Import trace for requested module:
./app/page.tsx @ webpack-internal:///(app-pages-browser)/./node_modules/next/dist/next-devtools/shared/forward-logs-shared.js:27
[   70168ms] [WARNING] ./components/stats/StatsClient.tsx
Module not found: Can't resolve 'html-to-image' in '/Users/saladin/Developments/interestory/components/stats'

Import trace for requested module:
./components/stats/StatsClient.tsx @ webpack-internal:///(app-pages-browser)/./node_modules/next/dist/next-devtools/shared/forward-logs-shared.js:27
[   70168ms] [LOG] [Fast Refresh] done in 73ms @ webpack-internal:///(app-pages-browser)/./node_modules/next/dist/next-devtools/shared/forward-logs-shared.js:27
[   70169ms] [LOG] [Fast Refresh] rebuilding @ webpack-internal:///(app-pages-browser)/./node_modules/next/dist/next-devtools/shared/forward-logs-shared.js:27
[   70240ms] [WARNING] ./app/page.tsx
Module not found: Can't resolve 'html-to-image' in '/Users/saladin/Developments/interestory/app'

Import trace for requested module:
./app/page.tsx @ webpack-internal:///(app-pages-browser)/./node_modules/next/dist/next-devtools/shared/forward-logs-shared.js:27
[   70240ms] [WARNING] ./components/stats/StatsClient.tsx
Module not found: Can't resolve 'html-to-image' in '/Users/saladin/Developments/interestory/components/stats'

Import trace for requested module:
./components/stats/StatsClient.tsx @ webpack-internal:///(app-pages-browser)/./node_modules/next/dist/next-devtools/shared/forward-logs-shared.js:27
[   70240ms] [LOG] [Fast Refresh] done in 71ms @ webpack-internal:///(app-pages-browser)/./node_modules/next/dist/next-devtools/shared/forward-logs-shared.js:27
[   70240ms] [LOG] [Fast Refresh] rebuilding @ webpack-internal:///(app-pages-browser)/./node_modules/next/dist/next-devtools/shared/forward-logs-shared.js:27
[   70326ms] [WARNING] ./app/page.tsx
Module not found: Can't resolve 'html-to-image' in '/Users/saladin/Developments/interestory/app'

Import trace for requested module:
./app/page.tsx @ webpack-internal:///(app-pages-browser)/./node_modules/next/dist/next-devtools/shared/forward-logs-shared.js:27
[   70326ms] [WARNING] ./components/stats/StatsClient.tsx
Module not found: Can't resolve 'html-to-image' in '/Users/saladin/Developments/interestory/components/stats'

Import trace for requested module:
./components/stats/StatsClient.tsx @ webpack-internal:///(app-pages-browser)/./node_modules/next/dist/next-devtools/shared/forward-logs-shared.js:27
[   70326ms] [LOG] [Fast Refresh] done in 85ms @ webpack-internal:///(app-pages-browser)/./node_modules/next/dist/next-devtools/shared/forward-logs-shared.js:27
[   70327ms] [LOG] [Fast Refresh] rebuilding @ webpack-internal:///(app-pages-browser)/./node_modules/next/dist/next-devtools/shared/forward-logs-shared.js:27
[   70636ms] [WARNING] ./app/page.tsx
Module not found: Can't resolve 'html-to-image' in '/Users/saladin/Developments/interestory/app'

Import trace for requested module:
./app/page.tsx @ webpack-internal:///(app-pages-browser)/./node_modules/next/dist/next-devtools/shared/forward-logs-shared.js:27
[   70636ms] [WARNING] ./components/stats/StatsClient.tsx
Module not found: Can't resolve 'html-to-image' in '/Users/saladin/Developments/interestory/components/stats'

Import trace for requested module:
./components/stats/StatsClient.tsx @ webpack-internal:///(app-pages-browser)/./node_modules/next/dist/next-devtools/shared/forward-logs-shared.js:27
[   70636ms] [LOG] [Fast Refresh] done in 309ms @ webpack-internal:///(app-pages-browser)/./node_modules/next/dist/next-devtools/shared/forward-logs-shared.js:27
[   70639ms] [LOG] [Fast Refresh] rebuilding @ webpack-internal:///(app-pages-browser)/./node_modules/next/dist/next-devtools/shared/forward-logs-shared.js:27
[   70744ms] [WARNING] ./app/page.tsx
Module not found: Can't resolve 'html-to-image' in '/Users/saladin/Developments/interestory/app'

Import trace for requested module:
./app/page.tsx @ webpack-internal:///(app-pages-browser)/./node_modules/next/dist/next-devtools/shared/forward-logs-shared.js:27
[   70744ms] [WARNING] ./components/stats/StatsClient.tsx
Module not found: Can't resolve 'html-to-image' in '/Users/saladin/Developments/interestory/components/stats'

Import trace for requested module:
./components/stats/StatsClient.tsx @ webpack-internal:///(app-pages-browser)/./node_modules/next/dist/next-devtools/shared/forward-logs-shared.js:27
[   70744ms] [LOG] [Fast Refresh] done in 105ms @ webpack-internal:///(app-pages-browser)/./node_modules/next/dist/next-devtools/shared/forward-logs-shared.js:27
[   70745ms] [LOG] [Fast Refresh] rebuilding @ webpack-internal:///(app-pages-browser)/./node_modules/next/dist/next-devtools/shared/forward-logs-shared.js:27
[   70832ms] [WARNING] ./app/page.tsx
Module not found: Can't resolve 'html-to-image' in '/Users/saladin/Developments/interestory/app'

Import trace for requested module:
./app/page.tsx @ webpack-internal:///(app-pages-browser)/./node_modules/next/dist/next-devtools/shared/forward-logs-shared.js:27
[   70832ms] [WARNING] ./components/stats/StatsClient.tsx
Module not found: Can't resolve 'html-to-image' in '/Users/saladin/Developments/interestory/components/stats'

Import trace for requested module:
./components/stats/StatsClient.tsx @ webpack-internal:///(app-pages-browser)/./node_modules/next/dist/next-devtools/shared/forward-logs-shared.js:27
[   70832ms] [LOG] [Fast Refresh] done in 88ms @ webpack-internal:///(app-pages-browser)/./node_modules/next/dist/next-devtools/shared/forward-logs-shared.js:27
[   70834ms] [LOG] [Fast Refresh] rebuilding @ webpack-internal:///(app-pages-browser)/./node_modules/next/dist/next-devtools/shared/forward-logs-shared.js:27
[   70904ms] [WARNING] ./app/page.tsx
Module not found: Can't resolve 'html-to-image' in '/Users/saladin/Developments/interestory/app'

Import trace for requested module:
./app/page.tsx @ webpack-internal:///(app-pages-browser)/./node_modules/next/dist/next-devtools/shared/forward-logs-shared.js:27
[   70904ms] [WARNING] ./components/stats/StatsClient.tsx
Module not found: Can't resolve 'html-to-image' in '/Users/saladin/Developments/interestory/components/stats'

Import trace for requested module:
./components/stats/StatsClient.tsx @ webpack-internal:///(app-pages-browser)/./node_modules/next/dist/next-devtools/shared/forward-logs-shared.js:27
[   70904ms] [LOG] [Fast Refresh] done in 70ms @ webpack-internal:///(app-pages-browser)/./node_modules/next/dist/next-devtools/shared/forward-logs-shared.js:27
[   70905ms] [LOG] [Fast Refresh] rebuilding @ webpack-internal:///(app-pages-browser)/./node_modules/next/dist/next-devtools/shared/forward-logs-shared.js:27
[   70985ms] [WARNING] ./app/page.tsx
Module not found: Can't resolve 'html-to-image' in '/Users/saladin/Developments/interestory/app'

Import trace for requested module:
./app/page.tsx @ webpack-internal:///(app-pages-browser)/./node_modules/next/dist/next-devtools/shared/forward-logs-shared.js:27
[   70985ms] [WARNING] ./components/stats/StatsClient.tsx
Module not found: Can't resolve 'html-to-image' in '/Users/saladin/Developments/interestory/components/stats'

Import trace for requested module:
./components/stats/StatsClient.tsx @ webpack-internal:///(app-pages-browser)/./node_modules/next/dist/next-devtools/shared/forward-logs-shared.js:27
[   70985ms] [LOG] [Fast Refresh] done in 80ms @ webpack-internal:///(app-pages-browser)/./node_modules/next/dist/next-devtools/shared/forward-logs-shared.js:27
[   70986ms] [LOG] [Fast Refresh] rebuilding @ webpack-internal:///(app-pages-browser)/./node_modules/next/dist/next-devtools/shared/forward-logs-shared.js:27
[   71056ms] [WARNING] ./app/page.tsx
Module not found: Can't resolve 'html-to-image' in '/Users/saladin/Developments/interestory/app'

Import trace for requested module:
./app/page.tsx @ webpack-internal:///(app-pages-browser)/./node_modules/next/dist/next-devtools/shared/forward-logs-shared.js:27
[   71056ms] [WARNING] ./components/stats/StatsClient.tsx
Module not found: Can't resolve 'html-to-image' in '/Users/saladin/Developments/interestory/components/stats'

Import trace for requested module:
./components/stats/StatsClient.tsx @ webpack-internal:///(app-pages-browser)/./node_modules/next/dist/next-devtools/shared/forward-logs-shared.js:27
[   71056ms] [LOG] [Fast Refresh] done in 71ms @ webpack-internal:///(app-pages-browser)/./node_modules/next/dist/next-devtools/shared/forward-logs-shared.js:27
[   71058ms] [LOG] [Fast Refresh] rebuilding @ webpack-internal:///(app-pages-browser)/./node_modules/next/dist/next-devtools/shared/forward-logs-shared.js:27
[   71128ms] [WARNING] ./app/page.tsx
Module not found: Can't resolve 'html-to-image' in '/Users/saladin/Developments/interestory/app'

Import trace for requested module:
./app/page.tsx @ webpack-internal:///(app-pages-browser)/./node_modules/next/dist/next-devtools/shared/forward-logs-shared.js:27
[   71128ms] [WARNING] ./components/stats/StatsClient.tsx
Module not found: Can't resolve 'html-to-image' in '/Users/saladin/Developments/interestory/components/stats'

Import trace for requested module:
./components/stats/StatsClient.tsx @ webpack-internal:///(app-pages-browser)/./node_modules/next/dist/next-devtools/shared/forward-logs-shared.js:27
[   71128ms] [LOG] [Fast Refresh] done in 71ms @ webpack-internal:///(app-pages-browser)/./node_modules/next/dist/next-devtools/shared/forward-logs-shared.js:27
[   71129ms] [LOG] [Fast Refresh] rebuilding @ webpack-internal:///(app-pages-browser)/./node_modules/next/dist/next-devtools/shared/forward-logs-shared.js:27
[   71198ms] [WARNING] ./app/page.tsx
Module not found: Can't resolve 'html-to-image' in '/Users/saladin/Developments/interestory/app'

Import trace for requested module:
./app/page.tsx @ webpack-internal:///(app-pages-browser)/./node_modules/next/dist/next-devtools/shared/forward-logs-shared.js:27
[   71198ms] [WARNING] ./components/stats/StatsClient.tsx
Module not found: Can't resolve 'html-to-image' in '/Users/saladin/Developments/interestory/components/stats'

Import trace for requested module:
./components/stats/StatsClient.tsx @ webpack-internal:///(app-pages-browser)/./node_modules/next/dist/next-devtools/shared/forward-logs-shared.js:27
[   71198ms] [LOG] [Fast Refresh] done in 69ms @ webpack-internal:///(app-pages-browser)/./node_modules/next/dist/next-devtools/shared/forward-logs-shared.js:27
[   71200ms] [LOG] [Fast Refresh] rebuilding @ webpack-internal:///(app-pages-browser)/./node_modules/next/dist/next-devtools/shared/forward-logs-shared.js:27
[   71264ms] [WARNING] ./app/page.tsx
Module not found: Can't resolve 'html-to-image' in '/Users/saladin/Developments/interestory/app'

Import trace for requested module:
./app/page.tsx @ webpack-internal:///(app-pages-browser)/./node_modules/next/dist/next-devtools/shared/forward-logs-shared.js:27
[   71264ms] [WARNING] ./components/stats/StatsClient.tsx
Module not found: Can't resolve 'html-to-image' in '/Users/saladin/Developments/interestory/components/stats'

Import trace for requested module:
./components/stats/StatsClient.tsx @ webpack-internal:///(app-pages-browser)/./node_modules/next/dist/next-devtools/shared/forward-logs-shared.js:27
[   71264ms] [LOG] [Fast Refresh] done in 65ms @ webpack-internal:///(app-pages-browser)/./node_modules/next/dist/next-devtools/shared/forward-logs-shared.js:27
[   71265ms] [LOG] [Fast Refresh] rebuilding @ webpack-internal:///(app-pages-browser)/./node_modules/next/dist/next-devtools/shared/forward-logs-shared.js:27
[   71351ms] [WARNING] ./app/page.tsx
Module not found: Can't resolve 'html-to-image' in '/Users/saladin/Developments/interestory/app'

Import trace for requested module:
./app/page.tsx @ webpack-internal:///(app-pages-browser)/./node_modules/next/dist/next-devtools/shared/forward-logs-shared.js:27
[   71351ms] [WARNING] ./components/stats/StatsClient.tsx
Module not found: Can't resolve 'html-to-image' in '/Users/saladin/Developments/interestory/components/stats'

Import trace for requested module:
./components/stats/StatsClient.tsx @ webpack-internal:///(app-pages-browser)/./node_modules/next/dist/next-devtools/shared/forward-logs-shared.js:27
[   71351ms] [LOG] [Fast Refresh] done in 85ms @ webpack-internal:///(app-pages-browser)/./node_modules/next/dist/next-devtools/shared/forward-logs-shared.js:27
[   71352ms] [LOG] [Fast Refresh] rebuilding @ webpack-internal:///(app-pages-browser)/./node_modules/next/dist/next-devtools/shared/forward-logs-shared.js:27
[   71422ms] [WARNING] ./app/page.tsx
Module not found: Can't resolve 'html-to-image' in '/Users/saladin/Developments/interestory/app'

Import trace for requested module:
./app/page.tsx @ webpack-internal:///(app-pages-browser)/./node_modules/next/dist/next-devtools/shared/forward-logs-shared.js:27
[   71422ms] [WARNING] ./components/stats/StatsClient.tsx
Module not found: Can't resolve 'html-to-image' in '/Users/saladin/Developments/interestory/components/stats'

Import trace for requested module:
./components/stats/StatsClient.tsx @ webpack-internal:///(app-pages-browser)/./node_modules/next/dist/next-devtools/shared/forward-logs-shared.js:27
[   71422ms] [LOG] [Fast Refresh] done in 70ms @ webpack-internal:///(app-pages-browser)/./node_modules/next/dist/next-devtools/shared/forward-logs-shared.js:27
[   71423ms] [LOG] [Fast Refresh] rebuilding @ webpack-internal:///(app-pages-browser)/./node_modules/next/dist/next-devtools/shared/forward-logs-shared.js:27
[   71491ms] [WARNING] ./app/page.tsx
Module not found: Can't resolve 'html-to-image' in '/Users/saladin/Developments/interestory/app'

Import trace for requested module:
./app/page.tsx @ webpack-internal:///(app-pages-browser)/./node_modules/next/dist/next-devtools/shared/forward-logs-shared.js:27
[   71491ms] [WARNING] ./components/stats/StatsClient.tsx
Module not found: Can't resolve 'html-to-image' in '/Users/saladin/Developments/interestory/components/stats'

Import trace for requested module:
./components/stats/StatsClient.tsx @ webpack-internal:///(app-pages-browser)/./node_modules/next/dist/next-devtools/shared/forward-logs-shared.js:27
[   71491ms] [LOG] [Fast Refresh] done in 69ms @ webpack-internal:///(app-pages-browser)/./node_modules/next/dist/next-devtools/shared/forward-logs-shared.js:27
[   71492ms] [LOG] [Fast Refresh] rebuilding @ webpack-internal:///(app-pages-browser)/./node_modules/next/dist/next-devtools/shared/forward-logs-shared.js:27
[   71561ms] [WARNING] ./app/page.tsx
Module not found: Can't resolve 'html-to-image' in '/Users/saladin/Developments/interestory/app'

Import trace for requested module:
./app/page.tsx @ webpack-internal:///(app-pages-browser)/./node_modules/next/dist/next-devtools/shared/forward-logs-shared.js:27
[   71561ms] [WARNING] ./components/stats/StatsClient.tsx
Module not found: Can't resolve 'html-to-image' in '/Users/saladin/Developments/interestory/components/stats'

Import trace for requested module:
./components/stats/StatsClient.tsx @ webpack-internal:///(app-pages-browser)/./node_modules/next/dist/next-devtools/shared/forward-logs-shared.js:27
[   71561ms] [LOG] [Fast Refresh] done in 69ms @ webpack-internal:///(app-pages-browser)/./node_modules/next/dist/next-devtools/shared/forward-logs-shared.js:27
[   71563ms] [LOG] [Fast Refresh] rebuilding @ webpack-internal:///(app-pages-browser)/./node_modules/next/dist/next-devtools/shared/forward-logs-shared.js:27
[   71629ms] [WARNING] ./app/page.tsx
Module not found: Can't resolve 'html-to-image' in '/Users/saladin/Developments/interestory/app'

Import trace for requested module:
./app/page.tsx @ webpack-internal:///(app-pages-browser)/./node_modules/next/dist/next-devtools/shared/forward-logs-shared.js:27
[   71629ms] [WARNING] ./components/stats/StatsClient.tsx
Module not found: Can't resolve 'html-to-image' in '/Users/saladin/Developments/interestory/components/stats'

Import trace for requested module:
./components/stats/StatsClient.tsx @ webpack-internal:///(app-pages-browser)/./node_modules/next/dist/next-devtools/shared/forward-logs-shared.js:27
[   71629ms] [LOG] [Fast Refresh] done in 67ms @ webpack-internal:///(app-pages-browser)/./node_modules/next/dist/next-devtools/shared/forward-logs-shared.js:27
[   71630ms] [LOG] [Fast Refresh] rebuilding @ webpack-internal:///(app-pages-browser)/./node_modules/next/dist/next-devtools/shared/forward-logs-shared.js:27
[   71730ms] [WARNING] ./app/page.tsx
Module not found: Can't resolve 'html-to-image' in '/Users/saladin/Developments/interestory/app'

Import trace for requested module:
./app/page.tsx @ webpack-internal:///(app-pages-browser)/./node_modules/next/dist/next-devtools/shared/forward-logs-shared.js:27
[   71730ms] [WARNING] ./components/stats/StatsClient.tsx
Module not found: Can't resolve 'html-to-image' in '/Users/saladin/Developments/interestory/components/stats'

Import trace for requested module:
./components/stats/StatsClient.tsx @ webpack-internal:///(app-pages-browser)/./node_modules/next/dist/next-devtools/shared/forward-logs-shared.js:27
[   71730ms] [LOG] [Fast Refresh] done in 99ms @ webpack-internal:///(app-pages-browser)/./node_modules/next/dist/next-devtools/shared/forward-logs-shared.js:27
[   71731ms] [LOG] [Fast Refresh] rebuilding @ webpack-internal:///(app-pages-browser)/./node_modules/next/dist/next-devtools/shared/forward-logs-shared.js:27
[   71834ms] [WARNING] ./app/page.tsx
Module not found: Can't resolve 'html-to-image' in '/Users/saladin/Developments/interestory/app'

Import trace for requested module:
./app/page.tsx @ webpack-internal:///(app-pages-browser)/./node_modules/next/dist/next-devtools/shared/forward-logs-shared.js:27
[   71834ms] [WARNING] ./components/stats/StatsClient.tsx
Module not found: Can't resolve 'html-to-image' in '/Users/saladin/Developments/interestory/components/stats'

Import trace for requested module:
./components/stats/StatsClient.tsx @ webpack-internal:///(app-pages-browser)/./node_modules/next/dist/next-devtools/shared/forward-logs-shared.js:27
[   71834ms] [LOG] [Fast Refresh] done in 103ms @ webpack-internal:///(app-pages-browser)/./node_modules/next/dist/next-devtools/shared/forward-logs-shared.js:27
[   71836ms] [LOG] [Fast Refresh] rebuilding @ webpack-internal:///(app-pages-browser)/./node_modules/next/dist/next-devtools/shared/forward-logs-shared.js:27
[   71928ms] [WARNING] ./app/page.tsx
Module not found: Can't resolve 'html-to-image' in '/Users/saladin/Developments/interestory/app'

Import trace for requested module:
./app/page.tsx @ webpack-internal:///(app-pages-browser)/./node_modules/next/dist/next-devtools/shared/forward-logs-shared.js:27
[   71928ms] [WARNING] ./components/stats/StatsClient.tsx
Module not found: Can't resolve 'html-to-image' in '/Users/saladin/Developments/interestory/components/stats'

Import trace for requested module:
./components/stats/StatsClient.tsx @ webpack-internal:///(app-pages-browser)/./node_modules/next/dist/next-devtools/shared/forward-logs-shared.js:27
[   71928ms] [LOG] [Fast Refresh] done in 92ms @ webpack-internal:///(app-pages-browser)/./node_modules/next/dist/next-devtools/shared/forward-logs-shared.js:27
[   71929ms] [LOG] [Fast Refresh] rebuilding @ webpack-internal:///(app-pages-browser)/./node_modules/next/dist/next-devtools/shared/forward-logs-shared.js:27
[   72004ms] [WARNING] ./app/page.tsx
Module not found: Can't resolve 'html-to-image' in '/Users/saladin/Developments/interestory/app'

Import trace for requested module:
./app/page.tsx @ webpack-internal:///(app-pages-browser)/./node_modules/next/dist/next-devtools/shared/forward-logs-shared.js:27
[   72004ms] [WARNING] ./components/stats/StatsClient.tsx
Module not found: Can't resolve 'html-to-image' in '/Users/saladin/Developments/interestory/components/stats'

Import trace for requested module:
./components/stats/StatsClient.tsx @ webpack-internal:///(app-pages-browser)/./node_modules/next/dist/next-devtools/shared/forward-logs-shared.js:27
[   72004ms] [LOG] [Fast Refresh] done in 75ms @ webpack-internal:///(app-pages-browser)/./node_modules/next/dist/next-devtools/shared/forward-logs-shared.js:27
[   72005ms] [LOG] [Fast Refresh] rebuilding @ webpack-internal:///(app-pages-browser)/./node_modules/next/dist/next-devtools/shared/forward-logs-shared.js:27
[   72098ms] [WARNING] ./app/page.tsx
Module not found: Can't resolve 'html-to-image' in '/Users/saladin/Developments/interestory/app'

Import trace for requested module:
./app/page.tsx @ webpack-internal:///(app-pages-browser)/./node_modules/next/dist/next-devtools/shared/forward-logs-shared.js:27
[   72098ms] [WARNING] ./components/stats/StatsClient.tsx
Module not found: Can't resolve 'html-to-image' in '/Users/saladin/Developments/interestory/components/stats'

Import trace for requested module:
./components/stats/StatsClient.tsx @ webpack-internal:///(app-pages-browser)/./node_modules/next/dist/next-devtools/shared/forward-logs-shared.js:27
[   72098ms] [LOG] [Fast Refresh] done in 94ms @ webpack-internal:///(app-pages-browser)/./node_modules/next/dist/next-devtools/shared/forward-logs-shared.js:27
[   72100ms] [LOG] [Fast Refresh] rebuilding @ webpack-internal:///(app-pages-browser)/./node_modules/next/dist/next-devtools/shared/forward-logs-shared.js:27
[   72169ms] [WARNING] ./app/page.tsx
Module not found: Can't resolve 'html-to-image' in '/Users/saladin/Developments/interestory/app'

Import trace for requested module:
./app/page.tsx @ webpack-internal:///(app-pages-browser)/./node_modules/next/dist/next-devtools/shared/forward-logs-shared.js:27
[   72169ms] [WARNING] ./components/stats/StatsClient.tsx
Module not found: Can't resolve 'html-to-image' in '/Users/saladin/Developments/interestory/components/stats'

Import trace for requested module:
./components/stats/StatsClient.tsx @ webpack-internal:///(app-pages-browser)/./node_modules/next/dist/next-devtools/shared/forward-logs-shared.js:27
[   72169ms] [LOG] [Fast Refresh] done in 70ms @ webpack-internal:///(app-pages-browser)/./node_modules/next/dist/next-devtools/shared/forward-logs-shared.js:27
[   72170ms] [LOG] [Fast Refresh] rebuilding @ webpack-internal:///(app-pages-browser)/./node_modules/next/dist/next-devtools/shared/forward-logs-shared.js:27
[   72256ms] [WARNING] ./app/page.tsx
Module not found: Can't resolve 'html-to-image' in '/Users/saladin/Developments/interestory/app'

Import trace for requested module:
./app/page.tsx @ webpack-internal:///(app-pages-browser)/./node_modules/next/dist/next-devtools/shared/forward-logs-shared.js:27
[   72256ms] [WARNING] ./components/stats/StatsClient.tsx
Module not found: Can't resolve 'html-to-image' in '/Users/saladin/Developments/interestory/components/stats'

Import trace for requested module:
./components/stats/StatsClient.tsx @ webpack-internal:///(app-pages-browser)/./node_modules/next/dist/next-devtools/shared/forward-logs-shared.js:27
[   72256ms] [LOG] [Fast Refresh] done in 86ms @ webpack-internal:///(app-pages-browser)/./node_modules/next/dist/next-devtools/shared/forward-logs-shared.js:27
[   72257ms] [LOG] [Fast Refresh] rebuilding @ webpack-internal:///(app-pages-browser)/./node_modules/next/dist/next-devtools/shared/forward-logs-shared.js:27
[   72326ms] [WARNING] ./app/page.tsx
Module not found: Can't resolve 'html-to-image' in '/Users/saladin/Developments/interestory/app'

Import trace for requested module:
./app/page.tsx @ webpack-internal:///(app-pages-browser)/./node_modules/next/dist/next-devtools/shared/forward-logs-shared.js:27
[   72326ms] [WARNING] ./components/stats/StatsClient.tsx
Module not found: Can't resolve 'html-to-image' in '/Users/saladin/Developments/interestory/components/stats'

Import trace for requested module:
./components/stats/StatsClient.tsx @ webpack-internal:///(app-pages-browser)/./node_modules/next/dist/next-devtools/shared/forward-logs-shared.js:27
[   72326ms] [LOG] [Fast Refresh] done in 69ms @ webpack-internal:///(app-pages-browser)/./node_modules/next/dist/next-devtools/shared/forward-logs-shared.js:27
[   72327ms] [LOG] [Fast Refresh] rebuilding @ webpack-internal:///(app-pages-browser)/./node_modules/next/dist/next-devtools/shared/forward-logs-shared.js:27
[   72413ms] [WARNING] ./app/page.tsx
Module not found: Can't resolve 'html-to-image' in '/Users/saladin/Developments/interestory/app'

Import trace for requested module:
./app/page.tsx @ webpack-internal:///(app-pages-browser)/./node_modules/next/dist/next-devtools/shared/forward-logs-shared.js:27
[   72413ms] [WARNING] ./components/stats/StatsClient.tsx
Module not found: Can't resolve 'html-to-image' in '/Users/saladin/Developments/interestory/components/stats'

Import trace for requested module:
./components/stats/StatsClient.tsx @ webpack-internal:///(app-pages-browser)/./node_modules/next/dist/next-devtools/shared/forward-logs-shared.js:27
[   72413ms] [LOG] [Fast Refresh] done in 87ms @ webpack-internal:///(app-pages-browser)/./node_modules/next/dist/next-devtools/shared/forward-logs-shared.js:27
[   72413ms] [LOG] [Fast Refresh] rebuilding @ webpack-internal:///(app-pages-browser)/./node_modules/next/dist/next-devtools/shared/forward-logs-shared.js:27
[   72754ms] [WARNING] The resource http://localhost:3000/_next/static/css/app/layout.css?v=1790076603661 was preloaded using link preload but not used within a few seconds from the window's load event. Please make sure it has an appropriate `as` value and it is preloaded intentionally. @ http://localhost:3000/:0
[   72754ms] [WARNING] The resource http://localhost:3000/_next/static/css/app/layout.css?v=1790076602335 was preloaded using link preload but not used within a few seconds from the window's load event. Please make sure it has an appropriate `as` value and it is preloaded intentionally. @ http://localhost:3000/:0
[   72754ms] [WARNING] The resource http://localhost:3000/_next/static/css/app/layout.css?v=1790076601857 was preloaded using link preload but not used within a few seconds from the window's load event. Please make sure it has an appropriate `as` value and it is preloaded intentionally. @ http://localhost:3000/:0
[   72754ms] [WARNING] The resource http://localhost:3000/_next/static/css/app/layout.css?v=1790076604214 was preloaded using link preload but not used within a few seconds from the window's load event. Please make sure it has an appropriate `as` value and it is preloaded intentionally. @ http://localhost:3000/:0
[   72754ms] [WARNING] The resource http://localhost:3000/_next/static/css/app/layout.css?v=1790076604032 was preloaded using link preload but not used within a few seconds from the window's load event. Please make sure it has an appropriate `as` value and it is preloaded intentionally. @ http://localhost:3000/:0
[   72754ms] [WARNING] The resource http://localhost:3000/_next/static/css/app/layout.css?v=1790076604379 was preloaded using link preload but not used within a few seconds from the window's load event. Please make sure it has an appropriate `as` value and it is preloaded intentionally. @ http://localhost:3000/:0
[   72754ms] [WARNING] The resource http://localhost:3000/_next/static/media/22a5144ee8d83bca-s.p.woff2?v=1790076600900 was preloaded using link preload but not used within a few seconds from the window's load event. Please make sure it has an appropriate `as` value and it is preloaded intentionally. @ http://localhost:3000/:0
[   72754ms] [WARNING] The resource http://localhost:3000/_next/static/css/app/layout.css?v=1790076604547 was preloaded using link preload but not used within a few seconds from the window's load event. Please make sure it has an appropriate `as` value and it is preloaded intentionally. @ http://localhost:3000/:0
[   72754ms] [WARNING] The resource http://localhost:3000/_next/static/css/app/layout.css?v=1790076603295 was preloaded using link preload but not used within a few seconds from the window's load event. Please make sure it has an appropriate `as` value and it is preloaded intentionally. @ http://localhost:3000/:0
[   72754ms] [WARNING] The resource http://localhost:3000/_next/static/media/7d4881bb7e1bf84d-s.p.woff2?v=1790076600900 was preloaded using link preload but not used within a few seconds from the window's load event. Please make sure it has an appropriate `as` value and it is preloaded intentionally. @ http://localhost:3000/:0
[   72754ms] [WARNING] The resource http://localhost:3000/_next/static/css/app/layout.css?v=1790076603118 was preloaded using link preload but not used within a few seconds from the window's load event. Please make sure it has an appropriate `as` value and it is preloaded intentionally. @ http://localhost:3000/:0
[   72754ms] [WARNING] The resource http://localhost:3000/_next/static/css/app/layout.css?v=1790076602153 was preloaded using link preload but not used within a few seconds from the window's load event. Please make sure it has an appropriate `as` value and it is preloaded intentionally. @ http://localhost:3000/:0
[   72754ms] [WARNING] The resource http://localhost:3000/_next/static/css/app/layout.css?v=1790076602808 was preloaded using link preload but not used within a few seconds from the window's load event. Please make sure it has an appropriate `as` value and it is preloaded intentionally. @ http://localhost:3000/:0
[   72816ms] [LOG] [Fast Refresh] rebuilding @ webpack-internal:///(app-pages-browser)/./node_modules/next/dist/next-devtools/shared/forward-logs-shared.js:27
[   72816ms] [WARNING] ./app/page.tsx
Module not found: Can't resolve 'html-to-image' in '/Users/saladin/Developments/interestory/app'

Import trace for requested module:
./app/page.tsx @ webpack-internal:///(app-pages-browser)/./node_modules/next/dist/next-devtools/shared/forward-logs-shared.js:27
[   72816ms] [WARNING] ./components/stats/StatsClient.tsx
Module not found: Can't resolve 'html-to-image' in '/Users/saladin/Developments/interestory/components/stats'

Import trace for requested module:
./components/stats/StatsClient.tsx @ webpack-internal:///(app-pages-browser)/./node_modules/next/dist/next-devtools/shared/forward-logs-shared.js:27
[   72816ms] [LOG] [Fast Refresh] done in 0ms @ webpack-internal:///(app-pages-browser)/./node_modules/next/dist/next-devtools/shared/forward-logs-shared.js:27
[   72818ms] [LOG] [Fast Refresh] rebuilding @ webpack-internal:///(app-pages-browser)/./node_modules/next/dist/next-devtools/shared/forward-logs-shared.js:27
[   72887ms] [WARNING] ./app/page.tsx
Module not found: Can't resolve 'html-to-image' in '/Users/saladin/Developments/interestory/app'

Import trace for requested module:
./app/page.tsx @ webpack-internal:///(app-pages-browser)/./node_modules/next/dist/next-devtools/shared/forward-logs-shared.js:27
[   72887ms] [WARNING] ./components/stats/StatsClient.tsx
Module not found: Can't resolve 'html-to-image' in '/Users/saladin/Developments/interestory/components/stats'

Import trace for requested module:
./components/stats/StatsClient.tsx @ webpack-internal:///(app-pages-browser)/./node_modules/next/dist/next-devtools/shared/forward-logs-shared.js:27
[   72887ms] [LOG] [Fast Refresh] done in 69ms @ webpack-internal:///(app-pages-browser)/./node_modules/next/dist/next-devtools/shared/forward-logs-shared.js:27
[   72908ms] [ERROR] Failed to load resource: the server responded with a status of 500 (Internal Server Error) @ http://localhost:3000/?_rsc=wnywt:0
[   72917ms] [LOG] [Fast Refresh] rebuilding @ webpack-internal:///(app-pages-browser)/./node_modules/next/dist/next-devtools/shared/forward-logs-shared.js:27
[   72988ms] [WARNING] ./app/page.tsx
Module not found: Can't resolve 'html-to-image' in '/Users/saladin/Developments/interestory/app'

Import trace for requested module:
./app/page.tsx @ webpack-internal:///(app-pages-browser)/./node_modules/next/dist/next-devtools/shared/forward-logs-shared.js:27
[   72988ms] [WARNING] ./components/stats/StatsClient.tsx
Module not found: Can't resolve 'html-to-image' in '/Users/saladin/Developments/interestory/components/stats'

Import trace for requested module:
./components/stats/StatsClient.tsx @ webpack-internal:///(app-pages-browser)/./node_modules/next/dist/next-devtools/shared/forward-logs-shared.js:27
[   72988ms] [LOG] [Fast Refresh] done in 71ms @ webpack-internal:///(app-pages-browser)/./node_modules/next/dist/next-devtools/shared/forward-logs-shared.js:27
[   73034ms] [LOG] [Fast Refresh] rebuilding @ webpack-internal:///(app-pages-browser)/./node_modules/next/dist/next-devtools/shared/forward-logs-shared.js:27
[   73057ms] [WARNING] ./app/page.tsx
Module not found: Can't resolve 'html-to-image' in '/Users/saladin/Developments/interestory/app'

Import trace for requested module:
./app/page.tsx @ webpack-internal:///(app-pages-browser)/./node_modules/next/dist/next-devtools/shared/forward-logs-shared.js:27
[   73057ms] [WARNING] ./components/stats/StatsClient.tsx
Module not found: Can't resolve 'html-to-image' in '/Users/saladin/Developments/interestory/components/stats'

Import trace for requested module:
./components/stats/StatsClient.tsx @ webpack-internal:///(app-pages-browser)/./node_modules/next/dist/next-devtools/shared/forward-logs-shared.js:27
[   73057ms] [LOG] [Fast Refresh] done in 24ms @ webpack-internal:///(app-pages-browser)/./node_modules/next/dist/next-devtools/shared/forward-logs-shared.js:27
[   73065ms] [LOG] [Fast Refresh] rebuilding @ webpack-internal:///(app-pages-browser)/./node_modules/next/dist/next-devtools/shared/forward-logs-shared.js:27
[   73329ms] Invalid or unexpected token
[   73711ms] [INFO] %cDownload the React DevTools for a better development experience: https://react.dev/link/react-devtools font-weight:bold @ webpack-internal:///(app-pages-browser)/./node_modules/next/dist/next-devtools/shared/forward-logs-shared.js:27
[   73722ms] [LOG] [HMR] connected @ webpack-internal:///(app-pages-browser)/./node_modules/next/dist/next-devtools/shared/forward-logs-shared.js:27
[   73723ms] [WARNING] ./app/page.tsx
Module not found: Can't resolve 'html-to-image' in '/Users/saladin/Developments/interestory/app' @ webpack-internal:///(app-pages-browser)/./node_modules/next/dist/next-devtools/shared/forward-logs-shared.js:27
[   73723ms] [WARNING] ./components/stats/StatsClient.tsx
Module not found: Can't resolve 'html-to-image' in '/Users/saladin/Developments/interestory/components/stats' @ webpack-internal:///(app-pages-browser)/./node_modules/next/dist/next-devtools/shared/forward-logs-shared.js:27
[   73743ms] [LOG] [Fast Refresh] rebuilding @ webpack-internal:///(app-pages-browser)/./node_modules/next/dist/next-devtools/shared/forward-logs-shared.js:27
[   73818ms] [ERROR] Can't perform a React state update on a component that hasn't mounted yet. This indicates that you have a side-effect in your render function that asynchronously tries to update the component. Move this work to useEffect instead. @ webpack-internal:///(app-pages-browser)/./node_modules/next/dist/next-devtools/userspace/app/errors/intercept-console-error.js:57
[   73821ms] [WARNING] ./app/page.tsx
Module not found: Can't resolve 'html-to-image' in '/Users/saladin/Developments/interestory/app'

Import trace for requested module:
./app/page.tsx @ webpack-internal:///(app-pages-browser)/./node_modules/next/dist/next-devtools/shared/forward-logs-shared.js:27
[   73821ms] [WARNING] ./components/stats/StatsClient.tsx
Module not found: Can't resolve 'html-to-image' in '/Users/saladin/Developments/interestory/components/stats'

Import trace for requested module:
./components/stats/StatsClient.tsx @ webpack-internal:///(app-pages-browser)/./node_modules/next/dist/next-devtools/shared/forward-logs-shared.js:27
[   73821ms] [LOG] [Fast Refresh] rebuilding @ webpack-internal:///(app-pages-browser)/./node_modules/next/dist/next-devtools/shared/forward-logs-shared.js:27
[   73905ms] [WARNING] ./app/page.tsx
Module not found: Can't resolve 'html-to-image' in '/Users/saladin/Developments/interestory/app'

Import trace for requested module:
./app/page.tsx @ webpack-internal:///(app-pages-browser)/./node_modules/next/dist/next-devtools/shared/forward-logs-shared.js:27
[   73905ms] [WARNING] ./components/stats/StatsClient.tsx
Module not found: Can't resolve 'html-to-image' in '/Users/saladin/Developments/interestory/components/stats'

Import trace for requested module:
./components/stats/StatsClient.tsx @ webpack-internal:///(app-pages-browser)/./node_modules/next/dist/next-devtools/shared/forward-logs-shared.js:27
[   73905ms] [LOG] [Fast Refresh] done in 84ms @ webpack-internal:///(app-pages-browser)/./node_modules/next/dist/next-devtools/shared/forward-logs-shared.js:27
[   73906ms] [LOG] [Fast Refresh] rebuilding @ webpack-internal:///(app-pages-browser)/./node_modules/next/dist/next-devtools/shared/forward-logs-shared.js:27
[   73923ms] [LOG] [Fast Refresh] done in 16ms @ webpack-internal:///(app-pages-browser)/./node_modules/next/dist/next-devtools/shared/forward-logs-shared.js:27
[   73997ms] [WARNING] ./app/page.tsx
Module not found: Can't resolve 'html-to-image' in '/Users/saladin/Developments/interestory/app'

Import trace for requested module:
./app/page.tsx @ webpack-internal:///(app-pages-browser)/./node_modules/next/dist/next-devtools/shared/forward-logs-shared.js:27
[   73997ms] [WARNING] ./components/stats/StatsClient.tsx
Module not found: Can't resolve 'html-to-image' in '/Users/saladin/Developments/interestory/components/stats'

Import trace for requested module:
./components/stats/StatsClient.tsx @ webpack-internal:///(app-pages-browser)/./node_modules/next/dist/next-devtools/shared/forward-logs-shared.js:27
[   73997ms] [LOG] [Fast Refresh] rebuilding @ webpack-internal:///(app-pages-browser)/./node_modules/next/dist/next-devtools/shared/forward-logs-shared.js:27
[   74011ms] [LOG] [Fast Refresh] done in 14ms @ webpack-internal:///(app-pages-browser)/./node_modules/next/dist/next-devtools/shared/forward-logs-shared.js:27
[   74215ms] [LOG] [Fast Refresh] rebuilding @ webpack-internal:///(app-pages-browser)/./node_modules/next/dist/next-devtools/shared/forward-logs-shared.js:27
[   74216ms] [WARNING] ./app/page.tsx
Module not found: Can't resolve 'html-to-image' in '/Users/saladin/Developments/interestory/app'

Import trace for requested module:
./app/page.tsx @ webpack-internal:///(app-pages-browser)/./node_modules/next/dist/next-devtools/shared/forward-logs-shared.js:27
[   74216ms] [WARNING] ./components/stats/StatsClient.tsx
Module not found: Can't resolve 'html-to-image' in '/Users/saladin/Developments/interestory/components/stats'

Import trace for requested module:
./components/stats/StatsClient.tsx @ webpack-internal:///(app-pages-browser)/./node_modules/next/dist/next-devtools/shared/forward-logs-shared.js:27
[   74233ms] [LOG] [Fast Refresh] done in 18ms @ webpack-internal:///(app-pages-browser)/./node_modules/next/dist/next-devtools/shared/forward-logs-shared.js:27
[   74253ms] [LOG] [Fast Refresh] rebuilding @ webpack-internal:///(app-pages-browser)/./node_modules/next/dist/next-devtools/shared/forward-logs-shared.js:27
[   74256ms] [WARNING] ./app/page.tsx
Module not found: Can't resolve 'html-to-image' in '/Users/saladin/Developments/interestory/app'

Import trace for requested module:
./app/page.tsx @ webpack-internal:///(app-pages-browser)/./node_modules/next/dist/next-devtools/shared/forward-logs-shared.js:27
[   74256ms] [WARNING] ./components/stats/StatsClient.tsx
Module not found: Can't resolve 'html-to-image' in '/Users/saladin/Developments/interestory/components/stats'

Import trace for requested module:
./components/stats/StatsClient.tsx @ webpack-internal:///(app-pages-browser)/./node_modules/next/dist/next-devtools/shared/forward-logs-shared.js:27
[   74256ms] [LOG] [Fast Refresh] done in 4ms @ webpack-internal:///(app-pages-browser)/./node_modules/next/dist/next-devtools/shared/forward-logs-shared.js:27
[   74281ms] [ERROR] Failed to load resource: the server responded with a status of 500 (Internal Server Error) @ http://localhost:3000/?_rsc=wnywt:0
[   74332ms] [LOG] [Fast Refresh] rebuilding @ webpack-internal:///(app-pages-browser)/./node_modules/next/dist/next-devtools/shared/forward-logs-shared.js:27
[   74386ms] [WARNING] ./app/page.tsx
Module not found: Can't resolve 'html-to-image' in '/Users/saladin/Developments/interestory/app'

Import trace for requested module:
./app/page.tsx @ webpack-internal:///(app-pages-browser)/./node_modules/next/dist/next-devtools/shared/forward-logs-shared.js:27
[   74386ms] [WARNING] ./components/stats/StatsClient.tsx
Module not found: Can't resolve 'html-to-image' in '/Users/saladin/Developments/interestory/components/stats'

Import trace for requested module:
./components/stats/StatsClient.tsx @ webpack-internal:///(app-pages-browser)/./node_modules/next/dist/next-devtools/shared/forward-logs-shared.js:27
[   74401ms] [LOG] [Fast Refresh] rebuilding @ webpack-internal:///(app-pages-browser)/./node_modules/next/dist/next-devtools/shared/forward-logs-shared.js:27
[   74401ms] [LOG] [Fast Refresh] done in 0ms @ webpack-internal:///(app-pages-browser)/./node_modules/next/dist/next-devtools/shared/forward-logs-shared.js:27
[   74941ms] [INFO] %cDownload the React DevTools for a better development experience: https://react.dev/link/react-devtools font-weight:bold @ webpack-internal:///(app-pages-browser)/./node_modules/next/dist/next-devtools/shared/forward-logs-shared.js:27
[   74951ms] [LOG] [HMR] connected @ webpack-internal:///(app-pages-browser)/./node_modules/next/dist/next-devtools/shared/forward-logs-shared.js:27
[   74952ms] [WARNING] ./app/page.tsx
Module not found: Can't resolve 'html-to-image' in '/Users/saladin/Developments/interestory/app' @ webpack-internal:///(app-pages-browser)/./node_modules/next/dist/next-devtools/shared/forward-logs-shared.js:27
[   74952ms] [WARNING] ./components/stats/StatsClient.tsx
Module not found: Can't resolve 'html-to-image' in '/Users/saladin/Developments/interestory/components/stats' @ webpack-internal:///(app-pages-browser)/./node_modules/next/dist/next-devtools/shared/forward-logs-shared.js:27
[   74963ms] [LOG] [Fast Refresh] rebuilding @ webpack-internal:///(app-pages-browser)/./node_modules/next/dist/next-devtools/shared/forward-logs-shared.js:27
[   75006ms] [WARNING] Image with src "/momo.png" has either width or height modified, but not the other. If you use CSS to change the size of your image, also include the styles 'width: "auto"' or 'height: "auto"' to maintain the aspect ratio. @ webpack-internal:///(app-pages-browser)/./node_modules/next/dist/next-devtools/shared/forward-logs-shared.js:27
[   75041ms] [WARNING] ./app/page.tsx
Module not found: Can't resolve 'html-to-image' in '/Users/saladin/Developments/interestory/app'

Import trace for requested module:
./app/page.tsx @ webpack-internal:///(app-pages-browser)/./node_modules/next/dist/next-devtools/shared/forward-logs-shared.js:27
[   75041ms] [WARNING] ./components/stats/StatsClient.tsx
Module not found: Can't resolve 'html-to-image' in '/Users/saladin/Developments/interestory/components/stats'

Import trace for requested module:
./components/stats/StatsClient.tsx @ webpack-internal:///(app-pages-browser)/./node_modules/next/dist/next-devtools/shared/forward-logs-shared.js:27
[   75041ms] [LOG] [Fast Refresh] rebuilding @ webpack-internal:///(app-pages-browser)/./node_modules/next/dist/next-devtools/shared/forward-logs-shared.js:27
[   75117ms] [LOG] [Fast Refresh] done in 76ms @ webpack-internal:///(app-pages-browser)/./node_modules/next/dist/next-devtools/shared/forward-logs-shared.js:27
[   75123ms] [WARNING] ./app/page.tsx
Module not found: Can't resolve 'html-to-image' in '/Users/saladin/Developments/interestory/app'

Import trace for requested module:
./app/page.tsx @ webpack-internal:///(app-pages-browser)/./node_modules/next/dist/next-devtools/shared/forward-logs-shared.js:27
[   75123ms] [WARNING] ./components/stats/StatsClient.tsx
Module not found: Can't resolve 'html-to-image' in '/Users/saladin/Developments/interestory/components/stats'

Import trace for requested module:
./components/stats/StatsClient.tsx @ webpack-internal:///(app-pages-browser)/./node_modules/next/dist/next-devtools/shared/forward-logs-shared.js:27
[   75124ms] [LOG] [Fast Refresh] rebuilding @ webpack-internal:///(app-pages-browser)/./node_modules/next/dist/next-devtools/shared/forward-logs-shared.js:27
[   75128ms] [LOG] [Fast Refresh] done in 3ms @ webpack-internal:///(app-pages-browser)/./node_modules/next/dist/next-devtools/shared/forward-logs-shared.js:27
[   75212ms] [WARNING] ./app/page.tsx
Module not found: Can't resolve 'html-to-image' in '/Users/saladin/Developments/interestory/app'

Import trace for requested module:
./app/page.tsx @ webpack-internal:///(app-pages-browser)/./node_modules/next/dist/next-devtools/shared/forward-logs-shared.js:27
[   75212ms] [WARNING] ./components/stats/StatsClient.tsx
Module not found: Can't resolve 'html-to-image' in '/Users/saladin/Developments/interestory/components/stats'

Import trace for requested module:
./components/stats/StatsClient.tsx @ webpack-internal:///(app-pages-browser)/./node_modules/next/dist/next-devtools/shared/forward-logs-shared.js:27
[   75212ms] [LOG] [Fast Refresh] rebuilding @ webpack-internal:///(app-pages-browser)/./node_modules/next/dist/next-devtools/shared/forward-logs-shared.js:27
[   75225ms] [LOG] [Fast Refresh] done in 13ms @ webpack-internal:///(app-pages-browser)/./node_modules/next/dist/next-devtools/shared/forward-logs-shared.js:27
[   75368ms] [LOG] [Fast Refresh] rebuilding @ webpack-internal:///(app-pages-browser)/./node_modules/next/dist/next-devtools/shared/forward-logs-shared.js:27
[   75368ms] [WARNING] ./app/page.tsx
Module not found: Can't resolve 'html-to-image' in '/Users/saladin/Developments/interestory/app'

Import trace for requested module:
./app/page.tsx @ webpack-internal:///(app-pages-browser)/./node_modules/next/dist/next-devtools/shared/forward-logs-shared.js:27
[   75368ms] [WARNING] ./components/stats/StatsClient.tsx
Module not found: Can't resolve 'html-to-image' in '/Users/saladin/Developments/interestory/components/stats'

Import trace for requested module:
./components/stats/StatsClient.tsx @ webpack-internal:///(app-pages-browser)/./node_modules/next/dist/next-devtools/shared/forward-logs-shared.js:27
[   75382ms] [LOG] [Fast Refresh] done in 13ms @ webpack-internal:///(app-pages-browser)/./node_modules/next/dist/next-devtools/shared/forward-logs-shared.js:27
[   75403ms] [WARNING] ./app/page.tsx
Module not found: Can't resolve 'html-to-image' in '/Users/saladin/Developments/interestory/app'

Import trace for requested module:
./app/page.tsx @ webpack-internal:///(app-pages-browser)/./node_modules/next/dist/next-devtools/shared/forward-logs-shared.js:27
[   75403ms] [WARNING] ./components/stats/StatsClient.tsx
Module not found: Can't resolve 'html-to-image' in '/Users/saladin/Developments/interestory/components/stats'

Import trace for requested module:
./components/stats/StatsClient.tsx @ webpack-internal:///(app-pages-browser)/./node_modules/next/dist/next-devtools/shared/forward-logs-shared.js:27
[   75403ms] [LOG] [Fast Refresh] done in 35ms @ webpack-internal:///(app-pages-browser)/./node_modules/next/dist/next-devtools/shared/forward-logs-shared.js:27
[   75417ms] [ERROR] Failed to load resource: the server responded with a status of 500 (Internal Server Error) @ http://localhost:3000/?_rsc=wnywt:0
[   75418ms] [LOG] [Fast Refresh] rebuilding @ webpack-internal:///(app-pages-browser)/./node_modules/next/dist/next-devtools/shared/forward-logs-shared.js:27
[   75552ms] [WARNING] ./app/page.tsx
Module not found: Can't resolve 'html-to-image' in '/Users/saladin/Developments/interestory/app'

Import trace for requested module:
./app/page.tsx @ webpack-internal:///(app-pages-browser)/./node_modules/next/dist/next-devtools/shared/forward-logs-shared.js:27
[   75552ms] [WARNING] ./components/stats/StatsClient.tsx
Module not found: Can't resolve 'html-to-image' in '/Users/saladin/Developments/interestory/components/stats'

Import trace for requested module:
./components/stats/StatsClient.tsx @ webpack-internal:///(app-pages-browser)/./node_modules/next/dist/next-devtools/shared/forward-logs-shared.js:27
[   75552ms] [LOG] [Fast Refresh] rebuilding @ webpack-internal:///(app-pages-browser)/./node_modules/next/dist/next-devtools/shared/forward-logs-shared.js:27
[   75578ms] [LOG] [Fast Refresh] done in 26ms @ webpack-internal:///(app-pages-browser)/./node_modules/next/dist/next-devtools/shared/forward-logs-shared.js:27
[   75760ms] [WARNING] ./app/page.tsx
Module not found: Can't resolve 'html-to-image' in '/Users/saladin/Developments/interestory/app'

Import trace for requested module:
./app/page.tsx @ webpack-internal:///(app-pages-browser)/./node_modules/next/dist/next-devtools/shared/forward-logs-shared.js:27
[   75760ms] [WARNING] ./components/stats/StatsClient.tsx
Module not found: Can't resolve 'html-to-image' in '/Users/saladin/Developments/interestory/components/stats'

Import trace for requested module:
./components/stats/StatsClient.tsx @ webpack-internal:///(app-pages-browser)/./node_modules/next/dist/next-devtools/shared/forward-logs-shared.js:27
[   75760ms] [LOG] [Fast Refresh] rebuilding @ webpack-internal:///(app-pages-browser)/./node_modules/next/dist/next-devtools/shared/forward-logs-shared.js:27
[   75768ms] [LOG] [Fast Refresh] rebuilding @ webpack-internal:///(app-pages-browser)/./node_modules/next/dist/next-devtools/shared/forward-logs-shared.js:27
[   75775ms] [LOG] [Fast Refresh] done in 8ms @ webpack-internal:///(app-pages-browser)/./node_modules/next/dist/next-devtools/shared/forward-logs-shared.js:27
[   75793ms] [WARNING] ./app/page.tsx
Module not found: Can't resolve 'html-to-image' in '/Users/saladin/Developments/interestory/app'

Import trace for requested module:
./app/page.tsx @ webpack-internal:///(app-pages-browser)/./node_modules/next/dist/next-devtools/shared/forward-logs-shared.js:27
[   75793ms] [WARNING] ./components/stats/StatsClient.tsx
Module not found: Can't resolve 'html-to-image' in '/Users/saladin/Developments/interestory/components/stats'

Import trace for requested module:
./components/stats/StatsClient.tsx @ webpack-internal:///(app-pages-browser)/./node_modules/next/dist/next-devtools/shared/forward-logs-shared.js:27
[   75793ms] [LOG] [Fast Refresh] done in 26ms @ webpack-internal:///(app-pages-browser)/./node_modules/next/dist/next-devtools/shared/forward-logs-shared.js:27
[   75971ms] [ERROR] Failed to load resource: the server responded with a status of 500 (Internal Server Error) @ http://localhost:3000/icon/192:0
[   76390ms] [INFO] %cDownload the React DevTools for a better development experience: https://react.dev/link/react-devtools font-weight:bold @ webpack-internal:///(app-pages-browser)/./node_modules/next/dist/next-devtools/shared/forward-logs-shared.js:27
[   76400ms] [LOG] [HMR] connected @ webpack-internal:///(app-pages-browser)/./node_modules/next/dist/next-devtools/shared/forward-logs-shared.js:27
[   76401ms] [WARNING] ./app/page.tsx
Module not found: Can't resolve 'html-to-image' in '/Users/saladin/Developments/interestory/app' @ webpack-internal:///(app-pages-browser)/./node_modules/next/dist/next-devtools/shared/forward-logs-shared.js:27
[   76402ms] [WARNING] ./components/stats/StatsClient.tsx
Module not found: Can't resolve 'html-to-image' in '/Users/saladin/Developments/interestory/components/stats' @ webpack-internal:///(app-pages-browser)/./node_modules/next/dist/next-devtools/shared/forward-logs-shared.js:27
[   76426ms] [LOG] [Fast Refresh] rebuilding @ webpack-internal:///(app-pages-browser)/./node_modules/next/dist/next-devtools/shared/forward-logs-shared.js:27
[   76454ms] [WARNING] Image with src "/momo.png" has either width or height modified, but not the other. If you use CSS to change the size of your image, also include the styles 'width: "auto"' or 'height: "auto"' to maintain the aspect ratio. @ webpack-internal:///(app-pages-browser)/./node_modules/next/dist/next-devtools/shared/forward-logs-shared.js:27
[   76501ms] [WARNING] ./app/page.tsx
Module not found: Can't resolve 'html-to-image' in '/Users/saladin/Developments/interestory/app'

Import trace for requested module:
./app/page.tsx @ webpack-internal:///(app-pages-browser)/./node_modules/next/dist/next-devtools/shared/forward-logs-shared.js:27
[   76501ms] [WARNING] ./components/stats/StatsClient.tsx
Module not found: Can't resolve 'html-to-image' in '/Users/saladin/Developments/interestory/components/stats'

Import trace for requested module:
./components/stats/StatsClient.tsx @ webpack-internal:///(app-pages-browser)/./node_modules/next/dist/next-devtools/shared/forward-logs-shared.js:27
[   76501ms] [LOG] [Fast Refresh] rebuilding @ webpack-internal:///(app-pages-browser)/./node_modules/next/dist/next-devtools/shared/forward-logs-shared.js:27
[   76560ms] [LOG] [Fast Refresh] done in 59ms @ webpack-internal:///(app-pages-browser)/./node_modules/next/dist/next-devtools/shared/forward-logs-shared.js:27
[   76576ms] [WARNING] ./app/page.tsx
Module not found: Can't resolve 'html-to-image' in '/Users/saladin/Developments/interestory/app'

Import trace for requested module:
./app/page.tsx @ webpack-internal:///(app-pages-browser)/./node_modules/next/dist/next-devtools/shared/forward-logs-shared.js:27
[   76576ms] [WARNING] ./components/stats/StatsClient.tsx
Module not found: Can't resolve 'html-to-image' in '/Users/saladin/Developments/interestory/components/stats'

Import trace for requested module:
./components/stats/StatsClient.tsx @ webpack-internal:///(app-pages-browser)/./node_modules/next/dist/next-devtools/shared/forward-logs-shared.js:27
[   76577ms] [LOG] [Fast Refresh] rebuilding @ webpack-internal:///(app-pages-browser)/./node_modules/next/dist/next-devtools/shared/forward-logs-shared.js:27
[   76580ms] [LOG] [Fast Refresh] done in 3ms @ webpack-internal:///(app-pages-browser)/./node_modules/next/dist/next-devtools/shared/forward-logs-shared.js:27
[   76652ms] [WARNING] ./app/page.tsx
Module not found: Can't resolve 'html-to-image' in '/Users/saladin/Developments/interestory/app'

Import trace for requested module:
./app/page.tsx @ webpack-internal:///(app-pages-browser)/./node_modules/next/dist/next-devtools/shared/forward-logs-shared.js:27
[   76652ms] [WARNING] ./components/stats/StatsClient.tsx
Module not found: Can't resolve 'html-to-image' in '/Users/saladin/Developments/interestory/components/stats'

Import trace for requested module:
./components/stats/StatsClient.tsx @ webpack-internal:///(app-pages-browser)/./node_modules/next/dist/next-devtools/shared/forward-logs-shared.js:27
[   76653ms] [LOG] [Fast Refresh] rebuilding @ webpack-internal:///(app-pages-browser)/./node_modules/next/dist/next-devtools/shared/forward-logs-shared.js:27
[   76680ms] [LOG] [Fast Refresh] done in 27ms @ webpack-internal:///(app-pages-browser)/./node_modules/next/dist/next-devtools/shared/forward-logs-shared.js:27
[   76756ms] [WARNING] ./app/page.tsx
Module not found: Can't resolve 'html-to-image' in '/Users/saladin/Developments/interestory/app'

Import trace for requested module:
./app/page.tsx @ webpack-internal:///(app-pages-browser)/./node_modules/next/dist/next-devtools/shared/forward-logs-shared.js:27
[   76756ms] [WARNING] ./components/stats/StatsClient.tsx
Module not found: Can't resolve 'html-to-image' in '/Users/saladin/Developments/interestory/components/stats'

Import trace for requested module:
./components/stats/StatsClient.tsx @ webpack-internal:///(app-pages-browser)/./node_modules/next/dist/next-devtools/shared/forward-logs-shared.js:27
[   76757ms] [LOG] [Fast Refresh] rebuilding @ webpack-internal:///(app-pages-browser)/./node_modules/next/dist/next-devtools/shared/forward-logs-shared.js:27
[   76761ms] [LOG] [Fast Refresh] done in 4ms @ webpack-internal:///(app-pages-browser)/./node_modules/next/dist/next-devtools/shared/forward-logs-shared.js:27
[   76850ms] [WARNING] ./app/page.tsx
Module not found: Can't resolve 'html-to-image' in '/Users/saladin/Developments/interestory/app'

Import trace for requested module:
./app/page.tsx @ webpack-internal:///(app-pages-browser)/./node_modules/next/dist/next-devtools/shared/forward-logs-shared.js:27
[   76850ms] [WARNING] ./components/stats/StatsClient.tsx
Module not found: Can't resolve 'html-to-image' in '/Users/saladin/Developments/interestory/components/stats'

Import trace for requested module:
./components/stats/StatsClient.tsx @ webpack-internal:///(app-pages-browser)/./node_modules/next/dist/next-devtools/shared/forward-logs-shared.js:27
[   76851ms] [LOG] [Fast Refresh] rebuilding @ webpack-internal:///(app-pages-browser)/./node_modules/next/dist/next-devtools/shared/forward-logs-shared.js:27
[   76855ms] [LOG] [Fast Refresh] done in 3ms @ webpack-internal:///(app-pages-browser)/./node_modules/next/dist/next-devtools/shared/forward-logs-shared.js:27
[   76940ms] [WARNING] ./app/page.tsx
Module not found: Can't resolve 'html-to-image' in '/Users/saladin/Developments/interestory/app'

Import trace for requested module:
./app/page.tsx @ webpack-internal:///(app-pages-browser)/./node_modules/next/dist/next-devtools/shared/forward-logs-shared.js:27
[   76940ms] [WARNING] ./components/stats/StatsClient.tsx
Module not found: Can't resolve 'html-to-image' in '/Users/saladin/Developments/interestory/components/stats'

Import trace for requested module:
./components/stats/StatsClient.tsx @ webpack-internal:///(app-pages-browser)/./node_modules/next/dist/next-devtools/shared/forward-logs-shared.js:27
[   76942ms] [LOG] [Fast Refresh] rebuilding @ webpack-internal:///(app-pages-browser)/./node_modules/next/dist/next-devtools/shared/forward-logs-shared.js:27
[   76946ms] [LOG] [Fast Refresh] done in 4ms @ webpack-internal:///(app-pages-browser)/./node_modules/next/dist/next-devtools/shared/forward-logs-shared.js:27
[   77083ms] [WARNING] ./app/page.tsx
Module not found: Can't resolve 'html-to-image' in '/Users/saladin/Developments/interestory/app'

Import trace for requested module:
./app/page.tsx @ webpack-internal:///(app-pages-browser)/./node_modules/next/dist/next-devtools/shared/forward-logs-shared.js:27
[   77083ms] [WARNING] ./components/stats/StatsClient.tsx
Module not found: Can't resolve 'html-to-image' in '/Users/saladin/Developments/interestory/components/stats'

Import trace for requested module:
./components/stats/StatsClient.tsx @ webpack-internal:///(app-pages-browser)/./node_modules/next/dist/next-devtools/shared/forward-logs-shared.js:27
[   77084ms] [LOG] [Fast Refresh] rebuilding @ webpack-internal:///(app-pages-browser)/./node_modules/next/dist/next-devtools/shared/forward-logs-shared.js:27
[   77090ms] [LOG] [Fast Refresh] done in 6ms @ webpack-internal:///(app-pages-browser)/./node_modules/next/dist/next-devtools/shared/forward-logs-shared.js:27
[   77163ms] [WARNING] ./app/page.tsx
Module not found: Can't resolve 'html-to-image' in '/Users/saladin/Developments/interestory/app'

Import trace for requested module:
./app/page.tsx @ webpack-internal:///(app-pages-browser)/./node_modules/next/dist/next-devtools/shared/forward-logs-shared.js:27
[   77164ms] [WARNING] ./components/stats/StatsClient.tsx
Module not found: Can't resolve 'html-to-image' in '/Users/saladin/Developments/interestory/components/stats'

Import trace for requested module:
./components/stats/StatsClient.tsx @ webpack-internal:///(app-pages-browser)/./node_modules/next/dist/next-devtools/shared/forward-logs-shared.js:27
[   77165ms] [LOG] [Fast Refresh] rebuilding @ webpack-internal:///(app-pages-browser)/./node_modules/next/dist/next-devtools/shared/forward-logs-shared.js:27
[   77169ms] [LOG] [Fast Refresh] done in 5ms @ webpack-internal:///(app-pages-browser)/./node_modules/next/dist/next-devtools/shared/forward-logs-shared.js:27
[   77257ms] [WARNING] ./app/page.tsx
Module not found: Can't resolve 'html-to-image' in '/Users/saladin/Developments/interestory/app'

Import trace for requested module:
./app/page.tsx @ webpack-internal:///(app-pages-browser)/./node_modules/next/dist/next-devtools/shared/forward-logs-shared.js:27
[   77258ms] [WARNING] ./components/stats/StatsClient.tsx
Module not found: Can't resolve 'html-to-image' in '/Users/saladin/Developments/interestory/components/stats'

Import trace for requested module:
./components/stats/StatsClient.tsx @ webpack-internal:///(app-pages-browser)/./node_modules/next/dist/next-devtools/shared/forward-logs-shared.js:27
[   77259ms] [LOG] [Fast Refresh] rebuilding @ webpack-internal:///(app-pages-browser)/./node_modules/next/dist/next-devtools/shared/forward-logs-shared.js:27
[   77262ms] [LOG] [Fast Refresh] done in 3ms @ webpack-internal:///(app-pages-browser)/./node_modules/next/dist/next-devtools/shared/forward-logs-shared.js:27
[   77335ms] [WARNING] ./app/page.tsx
Module not found: Can't resolve 'html-to-image' in '/Users/saladin/Developments/interestory/app'

Import trace for requested module:
./app/page.tsx @ webpack-internal:///(app-pages-browser)/./node_modules/next/dist/next-devtools/shared/forward-logs-shared.js:27
[   77335ms] [WARNING] ./components/stats/StatsClient.tsx
Module not found: Can't resolve 'html-to-image' in '/Users/saladin/Developments/interestory/components/stats'

Import trace for requested module:
./components/stats/StatsClient.tsx @ webpack-internal:///(app-pages-browser)/./node_modules/next/dist/next-devtools/shared/forward-logs-shared.js:27
[   77336ms] [LOG] [Fast Refresh] rebuilding @ webpack-internal:///(app-pages-browser)/./node_modules/next/dist/next-devtools/shared/forward-logs-shared.js:27
[   77429ms] [WARNING] ./app/page.tsx
Module not found: Can't resolve 'html-to-image' in '/Users/saladin/Developments/interestory/app'

Import trace for requested module:
./app/page.tsx @ webpack-internal:///(app-pages-browser)/./node_modules/next/dist/next-devtools/shared/forward-logs-shared.js:27
[   77429ms] [WARNING] ./components/stats/StatsClient.tsx
Module not found: Can't resolve 'html-to-image' in '/Users/saladin/Developments/interestory/components/stats'

Import trace for requested module:
./components/stats/StatsClient.tsx @ webpack-internal:///(app-pages-browser)/./node_modules/next/dist/next-devtools/shared/forward-logs-shared.js:27
[   77429ms] [LOG] [Fast Refresh] done in 92ms @ webpack-internal:///(app-pages-browser)/./node_modules/next/dist/next-devtools/shared/forward-logs-shared.js:27
[   77430ms] [LOG] [Fast Refresh] rebuilding @ webpack-internal:///(app-pages-browser)/./node_modules/next/dist/next-devtools/shared/forward-logs-shared.js:27
[   77500ms] [WARNING] ./app/page.tsx
Module not found: Can't resolve 'html-to-image' in '/Users/saladin/Developments/interestory/app'

Import trace for requested module:
./app/page.tsx @ webpack-internal:///(app-pages-browser)/./node_modules/next/dist/next-devtools/shared/forward-logs-shared.js:27
[   77501ms] [WARNING] ./components/stats/StatsClient.tsx
Module not found: Can't resolve 'html-to-image' in '/Users/saladin/Developments/interestory/components/stats'

Import trace for requested module:
./components/stats/StatsClient.tsx @ webpack-internal:///(app-pages-browser)/./node_modules/next/dist/next-devtools/shared/forward-logs-shared.js:27
[   77501ms] [LOG] [Fast Refresh] done in 71ms @ webpack-internal:///(app-pages-browser)/./node_modules/next/dist/next-devtools/shared/forward-logs-shared.js:27
[   77501ms] [LOG] [Fast Refresh] rebuilding @ webpack-internal:///(app-pages-browser)/./node_modules/next/dist/next-devtools/shared/forward-logs-shared.js:27
[   77588ms] [WARNING] ./app/page.tsx
Module not found: Can't resolve 'html-to-image' in '/Users/saladin/Developments/interestory/app'

Import trace for requested module:
./app/page.tsx @ webpack-internal:///(app-pages-browser)/./node_modules/next/dist/next-devtools/shared/forward-logs-shared.js:27
[   77588ms] [WARNING] ./components/stats/StatsClient.tsx
Module not found: Can't resolve 'html-to-image' in '/Users/saladin/Developments/interestory/components/stats'

Import trace for requested module:
./components/stats/StatsClient.tsx @ webpack-internal:///(app-pages-browser)/./node_modules/next/dist/next-devtools/shared/forward-logs-shared.js:27
[   77588ms] [LOG] [Fast Refresh] done in 86ms @ webpack-internal:///(app-pages-browser)/./node_modules/next/dist/next-devtools/shared/forward-logs-shared.js:27
[   77589ms] [LOG] [Fast Refresh] rebuilding @ webpack-internal:///(app-pages-browser)/./node_modules/next/dist/next-devtools/shared/forward-logs-shared.js:27
[   77659ms] [WARNING] ./app/page.tsx
Module not found: Can't resolve 'html-to-image' in '/Users/saladin/Developments/interestory/app'

Import trace for requested module:
./app/page.tsx @ webpack-internal:///(app-pages-browser)/./node_modules/next/dist/next-devtools/shared/forward-logs-shared.js:27
[   77659ms] [WARNING] ./components/stats/StatsClient.tsx
Module not found: Can't resolve 'html-to-image' in '/Users/saladin/Developments/interestory/components/stats'

Import trace for requested module:
./components/stats/StatsClient.tsx @ webpack-internal:///(app-pages-browser)/./node_modules/next/dist/next-devtools/shared/forward-logs-shared.js:27
[   77659ms] [LOG] [Fast Refresh] done in 71ms @ webpack-internal:///(app-pages-browser)/./node_modules/next/dist/next-devtools/shared/forward-logs-shared.js:27
[   77660ms] [LOG] [Fast Refresh] rebuilding @ webpack-internal:///(app-pages-browser)/./node_modules/next/dist/next-devtools/shared/forward-logs-shared.js:27
[   77747ms] [WARNING] ./app/page.tsx
Module not found: Can't resolve 'html-to-image' in '/Users/saladin/Developments/interestory/app'

Import trace for requested module:
./app/page.tsx @ webpack-internal:///(app-pages-browser)/./node_modules/next/dist/next-devtools/shared/forward-logs-shared.js:27
[   77747ms] [WARNING] ./components/stats/StatsClient.tsx
Module not found: Can't resolve 'html-to-image' in '/Users/saladin/Developments/interestory/components/stats'

Import trace for requested module:
./components/stats/StatsClient.tsx @ webpack-internal:///(app-pages-browser)/./node_modules/next/dist/next-devtools/shared/forward-logs-shared.js:27
[   77747ms] [LOG] [Fast Refresh] done in 86ms @ webpack-internal:///(app-pages-browser)/./node_modules/next/dist/next-devtools/shared/forward-logs-shared.js:27
[   77748ms] [LOG] [Fast Refresh] rebuilding @ webpack-internal:///(app-pages-browser)/./node_modules/next/dist/next-devtools/shared/forward-logs-shared.js:27
[   77817ms] [WARNING] ./app/page.tsx
Module not found: Can't resolve 'html-to-image' in '/Users/saladin/Developments/interestory/app'

Import trace for requested module:
./app/page.tsx @ webpack-internal:///(app-pages-browser)/./node_modules/next/dist/next-devtools/shared/forward-logs-shared.js:27
[   77817ms] [WARNING] ./components/stats/StatsClient.tsx
Module not found: Can't resolve 'html-to-image' in '/Users/saladin/Developments/interestory/components/stats'

Import trace for requested module:
./components/stats/StatsClient.tsx @ webpack-internal:///(app-pages-browser)/./node_modules/next/dist/next-devtools/shared/forward-logs-shared.js:27
[   77817ms] [LOG] [Fast Refresh] done in 70ms @ webpack-internal:///(app-pages-browser)/./node_modules/next/dist/next-devtools/shared/forward-logs-shared.js:27
[   77818ms] [LOG] [Fast Refresh] rebuilding @ webpack-internal:///(app-pages-browser)/./node_modules/next/dist/next-devtools/shared/forward-logs-shared.js:27
[   77900ms] [WARNING] ./app/page.tsx
Module not found: Can't resolve 'html-to-image' in '/Users/saladin/Developments/interestory/app'

Import trace for requested module:
./app/page.tsx @ webpack-internal:///(app-pages-browser)/./node_modules/next/dist/next-devtools/shared/forward-logs-shared.js:27
[   77901ms] [WARNING] ./components/stats/StatsClient.tsx
Module not found: Can't resolve 'html-to-image' in '/Users/saladin/Developments/interestory/components/stats'

Import trace for requested module:
./components/stats/StatsClient.tsx @ webpack-internal:///(app-pages-browser)/./node_modules/next/dist/next-devtools/shared/forward-logs-shared.js:27
[   77901ms] [LOG] [Fast Refresh] done in 82ms @ webpack-internal:///(app-pages-browser)/./node_modules/next/dist/next-devtools/shared/forward-logs-shared.js:27
[   77901ms] [LOG] [Fast Refresh] rebuilding @ webpack-internal:///(app-pages-browser)/./node_modules/next/dist/next-devtools/shared/forward-logs-shared.js:27
[   78040ms] [LOG] [Fast Refresh] rebuilding @ webpack-internal:///(app-pages-browser)/./node_modules/next/dist/next-devtools/shared/forward-logs-shared.js:27
[   78040ms] [WARNING] ./app/page.tsx
Module not found: Can't resolve 'html-to-image' in '/Users/saladin/Developments/interestory/app'

Import trace for requested module:
./app/page.tsx @ webpack-internal:///(app-pages-browser)/./node_modules/next/dist/next-devtools/shared/forward-logs-shared.js:27
[   78040ms] [WARNING] ./components/stats/StatsClient.tsx
Module not found: Can't resolve 'html-to-image' in '/Users/saladin/Developments/interestory/components/stats'

Import trace for requested module:
./components/stats/StatsClient.tsx @ webpack-internal:///(app-pages-browser)/./node_modules/next/dist/next-devtools/shared/forward-logs-shared.js:27
[   78040ms] [LOG] [Fast Refresh] done in 1ms @ webpack-internal:///(app-pages-browser)/./node_modules/next/dist/next-devtools/shared/forward-logs-shared.js:27
[   78050ms] [LOG] [Fast Refresh] rebuilding @ webpack-internal:///(app-pages-browser)/./node_modules/next/dist/next-devtools/shared/forward-logs-shared.js:27
[   78070ms] [WARNING] ./app/page.tsx
Module not found: Can't resolve 'html-to-image' in '/Users/saladin/Developments/interestory/app'

Import trace for requested module:
./app/page.tsx @ webpack-internal:///(app-pages-browser)/./node_modules/next/dist/next-devtools/shared/forward-logs-shared.js:27
[   78070ms] [WARNING] ./components/stats/StatsClient.tsx
Module not found: Can't resolve 'html-to-image' in '/Users/saladin/Developments/interestory/components/stats'

Import trace for requested module:
./components/stats/StatsClient.tsx @ webpack-internal:///(app-pages-browser)/./node_modules/next/dist/next-devtools/shared/forward-logs-shared.js:27
[   78070ms] [LOG] [Fast Refresh] done in 21ms @ webpack-internal:///(app-pages-browser)/./node_modules/next/dist/next-devtools/shared/forward-logs-shared.js:27
[   78083ms] [ERROR] Failed to load resource: the server responded with a status of 500 (Internal Server Error) @ http://localhost:3000/?_rsc=wnywt:0
[   78100ms] [LOG] [Fast Refresh] rebuilding @ webpack-internal:///(app-pages-browser)/./node_modules/next/dist/next-devtools/shared/forward-logs-shared.js:27
[   78156ms] [WARNING] ./app/page.tsx
Module not found: Can't resolve 'html-to-image' in '/Users/saladin/Developments/interestory/app'

Import trace for requested module:
./app/page.tsx @ webpack-internal:///(app-pages-browser)/./node_modules/next/dist/next-devtools/shared/forward-logs-shared.js:27
[   78156ms] [WARNING] ./components/stats/StatsClient.tsx
Module not found: Can't resolve 'html-to-image' in '/Users/saladin/Developments/interestory/components/stats'

Import trace for requested module:
./components/stats/StatsClient.tsx @ webpack-internal:///(app-pages-browser)/./node_modules/next/dist/next-devtools/shared/forward-logs-shared.js:27
[   78156ms] [LOG] [Fast Refresh] done in 57ms @ webpack-internal:///(app-pages-browser)/./node_modules/next/dist/next-devtools/shared/forward-logs-shared.js:27
[   78203ms] [LOG] [Fast Refresh] rebuilding @ webpack-internal:///(app-pages-browser)/./node_modules/next/dist/next-devtools/shared/forward-logs-shared.js:27
[   78264ms] [WARNING] ./app/page.tsx
Module not found: Can't resolve 'html-to-image' in '/Users/saladin/Developments/interestory/app'

Import trace for requested module:
./app/page.tsx @ webpack-internal:///(app-pages-browser)/./node_modules/next/dist/next-devtools/shared/forward-logs-shared.js:27
[   78264ms] [WARNING] ./components/stats/StatsClient.tsx
Module not found: Can't resolve 'html-to-image' in '/Users/saladin/Developments/interestory/components/stats'

Import trace for requested module:
./components/stats/StatsClient.tsx @ webpack-internal:///(app-pages-browser)/./node_modules/next/dist/next-devtools/shared/forward-logs-shared.js:27
[   78264ms] [LOG] [Fast Refresh] done in 62ms @ webpack-internal:///(app-pages-browser)/./node_modules/next/dist/next-devtools/shared/forward-logs-shared.js:27
[   78332ms] [LOG] [Fast Refresh] rebuilding @ webpack-internal:///(app-pages-browser)/./node_modules/next/dist/next-devtools/shared/forward-logs-shared.js:27
[   78822ms] [INFO] %cDownload the React DevTools for a better development experience: https://react.dev/link/react-devtools font-weight:bold @ webpack-internal:///(app-pages-browser)/./node_modules/next/dist/next-devtools/shared/forward-logs-shared.js:27
[   78832ms] [LOG] [HMR] connected @ webpack-internal:///(app-pages-browser)/./node_modules/next/dist/next-devtools/shared/forward-logs-shared.js:27
[   78833ms] [WARNING] ./app/page.tsx
Module not found: Can't resolve 'html-to-image' in '/Users/saladin/Developments/interestory/app' @ webpack-internal:///(app-pages-browser)/./node_modules/next/dist/next-devtools/shared/forward-logs-shared.js:27
[   78833ms] [WARNING] ./components/stats/StatsClient.tsx
Module not found: Can't resolve 'html-to-image' in '/Users/saladin/Developments/interestory/components/stats' @ webpack-internal:///(app-pages-browser)/./node_modules/next/dist/next-devtools/shared/forward-logs-shared.js:27
[   78885ms] [LOG] [Fast Refresh] rebuilding @ webpack-internal:///(app-pages-browser)/./node_modules/next/dist/next-devtools/shared/forward-logs-shared.js:27
[   78886ms] [WARNING] Image with src "/momo.png" has either width or height modified, but not the other. If you use CSS to change the size of your image, also include the styles 'width: "auto"' or 'height: "auto"' to maintain the aspect ratio. @ webpack-internal:///(app-pages-browser)/./node_modules/next/dist/next-devtools/shared/forward-logs-shared.js:27
[   78934ms] [WARNING] ./app/page.tsx
Module not found: Can't resolve 'html-to-image' in '/Users/saladin/Developments/interestory/app'

Import trace for requested module:
./app/page.tsx @ webpack-internal:///(app-pages-browser)/./node_modules/next/dist/next-devtools/shared/forward-logs-shared.js:27
[   78934ms] [WARNING] ./components/stats/StatsClient.tsx
Module not found: Can't resolve 'html-to-image' in '/Users/saladin/Developments/interestory/components/stats'

Import trace for requested module:
./components/stats/StatsClient.tsx @ webpack-internal:///(app-pages-browser)/./node_modules/next/dist/next-devtools/shared/forward-logs-shared.js:27
[   78934ms] [LOG] [Fast Refresh] rebuilding @ webpack-internal:///(app-pages-browser)/./node_modules/next/dist/next-devtools/shared/forward-logs-shared.js:27
[   79009ms] [LOG] [Fast Refresh] done in 75ms @ webpack-internal:///(app-pages-browser)/./node_modules/next/dist/next-devtools/shared/forward-logs-shared.js:27
[   79012ms] [WARNING] ./app/page.tsx
Module not found: Can't resolve 'html-to-image' in '/Users/saladin/Developments/interestory/app'

Import trace for requested module:
./app/page.tsx @ webpack-internal:///(app-pages-browser)/./node_modules/next/dist/next-devtools/shared/forward-logs-shared.js:27
[   79012ms] [WARNING] ./components/stats/StatsClient.tsx
Module not found: Can't resolve 'html-to-image' in '/Users/saladin/Developments/interestory/components/stats'

Import trace for requested module:
./components/stats/StatsClient.tsx @ webpack-internal:///(app-pages-browser)/./node_modules/next/dist/next-devtools/shared/forward-logs-shared.js:27
[   79013ms] [LOG] [Fast Refresh] rebuilding @ webpack-internal:///(app-pages-browser)/./node_modules/next/dist/next-devtools/shared/forward-logs-shared.js:27
[   79016ms] [LOG] [Fast Refresh] done in 4ms @ webpack-internal:///(app-pages-browser)/./node_modules/next/dist/next-devtools/shared/forward-logs-shared.js:27
[   79120ms] [WARNING] ./app/page.tsx
Module not found: Can't resolve 'html-to-image' in '/Users/saladin/Developments/interestory/app'

Import trace for requested module:
./app/page.tsx @ webpack-internal:///(app-pages-browser)/./node_modules/next/dist/next-devtools/shared/forward-logs-shared.js:27
[   79120ms] [WARNING] ./components/stats/StatsClient.tsx
Module not found: Can't resolve 'html-to-image' in '/Users/saladin/Developments/interestory/components/stats'

Import trace for requested module:
./components/stats/StatsClient.tsx @ webpack-internal:///(app-pages-browser)/./node_modules/next/dist/next-devtools/shared/forward-logs-shared.js:27
[   79121ms] [LOG] [Fast Refresh] rebuilding @ webpack-internal:///(app-pages-browser)/./node_modules/next/dist/next-devtools/shared/forward-logs-shared.js:27
[   79124ms] [LOG] [Fast Refresh] done in 4ms @ webpack-internal:///(app-pages-browser)/./node_modules/next/dist/next-devtools/shared/forward-logs-shared.js:27
[   79193ms] [WARNING] ./app/page.tsx
Module not found: Can't resolve 'html-to-image' in '/Users/saladin/Developments/interestory/app'

Import trace for requested module:
./app/page.tsx @ webpack-internal:///(app-pages-browser)/./node_modules/next/dist/next-devtools/shared/forward-logs-shared.js:27
[   79193ms] [WARNING] ./components/stats/StatsClient.tsx
Module not found: Can't resolve 'html-to-image' in '/Users/saladin/Developments/interestory/components/stats'

Import trace for requested module:
./components/stats/StatsClient.tsx @ webpack-internal:///(app-pages-browser)/./node_modules/next/dist/next-devtools/shared/forward-logs-shared.js:27
[   79194ms] [LOG] [Fast Refresh] rebuilding @ webpack-internal:///(app-pages-browser)/./node_modules/next/dist/next-devtools/shared/forward-logs-shared.js:27
[   79197ms] [LOG] [Fast Refresh] done in 3ms @ webpack-internal:///(app-pages-browser)/./node_modules/next/dist/next-devtools/shared/forward-logs-shared.js:27
[   79298ms] [WARNING] ./app/page.tsx
Module not found: Can't resolve 'html-to-image' in '/Users/saladin/Developments/interestory/app'

Import trace for requested module:
./app/page.tsx @ webpack-internal:///(app-pages-browser)/./node_modules/next/dist/next-devtools/shared/forward-logs-shared.js:27
[   79298ms] [WARNING] ./components/stats/StatsClient.tsx
Module not found: Can't resolve 'html-to-image' in '/Users/saladin/Developments/interestory/components/stats'

Import trace for requested module:
./components/stats/StatsClient.tsx @ webpack-internal:///(app-pages-browser)/./node_modules/next/dist/next-devtools/shared/forward-logs-shared.js:27
[   79300ms] [LOG] [Fast Refresh] rebuilding @ webpack-internal:///(app-pages-browser)/./node_modules/next/dist/next-devtools/shared/forward-logs-shared.js:27
[   79303ms] [LOG] [Fast Refresh] done in 4ms @ webpack-internal:///(app-pages-browser)/./node_modules/next/dist/next-devtools/shared/forward-logs-shared.js:27
[   79377ms] [WARNING] ./app/page.tsx
Module not found: Can't resolve 'html-to-image' in '/Users/saladin/Developments/interestory/app'

Import trace for requested module:
./app/page.tsx @ webpack-internal:///(app-pages-browser)/./node_modules/next/dist/next-devtools/shared/forward-logs-shared.js:27
[   79377ms] [WARNING] ./components/stats/StatsClient.tsx
Module not found: Can't resolve 'html-to-image' in '/Users/saladin/Developments/interestory/components/stats'

Import trace for requested module:
./components/stats/StatsClient.tsx @ webpack-internal:///(app-pages-browser)/./node_modules/next/dist/next-devtools/shared/forward-logs-shared.js:27
[   79378ms] [LOG] [Fast Refresh] rebuilding @ webpack-internal:///(app-pages-browser)/./node_modules/next/dist/next-devtools/shared/forward-logs-shared.js:27
[   79381ms] [LOG] [Fast Refresh] done in 4ms @ webpack-internal:///(app-pages-browser)/./node_modules/next/dist/next-devtools/shared/forward-logs-shared.js:27
[   79475ms] [WARNING] ./app/page.tsx
Module not found: Can't resolve 'html-to-image' in '/Users/saladin/Developments/interestory/app'

Import trace for requested module:
./app/page.tsx @ webpack-internal:///(app-pages-browser)/./node_modules/next/dist/next-devtools/shared/forward-logs-shared.js:27
[   79475ms] [WARNING] ./components/stats/StatsClient.tsx
Module not found: Can't resolve 'html-to-image' in '/Users/saladin/Developments/interestory/components/stats'

Import trace for requested module:
./components/stats/StatsClient.tsx @ webpack-internal:///(app-pages-browser)/./node_modules/next/dist/next-devtools/shared/forward-logs-shared.js:27
[   79476ms] [LOG] [Fast Refresh] rebuilding @ webpack-internal:///(app-pages-browser)/./node_modules/next/dist/next-devtools/shared/forward-logs-shared.js:27
[   79479ms] [LOG] [Fast Refresh] done in 4ms @ webpack-internal:///(app-pages-browser)/./node_modules/next/dist/next-devtools/shared/forward-logs-shared.js:27
[   79547ms] [WARNING] ./app/page.tsx
Module not found: Can't resolve 'html-to-image' in '/Users/saladin/Developments/interestory/app'

Import trace for requested module:
./app/page.tsx @ webpack-internal:///(app-pages-browser)/./node_modules/next/dist/next-devtools/shared/forward-logs-shared.js:27
[   79547ms] [WARNING] ./components/stats/StatsClient.tsx
Module not found: Can't resolve 'html-to-image' in '/Users/saladin/Developments/interestory/components/stats'

Import trace for requested module:
./components/stats/StatsClient.tsx @ webpack-internal:///(app-pages-browser)/./node_modules/next/dist/next-devtools/shared/forward-logs-shared.js:27
[   79548ms] [LOG] [Fast Refresh] rebuilding @ webpack-internal:///(app-pages-browser)/./node_modules/next/dist/next-devtools/shared/forward-logs-shared.js:27
[   79560ms] [LOG] [Fast Refresh] done in 12ms @ webpack-internal:///(app-pages-browser)/./node_modules/next/dist/next-devtools/shared/forward-logs-shared.js:27
[   79621ms] [WARNING] ./app/page.tsx
Module not found: Can't resolve 'html-to-image' in '/Users/saladin/Developments/interestory/app'

Import trace for requested module:
./app/page.tsx @ webpack-internal:///(app-pages-browser)/./node_modules/next/dist/next-devtools/shared/forward-logs-shared.js:27
[   79621ms] [WARNING] ./components/stats/StatsClient.tsx
Module not found: Can't resolve 'html-to-image' in '/Users/saladin/Developments/interestory/components/stats'

Import trace for requested module:
./components/stats/StatsClient.tsx @ webpack-internal:///(app-pages-browser)/./node_modules/next/dist/next-devtools/shared/forward-logs-shared.js:27
[   79622ms] [LOG] [Fast Refresh] rebuilding @ webpack-internal:///(app-pages-browser)/./node_modules/next/dist/next-devtools/shared/forward-logs-shared.js:27
[   79697ms] [WARNING] ./app/page.tsx
Module not found: Can't resolve 'html-to-image' in '/Users/saladin/Developments/interestory/app'

Import trace for requested module:
./app/page.tsx @ webpack-internal:///(app-pages-browser)/./node_modules/next/dist/next-devtools/shared/forward-logs-shared.js:27
[   79697ms] [WARNING] ./components/stats/StatsClient.tsx
Module not found: Can't resolve 'html-to-image' in '/Users/saladin/Developments/interestory/components/stats'

Import trace for requested module:
./components/stats/StatsClient.tsx @ webpack-internal:///(app-pages-browser)/./node_modules/next/dist/next-devtools/shared/forward-logs-shared.js:27
[   79697ms] [LOG] [Fast Refresh] done in 74ms @ webpack-internal:///(app-pages-browser)/./node_modules/next/dist/next-devtools/shared/forward-logs-shared.js:27
[   79698ms] [LOG] [Fast Refresh] rebuilding @ webpack-internal:///(app-pages-browser)/./node_modules/next/dist/next-devtools/shared/forward-logs-shared.js:27
[   79774ms] [WARNING] ./app/page.tsx
Module not found: Can't resolve 'html-to-image' in '/Users/saladin/Developments/interestory/app'

Import trace for requested module:
./app/page.tsx @ webpack-internal:///(app-pages-browser)/./node_modules/next/dist/next-devtools/shared/forward-logs-shared.js:27
[   79774ms] [WARNING] ./components/stats/StatsClient.tsx
Module not found: Can't resolve 'html-to-image' in '/Users/saladin/Developments/interestory/components/stats'

Import trace for requested module:
./components/stats/StatsClient.tsx @ webpack-internal:///(app-pages-browser)/./node_modules/next/dist/next-devtools/shared/forward-logs-shared.js:27
[   79774ms] [LOG] [Fast Refresh] done in 76ms @ webpack-internal:///(app-pages-browser)/./node_modules/next/dist/next-devtools/shared/forward-logs-shared.js:27
[   79775ms] [LOG] [Fast Refresh] rebuilding @ webpack-internal:///(app-pages-browser)/./node_modules/next/dist/next-devtools/shared/forward-logs-shared.js:27
[   79872ms] [WARNING] ./app/page.tsx
Module not found: Can't resolve 'html-to-image' in '/Users/saladin/Developments/interestory/app'

Import trace for requested module:
./app/page.tsx @ webpack-internal:///(app-pages-browser)/./node_modules/next/dist/next-devtools/shared/forward-logs-shared.js:27
[   79872ms] [WARNING] ./components/stats/StatsClient.tsx
Module not found: Can't resolve 'html-to-image' in '/Users/saladin/Developments/interestory/components/stats'

Import trace for requested module:
./components/stats/StatsClient.tsx @ webpack-internal:///(app-pages-browser)/./node_modules/next/dist/next-devtools/shared/forward-logs-shared.js:27
[   79872ms] [LOG] [Fast Refresh] done in 98ms @ webpack-internal:///(app-pages-browser)/./node_modules/next/dist/next-devtools/shared/forward-logs-shared.js:27
[   79873ms] [LOG] [Fast Refresh] rebuilding @ webpack-internal:///(app-pages-browser)/./node_modules/next/dist/next-devtools/shared/forward-logs-shared.js:27
[   79949ms] [WARNING] ./app/page.tsx
Module not found: Can't resolve 'html-to-image' in '/Users/saladin/Developments/interestory/app'

Import trace for requested module:
./app/page.tsx @ webpack-internal:///(app-pages-browser)/./node_modules/next/dist/next-devtools/shared/forward-logs-shared.js:27
[   79949ms] [WARNING] ./components/stats/StatsClient.tsx
Module not found: Can't resolve 'html-to-image' in '/Users/saladin/Developments/interestory/components/stats'

Import trace for requested module:
./components/stats/StatsClient.tsx @ webpack-internal:///(app-pages-browser)/./node_modules/next/dist/next-devtools/shared/forward-logs-shared.js:27
[   79949ms] [LOG] [Fast Refresh] done in 75ms @ webpack-internal:///(app-pages-browser)/./node_modules/next/dist/next-devtools/shared/forward-logs-shared.js:27
[   79950ms] [LOG] [Fast Refresh] rebuilding @ webpack-internal:///(app-pages-browser)/./node_modules/next/dist/next-devtools/shared/forward-logs-shared.js:27
[   80043ms] [WARNING] ./app/page.tsx
Module not found: Can't resolve 'html-to-image' in '/Users/saladin/Developments/interestory/app'

Import trace for requested module:
./app/page.tsx @ webpack-internal:///(app-pages-browser)/./node_modules/next/dist/next-devtools/shared/forward-logs-shared.js:27
[   80043ms] [WARNING] ./components/stats/StatsClient.tsx
Module not found: Can't resolve 'html-to-image' in '/Users/saladin/Developments/interestory/components/stats'

Import trace for requested module:
./components/stats/StatsClient.tsx @ webpack-internal:///(app-pages-browser)/./node_modules/next/dist/next-devtools/shared/forward-logs-shared.js:27
[   80043ms] [LOG] [Fast Refresh] done in 93ms @ webpack-internal:///(app-pages-browser)/./node_modules/next/dist/next-devtools/shared/forward-logs-shared.js:27
[   80044ms] [LOG] [Fast Refresh] rebuilding @ webpack-internal:///(app-pages-browser)/./node_modules/next/dist/next-devtools/shared/forward-logs-shared.js:27
[   80119ms] [WARNING] ./app/page.tsx
Module not found: Can't resolve 'html-to-image' in '/Users/saladin/Developments/interestory/app'

Import trace for requested module:
./app/page.tsx @ webpack-internal:///(app-pages-browser)/./node_modules/next/dist/next-devtools/shared/forward-logs-shared.js:27
[   80119ms] [WARNING] ./components/stats/StatsClient.tsx
Module not found: Can't resolve 'html-to-image' in '/Users/saladin/Developments/interestory/components/stats'

Import trace for requested module:
./components/stats/StatsClient.tsx @ webpack-internal:///(app-pages-browser)/./node_modules/next/dist/next-devtools/shared/forward-logs-shared.js:27
[   80119ms] [LOG] [Fast Refresh] done in 76ms @ webpack-internal:///(app-pages-browser)/./node_modules/next/dist/next-devtools/shared/forward-logs-shared.js:27
[   80121ms] [LOG] [Fast Refresh] rebuilding @ webpack-internal:///(app-pages-browser)/./node_modules/next/dist/next-devtools/shared/forward-logs-shared.js:27
[   80212ms] [WARNING] ./app/page.tsx
Module not found: Can't resolve 'html-to-image' in '/Users/saladin/Developments/interestory/app'

Import trace for requested module:
./app/page.tsx @ webpack-internal:///(app-pages-browser)/./node_modules/next/dist/next-devtools/shared/forward-logs-shared.js:27
[   80212ms] [WARNING] ./components/stats/StatsClient.tsx
Module not found: Can't resolve 'html-to-image' in '/Users/saladin/Developments/interestory/components/stats'

Import trace for requested module:
./components/stats/StatsClient.tsx @ webpack-internal:///(app-pages-browser)/./node_modules/next/dist/next-devtools/shared/forward-logs-shared.js:27
[   80212ms] [LOG] [Fast Refresh] done in 91ms @ webpack-internal:///(app-pages-browser)/./node_modules/next/dist/next-devtools/shared/forward-logs-shared.js:27
[   80213ms] [LOG] [Fast Refresh] rebuilding @ webpack-internal:///(app-pages-browser)/./node_modules/next/dist/next-devtools/shared/forward-logs-shared.js:27
[   80286ms] [WARNING] ./app/page.tsx
Module not found: Can't resolve 'html-to-image' in '/Users/saladin/Developments/interestory/app'

Import trace for requested module:
./app/page.tsx @ webpack-internal:///(app-pages-browser)/./node_modules/next/dist/next-devtools/shared/forward-logs-shared.js:27
[   80286ms] [WARNING] ./components/stats/StatsClient.tsx
Module not found: Can't resolve 'html-to-image' in '/Users/saladin/Developments/interestory/components/stats'

Import trace for requested module:
./components/stats/StatsClient.tsx @ webpack-internal:///(app-pages-browser)/./node_modules/next/dist/next-devtools/shared/forward-logs-shared.js:27
[   80286ms] [LOG] [Fast Refresh] done in 73ms @ webpack-internal:///(app-pages-browser)/./node_modules/next/dist/next-devtools/shared/forward-logs-shared.js:27
[   80287ms] [LOG] [Fast Refresh] rebuilding @ webpack-internal:///(app-pages-browser)/./node_modules/next/dist/next-devtools/shared/forward-logs-shared.js:27
[   80380ms] [WARNING] ./app/page.tsx
Module not found: Can't resolve 'html-to-image' in '/Users/saladin/Developments/interestory/app'

Import trace for requested module:
./app/page.tsx @ webpack-internal:///(app-pages-browser)/./node_modules/next/dist/next-devtools/shared/forward-logs-shared.js:27
[   80380ms] [WARNING] ./components/stats/StatsClient.tsx
Module not found: Can't resolve 'html-to-image' in '/Users/saladin/Developments/interestory/components/stats'

Import trace for requested module:
./components/stats/StatsClient.tsx @ webpack-internal:///(app-pages-browser)/./node_modules/next/dist/next-devtools/shared/forward-logs-shared.js:27
[   80380ms] [LOG] [Fast Refresh] done in 93ms @ webpack-internal:///(app-pages-browser)/./node_modules/next/dist/next-devtools/shared/forward-logs-shared.js:27
[   80381ms] [LOG] [Fast Refresh] rebuilding @ webpack-internal:///(app-pages-browser)/./node_modules/next/dist/next-devtools/shared/forward-logs-shared.js:27
[   80456ms] [WARNING] ./app/page.tsx
Module not found: Can't resolve 'html-to-image' in '/Users/saladin/Developments/interestory/app'

Import trace for requested module:
./app/page.tsx @ webpack-internal:///(app-pages-browser)/./node_modules/next/dist/next-devtools/shared/forward-logs-shared.js:27
[   80456ms] [WARNING] ./components/stats/StatsClient.tsx
Module not found: Can't resolve 'html-to-image' in '/Users/saladin/Developments/interestory/components/stats'

Import trace for requested module:
./components/stats/StatsClient.tsx @ webpack-internal:///(app-pages-browser)/./node_modules/next/dist/next-devtools/shared/forward-logs-shared.js:27
[   80456ms] [LOG] [Fast Refresh] done in 74ms @ webpack-internal:///(app-pages-browser)/./node_modules/next/dist/next-devtools/shared/forward-logs-shared.js:27
[   80457ms] [LOG] [Fast Refresh] rebuilding @ webpack-internal:///(app-pages-browser)/./node_modules/next/dist/next-devtools/shared/forward-logs-shared.js:27
[   80533ms] [WARNING] ./app/page.tsx
Module not found: Can't resolve 'html-to-image' in '/Users/saladin/Developments/interestory/app'

Import trace for requested module:
./app/page.tsx @ webpack-internal:///(app-pages-browser)/./node_modules/next/dist/next-devtools/shared/forward-logs-shared.js:27
[   80533ms] [WARNING] ./components/stats/StatsClient.tsx
Module not found: Can't resolve 'html-to-image' in '/Users/saladin/Developments/interestory/components/stats'

Import trace for requested module:
./components/stats/StatsClient.tsx @ webpack-internal:///(app-pages-browser)/./node_modules/next/dist/next-devtools/shared/forward-logs-shared.js:27
[   80533ms] [LOG] [Fast Refresh] done in 75ms @ webpack-internal:///(app-pages-browser)/./node_modules/next/dist/next-devtools/shared/forward-logs-shared.js:27
[   80534ms] [LOG] [Fast Refresh] rebuilding @ webpack-internal:///(app-pages-browser)/./node_modules/next/dist/next-devtools/shared/forward-logs-shared.js:27
[   80607ms] [WARNING] ./app/page.tsx
Module not found: Can't resolve 'html-to-image' in '/Users/saladin/Developments/interestory/app'

Import trace for requested module:
./app/page.tsx @ webpack-internal:///(app-pages-browser)/./node_modules/next/dist/next-devtools/shared/forward-logs-shared.js:27
[   80607ms] [WARNING] ./components/stats/StatsClient.tsx
Module not found: Can't resolve 'html-to-image' in '/Users/saladin/Developments/interestory/components/stats'

Import trace for requested module:
./components/stats/StatsClient.tsx @ webpack-internal:///(app-pages-browser)/./node_modules/next/dist/next-devtools/shared/forward-logs-shared.js:27
[   80607ms] [LOG] [Fast Refresh] done in 72ms @ webpack-internal:///(app-pages-browser)/./node_modules/next/dist/next-devtools/shared/forward-logs-shared.js:27
[   80608ms] [LOG] [Fast Refresh] rebuilding @ webpack-internal:///(app-pages-browser)/./node_modules/next/dist/next-devtools/shared/forward-logs-shared.js:27
[   80698ms] [WARNING] ./app/page.tsx
Module not found: Can't resolve 'html-to-image' in '/Users/saladin/Developments/interestory/app'

Import trace for requested module:
./app/page.tsx @ webpack-internal:///(app-pages-browser)/./node_modules/next/dist/next-devtools/shared/forward-logs-shared.js:27
[   80698ms] [WARNING] ./components/stats/StatsClient.tsx
Module not found: Can't resolve 'html-to-image' in '/Users/saladin/Developments/interestory/components/stats'

Import trace for requested module:
./components/stats/StatsClient.tsx @ webpack-internal:///(app-pages-browser)/./node_modules/next/dist/next-devtools/shared/forward-logs-shared.js:27
[   80698ms] [LOG] [Fast Refresh] done in 90ms @ webpack-internal:///(app-pages-browser)/./node_modules/next/dist/next-devtools/shared/forward-logs-shared.js:27
[   80698ms] [LOG] [Fast Refresh] rebuilding @ webpack-internal:///(app-pages-browser)/./node_modules/next/dist/next-devtools/shared/forward-logs-shared.js:27
[   80873ms] [LOG] [Fast Refresh] rebuilding @ webpack-internal:///(app-pages-browser)/./node_modules/next/dist/next-devtools/shared/forward-logs-shared.js:27
[   80874ms] [WARNING] ./app/page.tsx
Module not found: Can't resolve 'html-to-image' in '/Users/saladin/Developments/interestory/app'

Import trace for requested module:
./app/page.tsx @ webpack-internal:///(app-pages-browser)/./node_modules/next/dist/next-devtools/shared/forward-logs-shared.js:27
[   80874ms] [WARNING] ./components/stats/StatsClient.tsx
Module not found: Can't resolve 'html-to-image' in '/Users/saladin/Developments/interestory/components/stats'

Import trace for requested module:
./components/stats/StatsClient.tsx @ webpack-internal:///(app-pages-browser)/./node_modules/next/dist/next-devtools/shared/forward-logs-shared.js:27
[   80874ms] [LOG] [Fast Refresh] done in 0ms @ webpack-internal:///(app-pages-browser)/./node_modules/next/dist/next-devtools/shared/forward-logs-shared.js:27
[   80936ms] [LOG] [Fast Refresh] rebuilding @ webpack-internal:///(app-pages-browser)/./node_modules/next/dist/next-devtools/shared/forward-logs-shared.js:27
[   80938ms] [WARNING] ./app/page.tsx
Module not found: Can't resolve 'html-to-image' in '/Users/saladin/Developments/interestory/app'

Import trace for requested module:
./app/page.tsx @ webpack-internal:///(app-pages-browser)/./node_modules/next/dist/next-devtools/shared/forward-logs-shared.js:27
[   80938ms] [WARNING] ./components/stats/StatsClient.tsx
Module not found: Can't resolve 'html-to-image' in '/Users/saladin/Developments/interestory/components/stats'

Import trace for requested module:
./components/stats/StatsClient.tsx @ webpack-internal:///(app-pages-browser)/./node_modules/next/dist/next-devtools/shared/forward-logs-shared.js:27
[   80939ms] [LOG] [Fast Refresh] done in 2ms @ webpack-internal:///(app-pages-browser)/./node_modules/next/dist/next-devtools/shared/forward-logs-shared.js:27
[   80950ms] [ERROR] Failed to load resource: the server responded with a status of 500 (Internal Server Error) @ http://localhost:3000/?_rsc=wnywt:0
[   81003ms] [LOG] [Fast Refresh] rebuilding @ webpack-internal:///(app-pages-browser)/./node_modules/next/dist/next-devtools/shared/forward-logs-shared.js:27
[   81028ms] [WARNING] ./app/page.tsx
Module not found: Can't resolve 'html-to-image' in '/Users/saladin/Developments/interestory/app'

Import trace for requested module:
./app/page.tsx @ webpack-internal:///(app-pages-browser)/./node_modules/next/dist/next-devtools/shared/forward-logs-shared.js:27
[   81028ms] [WARNING] ./components/stats/StatsClient.tsx
Module not found: Can't resolve 'html-to-image' in '/Users/saladin/Developments/interestory/components/stats'

Import trace for requested module:
./components/stats/StatsClient.tsx @ webpack-internal:///(app-pages-browser)/./node_modules/next/dist/next-devtools/shared/forward-logs-shared.js:27
[   81028ms] [LOG] [Fast Refresh] done in 25ms @ webpack-internal:///(app-pages-browser)/./node_modules/next/dist/next-devtools/shared/forward-logs-shared.js:27
[   81073ms] [LOG] [Fast Refresh] rebuilding @ webpack-internal:///(app-pages-browser)/./node_modules/next/dist/next-devtools/shared/forward-logs-shared.js:27
[   81100ms] [WARNING] ./app/page.tsx
Module not found: Can't resolve 'html-to-image' in '/Users/saladin/Developments/interestory/app'

Import trace for requested module:
./app/page.tsx @ webpack-internal:///(app-pages-browser)/./node_modules/next/dist/next-devtools/shared/forward-logs-shared.js:27
[   81100ms] [WARNING] ./components/stats/StatsClient.tsx
Module not found: Can't resolve 'html-to-image' in '/Users/saladin/Developments/interestory/components/stats'

Import trace for requested module:
./components/stats/StatsClient.tsx @ webpack-internal:///(app-pages-browser)/./node_modules/next/dist/next-devtools/shared/forward-logs-shared.js:27
[   81100ms] [LOG] [Fast Refresh] done in 26ms @ webpack-internal:///(app-pages-browser)/./node_modules/next/dist/next-devtools/shared/forward-logs-shared.js:27
[   81154ms] [LOG] [Fast Refresh] rebuilding @ webpack-internal:///(app-pages-browser)/./node_modules/next/dist/next-devtools/shared/forward-logs-shared.js:27
[   81638ms] [INFO] %cDownload the React DevTools for a better development experience: https://react.dev/link/react-devtools font-weight:bold @ webpack-internal:///(app-pages-browser)/./node_modules/next/dist/next-devtools/shared/forward-logs-shared.js:27
[   81648ms] [LOG] [HMR] connected @ webpack-internal:///(app-pages-browser)/./node_modules/next/dist/next-devtools/shared/forward-logs-shared.js:27
[   81649ms] [WARNING] ./app/page.tsx
Module not found: Can't resolve 'html-to-image' in '/Users/saladin/Developments/interestory/app' @ webpack-internal:///(app-pages-browser)/./node_modules/next/dist/next-devtools/shared/forward-logs-shared.js:27
[   81649ms] [WARNING] ./components/stats/StatsClient.tsx
Module not found: Can't resolve 'html-to-image' in '/Users/saladin/Developments/interestory/components/stats' @ webpack-internal:///(app-pages-browser)/./node_modules/next/dist/next-devtools/shared/forward-logs-shared.js:27
[   81701ms] [LOG] [Fast Refresh] rebuilding @ webpack-internal:///(app-pages-browser)/./node_modules/next/dist/next-devtools/shared/forward-logs-shared.js:27
[   81701ms] [WARNING] Image with src "/momo.png" has either width or height modified, but not the other. If you use CSS to change the size of your image, also include the styles 'width: "auto"' or 'height: "auto"' to maintain the aspect ratio. @ webpack-internal:///(app-pages-browser)/./node_modules/next/dist/next-devtools/shared/forward-logs-shared.js:27
[   81760ms] [WARNING] ./app/page.tsx
Module not found: Can't resolve 'html-to-image' in '/Users/saladin/Developments/interestory/app'

Import trace for requested module:
./app/page.tsx @ webpack-internal:///(app-pages-browser)/./node_modules/next/dist/next-devtools/shared/forward-logs-shared.js:27
[   81760ms] [WARNING] ./components/stats/StatsClient.tsx
Module not found: Can't resolve 'html-to-image' in '/Users/saladin/Developments/interestory/components/stats'

Import trace for requested module:
./components/stats/StatsClient.tsx @ webpack-internal:///(app-pages-browser)/./node_modules/next/dist/next-devtools/shared/forward-logs-shared.js:27
[   81760ms] [LOG] [Fast Refresh] rebuilding @ webpack-internal:///(app-pages-browser)/./node_modules/next/dist/next-devtools/shared/forward-logs-shared.js:27
[   81836ms] [LOG] [Fast Refresh] done in 75ms @ webpack-internal:///(app-pages-browser)/./node_modules/next/dist/next-devtools/shared/forward-logs-shared.js:27
[   81837ms] [WARNING] ./app/page.tsx
Module not found: Can't resolve 'html-to-image' in '/Users/saladin/Developments/interestory/app'

Import trace for requested module:
./app/page.tsx @ webpack-internal:///(app-pages-browser)/./node_modules/next/dist/next-devtools/shared/forward-logs-shared.js:27
[   81837ms] [WARNING] ./components/stats/StatsClient.tsx
Module not found: Can't resolve 'html-to-image' in '/Users/saladin/Developments/interestory/components/stats'

Import trace for requested module:
./components/stats/StatsClient.tsx @ webpack-internal:///(app-pages-browser)/./node_modules/next/dist/next-devtools/shared/forward-logs-shared.js:27
[   81838ms] [LOG] [Fast Refresh] rebuilding @ webpack-internal:///(app-pages-browser)/./node_modules/next/dist/next-devtools/shared/forward-logs-shared.js:27
[   81841ms] [LOG] [Fast Refresh] done in 3ms @ webpack-internal:///(app-pages-browser)/./node_modules/next/dist/next-devtools/shared/forward-logs-shared.js:27
[   81925ms] [WARNING] ./app/page.tsx
Module not found: Can't resolve 'html-to-image' in '/Users/saladin/Developments/interestory/app'

Import trace for requested module:
./app/page.tsx @ webpack-internal:///(app-pages-browser)/./node_modules/next/dist/next-devtools/shared/forward-logs-shared.js:27
[   81925ms] [WARNING] ./components/stats/StatsClient.tsx
Module not found: Can't resolve 'html-to-image' in '/Users/saladin/Developments/interestory/components/stats'

Import trace for requested module:
./components/stats/StatsClient.tsx @ webpack-internal:///(app-pages-browser)/./node_modules/next/dist/next-devtools/shared/forward-logs-shared.js:27
[   81926ms] [LOG] [Fast Refresh] rebuilding @ webpack-internal:///(app-pages-browser)/./node_modules/next/dist/next-devtools/shared/forward-logs-shared.js:27
[   81940ms] [LOG] [Fast Refresh] done in 14ms @ webpack-internal:///(app-pages-browser)/./node_modules/next/dist/next-devtools/shared/forward-logs-shared.js:27
[   82090ms] [LOG] [Fast Refresh] rebuilding @ webpack-internal:///(app-pages-browser)/./node_modules/next/dist/next-devtools/shared/forward-logs-shared.js:27
[   82090ms] [WARNING] ./app/page.tsx
Module not found: Can't resolve 'html-to-image' in '/Users/saladin/Developments/interestory/app'

Import trace for requested module:
./app/page.tsx @ webpack-internal:///(app-pages-browser)/./node_modules/next/dist/next-devtools/shared/forward-logs-shared.js:27
[   82090ms] [WARNING] ./components/stats/StatsClient.tsx
Module not found: Can't resolve 'html-to-image' in '/Users/saladin/Developments/interestory/components/stats'

Import trace for requested module:
./components/stats/StatsClient.tsx @ webpack-internal:///(app-pages-browser)/./node_modules/next/dist/next-devtools/shared/forward-logs-shared.js:27
[   82103ms] [LOG] [Fast Refresh] done in 13ms @ webpack-internal:///(app-pages-browser)/./node_modules/next/dist/next-devtools/shared/forward-logs-shared.js:27
[   82125ms] [WARNING] ./app/page.tsx
Module not found: Can't resolve 'html-to-image' in '/Users/saladin/Developments/interestory/app'

Import trace for requested module:
./app/page.tsx @ webpack-internal:///(app-pages-browser)/./node_modules/next/dist/next-devtools/shared/forward-logs-shared.js:27
[   82125ms] [WARNING] ./components/stats/StatsClient.tsx
Module not found: Can't resolve 'html-to-image' in '/Users/saladin/Developments/interestory/components/stats'

Import trace for requested module:
./components/stats/StatsClient.tsx @ webpack-internal:///(app-pages-browser)/./node_modules/next/dist/next-devtools/shared/forward-logs-shared.js:27
[   82125ms] [LOG] [Fast Refresh] done in 34ms @ webpack-internal:///(app-pages-browser)/./node_modules/next/dist/next-devtools/shared/forward-logs-shared.js:27
[   82136ms] [ERROR] Failed to load resource: the server responded with a status of 500 (Internal Server Error) @ http://localhost:3000/?_rsc=wnywt:0
[   82153ms] [LOG] [Fast Refresh] rebuilding @ webpack-internal:///(app-pages-browser)/./node_modules/next/dist/next-devtools/shared/forward-logs-shared.js:27
[   82231ms] [WARNING] ./app/page.tsx
Module not found: Can't resolve 'html-to-image' in '/Users/saladin/Developments/interestory/app'

Import trace for requested module:
./app/page.tsx @ webpack-internal:///(app-pages-browser)/./node_modules/next/dist/next-devtools/shared/forward-logs-shared.js:27
[   82231ms] [WARNING] ./components/stats/StatsClient.tsx
Module not found: Can't resolve 'html-to-image' in '/Users/saladin/Developments/interestory/components/stats'

Import trace for requested module:
./components/stats/StatsClient.tsx @ webpack-internal:///(app-pages-browser)/./node_modules/next/dist/next-devtools/shared/forward-logs-shared.js:27
[   82233ms] [LOG] [Fast Refresh] rebuilding @ webpack-internal:///(app-pages-browser)/./node_modules/next/dist/next-devtools/shared/forward-logs-shared.js:27
[   82240ms] [LOG] [Fast Refresh] done in 7ms @ webpack-internal:///(app-pages-browser)/./node_modules/next/dist/next-devtools/shared/forward-logs-shared.js:27
[   82931ms] [INFO] %cDownload the React DevTools for a better development experience: https://react.dev/link/react-devtools font-weight:bold @ webpack-internal:///(app-pages-browser)/./node_modules/next/dist/next-devtools/shared/forward-logs-shared.js:27
[   82941ms] [LOG] [HMR] connected @ webpack-internal:///(app-pages-browser)/./node_modules/next/dist/next-devtools/shared/forward-logs-shared.js:27
[   82943ms] [WARNING] ./app/page.tsx
Module not found: Can't resolve 'html-to-image' in '/Users/saladin/Developments/interestory/app' @ webpack-internal:///(app-pages-browser)/./node_modules/next/dist/next-devtools/shared/forward-logs-shared.js:27
[   82943ms] [WARNING] ./components/stats/StatsClient.tsx
Module not found: Can't resolve 'html-to-image' in '/Users/saladin/Developments/interestory/components/stats' @ webpack-internal:///(app-pages-browser)/./node_modules/next/dist/next-devtools/shared/forward-logs-shared.js:27
[   82967ms] [LOG] [Fast Refresh] rebuilding @ webpack-internal:///(app-pages-browser)/./node_modules/next/dist/next-devtools/shared/forward-logs-shared.js:27
[   82995ms] [WARNING] Image with src "/momo.png" has either width or height modified, but not the other. If you use CSS to change the size of your image, also include the styles 'width: "auto"' or 'height: "auto"' to maintain the aspect ratio. @ webpack-internal:///(app-pages-browser)/./node_modules/next/dist/next-devtools/shared/forward-logs-shared.js:27
[   83045ms] [WARNING] ./app/page.tsx
Module not found: Can't resolve 'html-to-image' in '/Users/saladin/Developments/interestory/app'

Import trace for requested module:
./app/page.tsx @ webpack-internal:///(app-pages-browser)/./node_modules/next/dist/next-devtools/shared/forward-logs-shared.js:27
[   83045ms] [WARNING] ./components/stats/StatsClient.tsx
Module not found: Can't resolve 'html-to-image' in '/Users/saladin/Developments/interestory/components/stats'

Import trace for requested module:
./components/stats/StatsClient.tsx @ webpack-internal:///(app-pages-browser)/./node_modules/next/dist/next-devtools/shared/forward-logs-shared.js:27
[   83045ms] [LOG] [Fast Refresh] rebuilding @ webpack-internal:///(app-pages-browser)/./node_modules/next/dist/next-devtools/shared/forward-logs-shared.js:27
[   83103ms] [LOG] [Fast Refresh] done in 59ms @ webpack-internal:///(app-pages-browser)/./node_modules/next/dist/next-devtools/shared/forward-logs-shared.js:27
[   83130ms] [WARNING] ./app/page.tsx
Module not found: Can't resolve 'html-to-image' in '/Users/saladin/Developments/interestory/app'

Import trace for requested module:
./app/page.tsx @ webpack-internal:///(app-pages-browser)/./node_modules/next/dist/next-devtools/shared/forward-logs-shared.js:27
[   83130ms] [WARNING] ./components/stats/StatsClient.tsx
Module not found: Can't resolve 'html-to-image' in '/Users/saladin/Developments/interestory/components/stats'

Import trace for requested module:
./components/stats/StatsClient.tsx @ webpack-internal:///(app-pages-browser)/./node_modules/next/dist/next-devtools/shared/forward-logs-shared.js:27
[   83133ms] [LOG] [Fast Refresh] rebuilding @ webpack-internal:///(app-pages-browser)/./node_modules/next/dist/next-devtools/shared/forward-logs-shared.js:27
[   83139ms] [LOG] [Fast Refresh] done in 6ms @ webpack-internal:///(app-pages-browser)/./node_modules/next/dist/next-devtools/shared/forward-logs-shared.js:27
[   83226ms] [WARNING] ./app/page.tsx
Module not found: Can't resolve 'html-to-image' in '/Users/saladin/Developments/interestory/app'

Import trace for requested module:
./app/page.tsx @ webpack-internal:///(app-pages-browser)/./node_modules/next/dist/next-devtools/shared/forward-logs-shared.js:27
[   83226ms] [WARNING] ./components/stats/StatsClient.tsx
Module not found: Can't resolve 'html-to-image' in '/Users/saladin/Developments/interestory/components/stats'

Import trace for requested module:
./components/stats/StatsClient.tsx @ webpack-internal:///(app-pages-browser)/./node_modules/next/dist/next-devtools/shared/forward-logs-shared.js:27
[   83226ms] [LOG] [Fast Refresh] rebuilding @ webpack-internal:///(app-pages-browser)/./node_modules/next/dist/next-devtools/shared/forward-logs-shared.js:27
[   83240ms] [LOG] [Fast Refresh] done in 13ms @ webpack-internal:///(app-pages-browser)/./node_modules/next/dist/next-devtools/shared/forward-logs-shared.js:27
[   83370ms] [WARNING] ./app/page.tsx
Module not found: Can't resolve 'html-to-image' in '/Users/saladin/Developments/interestory/app'

Import trace for requested module:
./app/page.tsx @ webpack-internal:///(app-pages-browser)/./node_modules/next/dist/next-devtools/shared/forward-logs-shared.js:27
[   83370ms] [WARNING] ./components/stats/StatsClient.tsx
Module not found: Can't resolve 'html-to-image' in '/Users/saladin/Developments/interestory/components/stats'

Import trace for requested module:
./components/stats/StatsClient.tsx @ webpack-internal:///(app-pages-browser)/./node_modules/next/dist/next-devtools/shared/forward-logs-shared.js:27
[   83370ms] [LOG] [Fast Refresh] rebuilding @ webpack-internal:///(app-pages-browser)/./node_modules/next/dist/next-devtools/shared/forward-logs-shared.js:27
[   83383ms] [LOG] [Fast Refresh] done in 12ms @ webpack-internal:///(app-pages-browser)/./node_modules/next/dist/next-devtools/shared/forward-logs-shared.js:27
[   83402ms] [WARNING] ./app/page.tsx
Module not found: Can't resolve 'html-to-image' in '/Users/saladin/Developments/interestory/app'

Import trace for requested module:
./app/page.tsx @ webpack-internal:///(app-pages-browser)/./node_modules/next/dist/next-devtools/shared/forward-logs-shared.js:27
[   83402ms] [WARNING] ./components/stats/StatsClient.tsx
Module not found: Can't resolve 'html-to-image' in '/Users/saladin/Developments/interestory/components/stats'

Import trace for requested module:
./components/stats/StatsClient.tsx @ webpack-internal:///(app-pages-browser)/./node_modules/next/dist/next-devtools/shared/forward-logs-shared.js:27
[   83402ms] [LOG] [Fast Refresh] done in 32ms @ webpack-internal:///(app-pages-browser)/./node_modules/next/dist/next-devtools/shared/forward-logs-shared.js:27
[   83419ms] [LOG] [Fast Refresh] rebuilding @ webpack-internal:///(app-pages-browser)/./node_modules/next/dist/next-devtools/shared/forward-logs-shared.js:27
[   83540ms] [WARNING] ./app/page.tsx
Module not found: Can't resolve 'html-to-image' in '/Users/saladin/Developments/interestory/app'

Import trace for requested module:
./app/page.tsx @ webpack-internal:///(app-pages-browser)/./node_modules/next/dist/next-devtools/shared/forward-logs-shared.js:27
[   83540ms] [WARNING] ./components/stats/StatsClient.tsx
Module not found: Can't resolve 'html-to-image' in '/Users/saladin/Developments/interestory/components/stats'

Import trace for requested module:
./components/stats/StatsClient.tsx @ webpack-internal:///(app-pages-browser)/./node_modules/next/dist/next-devtools/shared/forward-logs-shared.js:27
[   83564ms] [ERROR] Failed to load resource: the server responded with a status of 500 (Internal Server Error) @ http://localhost:3000/?_rsc=wnywt:0
[   83572ms] [LOG] [Fast Refresh] rebuilding @ webpack-internal:///(app-pages-browser)/./node_modules/next/dist/next-devtools/shared/forward-logs-shared.js:27
[   83573ms] [LOG] [Fast Refresh] done in 2ms @ webpack-internal:///(app-pages-browser)/./node_modules/next/dist/next-devtools/shared/forward-logs-shared.js:27
[   83650ms] [WARNING] ./app/page.tsx
Module not found: Can't resolve 'html-to-image' in '/Users/saladin/Developments/interestory/app'

Import trace for requested module:
./app/page.tsx @ webpack-internal:///(app-pages-browser)/./node_modules/next/dist/next-devtools/shared/forward-logs-shared.js:27
[   83650ms] [WARNING] ./components/stats/StatsClient.tsx
Module not found: Can't resolve 'html-to-image' in '/Users/saladin/Developments/interestory/components/stats'

Import trace for requested module:
./components/stats/StatsClient.tsx @ webpack-internal:///(app-pages-browser)/./node_modules/next/dist/next-devtools/shared/forward-logs-shared.js:27
[   83652ms] [LOG] [Fast Refresh] rebuilding @ webpack-internal:///(app-pages-browser)/./node_modules/next/dist/next-devtools/shared/forward-logs-shared.js:27
[   83655ms] [LOG] [Fast Refresh] done in 4ms @ webpack-internal:///(app-pages-browser)/./node_modules/next/dist/next-devtools/shared/forward-logs-shared.js:27
[   84179ms] [INFO] %cDownload the React DevTools for a better development experience: https://react.dev/link/react-devtools font-weight:bold @ webpack-internal:///(app-pages-browser)/./node_modules/next/dist/next-devtools/shared/forward-logs-shared.js:27
[   84190ms] [LOG] [HMR] connected @ webpack-internal:///(app-pages-browser)/./node_modules/next/dist/next-devtools/shared/forward-logs-shared.js:27
[   84192ms] [WARNING] ./app/page.tsx
Module not found: Can't resolve 'html-to-image' in '/Users/saladin/Developments/interestory/app' @ webpack-internal:///(app-pages-browser)/./node_modules/next/dist/next-devtools/shared/forward-logs-shared.js:27
[   84192ms] [WARNING] ./components/stats/StatsClient.tsx
Module not found: Can't resolve 'html-to-image' in '/Users/saladin/Developments/interestory/components/stats' @ webpack-internal:///(app-pages-browser)/./node_modules/next/dist/next-devtools/shared/forward-logs-shared.js:27
[   84202ms] [LOG] [Fast Refresh] rebuilding @ webpack-internal:///(app-pages-browser)/./node_modules/next/dist/next-devtools/shared/forward-logs-shared.js:27
[   84287ms] [ERROR] Can't perform a React state update on a component that hasn't mounted yet. This indicates that you have a side-effect in your render function that asynchronously tries to update the component. Move this work to useEffect instead. @ webpack-internal:///(app-pages-browser)/./node_modules/next/dist/next-devtools/userspace/app/errors/intercept-console-error.js:57
[   84290ms] [WARNING] ./app/page.tsx
Module not found: Can't resolve 'html-to-image' in '/Users/saladin/Developments/interestory/app'

Import trace for requested module:
./app/page.tsx @ webpack-internal:///(app-pages-browser)/./node_modules/next/dist/next-devtools/shared/forward-logs-shared.js:27
[   84290ms] [WARNING] ./components/stats/StatsClient.tsx
Module not found: Can't resolve 'html-to-image' in '/Users/saladin/Developments/interestory/components/stats'

Import trace for requested module:
./components/stats/StatsClient.tsx @ webpack-internal:///(app-pages-browser)/./node_modules/next/dist/next-devtools/shared/forward-logs-shared.js:27
[   84290ms] [LOG] [Fast Refresh] rebuilding @ webpack-internal:///(app-pages-browser)/./node_modules/next/dist/next-devtools/shared/forward-logs-shared.js:27
[   84380ms] [LOG] [Fast Refresh] done in 91ms @ webpack-internal:///(app-pages-browser)/./node_modules/next/dist/next-devtools/shared/forward-logs-shared.js:27
[   84386ms] [WARNING] ./app/page.tsx
Module not found: Can't resolve 'html-to-image' in '/Users/saladin/Developments/interestory/app'

Import trace for requested module:
./app/page.tsx @ webpack-internal:///(app-pages-browser)/./node_modules/next/dist/next-devtools/shared/forward-logs-shared.js:27
[   84386ms] [WARNING] ./components/stats/StatsClient.tsx
Module not found: Can't resolve 'html-to-image' in '/Users/saladin/Developments/interestory/components/stats'

Import trace for requested module:
./components/stats/StatsClient.tsx @ webpack-internal:///(app-pages-browser)/./node_modules/next/dist/next-devtools/shared/forward-logs-shared.js:27
[   84390ms] [LOG] [Fast Refresh] rebuilding @ webpack-internal:///(app-pages-browser)/./node_modules/next/dist/next-devtools/shared/forward-logs-shared.js:27
[   84397ms] [LOG] [Fast Refresh] done in 7ms @ webpack-internal:///(app-pages-browser)/./node_modules/next/dist/next-devtools/shared/forward-logs-shared.js:27
[   84491ms] [WARNING] ./app/page.tsx
Module not found: Can't resolve 'html-to-image' in '/Users/saladin/Developments/interestory/app'

Import trace for requested module:
./app/page.tsx @ webpack-internal:///(app-pages-browser)/./node_modules/next/dist/next-devtools/shared/forward-logs-shared.js:27
[   84491ms] [WARNING] ./components/stats/StatsClient.tsx
Module not found: Can't resolve 'html-to-image' in '/Users/saladin/Developments/interestory/components/stats'

Import trace for requested module:
./components/stats/StatsClient.tsx @ webpack-internal:///(app-pages-browser)/./node_modules/next/dist/next-devtools/shared/forward-logs-shared.js:27
[   84492ms] [LOG] [Fast Refresh] rebuilding @ webpack-internal:///(app-pages-browser)/./node_modules/next/dist/next-devtools/shared/forward-logs-shared.js:27
[   84497ms] [LOG] [Fast Refresh] done in 5ms @ webpack-internal:///(app-pages-browser)/./node_modules/next/dist/next-devtools/shared/forward-logs-shared.js:27
[   84575ms] [WARNING] ./app/page.tsx
Module not found: Can't resolve 'html-to-image' in '/Users/saladin/Developments/interestory/app'

Import trace for requested module:
./app/page.tsx @ webpack-internal:///(app-pages-browser)/./node_modules/next/dist/next-devtools/shared/forward-logs-shared.js:27
[   84575ms] [WARNING] ./components/stats/StatsClient.tsx
Module not found: Can't resolve 'html-to-image' in '/Users/saladin/Developments/interestory/components/stats'

Import trace for requested module:
./components/stats/StatsClient.tsx @ webpack-internal:///(app-pages-browser)/./node_modules/next/dist/next-devtools/shared/forward-logs-shared.js:27
[   84577ms] [LOG] [Fast Refresh] rebuilding @ webpack-internal:///(app-pages-browser)/./node_modules/next/dist/next-devtools/shared/forward-logs-shared.js:27
[   84581ms] [LOG] [Fast Refresh] done in 4ms @ webpack-internal:///(app-pages-browser)/./node_modules/next/dist/next-devtools/shared/forward-logs-shared.js:27
[   84684ms] [WARNING] ./app/page.tsx
Module not found: Can't resolve 'html-to-image' in '/Users/saladin/Developments/interestory/app'

Import trace for requested module:
./app/page.tsx @ webpack-internal:///(app-pages-browser)/./node_modules/next/dist/next-devtools/shared/forward-logs-shared.js:27
[   84684ms] [WARNING] ./components/stats/StatsClient.tsx
Module not found: Can't resolve 'html-to-image' in '/Users/saladin/Developments/interestory/components/stats'

Import trace for requested module:
./components/stats/StatsClient.tsx @ webpack-internal:///(app-pages-browser)/./node_modules/next/dist/next-devtools/shared/forward-logs-shared.js:27
[   84685ms] [LOG] [Fast Refresh] rebuilding @ webpack-internal:///(app-pages-browser)/./node_modules/next/dist/next-devtools/shared/forward-logs-shared.js:27
[   84693ms] [LOG] [Fast Refresh] done in 8ms @ webpack-internal:///(app-pages-browser)/./node_modules/next/dist/next-devtools/shared/forward-logs-shared.js:27
[   84766ms] [WARNING] ./app/page.tsx
Module not found: Can't resolve 'html-to-image' in '/Users/saladin/Developments/interestory/app'

Import trace for requested module:
./app/page.tsx @ webpack-internal:///(app-pages-browser)/./node_modules/next/dist/next-devtools/shared/forward-logs-shared.js:27
[   84766ms] [WARNING] ./components/stats/StatsClient.tsx
Module not found: Can't resolve 'html-to-image' in '/Users/saladin/Developments/interestory/components/stats'

Import trace for requested module:
./components/stats/StatsClient.tsx @ webpack-internal:///(app-pages-browser)/./node_modules/next/dist/next-devtools/shared/forward-logs-shared.js:27
[   84768ms] [LOG] [Fast Refresh] rebuilding @ webpack-internal:///(app-pages-browser)/./node_modules/next/dist/next-devtools/shared/forward-logs-shared.js:27
[   84776ms] [LOG] [Fast Refresh] done in 9ms @ webpack-internal:///(app-pages-browser)/./node_modules/next/dist/next-devtools/shared/forward-logs-shared.js:27
[   84873ms] [WARNING] ./app/page.tsx
Module not found: Can't resolve 'html-to-image' in '/Users/saladin/Developments/interestory/app'

Import trace for requested module:
./app/page.tsx @ webpack-internal:///(app-pages-browser)/./node_modules/next/dist/next-devtools/shared/forward-logs-shared.js:27
[   84873ms] [WARNING] ./components/stats/StatsClient.tsx
Module not found: Can't resolve 'html-to-image' in '/Users/saladin/Developments/interestory/components/stats'

Import trace for requested module:
./components/stats/StatsClient.tsx @ webpack-internal:///(app-pages-browser)/./node_modules/next/dist/next-devtools/shared/forward-logs-shared.js:27
[   84875ms] [LOG] [Fast Refresh] rebuilding @ webpack-internal:///(app-pages-browser)/./node_modules/next/dist/next-devtools/shared/forward-logs-shared.js:27
[   84885ms] [LOG] [Fast Refresh] done in 9ms @ webpack-internal:///(app-pages-browser)/./node_modules/next/dist/next-devtools/shared/forward-logs-shared.js:27
[   84959ms] [WARNING] ./app/page.tsx
Module not found: Can't resolve 'html-to-image' in '/Users/saladin/Developments/interestory/app'

Import trace for requested module:
./app/page.tsx @ webpack-internal:///(app-pages-browser)/./node_modules/next/dist/next-devtools/shared/forward-logs-shared.js:27
[   84960ms] [WARNING] ./components/stats/StatsClient.tsx
Module not found: Can't resolve 'html-to-image' in '/Users/saladin/Developments/interestory/components/stats'

Import trace for requested module:
./components/stats/StatsClient.tsx @ webpack-internal:///(app-pages-browser)/./node_modules/next/dist/next-devtools/shared/forward-logs-shared.js:27
[   84960ms] [LOG] [Fast Refresh] rebuilding @ webpack-internal:///(app-pages-browser)/./node_modules/next/dist/next-devtools/shared/forward-logs-shared.js:27
[   84964ms] [LOG] [Fast Refresh] done in 4ms @ webpack-internal:///(app-pages-browser)/./node_modules/next/dist/next-devtools/shared/forward-logs-shared.js:27
[   85054ms] [WARNING] ./app/page.tsx
Module not found: Can't resolve 'html-to-image' in '/Users/saladin/Developments/interestory/app'

Import trace for requested module:
./app/page.tsx @ webpack-internal:///(app-pages-browser)/./node_modules/next/dist/next-devtools/shared/forward-logs-shared.js:27
[   85054ms] [WARNING] ./components/stats/StatsClient.tsx
Module not found: Can't resolve 'html-to-image' in '/Users/saladin/Developments/interestory/components/stats'

Import trace for requested module:
./components/stats/StatsClient.tsx @ webpack-internal:///(app-pages-browser)/./node_modules/next/dist/next-devtools/shared/forward-logs-shared.js:27
[   85055ms] [LOG] [Fast Refresh] rebuilding @ webpack-internal:///(app-pages-browser)/./node_modules/next/dist/next-devtools/shared/forward-logs-shared.js:27
[   85059ms] [LOG] [Fast Refresh] done in 3ms @ webpack-internal:///(app-pages-browser)/./node_modules/next/dist/next-devtools/shared/forward-logs-shared.js:27
[   85133ms] [WARNING] ./app/page.tsx
Module not found: Can't resolve 'html-to-image' in '/Users/saladin/Developments/interestory/app'

Import trace for requested module:
./app/page.tsx @ webpack-internal:///(app-pages-browser)/./node_modules/next/dist/next-devtools/shared/forward-logs-shared.js:27
[   85133ms] [WARNING] ./components/stats/StatsClient.tsx
Module not found: Can't resolve 'html-to-image' in '/Users/saladin/Developments/interestory/components/stats'

Import trace for requested module:
./components/stats/StatsClient.tsx @ webpack-internal:///(app-pages-browser)/./node_modules/next/dist/next-devtools/shared/forward-logs-shared.js:27
[   85134ms] [LOG] [Fast Refresh] rebuilding @ webpack-internal:///(app-pages-browser)/./node_modules/next/dist/next-devtools/shared/forward-logs-shared.js:27
[   85237ms] [WARNING] ./app/page.tsx
Module not found: Can't resolve 'html-to-image' in '/Users/saladin/Developments/interestory/app'

Import trace for requested module:
./app/page.tsx @ webpack-internal:///(app-pages-browser)/./node_modules/next/dist/next-devtools/shared/forward-logs-shared.js:27
[   85237ms] [WARNING] ./components/stats/StatsClient.tsx
Module not found: Can't resolve 'html-to-image' in '/Users/saladin/Developments/interestory/components/stats'

Import trace for requested module:
./components/stats/StatsClient.tsx @ webpack-internal:///(app-pages-browser)/./node_modules/next/dist/next-devtools/shared/forward-logs-shared.js:27
[   85237ms] [LOG] [Fast Refresh] done in 102ms @ webpack-internal:///(app-pages-browser)/./node_modules/next/dist/next-devtools/shared/forward-logs-shared.js:27
[   85238ms] [LOG] [Fast Refresh] rebuilding @ webpack-internal:///(app-pages-browser)/./node_modules/next/dist/next-devtools/shared/forward-logs-shared.js:27
[   85316ms] [WARNING] ./app/page.tsx
Module not found: Can't resolve 'html-to-image' in '/Users/saladin/Developments/interestory/app'

Import trace for requested module:
./app/page.tsx @ webpack-internal:///(app-pages-browser)/./node_modules/next/dist/next-devtools/shared/forward-logs-shared.js:27
[   85316ms] [WARNING] ./components/stats/StatsClient.tsx
Module not found: Can't resolve 'html-to-image' in '/Users/saladin/Developments/interestory/components/stats'

Import trace for requested module:
./components/stats/StatsClient.tsx @ webpack-internal:///(app-pages-browser)/./node_modules/next/dist/next-devtools/shared/forward-logs-shared.js:27
[   85316ms] [LOG] [Fast Refresh] done in 78ms @ webpack-internal:///(app-pages-browser)/./node_modules/next/dist/next-devtools/shared/forward-logs-shared.js:27
[   85317ms] [LOG] [Fast Refresh] rebuilding @ webpack-internal:///(app-pages-browser)/./node_modules/next/dist/next-devtools/shared/forward-logs-shared.js:27
[   85410ms] [WARNING] ./app/page.tsx
Module not found: Can't resolve 'html-to-image' in '/Users/saladin/Developments/interestory/app'

Import trace for requested module:
./app/page.tsx @ webpack-internal:///(app-pages-browser)/./node_modules/next/dist/next-devtools/shared/forward-logs-shared.js:27
[   85410ms] [WARNING] ./components/stats/StatsClient.tsx
Module not found: Can't resolve 'html-to-image' in '/Users/saladin/Developments/interestory/components/stats'

Import trace for requested module:
./components/stats/StatsClient.tsx @ webpack-internal:///(app-pages-browser)/./node_modules/next/dist/next-devtools/shared/forward-logs-shared.js:27
[   85410ms] [LOG] [Fast Refresh] done in 92ms @ webpack-internal:///(app-pages-browser)/./node_modules/next/dist/next-devtools/shared/forward-logs-shared.js:27
[   85411ms] [LOG] [Fast Refresh] rebuilding @ webpack-internal:///(app-pages-browser)/./node_modules/next/dist/next-devtools/shared/forward-logs-shared.js:27
[   85488ms] [WARNING] ./app/page.tsx
Module not found: Can't resolve 'html-to-image' in '/Users/saladin/Developments/interestory/app'

Import trace for requested module:
./app/page.tsx @ webpack-internal:///(app-pages-browser)/./node_modules/next/dist/next-devtools/shared/forward-logs-shared.js:27
[   85488ms] [WARNING] ./components/stats/StatsClient.tsx
Module not found: Can't resolve 'html-to-image' in '/Users/saladin/Developments/interestory/components/stats'

Import trace for requested module:
./components/stats/StatsClient.tsx @ webpack-internal:///(app-pages-browser)/./node_modules/next/dist/next-devtools/shared/forward-logs-shared.js:27
[   85488ms] [LOG] [Fast Refresh] done in 77ms @ webpack-internal:///(app-pages-browser)/./node_modules/next/dist/next-devtools/shared/forward-logs-shared.js:27
[   85489ms] [LOG] [Fast Refresh] rebuilding @ webpack-internal:///(app-pages-browser)/./node_modules/next/dist/next-devtools/shared/forward-logs-shared.js:27
[   85581ms] [WARNING] ./app/page.tsx
Module not found: Can't resolve 'html-to-image' in '/Users/saladin/Developments/interestory/app'

Import trace for requested module:
./app/page.tsx @ webpack-internal:///(app-pages-browser)/./node_modules/next/dist/next-devtools/shared/forward-logs-shared.js:27
[   85581ms] [WARNING] ./components/stats/StatsClient.tsx
Module not found: Can't resolve 'html-to-image' in '/Users/saladin/Developments/interestory/components/stats'

Import trace for requested module:
./components/stats/StatsClient.tsx @ webpack-internal:///(app-pages-browser)/./node_modules/next/dist/next-devtools/shared/forward-logs-shared.js:27
[   85581ms] [LOG] [Fast Refresh] done in 92ms @ webpack-internal:///(app-pages-browser)/./node_modules/next/dist/next-devtools/shared/forward-logs-shared.js:27
[   85582ms] [LOG] [Fast Refresh] rebuilding @ webpack-internal:///(app-pages-browser)/./node_modules/next/dist/next-devtools/shared/forward-logs-shared.js:27
[   85654ms] [WARNING] ./app/page.tsx
Module not found: Can't resolve 'html-to-image' in '/Users/saladin/Developments/interestory/app'

Import trace for requested module:
./app/page.tsx @ webpack-internal:///(app-pages-browser)/./node_modules/next/dist/next-devtools/shared/forward-logs-shared.js:27
[   85654ms] [WARNING] ./components/stats/StatsClient.tsx
Module not found: Can't resolve 'html-to-image' in '/Users/saladin/Developments/interestory/components/stats'

Import trace for requested module:
./components/stats/StatsClient.tsx @ webpack-internal:///(app-pages-browser)/./node_modules/next/dist/next-devtools/shared/forward-logs-shared.js:27
[   85655ms] [LOG] [Fast Refresh] done in 72ms @ webpack-internal:///(app-pages-browser)/./node_modules/next/dist/next-devtools/shared/forward-logs-shared.js:27
[   85656ms] [LOG] [Fast Refresh] rebuilding @ webpack-internal:///(app-pages-browser)/./node_modules/next/dist/next-devtools/shared/forward-logs-shared.js:27
[   85751ms] [WARNING] ./app/page.tsx
Module not found: Can't resolve 'html-to-image' in '/Users/saladin/Developments/interestory/app'

Import trace for requested module:
./app/page.tsx @ webpack-internal:///(app-pages-browser)/./node_modules/next/dist/next-devtools/shared/forward-logs-shared.js:27
[   85751ms] [WARNING] ./components/stats/StatsClient.tsx
Module not found: Can't resolve 'html-to-image' in '/Users/saladin/Developments/interestory/components/stats'

Import trace for requested module:
./components/stats/StatsClient.tsx @ webpack-internal:///(app-pages-browser)/./node_modules/next/dist/next-devtools/shared/forward-logs-shared.js:27
[   85751ms] [LOG] [Fast Refresh] done in 96ms @ webpack-internal:///(app-pages-browser)/./node_modules/next/dist/next-devtools/shared/forward-logs-shared.js:27
[   85752ms] [LOG] [Fast Refresh] rebuilding @ webpack-internal:///(app-pages-browser)/./node_modules/next/dist/next-devtools/shared/forward-logs-shared.js:27
[   85827ms] [WARNING] ./app/page.tsx
Module not found: Can't resolve 'html-to-image' in '/Users/saladin/Developments/interestory/app'

Import trace for requested module:
./app/page.tsx @ webpack-internal:///(app-pages-browser)/./node_modules/next/dist/next-devtools/shared/forward-logs-shared.js:27
[   85828ms] [WARNING] ./components/stats/StatsClient.tsx
Module not found: Can't resolve 'html-to-image' in '/Users/saladin/Developments/interestory/components/stats'

Import trace for requested module:
./components/stats/StatsClient.tsx @ webpack-internal:///(app-pages-browser)/./node_modules/next/dist/next-devtools/shared/forward-logs-shared.js:27
[   85828ms] [LOG] [Fast Refresh] done in 75ms @ webpack-internal:///(app-pages-browser)/./node_modules/next/dist/next-devtools/shared/forward-logs-shared.js:27
[   85829ms] [LOG] [Fast Refresh] rebuilding @ webpack-internal:///(app-pages-browser)/./node_modules/next/dist/next-devtools/shared/forward-logs-shared.js:27
[   85910ms] [WARNING] ./app/page.tsx
Module not found: Can't resolve 'html-to-image' in '/Users/saladin/Developments/interestory/app'

Import trace for requested module:
./app/page.tsx @ webpack-internal:///(app-pages-browser)/./node_modules/next/dist/next-devtools/shared/forward-logs-shared.js:27
[   85910ms] [WARNING] ./components/stats/StatsClient.tsx
Module not found: Can't resolve 'html-to-image' in '/Users/saladin/Developments/interestory/components/stats'

Import trace for requested module:
./components/stats/StatsClient.tsx @ webpack-internal:///(app-pages-browser)/./node_modules/next/dist/next-devtools/shared/forward-logs-shared.js:27
[   85910ms] [LOG] [Fast Refresh] done in 82ms @ webpack-internal:///(app-pages-browser)/./node_modules/next/dist/next-devtools/shared/forward-logs-shared.js:27
[   85912ms] [LOG] [Fast Refresh] rebuilding @ webpack-internal:///(app-pages-browser)/./node_modules/next/dist/next-devtools/shared/forward-logs-shared.js:27
[   85988ms] [WARNING] ./app/page.tsx
Module not found: Can't resolve 'html-to-image' in '/Users/saladin/Developments/interestory/app'

Import trace for requested module:
./app/page.tsx @ webpack-internal:///(app-pages-browser)/./node_modules/next/dist/next-devtools/shared/forward-logs-shared.js:27
[   85988ms] [WARNING] ./components/stats/StatsClient.tsx
Module not found: Can't resolve 'html-to-image' in '/Users/saladin/Developments/interestory/components/stats'

Import trace for requested module:
./components/stats/StatsClient.tsx @ webpack-internal:///(app-pages-browser)/./node_modules/next/dist/next-devtools/shared/forward-logs-shared.js:27
[   85988ms] [LOG] [Fast Refresh] done in 77ms @ webpack-internal:///(app-pages-browser)/./node_modules/next/dist/next-devtools/shared/forward-logs-shared.js:27
[   85989ms] [LOG] [Fast Refresh] rebuilding @ webpack-internal:///(app-pages-browser)/./node_modules/next/dist/next-devtools/shared/forward-logs-shared.js:27
[   86078ms] [WARNING] ./app/page.tsx
Module not found: Can't resolve 'html-to-image' in '/Users/saladin/Developments/interestory/app'

Import trace for requested module:
./app/page.tsx @ webpack-internal:///(app-pages-browser)/./node_modules/next/dist/next-devtools/shared/forward-logs-shared.js:27
[   86079ms] [WARNING] ./components/stats/StatsClient.tsx
Module not found: Can't resolve 'html-to-image' in '/Users/saladin/Developments/interestory/components/stats'

Import trace for requested module:
./components/stats/StatsClient.tsx @ webpack-internal:///(app-pages-browser)/./node_modules/next/dist/next-devtools/shared/forward-logs-shared.js:27
[   86079ms] [LOG] [Fast Refresh] done in 89ms @ webpack-internal:///(app-pages-browser)/./node_modules/next/dist/next-devtools/shared/forward-logs-shared.js:27
[   86079ms] [LOG] [Fast Refresh] rebuilding @ webpack-internal:///(app-pages-browser)/./node_modules/next/dist/next-devtools/shared/forward-logs-shared.js:27
[   86230ms] [LOG] [Fast Refresh] rebuilding @ webpack-internal:///(app-pages-browser)/./node_modules/next/dist/next-devtools/shared/forward-logs-shared.js:27
[   86230ms] [WARNING] ./app/page.tsx
Module not found: Can't resolve 'html-to-image' in '/Users/saladin/Developments/interestory/app'

Import trace for requested module:
./app/page.tsx @ webpack-internal:///(app-pages-browser)/./node_modules/next/dist/next-devtools/shared/forward-logs-shared.js:27
[   86230ms] [WARNING] ./components/stats/StatsClient.tsx
Module not found: Can't resolve 'html-to-image' in '/Users/saladin/Developments/interestory/components/stats'

Import trace for requested module:
./components/stats/StatsClient.tsx @ webpack-internal:///(app-pages-browser)/./node_modules/next/dist/next-devtools/shared/forward-logs-shared.js:27
[   86230ms] [LOG] [Fast Refresh] done in 0ms @ webpack-internal:///(app-pages-browser)/./node_modules/next/dist/next-devtools/shared/forward-logs-shared.js:27
[   86264ms] [WARNING] ./app/page.tsx
Module not found: Can't resolve 'html-to-image' in '/Users/saladin/Developments/interestory/app'

Import trace for requested module:
./app/page.tsx @ webpack-internal:///(app-pages-browser)/./node_modules/next/dist/next-devtools/shared/forward-logs-shared.js:27
[   86264ms] [WARNING] ./components/stats/StatsClient.tsx
Module not found: Can't resolve 'html-to-image' in '/Users/saladin/Developments/interestory/components/stats'

Import trace for requested module:
./components/stats/StatsClient.tsx @ webpack-internal:///(app-pages-browser)/./node_modules/next/dist/next-devtools/shared/forward-logs-shared.js:27
[   86264ms] [LOG] [Fast Refresh] done in 34ms @ webpack-internal:///(app-pages-browser)/./node_modules/next/dist/next-devtools/shared/forward-logs-shared.js:27
[   86278ms] [ERROR] Failed to load resource: the server responded with a status of 500 (Internal Server Error) @ http://localhost:3000/?_rsc=wnywt:0
[   86279ms] [LOG] [Fast Refresh] rebuilding @ webpack-internal:///(app-pages-browser)/./node_modules/next/dist/next-devtools/shared/forward-logs-shared.js:27
[   86353ms] [WARNING] ./app/page.tsx
Module not found: Can't resolve 'html-to-image' in '/Users/saladin/Developments/interestory/app'

Import trace for requested module:
./app/page.tsx @ webpack-internal:///(app-pages-browser)/./node_modules/next/dist/next-devtools/shared/forward-logs-shared.js:27
[   86353ms] [WARNING] ./components/stats/StatsClient.tsx
Module not found: Can't resolve 'html-to-image' in '/Users/saladin/Developments/interestory/components/stats'

Import trace for requested module:
./components/stats/StatsClient.tsx @ webpack-internal:///(app-pages-browser)/./node_modules/next/dist/next-devtools/shared/forward-logs-shared.js:27
[   86353ms] [LOG] [Fast Refresh] done in 73ms @ webpack-internal:///(app-pages-browser)/./node_modules/next/dist/next-devtools/shared/forward-logs-shared.js:27
[   86354ms] [LOG] [Fast Refresh] rebuilding @ webpack-internal:///(app-pages-browser)/./node_modules/next/dist/next-devtools/shared/forward-logs-shared.js:27
[   86484ms] [WARNING] ./app/page.tsx
Module not found: Can't resolve 'html-to-image' in '/Users/saladin/Developments/interestory/app'

Import trace for requested module:
./app/page.tsx @ webpack-internal:///(app-pages-browser)/./node_modules/next/dist/next-devtools/shared/forward-logs-shared.js:27
[   86484ms] [WARNING] ./components/stats/StatsClient.tsx
Module not found: Can't resolve 'html-to-image' in '/Users/saladin/Developments/interestory/components/stats'

Import trace for requested module:
./components/stats/StatsClient.tsx @ webpack-internal:///(app-pages-browser)/./node_modules/next/dist/next-devtools/shared/forward-logs-shared.js:27
[   86484ms] [LOG] [Fast Refresh] done in 130ms @ webpack-internal:///(app-pages-browser)/./node_modules/next/dist/next-devtools/shared/forward-logs-shared.js:27
[   86484ms] [LOG] [Fast Refresh] rebuilding @ webpack-internal:///(app-pages-browser)/./node_modules/next/dist/next-devtools/shared/forward-logs-shared.js:27
[   86632ms] [LOG] [Fast Refresh] rebuilding @ webpack-internal:///(app-pages-browser)/./node_modules/next/dist/next-devtools/shared/forward-logs-shared.js:27
[   86632ms] [WARNING] ./app/page.tsx
Module not found: Can't resolve 'html-to-image' in '/Users/saladin/Developments/interestory/app'

Import trace for requested module:
./app/page.tsx @ webpack-internal:///(app-pages-browser)/./node_modules/next/dist/next-devtools/shared/forward-logs-shared.js:27
[   86632ms] [WARNING] ./components/stats/StatsClient.tsx
Module not found: Can't resolve 'html-to-image' in '/Users/saladin/Developments/interestory/components/stats'

Import trace for requested module:
./components/stats/StatsClient.tsx @ webpack-internal:///(app-pages-browser)/./node_modules/next/dist/next-devtools/shared/forward-logs-shared.js:27
[   86632ms] [LOG] [Fast Refresh] done in 0ms @ webpack-internal:///(app-pages-browser)/./node_modules/next/dist/next-devtools/shared/forward-logs-shared.js:27
[   86642ms] [LOG] [Fast Refresh] rebuilding @ webpack-internal:///(app-pages-browser)/./node_modules/next/dist/next-devtools/shared/forward-logs-shared.js:27
[   86712ms] [WARNING] ./app/page.tsx
Module not found: Can't resolve 'html-to-image' in '/Users/saladin/Developments/interestory/app'

Import trace for requested module:
./app/page.tsx @ webpack-internal:///(app-pages-browser)/./node_modules/next/dist/next-devtools/shared/forward-logs-shared.js:27
[   86712ms] [WARNING] ./components/stats/StatsClient.tsx
Module not found: Can't resolve 'html-to-image' in '/Users/saladin/Developments/interestory/components/stats'

Import trace for requested module:
./components/stats/StatsClient.tsx @ webpack-internal:///(app-pages-browser)/./node_modules/next/dist/next-devtools/shared/forward-logs-shared.js:27
[   86712ms] [LOG] [Fast Refresh] done in 69ms @ webpack-internal:///(app-pages-browser)/./node_modules/next/dist/next-devtools/shared/forward-logs-shared.js:27
[   86731ms] [ERROR] Failed to load resource: the server responded with a status of 500 (Internal Server Error) @ http://localhost:3000/:0
[   86823ms] [INFO] %cDownload the React DevTools for a better development experience: https://react.dev/link/react-devtools font-weight:bold @ webpack-internal:///(pages-dir-browser)/./node_modules/react-dom/cjs/react-dom-client.development.js:28004
[   86862ms] SyntaxError: Unexpected end of JSON input
    at JSON.parse (<anonymous>)
    at loadManifest (file:///Users/saladin/Developments/interestory/node_modules/next/dist/server/load-manifest.external.js:54:25)
    at DevServer.getNextFontManifest (file:///Users/saladin/Developments/interestory/node_modules/next/dist/server/next-server.js:867:55)
    at DevServer.findPageComponents (file:///Users/saladin/Developments/interestory/node_modules/next/dist/server/dev/next-dev-server.js:703:39)
    at process.processTicksAndRejections (node:internal/process/task_queues:103:5)
    at async DevServer.renderPageComponent (file:///Users/saladin/Developments/interestory/node_modules/next/dist/server/base-server.js:1492:24)
    at async DevServer.renderToResponseImpl (file:///Users/saladin/Developments/interestory/node_modules/next/dist/server/base-server.js:1556:32)
    at async DevServer.pipeImpl (file:///Users/saladin/Developments/interestory/node_modules/next/dist/server/base-server.js:1043:25)
    at async NextNodeServer.handleCatchallRenderRequest (file:///Users/saladin/Developments/interestory/node_modules/next/dist/server/next-server.js:338:17)
    at async DevServer.handleRequestImpl (file:///Users/saladin/Developments/interestory/node_modules/next/dist/server/base-server.js:934:17)
    at async (file:///Users/saladin/Developments/interestory/node_modules/next/dist/server/dev/next-dev-server.js:394:20)
    at async Span.traceAsyncFn (file:///Users/saladin/Developments/interestory/node_modules/next/dist/trace/trace.js:164:20)
    at async DevServer.handleRequest (file:///Users/saladin/Developments/interestory/node_modules/next/dist/server/dev/next-dev-server.js:390:24)
    at async invokeRender (file:///Users/saladin/Developments/interestory/node_modules/next/dist/server/lib/router-server.js:266:21)
    at async handleRequest (file:///Users/saladin/Developments/interestory/node_modules/next/dist/server/lib/router-server.js:465:24)
    at async requestHandlerImpl (file:///Users/saladin/Developments/interestory/node_modules/next/dist/server/lib/router-server.js:514:13)
    at async Server.requestListener (file:///Users/saladin/Developments/interestory/node_modules/next/dist/server/lib/start-server.js:225:13)
[   86866ms] [LOG] [HMR] connected @ webpack-internal:///(pages-dir-browser)/./node_modules/next/dist/next-devtools/shared/forward-logs-shared.js:27
[   86873ms] [WARNING] ./app/page.tsx
Module not found: Can't resolve 'html-to-image' in '/Users/saladin/Developments/interestory/app' @ webpack-internal:///(pages-dir-browser)/./node_modules/next/dist/next-devtools/shared/forward-logs-shared.js:27
[   86873ms] [WARNING] ./components/stats/StatsClient.tsx
Module not found: Can't resolve 'html-to-image' in '/Users/saladin/Developments/interestory/components/stats' @ webpack-internal:///(pages-dir-browser)/./node_modules/next/dist/next-devtools/shared/forward-logs-shared.js:27
[   86900ms] [WARNING] ./app/page.tsx
Module not found: Can't resolve 'html-to-image' in '/Users/saladin/Developments/interestory/app'

Import trace for requested module:
./app/page.tsx @ webpack-internal:///(pages-dir-browser)/./node_modules/next/dist/next-devtools/shared/forward-logs-shared.js:27
[   86900ms] [WARNING] ./components/stats/StatsClient.tsx
Module not found: Can't resolve 'html-to-image' in '/Users/saladin/Developments/interestory/components/stats'

Import trace for requested module:
./components/stats/StatsClient.tsx @ webpack-internal:///(pages-dir-browser)/./node_modules/next/dist/next-devtools/shared/forward-logs-shared.js:27
[   86909ms] [WARNING] [Fast Refresh] performing full reload because your application had an unrecoverable error @ webpack-internal:///(pages-dir-browser)/./node_modules/next/dist/next-devtools/shared/forward-logs-shared.js:27
[   87057ms] [WARNING] ./app/page.tsx
Module not found: Can't resolve 'html-to-image' in '/Users/saladin/Developments/interestory/app'

Import trace for requested module:
./app/page.tsx @ webpack-internal:///(pages-dir-browser)/./node_modules/next/dist/next-devtools/shared/forward-logs-shared.js:27
[   87057ms] [WARNING] ./components/stats/StatsClient.tsx
Module not found: Can't resolve 'html-to-image' in '/Users/saladin/Developments/interestory/components/stats'

Import trace for requested module:
./components/stats/StatsClient.tsx @ webpack-internal:///(pages-dir-browser)/./node_modules/next/dist/next-devtools/shared/forward-logs-shared.js:27
[   87064ms] [WARNING] [Fast Refresh] performing full reload because your application had an unrecoverable error @ webpack-internal:///(pages-dir-browser)/./node_modules/next/dist/next-devtools/shared/forward-logs-shared.js:27
[   87165ms] [LOG] [Fast Refresh] rebuilding @ webpack-internal:///(pages-dir-browser)/./node_modules/next/dist/next-devtools/shared/forward-logs-shared.js:27
[   87602ms] [INFO] %cDownload the React DevTools for a better development experience: https://react.dev/link/react-devtools font-weight:bold @ webpack-internal:///(app-pages-browser)/./node_modules/next/dist/next-devtools/shared/forward-logs-shared.js:27
[   87613ms] [LOG] [HMR] connected @ webpack-internal:///(app-pages-browser)/./node_modules/next/dist/next-devtools/shared/forward-logs-shared.js:27
[   87614ms] [WARNING] ./app/page.tsx
Module not found: Can't resolve 'html-to-image' in '/Users/saladin/Developments/interestory/app' @ webpack-internal:///(app-pages-browser)/./node_modules/next/dist/next-devtools/shared/forward-logs-shared.js:27
[   87614ms] [WARNING] ./components/stats/StatsClient.tsx
Module not found: Can't resolve 'html-to-image' in '/Users/saladin/Developments/interestory/components/stats' @ webpack-internal:///(app-pages-browser)/./node_modules/next/dist/next-devtools/shared/forward-logs-shared.js:27
[   87634ms] [LOG] [Fast Refresh] rebuilding @ webpack-internal:///(app-pages-browser)/./node_modules/next/dist/next-devtools/shared/forward-logs-shared.js:27
[   87668ms] [WARNING] Image with src "/momo.png" has either width or height modified, but not the other. If you use CSS to change the size of your image, also include the styles 'width: "auto"' or 'height: "auto"' to maintain the aspect ratio. @ webpack-internal:///(app-pages-browser)/./node_modules/next/dist/next-devtools/shared/forward-logs-shared.js:27
[   87726ms] [WARNING] ./app/page.tsx
Module not found: Can't resolve 'html-to-image' in '/Users/saladin/Developments/interestory/app'

Import trace for requested module:
./app/page.tsx @ webpack-internal:///(app-pages-browser)/./node_modules/next/dist/next-devtools/shared/forward-logs-shared.js:27
[   87726ms] [WARNING] ./components/stats/StatsClient.tsx
Module not found: Can't resolve 'html-to-image' in '/Users/saladin/Developments/interestory/components/stats'

Import trace for requested module:
./components/stats/StatsClient.tsx @ webpack-internal:///(app-pages-browser)/./node_modules/next/dist/next-devtools/shared/forward-logs-shared.js:27
[   87727ms] [LOG] [Fast Refresh] rebuilding @ webpack-internal:///(app-pages-browser)/./node_modules/next/dist/next-devtools/shared/forward-logs-shared.js:27
[   87810ms] [LOG] [Fast Refresh] done in 83ms @ webpack-internal:///(app-pages-browser)/./node_modules/next/dist/next-devtools/shared/forward-logs-shared.js:27
[   87812ms] [WARNING] ./app/page.tsx
Module not found: Can't resolve 'html-to-image' in '/Users/saladin/Developments/interestory/app'

Import trace for requested module:
./app/page.tsx @ webpack-internal:///(app-pages-browser)/./node_modules/next/dist/next-devtools/shared/forward-logs-shared.js:27
[   87812ms] [WARNING] ./components/stats/StatsClient.tsx
Module not found: Can't resolve 'html-to-image' in '/Users/saladin/Developments/interestory/components/stats'

Import trace for requested module:
./components/stats/StatsClient.tsx @ webpack-internal:///(app-pages-browser)/./node_modules/next/dist/next-devtools/shared/forward-logs-shared.js:27
[   87814ms] [LOG] [Fast Refresh] rebuilding @ webpack-internal:///(app-pages-browser)/./node_modules/next/dist/next-devtools/shared/forward-logs-shared.js:27
[   87827ms] [LOG] [Fast Refresh] done in 13ms @ webpack-internal:///(app-pages-browser)/./node_modules/next/dist/next-devtools/shared/forward-logs-shared.js:27
[   87905ms] [WARNING] ./app/page.tsx
Module not found: Can't resolve 'html-to-image' in '/Users/saladin/Developments/interestory/app'

Import trace for requested module:
./app/page.tsx @ webpack-internal:///(app-pages-browser)/./node_modules/next/dist/next-devtools/shared/forward-logs-shared.js:27
[   87905ms] [WARNING] ./components/stats/StatsClient.tsx
Module not found: Can't resolve 'html-to-image' in '/Users/saladin/Developments/interestory/components/stats'

Import trace for requested module:
./components/stats/StatsClient.tsx @ webpack-internal:///(app-pages-browser)/./node_modules/next/dist/next-devtools/shared/forward-logs-shared.js:27
[   87906ms] [LOG] [Fast Refresh] rebuilding @ webpack-internal:///(app-pages-browser)/./node_modules/next/dist/next-devtools/shared/forward-logs-shared.js:27
[   87910ms] [LOG] [Fast Refresh] done in 4ms @ webpack-internal:///(app-pages-browser)/./node_modules/next/dist/next-devtools/shared/forward-logs-shared.js:27
[   88025ms] [WARNING] ./app/page.tsx
Module not found: Can't resolve 'html-to-image' in '/Users/saladin/Developments/interestory/app'

Import trace for requested module:
./app/page.tsx @ webpack-internal:///(app-pages-browser)/./node_modules/next/dist/next-devtools/shared/forward-logs-shared.js:27
[   88025ms] [WARNING] ./components/stats/StatsClient.tsx
Module not found: Can't resolve 'html-to-image' in '/Users/saladin/Developments/interestory/components/stats'

Import trace for requested module:
./components/stats/StatsClient.tsx @ webpack-internal:///(app-pages-browser)/./node_modules/next/dist/next-devtools/shared/forward-logs-shared.js:27
[   88025ms] [LOG] [Fast Refresh] rebuilding @ webpack-internal:///(app-pages-browser)/./node_modules/next/dist/next-devtools/shared/forward-logs-shared.js:27
[   88041ms] [LOG] [Fast Refresh] done in 17ms @ webpack-internal:///(app-pages-browser)/./node_modules/next/dist/next-devtools/shared/forward-logs-shared.js:27
[   88192ms] [WARNING] ./app/page.tsx
Module not found: Can't resolve 'html-to-image' in '/Users/saladin/Developments/interestory/app'

Import trace for requested module:
./app/page.tsx @ webpack-internal:///(app-pages-browser)/./node_modules/next/dist/next-devtools/shared/forward-logs-shared.js:27
[   88192ms] [WARNING] ./components/stats/StatsClient.tsx
Module not found: Can't resolve 'html-to-image' in '/Users/saladin/Developments/interestory/components/stats'

Import trace for requested module:
./components/stats/StatsClient.tsx @ webpack-internal:///(app-pages-browser)/./node_modules/next/dist/next-devtools/shared/forward-logs-shared.js:27
[   88192ms] [LOG] [Fast Refresh] rebuilding @ webpack-internal:///(app-pages-browser)/./node_modules/next/dist/next-devtools/shared/forward-logs-shared.js:27
[   88207ms] [LOG] [Fast Refresh] done in 15ms @ webpack-internal:///(app-pages-browser)/./node_modules/next/dist/next-devtools/shared/forward-logs-shared.js:27
[   88226ms] [WARNING] ./app/page.tsx
Module not found: Can't resolve 'html-to-image' in '/Users/saladin/Developments/interestory/app'

Import trace for requested module:
./app/page.tsx @ webpack-internal:///(app-pages-browser)/./node_modules/next/dist/next-devtools/shared/forward-logs-shared.js:27
[   88226ms] [WARNING] ./components/stats/StatsClient.tsx
Module not found: Can't resolve 'html-to-image' in '/Users/saladin/Developments/interestory/components/stats'

Import trace for requested module:
./components/stats/StatsClient.tsx @ webpack-internal:///(app-pages-browser)/./node_modules/next/dist/next-devtools/shared/forward-logs-shared.js:27
[   88226ms] [LOG] [Fast Refresh] done in 34ms @ webpack-internal:///(app-pages-browser)/./node_modules/next/dist/next-devtools/shared/forward-logs-shared.js:27
[   88244ms] [LOG] [Fast Refresh] rebuilding @ webpack-internal:///(app-pages-browser)/./node_modules/next/dist/next-devtools/shared/forward-logs-shared.js:27
[   88368ms] [WARNING] ./app/page.tsx
Module not found: Can't resolve 'html-to-image' in '/Users/saladin/Developments/interestory/app'

Import trace for requested module:
./app/page.tsx @ webpack-internal:///(app-pages-browser)/./node_modules/next/dist/next-devtools/shared/forward-logs-shared.js:27
[   88368ms] [WARNING] ./components/stats/StatsClient.tsx
Module not found: Can't resolve 'html-to-image' in '/Users/saladin/Developments/interestory/components/stats'

Import trace for requested module:
./components/stats/StatsClient.tsx @ webpack-internal:///(app-pages-browser)/./node_modules/next/dist/next-devtools/shared/forward-logs-shared.js:27
[   88418ms] [LOG] [Fast Refresh] rebuilding @ webpack-internal:///(app-pages-browser)/./node_modules/next/dist/next-devtools/shared/forward-logs-shared.js:27
[   88418ms] [ERROR] Failed to load resource: the server responded with a status of 500 (Internal Server Error) @ http://localhost:3000/icon/192:0
[   88419ms] [WARNING] Error while trying to use the following icon from the Manifest: http://localhost:3000/icon/192 (Download error or resource isn't a valid image) @ http://localhost:3000/:0
[   88426ms] [LOG] [Fast Refresh] done in 8ms @ webpack-internal:///(app-pages-browser)/./node_modules/next/dist/next-devtools/shared/forward-logs-shared.js:27
[   88496ms] [WARNING] ./app/page.tsx
Module not found: Can't resolve 'html-to-image' in '/Users/saladin/Developments/interestory/app'

Import trace for requested module:
./app/page.tsx @ webpack-internal:///(app-pages-browser)/./node_modules/next/dist/next-devtools/shared/forward-logs-shared.js:27
[   88496ms] [WARNING] ./components/stats/StatsClient.tsx
Module not found: Can't resolve 'html-to-image' in '/Users/saladin/Developments/interestory/components/stats'

Import trace for requested module:
./components/stats/StatsClient.tsx @ webpack-internal:///(app-pages-browser)/./node_modules/next/dist/next-devtools/shared/forward-logs-shared.js:27
[   88497ms] [LOG] [Fast Refresh] rebuilding @ webpack-internal:///(app-pages-browser)/./node_modules/next/dist/next-devtools/shared/forward-logs-shared.js:27
[   88502ms] [LOG] [Fast Refresh] done in 5ms @ webpack-internal:///(app-pages-browser)/./node_modules/next/dist/next-devtools/shared/forward-logs-shared.js:27
[   88581ms] [WARNING] ./app/page.tsx
Module not found: Can't resolve 'html-to-image' in '/Users/saladin/Developments/interestory/app'

Import trace for requested module:
./app/page.tsx @ webpack-internal:///(app-pages-browser)/./node_modules/next/dist/next-devtools/shared/forward-logs-shared.js:27
[   88581ms] [WARNING] ./components/stats/StatsClient.tsx
Module not found: Can't resolve 'html-to-image' in '/Users/saladin/Developments/interestory/components/stats'

Import trace for requested module:
./components/stats/StatsClient.tsx @ webpack-internal:///(app-pages-browser)/./node_modules/next/dist/next-devtools/shared/forward-logs-shared.js:27
[   88581ms] [LOG] [Fast Refresh] rebuilding @ webpack-internal:///(app-pages-browser)/./node_modules/next/dist/next-devtools/shared/forward-logs-shared.js:27
[   88595ms] [LOG] [Fast Refresh] done in 14ms @ webpack-internal:///(app-pages-browser)/./node_modules/next/dist/next-devtools/shared/forward-logs-shared.js:27
[   88725ms] [LOG] [Fast Refresh] rebuilding @ webpack-internal:///(app-pages-browser)/./node_modules/next/dist/next-devtools/shared/forward-logs-shared.js:27
[   88725ms] [WARNING] ./app/page.tsx
Module not found: Can't resolve 'html-to-image' in '/Users/saladin/Developments/interestory/app'

Import trace for requested module:
./app/page.tsx @ webpack-internal:///(app-pages-browser)/./node_modules/next/dist/next-devtools/shared/forward-logs-shared.js:27
[   88725ms] [WARNING] ./components/stats/StatsClient.tsx
Module not found: Can't resolve 'html-to-image' in '/Users/saladin/Developments/interestory/components/stats'

Import trace for requested module:
./components/stats/StatsClient.tsx @ webpack-internal:///(app-pages-browser)/./node_modules/next/dist/next-devtools/shared/forward-logs-shared.js:27
[   88740ms] [LOG] [Fast Refresh] done in 14ms @ webpack-internal:///(app-pages-browser)/./node_modules/next/dist/next-devtools/shared/forward-logs-shared.js:27
[   88757ms] [LOG] [Fast Refresh] rebuilding @ webpack-internal:///(app-pages-browser)/./node_modules/next/dist/next-devtools/shared/forward-logs-shared.js:27
[   88762ms] [WARNING] ./app/page.tsx
Module not found: Can't resolve 'html-to-image' in '/Users/saladin/Developments/interestory/app'

Import trace for requested module:
./app/page.tsx @ webpack-internal:///(app-pages-browser)/./node_modules/next/dist/next-devtools/shared/forward-logs-shared.js:27
[   88762ms] [WARNING] ./components/stats/StatsClient.tsx
Module not found: Can't resolve 'html-to-image' in '/Users/saladin/Developments/interestory/components/stats'

Import trace for requested module:
./components/stats/StatsClient.tsx @ webpack-internal:///(app-pages-browser)/./node_modules/next/dist/next-devtools/shared/forward-logs-shared.js:27
[   88762ms] [LOG] [Fast Refresh] done in 4ms @ webpack-internal:///(app-pages-browser)/./node_modules/next/dist/next-devtools/shared/forward-logs-shared.js:27
[   88774ms] [ERROR] Failed to load resource: the server responded with a status of 500 (Internal Server Error) @ http://localhost:3000/?_rsc=wnywt:0
[   88830ms] [LOG] [Fast Refresh] rebuilding @ webpack-internal:///(app-pages-browser)/./node_modules/next/dist/next-devtools/shared/forward-logs-shared.js:27
[   88854ms] [WARNING] ./app/page.tsx
Module not found: Can't resolve 'html-to-image' in '/Users/saladin/Developments/interestory/app'

Import trace for requested module:
./app/page.tsx @ webpack-internal:///(app-pages-browser)/./node_modules/next/dist/next-devtools/shared/forward-logs-shared.js:27
[   88854ms] [WARNING] ./components/stats/StatsClient.tsx
Module not found: Can't resolve 'html-to-image' in '/Users/saladin/Developments/interestory/components/stats'

Import trace for requested module:
./components/stats/StatsClient.tsx @ webpack-internal:///(app-pages-browser)/./node_modules/next/dist/next-devtools/shared/forward-logs-shared.js:27
[   88903ms] [LOG] [Fast Refresh] rebuilding @ webpack-internal:///(app-pages-browser)/./node_modules/next/dist/next-devtools/shared/forward-logs-shared.js:27
[   88906ms] [LOG] [Fast Refresh] done in 3ms @ webpack-internal:///(app-pages-browser)/./node_modules/next/dist/next-devtools/shared/forward-logs-shared.js:27
[   88928ms] [WARNING] ./app/page.tsx
Module not found: Can't resolve 'html-to-image' in '/Users/saladin/Developments/interestory/app'

Import trace for requested module:
./app/page.tsx @ webpack-internal:///(app-pages-browser)/./node_modules/next/dist/next-devtools/shared/forward-logs-shared.js:27
[   88928ms] [WARNING] ./components/stats/StatsClient.tsx
Module not found: Can't resolve 'html-to-image' in '/Users/saladin/Developments/interestory/components/stats'

Import trace for requested module:
./components/stats/StatsClient.tsx @ webpack-internal:///(app-pages-browser)/./node_modules/next/dist/next-devtools/shared/forward-logs-shared.js:27
[   88982ms] [LOG] [Fast Refresh] rebuilding @ webpack-internal:///(app-pages-browser)/./node_modules/next/dist/next-devtools/shared/forward-logs-shared.js:27
[   89471ms] [INFO] %cDownload the React DevTools for a better development experience: https://react.dev/link/react-devtools font-weight:bold @ webpack-internal:///(app-pages-browser)/./node_modules/next/dist/next-devtools/shared/forward-logs-shared.js:27
[   89481ms] [LOG] [HMR] connected @ webpack-internal:///(app-pages-browser)/./node_modules/next/dist/next-devtools/shared/forward-logs-shared.js:27
[   89482ms] [WARNING] ./app/page.tsx
Module not found: Can't resolve 'html-to-image' in '/Users/saladin/Developments/interestory/app' @ webpack-internal:///(app-pages-browser)/./node_modules/next/dist/next-devtools/shared/forward-logs-shared.js:27
[   89482ms] [WARNING] ./components/stats/StatsClient.tsx
Module not found: Can't resolve 'html-to-image' in '/Users/saladin/Developments/interestory/components/stats' @ webpack-internal:///(app-pages-browser)/./node_modules/next/dist/next-devtools/shared/forward-logs-shared.js:27
[   89508ms] [LOG] [Fast Refresh] rebuilding @ webpack-internal:///(app-pages-browser)/./node_modules/next/dist/next-devtools/shared/forward-logs-shared.js:27
[   89539ms] [WARNING] Image with src "/momo.png" has either width or height modified, but not the other. If you use CSS to change the size of your image, also include the styles 'width: "auto"' or 'height: "auto"' to maintain the aspect ratio. @ webpack-internal:///(app-pages-browser)/./node_modules/next/dist/next-devtools/shared/forward-logs-shared.js:27
[   89594ms] [WARNING] ./app/page.tsx
Module not found: Can't resolve 'html-to-image' in '/Users/saladin/Developments/interestory/app'

Import trace for requested module:
./app/page.tsx @ webpack-internal:///(app-pages-browser)/./node_modules/next/dist/next-devtools/shared/forward-logs-shared.js:27
[   89594ms] [WARNING] ./components/stats/StatsClient.tsx
Module not found: Can't resolve 'html-to-image' in '/Users/saladin/Developments/interestory/components/stats'

Import trace for requested module:
./components/stats/StatsClient.tsx @ webpack-internal:///(app-pages-browser)/./node_modules/next/dist/next-devtools/shared/forward-logs-shared.js:27
[   89594ms] [LOG] [Fast Refresh] rebuilding @ webpack-internal:///(app-pages-browser)/./node_modules/next/dist/next-devtools/shared/forward-logs-shared.js:27
[   89674ms] [LOG] [Fast Refresh] done in 80ms @ webpack-internal:///(app-pages-browser)/./node_modules/next/dist/next-devtools/shared/forward-logs-shared.js:27
[   89677ms] [WARNING] ./app/page.tsx
Module not found: Can't resolve 'html-to-image' in '/Users/saladin/Developments/interestory/app'

Import trace for requested module:
./app/page.tsx @ webpack-internal:///(app-pages-browser)/./node_modules/next/dist/next-devtools/shared/forward-logs-shared.js:27
[   89677ms] [WARNING] ./components/stats/StatsClient.tsx
Module not found: Can't resolve 'html-to-image' in '/Users/saladin/Developments/interestory/components/stats'

Import trace for requested module:
./components/stats/StatsClient.tsx @ webpack-internal:///(app-pages-browser)/./node_modules/next/dist/next-devtools/shared/forward-logs-shared.js:27
[   89678ms] [LOG] [Fast Refresh] rebuilding @ webpack-internal:///(app-pages-browser)/./node_modules/next/dist/next-devtools/shared/forward-logs-shared.js:27
[   89681ms] [LOG] [Fast Refresh] done in 3ms @ webpack-internal:///(app-pages-browser)/./node_modules/next/dist/next-devtools/shared/forward-logs-shared.js:27
[   89769ms] [WARNING] ./app/page.tsx
Module not found: Can't resolve 'html-to-image' in '/Users/saladin/Developments/interestory/app'

Import trace for requested module:
./app/page.tsx @ webpack-internal:///(app-pages-browser)/./node_modules/next/dist/next-devtools/shared/forward-logs-shared.js:27
[   89770ms] [WARNING] ./components/stats/StatsClient.tsx
Module not found: Can't resolve 'html-to-image' in '/Users/saladin/Developments/interestory/components/stats'

Import trace for requested module:
./components/stats/StatsClient.tsx @ webpack-internal:///(app-pages-browser)/./node_modules/next/dist/next-devtools/shared/forward-logs-shared.js:27
[   89770ms] [LOG] [Fast Refresh] rebuilding @ webpack-internal:///(app-pages-browser)/./node_modules/next/dist/next-devtools/shared/forward-logs-shared.js:27
[   89786ms] [LOG] [Fast Refresh] done in 16ms @ webpack-internal:///(app-pages-browser)/./node_modules/next/dist/next-devtools/shared/forward-logs-shared.js:27
[   89922ms] [WARNING] ./app/page.tsx
Module not found: Can't resolve 'html-to-image' in '/Users/saladin/Developments/interestory/app'

Import trace for requested module:
./app/page.tsx @ webpack-internal:///(app-pages-browser)/./node_modules/next/dist/next-devtools/shared/forward-logs-shared.js:27
[   89922ms] [WARNING] ./components/stats/StatsClient.tsx
Module not found: Can't resolve 'html-to-image' in '/Users/saladin/Developments/interestory/components/stats'

Import trace for requested module:
./components/stats/StatsClient.tsx @ webpack-internal:///(app-pages-browser)/./node_modules/next/dist/next-devtools/shared/forward-logs-shared.js:27
[   89922ms] [LOG] [Fast Refresh] rebuilding @ webpack-internal:///(app-pages-browser)/./node_modules/next/dist/next-devtools/shared/forward-logs-shared.js:27
[   89937ms] [LOG] [Fast Refresh] done in 15ms @ webpack-internal:///(app-pages-browser)/./node_modules/next/dist/next-devtools/shared/forward-logs-shared.js:27
[   89957ms] [WARNING] ./app/page.tsx
Module not found: Can't resolve 'html-to-image' in '/Users/saladin/Developments/interestory/app'

Import trace for requested module:
./app/page.tsx @ webpack-internal:///(app-pages-browser)/./node_modules/next/dist/next-devtools/shared/forward-logs-shared.js:27
[   89957ms] [WARNING] ./components/stats/StatsClient.tsx
Module not found: Can't resolve 'html-to-image' in '/Users/saladin/Developments/interestory/components/stats'

Import trace for requested module:
./components/stats/StatsClient.tsx @ webpack-internal:///(app-pages-browser)/./node_modules/next/dist/next-devtools/shared/forward-logs-shared.js:27
[   89957ms] [LOG] [Fast Refresh] done in 34ms @ webpack-internal:///(app-pages-browser)/./node_modules/next/dist/next-devtools/shared/forward-logs-shared.js:27
[   89960ms] [LOG] [Fast Refresh] rebuilding @ webpack-internal:///(app-pages-browser)/./node_modules/next/dist/next-devtools/shared/forward-logs-shared.js:27
[   90098ms] [WARNING] ./app/page.tsx
Module not found: Can't resolve 'html-to-image' in '/Users/saladin/Developments/interestory/app'

Import trace for requested module:
./app/page.tsx @ webpack-internal:///(app-pages-browser)/./node_modules/next/dist/next-devtools/shared/forward-logs-shared.js:27
[   90098ms] [WARNING] ./components/stats/StatsClient.tsx
Module not found: Can't resolve 'html-to-image' in '/Users/saladin/Developments/interestory/components/stats'

Import trace for requested module:
./components/stats/StatsClient.tsx @ webpack-internal:///(app-pages-browser)/./node_modules/next/dist/next-devtools/shared/forward-logs-shared.js:27
[   90124ms] [ERROR] Failed to load resource: the server responded with a status of 500 (Internal Server Error) @ http://localhost:3000/?_rsc=wnywt:0
[   90125ms] [LOG] [Fast Refresh] rebuilding @ webpack-internal:///(app-pages-browser)/./node_modules/next/dist/next-devtools/shared/forward-logs-shared.js:27
[   90139ms] [LOG] [Fast Refresh] done in 15ms @ webpack-internal:///(app-pages-browser)/./node_modules/next/dist/next-devtools/shared/forward-logs-shared.js:27
[   90208ms] [WARNING] ./app/page.tsx
Module not found: Can't resolve 'html-to-image' in '/Users/saladin/Developments/interestory/app'

Import trace for requested module:
./app/page.tsx @ webpack-internal:///(app-pages-browser)/./node_modules/next/dist/next-devtools/shared/forward-logs-shared.js:27
[   90208ms] [WARNING] ./components/stats/StatsClient.tsx
Module not found: Can't resolve 'html-to-image' in '/Users/saladin/Developments/interestory/components/stats'

Import trace for requested module:
./components/stats/StatsClient.tsx @ webpack-internal:///(app-pages-browser)/./node_modules/next/dist/next-devtools/shared/forward-logs-shared.js:27
[   90209ms] [LOG] [Fast Refresh] rebuilding @ webpack-internal:///(app-pages-browser)/./node_modules/next/dist/next-devtools/shared/forward-logs-shared.js:27
[   90213ms] [LOG] [Fast Refresh] done in 3ms @ webpack-internal:///(app-pages-browser)/./node_modules/next/dist/next-devtools/shared/forward-logs-shared.js:27
[   90943ms] [INFO] %cDownload the React DevTools for a better development experience: https://react.dev/link/react-devtools font-weight:bold @ webpack-internal:///(app-pages-browser)/./node_modules/next/dist/next-devtools/shared/forward-logs-shared.js:27
[   90953ms] [LOG] [HMR] connected @ webpack-internal:///(app-pages-browser)/./node_modules/next/dist/next-devtools/shared/forward-logs-shared.js:27
[   90954ms] [WARNING] ./app/page.tsx
Module not found: Can't resolve 'html-to-image' in '/Users/saladin/Developments/interestory/app' @ webpack-internal:///(app-pages-browser)/./node_modules/next/dist/next-devtools/shared/forward-logs-shared.js:27
[   90954ms] [WARNING] ./components/stats/StatsClient.tsx
Module not found: Can't resolve 'html-to-image' in '/Users/saladin/Developments/interestory/components/stats' @ webpack-internal:///(app-pages-browser)/./node_modules/next/dist/next-devtools/shared/forward-logs-shared.js:27
[   91007ms] [LOG] [Fast Refresh] rebuilding @ webpack-internal:///(app-pages-browser)/./node_modules/next/dist/next-devtools/shared/forward-logs-shared.js:27
[   91007ms] [WARNING] Image with src "/momo.png" has either width or height modified, but not the other. If you use CSS to change the size of your image, also include the styles 'width: "auto"' or 'height: "auto"' to maintain the aspect ratio. @ webpack-internal:///(app-pages-browser)/./node_modules/next/dist/next-devtools/shared/forward-logs-shared.js:27
[   91093ms] [WARNING] ./app/page.tsx
Module not found: Can't resolve 'html-to-image' in '/Users/saladin/Developments/interestory/app'

Import trace for requested module:
./app/page.tsx @ webpack-internal:///(app-pages-browser)/./node_modules/next/dist/next-devtools/shared/forward-logs-shared.js:27
[   91093ms] [WARNING] ./components/stats/StatsClient.tsx
Module not found: Can't resolve 'html-to-image' in '/Users/saladin/Developments/interestory/components/stats'

Import trace for requested module:
./components/stats/StatsClient.tsx @ webpack-internal:///(app-pages-browser)/./node_modules/next/dist/next-devtools/shared/forward-logs-shared.js:27
[   91094ms] [LOG] [Fast Refresh] rebuilding @ webpack-internal:///(app-pages-browser)/./node_modules/next/dist/next-devtools/shared/forward-logs-shared.js:27
[   91158ms] [LOG] [Fast Refresh] done in 64ms @ webpack-internal:///(app-pages-browser)/./node_modules/next/dist/next-devtools/shared/forward-logs-shared.js:27
[   91181ms] [WARNING] ./app/page.tsx
Module not found: Can't resolve 'html-to-image' in '/Users/saladin/Developments/interestory/app'

Import trace for requested module:
./app/page.tsx @ webpack-internal:///(app-pages-browser)/./node_modules/next/dist/next-devtools/shared/forward-logs-shared.js:27
[   91181ms] [WARNING] ./components/stats/StatsClient.tsx
Module not found: Can't resolve 'html-to-image' in '/Users/saladin/Developments/interestory/components/stats'

Import trace for requested module:
./components/stats/StatsClient.tsx @ webpack-internal:///(app-pages-browser)/./node_modules/next/dist/next-devtools/shared/forward-logs-shared.js:27
[   91182ms] [LOG] [Fast Refresh] rebuilding @ webpack-internal:///(app-pages-browser)/./node_modules/next/dist/next-devtools/shared/forward-logs-shared.js:27
[   91191ms] [LOG] [Fast Refresh] done in 8ms @ webpack-internal:///(app-pages-browser)/./node_modules/next/dist/next-devtools/shared/forward-logs-shared.js:27
[   91272ms] [WARNING] ./app/page.tsx
Module not found: Can't resolve 'html-to-image' in '/Users/saladin/Developments/interestory/app'

Import trace for requested module:
./app/page.tsx @ webpack-internal:///(app-pages-browser)/./node_modules/next/dist/next-devtools/shared/forward-logs-shared.js:27
[   91272ms] [WARNING] ./components/stats/StatsClient.tsx
Module not found: Can't resolve 'html-to-image' in '/Users/saladin/Developments/interestory/components/stats'

Import trace for requested module:
./components/stats/StatsClient.tsx @ webpack-internal:///(app-pages-browser)/./node_modules/next/dist/next-devtools/shared/forward-logs-shared.js:27
[   91272ms] [LOG] [Fast Refresh] rebuilding @ webpack-internal:///(app-pages-browser)/./node_modules/next/dist/next-devtools/shared/forward-logs-shared.js:27
[   91289ms] [LOG] [Fast Refresh] done in 17ms @ webpack-internal:///(app-pages-browser)/./node_modules/next/dist/next-devtools/shared/forward-logs-shared.js:27
[   91432ms] [WARNING] ./app/page.tsx
Module not found: Can't resolve 'html-to-image' in '/Users/saladin/Developments/interestory/app'

Import trace for requested module:
./app/page.tsx @ webpack-internal:///(app-pages-browser)/./node_modules/next/dist/next-devtools/shared/forward-logs-shared.js:27
[   91432ms] [WARNING] ./components/stats/StatsClient.tsx
Module not found: Can't resolve 'html-to-image' in '/Users/saladin/Developments/interestory/components/stats'

Import trace for requested module:
./components/stats/StatsClient.tsx @ webpack-internal:///(app-pages-browser)/./node_modules/next/dist/next-devtools/shared/forward-logs-shared.js:27
[   91432ms] [LOG] [Fast Refresh] rebuilding @ webpack-internal:///(app-pages-browser)/./node_modules/next/dist/next-devtools/shared/forward-logs-shared.js:27
[   91446ms] [LOG] [Fast Refresh] done in 14ms @ webpack-internal:///(app-pages-browser)/./node_modules/next/dist/next-devtools/shared/forward-logs-shared.js:27
[   91463ms] [LOG] [Fast Refresh] rebuilding @ webpack-internal:///(app-pages-browser)/./node_modules/next/dist/next-devtools/shared/forward-logs-shared.js:27
[   91465ms] [WARNING] ./app/page.tsx
Module not found: Can't resolve 'html-to-image' in '/Users/saladin/Developments/interestory/app'

Import trace for requested module:
./app/page.tsx @ webpack-internal:///(app-pages-browser)/./node_modules/next/dist/next-devtools/shared/forward-logs-shared.js:27
[   91465ms] [WARNING] ./components/stats/StatsClient.tsx
Module not found: Can't resolve 'html-to-image' in '/Users/saladin/Developments/interestory/components/stats'

Import trace for requested module:
./components/stats/StatsClient.tsx @ webpack-internal:///(app-pages-browser)/./node_modules/next/dist/next-devtools/shared/forward-logs-shared.js:27
[   91465ms] [LOG] [Fast Refresh] done in 2ms @ webpack-internal:///(app-pages-browser)/./node_modules/next/dist/next-devtools/shared/forward-logs-shared.js:27
[   91566ms] [ERROR] Failed to load resource: the server responded with a status of 500 (Internal Server Error) @ http://localhost:3000/?_rsc=wnywt:0
[   91645ms] [WARNING] ./app/page.tsx
Module not found: Can't resolve 'html-to-image' in '/Users/saladin/Developments/interestory/app'

Import trace for requested module:
./app/page.tsx @ webpack-internal:///(app-pages-browser)/./node_modules/next/dist/next-devtools/shared/forward-logs-shared.js:27
[   91645ms] [WARNING] ./components/stats/StatsClient.tsx
Module not found: Can't resolve 'html-to-image' in '/Users/saladin/Developments/interestory/components/stats'

Import trace for requested module:
./components/stats/StatsClient.tsx @ webpack-internal:///(app-pages-browser)/./node_modules/next/dist/next-devtools/shared/forward-logs-shared.js:27
[   91646ms] [LOG] [Fast Refresh] rebuilding @ webpack-internal:///(app-pages-browser)/./node_modules/next/dist/next-devtools/shared/forward-logs-shared.js:27
[   91659ms] [LOG] [Fast Refresh] done in 12ms @ webpack-internal:///(app-pages-browser)/./node_modules/next/dist/next-devtools/shared/forward-logs-shared.js:27
[   91745ms] [WARNING] ./app/page.tsx
Module not found: Can't resolve 'html-to-image' in '/Users/saladin/Developments/interestory/app'

Import trace for requested module:
./app/page.tsx @ webpack-internal:///(app-pages-browser)/./node_modules/next/dist/next-devtools/shared/forward-logs-shared.js:27
[   91745ms] [WARNING] ./components/stats/StatsClient.tsx
Module not found: Can't resolve 'html-to-image' in '/Users/saladin/Developments/interestory/components/stats'

Import trace for requested module:
./components/stats/StatsClient.tsx @ webpack-internal:///(app-pages-browser)/./node_modules/next/dist/next-devtools/shared/forward-logs-shared.js:27
[   91745ms] [LOG] [Fast Refresh] rebuilding @ webpack-internal:///(app-pages-browser)/./node_modules/next/dist/next-devtools/shared/forward-logs-shared.js:27
[   92249ms] [INFO] %cDownload the React DevTools for a better development experience: https://react.dev/link/react-devtools font-weight:bold @ webpack-internal:///(app-pages-browser)/./node_modules/next/dist/next-devtools/shared/forward-logs-shared.js:27
[   92259ms] [LOG] [HMR] connected @ webpack-internal:///(app-pages-browser)/./node_modules/next/dist/next-devtools/shared/forward-logs-shared.js:27
[   92261ms] [WARNING] ./app/page.tsx
Module not found: Can't resolve 'html-to-image' in '/Users/saladin/Developments/interestory/app' @ webpack-internal:///(app-pages-browser)/./node_modules/next/dist/next-devtools/shared/forward-logs-shared.js:27
[   92261ms] [WARNING] ./components/stats/StatsClient.tsx
Module not found: Can't resolve 'html-to-image' in '/Users/saladin/Developments/interestory/components/stats' @ webpack-internal:///(app-pages-browser)/./node_modules/next/dist/next-devtools/shared/forward-logs-shared.js:27
[   92313ms] [LOG] [Fast Refresh] rebuilding @ webpack-internal:///(app-pages-browser)/./node_modules/next/dist/next-devtools/shared/forward-logs-shared.js:27
[   92314ms] [WARNING] Image with src "/momo.png" has either width or height modified, but not the other. If you use CSS to change the size of your image, also include the styles 'width: "auto"' or 'height: "auto"' to maintain the aspect ratio. @ webpack-internal:///(app-pages-browser)/./node_modules/next/dist/next-devtools/shared/forward-logs-shared.js:27
[   92387ms] [WARNING] ./app/page.tsx
Module not found: Can't resolve 'html-to-image' in '/Users/saladin/Developments/interestory/app'

Import trace for requested module:
./app/page.tsx @ webpack-internal:///(app-pages-browser)/./node_modules/next/dist/next-devtools/shared/forward-logs-shared.js:27
[   92387ms] [WARNING] ./components/stats/StatsClient.tsx
Module not found: Can't resolve 'html-to-image' in '/Users/saladin/Developments/interestory/components/stats'

Import trace for requested module:
./components/stats/StatsClient.tsx @ webpack-internal:///(app-pages-browser)/./node_modules/next/dist/next-devtools/shared/forward-logs-shared.js:27
[   92388ms] [LOG] [Fast Refresh] rebuilding @ webpack-internal:///(app-pages-browser)/./node_modules/next/dist/next-devtools/shared/forward-logs-shared.js:27
[   92465ms] [LOG] [Fast Refresh] done in 77ms @ webpack-internal:///(app-pages-browser)/./node_modules/next/dist/next-devtools/shared/forward-logs-shared.js:27
[   92467ms] [WARNING] ./app/page.tsx
Module not found: Can't resolve 'html-to-image' in '/Users/saladin/Developments/interestory/app'

Import trace for requested module:
./app/page.tsx @ webpack-internal:///(app-pages-browser)/./node_modules/next/dist/next-devtools/shared/forward-logs-shared.js:27
[   92467ms] [WARNING] ./components/stats/StatsClient.tsx
Module not found: Can't resolve 'html-to-image' in '/Users/saladin/Developments/interestory/components/stats'

Import trace for requested module:
./components/stats/StatsClient.tsx @ webpack-internal:///(app-pages-browser)/./node_modules/next/dist/next-devtools/shared/forward-logs-shared.js:27
[   92468ms] [LOG] [Fast Refresh] rebuilding @ webpack-internal:///(app-pages-browser)/./node_modules/next/dist/next-devtools/shared/forward-logs-shared.js:27
[   92471ms] [LOG] [Fast Refresh] done in 3ms @ webpack-internal:///(app-pages-browser)/./node_modules/next/dist/next-devtools/shared/forward-logs-shared.js:27
[   92548ms] [WARNING] ./app/page.tsx
Module not found: Can't resolve 'html-to-image' in '/Users/saladin/Developments/interestory/app'

Import trace for requested module:
./app/page.tsx @ webpack-internal:///(app-pages-browser)/./node_modules/next/dist/next-devtools/shared/forward-logs-shared.js:27
[   92548ms] [WARNING] ./components/stats/StatsClient.tsx
Module not found: Can't resolve 'html-to-image' in '/Users/saladin/Developments/interestory/components/stats'

Import trace for requested module:
./components/stats/StatsClient.tsx @ webpack-internal:///(app-pages-browser)/./node_modules/next/dist/next-devtools/shared/forward-logs-shared.js:27
[   92549ms] [LOG] [Fast Refresh] rebuilding @ webpack-internal:///(app-pages-browser)/./node_modules/next/dist/next-devtools/shared/forward-logs-shared.js:27
[   92558ms] [LOG] [Fast Refresh] done in 9ms @ webpack-internal:///(app-pages-browser)/./node_modules/next/dist/next-devtools/shared/forward-logs-shared.js:27
[   92630ms] [WARNING] ./app/page.tsx
Module not found: Can't resolve 'html-to-image' in '/Users/saladin/Developments/interestory/app'

Import trace for requested module:
./app/page.tsx @ webpack-internal:///(app-pages-browser)/./node_modules/next/dist/next-devtools/shared/forward-logs-shared.js:27
[   92630ms] [WARNING] ./components/stats/StatsClient.tsx
Module not found: Can't resolve 'html-to-image' in '/Users/saladin/Developments/interestory/components/stats'

Import trace for requested module:
./components/stats/StatsClient.tsx @ webpack-internal:///(app-pages-browser)/./node_modules/next/dist/next-devtools/shared/forward-logs-shared.js:27
[   92631ms] [LOG] [Fast Refresh] rebuilding @ webpack-internal:///(app-pages-browser)/./node_modules/next/dist/next-devtools/shared/forward-logs-shared.js:27
[   92635ms] [LOG] [Fast Refresh] done in 5ms @ webpack-internal:///(app-pages-browser)/./node_modules/next/dist/next-devtools/shared/forward-logs-shared.js:27
[   92714ms] [WARNING] ./app/page.tsx
Module not found: Can't resolve 'html-to-image' in '/Users/saladin/Developments/interestory/app'

Import trace for requested module:
./app/page.tsx @ webpack-internal:///(app-pages-browser)/./node_modules/next/dist/next-devtools/shared/forward-logs-shared.js:27
[   92714ms] [WARNING] ./components/stats/StatsClient.tsx
Module not found: Can't resolve 'html-to-image' in '/Users/saladin/Developments/interestory/components/stats'

Import trace for requested module:
./components/stats/StatsClient.tsx @ webpack-internal:///(app-pages-browser)/./node_modules/next/dist/next-devtools/shared/forward-logs-shared.js:27
[   92716ms] [LOG] [Fast Refresh] rebuilding @ webpack-internal:///(app-pages-browser)/./node_modules/next/dist/next-devtools/shared/forward-logs-shared.js:27
[   92720ms] [LOG] [Fast Refresh] done in 4ms @ webpack-internal:///(app-pages-browser)/./node_modules/next/dist/next-devtools/shared/forward-logs-shared.js:27
[   92813ms] [WARNING] ./app/page.tsx
Module not found: Can't resolve 'html-to-image' in '/Users/saladin/Developments/interestory/app'

Import trace for requested module:
./app/page.tsx @ webpack-internal:///(app-pages-browser)/./node_modules/next/dist/next-devtools/shared/forward-logs-shared.js:27
[   92813ms] [WARNING] ./components/stats/StatsClient.tsx
Module not found: Can't resolve 'html-to-image' in '/Users/saladin/Developments/interestory/components/stats'

Import trace for requested module:
./components/stats/StatsClient.tsx @ webpack-internal:///(app-pages-browser)/./node_modules/next/dist/next-devtools/shared/forward-logs-shared.js:27
[   92814ms] [LOG] [Fast Refresh] rebuilding @ webpack-internal:///(app-pages-browser)/./node_modules/next/dist/next-devtools/shared/forward-logs-shared.js:27
[   92817ms] [LOG] [Fast Refresh] done in 4ms @ webpack-internal:///(app-pages-browser)/./node_modules/next/dist/next-devtools/shared/forward-logs-shared.js:27
[   92895ms] [WARNING] ./app/page.tsx
Module not found: Can't resolve 'html-to-image' in '/Users/saladin/Developments/interestory/app'

Import trace for requested module:
./app/page.tsx @ webpack-internal:///(app-pages-browser)/./node_modules/next/dist/next-devtools/shared/forward-logs-shared.js:27
[   92895ms] [WARNING] ./components/stats/StatsClient.tsx
Module not found: Can't resolve 'html-to-image' in '/Users/saladin/Developments/interestory/components/stats'

Import trace for requested module:
./components/stats/StatsClient.tsx @ webpack-internal:///(app-pages-browser)/./node_modules/next/dist/next-devtools/shared/forward-logs-shared.js:27
[   92896ms] [LOG] [Fast Refresh] rebuilding @ webpack-internal:///(app-pages-browser)/./node_modules/next/dist/next-devtools/shared/forward-logs-shared.js:27
[   92973ms] [WARNING] ./app/page.tsx
Module not found: Can't resolve 'html-to-image' in '/Users/saladin/Developments/interestory/app'

Import trace for requested module:
./app/page.tsx @ webpack-internal:///(app-pages-browser)/./node_modules/next/dist/next-devtools/shared/forward-logs-shared.js:27
[   92973ms] [WARNING] ./components/stats/StatsClient.tsx
Module not found: Can't resolve 'html-to-image' in '/Users/saladin/Developments/interestory/components/stats'

Import trace for requested module:
./components/stats/StatsClient.tsx @ webpack-internal:///(app-pages-browser)/./node_modules/next/dist/next-devtools/shared/forward-logs-shared.js:27
[   92973ms] [LOG] [Fast Refresh] done in 76ms @ webpack-internal:///(app-pages-browser)/./node_modules/next/dist/next-devtools/shared/forward-logs-shared.js:27
[   92974ms] [LOG] [Fast Refresh] rebuilding @ webpack-internal:///(app-pages-browser)/./node_modules/next/dist/next-devtools/shared/forward-logs-shared.js:27
[   93049ms] [WARNING] ./app/page.tsx
Module not found: Can't resolve 'html-to-image' in '/Users/saladin/Developments/interestory/app'

Import trace for requested module:
./app/page.tsx @ webpack-internal:///(app-pages-browser)/./node_modules/next/dist/next-devtools/shared/forward-logs-shared.js:27
[   93049ms] [WARNING] ./components/stats/StatsClient.tsx
Module not found: Can't resolve 'html-to-image' in '/Users/saladin/Developments/interestory/components/stats'

Import trace for requested module:
./components/stats/StatsClient.tsx @ webpack-internal:///(app-pages-browser)/./node_modules/next/dist/next-devtools/shared/forward-logs-shared.js:27
[   93049ms] [LOG] [Fast Refresh] done in 76ms @ webpack-internal:///(app-pages-browser)/./node_modules/next/dist/next-devtools/shared/forward-logs-shared.js:27
[   93051ms] [LOG] [Fast Refresh] rebuilding @ webpack-internal:///(app-pages-browser)/./node_modules/next/dist/next-devtools/shared/forward-logs-shared.js:27
[   93128ms] [WARNING] ./app/page.tsx
Module not found: Can't resolve 'html-to-image' in '/Users/saladin/Developments/interestory/app'

Import trace for requested module:
./app/page.tsx @ webpack-internal:///(app-pages-browser)/./node_modules/next/dist/next-devtools/shared/forward-logs-shared.js:27
[   93128ms] [WARNING] ./components/stats/StatsClient.tsx
Module not found: Can't resolve 'html-to-image' in '/Users/saladin/Developments/interestory/components/stats'

Import trace for requested module:
./components/stats/StatsClient.tsx @ webpack-internal:///(app-pages-browser)/./node_modules/next/dist/next-devtools/shared/forward-logs-shared.js:27
[   93128ms] [LOG] [Fast Refresh] done in 77ms @ webpack-internal:///(app-pages-browser)/./node_modules/next/dist/next-devtools/shared/forward-logs-shared.js:27
[   93129ms] [LOG] [Fast Refresh] rebuilding @ webpack-internal:///(app-pages-browser)/./node_modules/next/dist/next-devtools/shared/forward-logs-shared.js:27
[   93234ms] [WARNING] ./app/page.tsx
Module not found: Can't resolve 'html-to-image' in '/Users/saladin/Developments/interestory/app'

Import trace for requested module:
./app/page.tsx @ webpack-internal:///(app-pages-browser)/./node_modules/next/dist/next-devtools/shared/forward-logs-shared.js:27
[   93234ms] [WARNING] ./components/stats/StatsClient.tsx
Module not found: Can't resolve 'html-to-image' in '/Users/saladin/Developments/interestory/components/stats'

Import trace for requested module:
./components/stats/StatsClient.tsx @ webpack-internal:///(app-pages-browser)/./node_modules/next/dist/next-devtools/shared/forward-logs-shared.js:27
[   93234ms] [LOG] [Fast Refresh] done in 105ms @ webpack-internal:///(app-pages-browser)/./node_modules/next/dist/next-devtools/shared/forward-logs-shared.js:27
[   93235ms] [LOG] [Fast Refresh] rebuilding @ webpack-internal:///(app-pages-browser)/./node_modules/next/dist/next-devtools/shared/forward-logs-shared.js:27
[   93312ms] [WARNING] ./app/page.tsx
Module not found: Can't resolve 'html-to-image' in '/Users/saladin/Developments/interestory/app'

Import trace for requested module:
./app/page.tsx @ webpack-internal:///(app-pages-browser)/./node_modules/next/dist/next-devtools/shared/forward-logs-shared.js:27
[   93312ms] [WARNING] ./components/stats/StatsClient.tsx
Module not found: Can't resolve 'html-to-image' in '/Users/saladin/Developments/interestory/components/stats'

Import trace for requested module:
./components/stats/StatsClient.tsx @ webpack-internal:///(app-pages-browser)/./node_modules/next/dist/next-devtools/shared/forward-logs-shared.js:27
[   93312ms] [LOG] [Fast Refresh] done in 76ms @ webpack-internal:///(app-pages-browser)/./node_modules/next/dist/next-devtools/shared/forward-logs-shared.js:27
[   93312ms] [LOG] [Fast Refresh] rebuilding @ webpack-internal:///(app-pages-browser)/./node_modules/next/dist/next-devtools/shared/forward-logs-shared.js:27
[   93387ms] [WARNING] ./app/page.tsx
Module not found: Can't resolve 'html-to-image' in '/Users/saladin/Developments/interestory/app'

Import trace for requested module:
./app/page.tsx @ webpack-internal:///(app-pages-browser)/./node_modules/next/dist/next-devtools/shared/forward-logs-shared.js:27
[   93387ms] [WARNING] ./components/stats/StatsClient.tsx
Module not found: Can't resolve 'html-to-image' in '/Users/saladin/Developments/interestory/components/stats'

Import trace for requested module:
./components/stats/StatsClient.tsx @ webpack-internal:///(app-pages-browser)/./node_modules/next/dist/next-devtools/shared/forward-logs-shared.js:27
[   93387ms] [LOG] [Fast Refresh] done in 75ms @ webpack-internal:///(app-pages-browser)/./node_modules/next/dist/next-devtools/shared/forward-logs-shared.js:27
[   93387ms] [LOG] [Fast Refresh] rebuilding @ webpack-internal:///(app-pages-browser)/./node_modules/next/dist/next-devtools/shared/forward-logs-shared.js:27
[   93457ms] [WARNING] ./app/page.tsx
Module not found: Can't resolve 'html-to-image' in '/Users/saladin/Developments/interestory/app'

Import trace for requested module:
./app/page.tsx @ webpack-internal:///(app-pages-browser)/./node_modules/next/dist/next-devtools/shared/forward-logs-shared.js:27
[   93457ms] [WARNING] ./components/stats/StatsClient.tsx
Module not found: Can't resolve 'html-to-image' in '/Users/saladin/Developments/interestory/components/stats'

Import trace for requested module:
./components/stats/StatsClient.tsx @ webpack-internal:///(app-pages-browser)/./node_modules/next/dist/next-devtools/shared/forward-logs-shared.js:27
[   93457ms] [LOG] [Fast Refresh] done in 69ms @ webpack-internal:///(app-pages-browser)/./node_modules/next/dist/next-devtools/shared/forward-logs-shared.js:27
[   93458ms] [LOG] [Fast Refresh] rebuilding @ webpack-internal:///(app-pages-browser)/./node_modules/next/dist/next-devtools/shared/forward-logs-shared.js:27
[   93532ms] [WARNING] ./app/page.tsx
Module not found: Can't resolve 'html-to-image' in '/Users/saladin/Developments/interestory/app'

Import trace for requested module:
./app/page.tsx @ webpack-internal:///(app-pages-browser)/./node_modules/next/dist/next-devtools/shared/forward-logs-shared.js:27
[   93532ms] [WARNING] ./components/stats/StatsClient.tsx
Module not found: Can't resolve 'html-to-image' in '/Users/saladin/Developments/interestory/components/stats'

Import trace for requested module:
./components/stats/StatsClient.tsx @ webpack-internal:///(app-pages-browser)/./node_modules/next/dist/next-devtools/shared/forward-logs-shared.js:27
[   93532ms] [LOG] [Fast Refresh] done in 75ms @ webpack-internal:///(app-pages-browser)/./node_modules/next/dist/next-devtools/shared/forward-logs-shared.js:27
[   93533ms] [LOG] [Fast Refresh] rebuilding @ webpack-internal:///(app-pages-browser)/./node_modules/next/dist/next-devtools/shared/forward-logs-shared.js:27
[   93623ms] [WARNING] ./app/page.tsx
Module not found: Can't resolve 'html-to-image' in '/Users/saladin/Developments/interestory/app'

Import trace for requested module:
./app/page.tsx @ webpack-internal:///(app-pages-browser)/./node_modules/next/dist/next-devtools/shared/forward-logs-shared.js:27
[   93623ms] [WARNING] ./components/stats/StatsClient.tsx
Module not found: Can't resolve 'html-to-image' in '/Users/saladin/Developments/interestory/components/stats'

Import trace for requested module:
./components/stats/StatsClient.tsx @ webpack-internal:///(app-pages-browser)/./node_modules/next/dist/next-devtools/shared/forward-logs-shared.js:27
[   93623ms] [LOG] [Fast Refresh] done in 90ms @ webpack-internal:///(app-pages-browser)/./node_modules/next/dist/next-devtools/shared/forward-logs-shared.js:27
[   93624ms] [LOG] [Fast Refresh] rebuilding @ webpack-internal:///(app-pages-browser)/./node_modules/next/dist/next-devtools/shared/forward-logs-shared.js:27
[   93696ms] [WARNING] ./app/page.tsx
Module not found: Can't resolve 'html-to-image' in '/Users/saladin/Developments/interestory/app'

Import trace for requested module:
./app/page.tsx @ webpack-internal:///(app-pages-browser)/./node_modules/next/dist/next-devtools/shared/forward-logs-shared.js:27
[   93696ms] [WARNING] ./components/stats/StatsClient.tsx
Module not found: Can't resolve 'html-to-image' in '/Users/saladin/Developments/interestory/components/stats'

Import trace for requested module:
./components/stats/StatsClient.tsx @ webpack-internal:///(app-pages-browser)/./node_modules/next/dist/next-devtools/shared/forward-logs-shared.js:27
[   93696ms] [LOG] [Fast Refresh] done in 72ms @ webpack-internal:///(app-pages-browser)/./node_modules/next/dist/next-devtools/shared/forward-logs-shared.js:27
[   93697ms] [LOG] [Fast Refresh] rebuilding @ webpack-internal:///(app-pages-browser)/./node_modules/next/dist/next-devtools/shared/forward-logs-shared.js:27
[   93773ms] [WARNING] ./app/page.tsx
Module not found: Can't resolve 'html-to-image' in '/Users/saladin/Developments/interestory/app'

Import trace for requested module:
./app/page.tsx @ webpack-internal:///(app-pages-browser)/./node_modules/next/dist/next-devtools/shared/forward-logs-shared.js:27
[   93773ms] [WARNING] ./components/stats/StatsClient.tsx
Module not found: Can't resolve 'html-to-image' in '/Users/saladin/Developments/interestory/components/stats'

Import trace for requested module:
./components/stats/StatsClient.tsx @ webpack-internal:///(app-pages-browser)/./node_modules/next/dist/next-devtools/shared/forward-logs-shared.js:27
[   93773ms] [LOG] [Fast Refresh] done in 75ms @ webpack-internal:///(app-pages-browser)/./node_modules/next/dist/next-devtools/shared/forward-logs-shared.js:27
[   93774ms] [LOG] [Fast Refresh] rebuilding @ webpack-internal:///(app-pages-browser)/./node_modules/next/dist/next-devtools/shared/forward-logs-shared.js:27
[   93862ms] [WARNING] ./app/page.tsx
Module not found: Can't resolve 'html-to-image' in '/Users/saladin/Developments/interestory/app'

Import trace for requested module:
./app/page.tsx @ webpack-internal:///(app-pages-browser)/./node_modules/next/dist/next-devtools/shared/forward-logs-shared.js:27
[   93862ms] [WARNING] ./components/stats/StatsClient.tsx
Module not found: Can't resolve 'html-to-image' in '/Users/saladin/Developments/interestory/components/stats'

Import trace for requested module:
./components/stats/StatsClient.tsx @ webpack-internal:///(app-pages-browser)/./node_modules/next/dist/next-devtools/shared/forward-logs-shared.js:27
[   93862ms] [LOG] [Fast Refresh] done in 88ms @ webpack-internal:///(app-pages-browser)/./node_modules/next/dist/next-devtools/shared/forward-logs-shared.js:27
[   93864ms] [LOG] [Fast Refresh] rebuilding @ webpack-internal:///(app-pages-browser)/./node_modules/next/dist/next-devtools/shared/forward-logs-shared.js:27
[   93937ms] [WARNING] ./app/page.tsx
Module not found: Can't resolve 'html-to-image' in '/Users/saladin/Developments/interestory/app'

Import trace for requested module:
./app/page.tsx @ webpack-internal:///(app-pages-browser)/./node_modules/next/dist/next-devtools/shared/forward-logs-shared.js:27
[   93937ms] [WARNING] ./components/stats/StatsClient.tsx
Module not found: Can't resolve 'html-to-image' in '/Users/saladin/Developments/interestory/components/stats'

Import trace for requested module:
./components/stats/StatsClient.tsx @ webpack-internal:///(app-pages-browser)/./node_modules/next/dist/next-devtools/shared/forward-logs-shared.js:27
[   93937ms] [LOG] [Fast Refresh] done in 74ms @ webpack-internal:///(app-pages-browser)/./node_modules/next/dist/next-devtools/shared/forward-logs-shared.js:27
[   93938ms] [LOG] [Fast Refresh] rebuilding @ webpack-internal:///(app-pages-browser)/./node_modules/next/dist/next-devtools/shared/forward-logs-shared.js:27
[   94031ms] [WARNING] ./app/page.tsx
Module not found: Can't resolve 'html-to-image' in '/Users/saladin/Developments/interestory/app'

Import trace for requested module:
./app/page.tsx @ webpack-internal:///(app-pages-browser)/./node_modules/next/dist/next-devtools/shared/forward-logs-shared.js:27
[   94031ms] [WARNING] ./components/stats/StatsClient.tsx
Module not found: Can't resolve 'html-to-image' in '/Users/saladin/Developments/interestory/components/stats'

Import trace for requested module:
./components/stats/StatsClient.tsx @ webpack-internal:///(app-pages-browser)/./node_modules/next/dist/next-devtools/shared/forward-logs-shared.js:27
[   94031ms] [LOG] [Fast Refresh] done in 93ms @ webpack-internal:///(app-pages-browser)/./node_modules/next/dist/next-devtools/shared/forward-logs-shared.js:27
[   94032ms] [LOG] [Fast Refresh] rebuilding @ webpack-internal:///(app-pages-browser)/./node_modules/next/dist/next-devtools/shared/forward-logs-shared.js:27
[   94104ms] [WARNING] ./app/page.tsx
Module not found: Can't resolve 'html-to-image' in '/Users/saladin/Developments/interestory/app'

Import trace for requested module:
./app/page.tsx @ webpack-internal:///(app-pages-browser)/./node_modules/next/dist/next-devtools/shared/forward-logs-shared.js:27
[   94104ms] [WARNING] ./components/stats/StatsClient.tsx
Module not found: Can't resolve 'html-to-image' in '/Users/saladin/Developments/interestory/components/stats'

Import trace for requested module:
./components/stats/StatsClient.tsx @ webpack-internal:///(app-pages-browser)/./node_modules/next/dist/next-devtools/shared/forward-logs-shared.js:27
[   94104ms] [LOG] [Fast Refresh] done in 71ms @ webpack-internal:///(app-pages-browser)/./node_modules/next/dist/next-devtools/shared/forward-logs-shared.js:27
[   94105ms] [LOG] [Fast Refresh] rebuilding @ webpack-internal:///(app-pages-browser)/./node_modules/next/dist/next-devtools/shared/forward-logs-shared.js:27
[   94199ms] [WARNING] ./app/page.tsx
Module not found: Can't resolve 'html-to-image' in '/Users/saladin/Developments/interestory/app'

Import trace for requested module:
./app/page.tsx @ webpack-internal:///(app-pages-browser)/./node_modules/next/dist/next-devtools/shared/forward-logs-shared.js:27
[   94199ms] [WARNING] ./components/stats/StatsClient.tsx
Module not found: Can't resolve 'html-to-image' in '/Users/saladin/Developments/interestory/components/stats'

Import trace for requested module:
./components/stats/StatsClient.tsx @ webpack-internal:///(app-pages-browser)/./node_modules/next/dist/next-devtools/shared/forward-logs-shared.js:27
[   94199ms] [LOG] [Fast Refresh] done in 94ms @ webpack-internal:///(app-pages-browser)/./node_modules/next/dist/next-devtools/shared/forward-logs-shared.js:27
[   94200ms] [LOG] [Fast Refresh] rebuilding @ webpack-internal:///(app-pages-browser)/./node_modules/next/dist/next-devtools/shared/forward-logs-shared.js:27
[   94275ms] [WARNING] ./app/page.tsx
Module not found: Can't resolve 'html-to-image' in '/Users/saladin/Developments/interestory/app'

Import trace for requested module:
./app/page.tsx @ webpack-internal:///(app-pages-browser)/./node_modules/next/dist/next-devtools/shared/forward-logs-shared.js:27
[   94275ms] [WARNING] ./components/stats/StatsClient.tsx
Module not found: Can't resolve 'html-to-image' in '/Users/saladin/Developments/interestory/components/stats'

Import trace for requested module:
./components/stats/StatsClient.tsx @ webpack-internal:///(app-pages-browser)/./node_modules/next/dist/next-devtools/shared/forward-logs-shared.js:27
[   94275ms] [LOG] [Fast Refresh] done in 75ms @ webpack-internal:///(app-pages-browser)/./node_modules/next/dist/next-devtools/shared/forward-logs-shared.js:27
[   94276ms] [LOG] [Fast Refresh] rebuilding @ webpack-internal:///(app-pages-browser)/./node_modules/next/dist/next-devtools/shared/forward-logs-shared.js:27
[   94375ms] [WARNING] ./app/page.tsx
Module not found: Can't resolve 'html-to-image' in '/Users/saladin/Developments/interestory/app'

Import trace for requested module:
./app/page.tsx @ webpack-internal:///(app-pages-browser)/./node_modules/next/dist/next-devtools/shared/forward-logs-shared.js:27
[   94375ms] [WARNING] ./components/stats/StatsClient.tsx
Module not found: Can't resolve 'html-to-image' in '/Users/saladin/Developments/interestory/components/stats'

Import trace for requested module:
./components/stats/StatsClient.tsx @ webpack-internal:///(app-pages-browser)/./node_modules/next/dist/next-devtools/shared/forward-logs-shared.js:27
[   94375ms] [LOG] [Fast Refresh] done in 98ms @ webpack-internal:///(app-pages-browser)/./node_modules/next/dist/next-devtools/shared/forward-logs-shared.js:27
[   94376ms] [LOG] [Fast Refresh] rebuilding @ webpack-internal:///(app-pages-browser)/./node_modules/next/dist/next-devtools/shared/forward-logs-shared.js:27
[   94453ms] [WARNING] ./app/page.tsx
Module not found: Can't resolve 'html-to-image' in '/Users/saladin/Developments/interestory/app'

Import trace for requested module:
./app/page.tsx @ webpack-internal:///(app-pages-browser)/./node_modules/next/dist/next-devtools/shared/forward-logs-shared.js:27
[   94453ms] [WARNING] ./components/stats/StatsClient.tsx
Module not found: Can't resolve 'html-to-image' in '/Users/saladin/Developments/interestory/components/stats'

Import trace for requested module:
./components/stats/StatsClient.tsx @ webpack-internal:///(app-pages-browser)/./node_modules/next/dist/next-devtools/shared/forward-logs-shared.js:27
[   94453ms] [LOG] [Fast Refresh] done in 78ms @ webpack-internal:///(app-pages-browser)/./node_modules/next/dist/next-devtools/shared/forward-logs-shared.js:27
[   94454ms] [LOG] [Fast Refresh] rebuilding @ webpack-internal:///(app-pages-browser)/./node_modules/next/dist/next-devtools/shared/forward-logs-shared.js:27
[   94553ms] [WARNING] ./app/page.tsx
Module not found: Can't resolve 'html-to-image' in '/Users/saladin/Developments/interestory/app'

Import trace for requested module:
./app/page.tsx @ webpack-internal:///(app-pages-browser)/./node_modules/next/dist/next-devtools/shared/forward-logs-shared.js:27
[   94553ms] [WARNING] ./components/stats/StatsClient.tsx
Module not found: Can't resolve 'html-to-image' in '/Users/saladin/Developments/interestory/components/stats'

Import trace for requested module:
./components/stats/StatsClient.tsx @ webpack-internal:///(app-pages-browser)/./node_modules/next/dist/next-devtools/shared/forward-logs-shared.js:27
[   94553ms] [LOG] [Fast Refresh] done in 100ms @ webpack-internal:///(app-pages-browser)/./node_modules/next/dist/next-devtools/shared/forward-logs-shared.js:27
[   94554ms] [LOG] [Fast Refresh] rebuilding @ webpack-internal:///(app-pages-browser)/./node_modules/next/dist/next-devtools/shared/forward-logs-shared.js:27
[   94631ms] [WARNING] ./app/page.tsx
Module not found: Can't resolve 'html-to-image' in '/Users/saladin/Developments/interestory/app'

Import trace for requested module:
./app/page.tsx @ webpack-internal:///(app-pages-browser)/./node_modules/next/dist/next-devtools/shared/forward-logs-shared.js:27
[   94631ms] [WARNING] ./components/stats/StatsClient.tsx
Module not found: Can't resolve 'html-to-image' in '/Users/saladin/Developments/interestory/components/stats'

Import trace for requested module:
./components/stats/StatsClient.tsx @ webpack-internal:///(app-pages-browser)/./node_modules/next/dist/next-devtools/shared/forward-logs-shared.js:27
[   94631ms] [LOG] [Fast Refresh] done in 76ms @ webpack-internal:///(app-pages-browser)/./node_modules/next/dist/next-devtools/shared/forward-logs-shared.js:27
[   94632ms] [LOG] [Fast Refresh] rebuilding @ webpack-internal:///(app-pages-browser)/./node_modules/next/dist/next-devtools/shared/forward-logs-shared.js:27
[   94743ms] [WARNING] ./app/page.tsx
Module not found: Can't resolve 'html-to-image' in '/Users/saladin/Developments/interestory/app'

Import trace for requested module:
./app/page.tsx @ webpack-internal:///(app-pages-browser)/./node_modules/next/dist/next-devtools/shared/forward-logs-shared.js:27
[   94744ms] [WARNING] ./components/stats/StatsClient.tsx
Module not found: Can't resolve 'html-to-image' in '/Users/saladin/Developments/interestory/components/stats'

Import trace for requested module:
./components/stats/StatsClient.tsx @ webpack-internal:///(app-pages-browser)/./node_modules/next/dist/next-devtools/shared/forward-logs-shared.js:27
[   94744ms] [LOG] [Fast Refresh] done in 112ms @ webpack-internal:///(app-pages-browser)/./node_modules/next/dist/next-devtools/shared/forward-logs-shared.js:27
[   94745ms] [LOG] [Fast Refresh] rebuilding @ webpack-internal:///(app-pages-browser)/./node_modules/next/dist/next-devtools/shared/forward-logs-shared.js:27
[   94858ms] [WARNING] ./app/page.tsx
Module not found: Can't resolve 'html-to-image' in '/Users/saladin/Developments/interestory/app'

Import trace for requested module:
./app/page.tsx @ webpack-internal:///(app-pages-browser)/./node_modules/next/dist/next-devtools/shared/forward-logs-shared.js:27
[   94858ms] [WARNING] ./components/stats/StatsClient.tsx
Module not found: Can't resolve 'html-to-image' in '/Users/saladin/Developments/interestory/components/stats'

Import trace for requested module:
./components/stats/StatsClient.tsx @ webpack-internal:///(app-pages-browser)/./node_modules/next/dist/next-devtools/shared/forward-logs-shared.js:27
[   94858ms] [LOG] [Fast Refresh] done in 114ms @ webpack-internal:///(app-pages-browser)/./node_modules/next/dist/next-devtools/shared/forward-logs-shared.js:27
[   94859ms] [LOG] [Fast Refresh] rebuilding @ webpack-internal:///(app-pages-browser)/./node_modules/next/dist/next-devtools/shared/forward-logs-shared.js:27
[   94951ms] [WARNING] ./app/page.tsx
Module not found: Can't resolve 'html-to-image' in '/Users/saladin/Developments/interestory/app'

Import trace for requested module:
./app/page.tsx @ webpack-internal:///(app-pages-browser)/./node_modules/next/dist/next-devtools/shared/forward-logs-shared.js:27
[   94951ms] [WARNING] ./components/stats/StatsClient.tsx
Module not found: Can't resolve 'html-to-image' in '/Users/saladin/Developments/interestory/components/stats'

Import trace for requested module:
./components/stats/StatsClient.tsx @ webpack-internal:///(app-pages-browser)/./node_modules/next/dist/next-devtools/shared/forward-logs-shared.js:27
[   94951ms] [LOG] [Fast Refresh] done in 92ms @ webpack-internal:///(app-pages-browser)/./node_modules/next/dist/next-devtools/shared/forward-logs-shared.js:27
[   94952ms] [LOG] [Fast Refresh] rebuilding @ webpack-internal:///(app-pages-browser)/./node_modules/next/dist/next-devtools/shared/forward-logs-shared.js:27
[   95037ms] [WARNING] ./app/page.tsx
Module not found: Can't resolve 'html-to-image' in '/Users/saladin/Developments/interestory/app'

Import trace for requested module:
./app/page.tsx @ webpack-internal:///(app-pages-browser)/./node_modules/next/dist/next-devtools/shared/forward-logs-shared.js:27
[   95037ms] [WARNING] ./components/stats/StatsClient.tsx
Module not found: Can't resolve 'html-to-image' in '/Users/saladin/Developments/interestory/components/stats'

Import trace for requested module:
./components/stats/StatsClient.tsx @ webpack-internal:///(app-pages-browser)/./node_modules/next/dist/next-devtools/shared/forward-logs-shared.js:27
[   95037ms] [LOG] [Fast Refresh] done in 86ms @ webpack-internal:///(app-pages-browser)/./node_modules/next/dist/next-devtools/shared/forward-logs-shared.js:27
[   95039ms] [LOG] [Fast Refresh] rebuilding @ webpack-internal:///(app-pages-browser)/./node_modules/next/dist/next-devtools/shared/forward-logs-shared.js:27
[   95116ms] [WARNING] ./app/page.tsx
Module not found: Can't resolve 'html-to-image' in '/Users/saladin/Developments/interestory/app'

Import trace for requested module:
./app/page.tsx @ webpack-internal:///(app-pages-browser)/./node_modules/next/dist/next-devtools/shared/forward-logs-shared.js:27
[   95116ms] [WARNING] ./components/stats/StatsClient.tsx
Module not found: Can't resolve 'html-to-image' in '/Users/saladin/Developments/interestory/components/stats'

Import trace for requested module:
./components/stats/StatsClient.tsx @ webpack-internal:///(app-pages-browser)/./node_modules/next/dist/next-devtools/shared/forward-logs-shared.js:27
[   95116ms] [LOG] [Fast Refresh] done in 77ms @ webpack-internal:///(app-pages-browser)/./node_modules/next/dist/next-devtools/shared/forward-logs-shared.js:27
[   95117ms] [LOG] [Fast Refresh] rebuilding @ webpack-internal:///(app-pages-browser)/./node_modules/next/dist/next-devtools/shared/forward-logs-shared.js:27
[   95203ms] [WARNING] ./app/page.tsx
Module not found: Can't resolve 'html-to-image' in '/Users/saladin/Developments/interestory/app'

Import trace for requested module:
./app/page.tsx @ webpack-internal:///(app-pages-browser)/./node_modules/next/dist/next-devtools/shared/forward-logs-shared.js:27
[   95203ms] [WARNING] ./components/stats/StatsClient.tsx
Module not found: Can't resolve 'html-to-image' in '/Users/saladin/Developments/interestory/components/stats'

Import trace for requested module:
./components/stats/StatsClient.tsx @ webpack-internal:///(app-pages-browser)/./node_modules/next/dist/next-devtools/shared/forward-logs-shared.js:27
[   95203ms] [LOG] [Fast Refresh] done in 87ms @ webpack-internal:///(app-pages-browser)/./node_modules/next/dist/next-devtools/shared/forward-logs-shared.js:27
[   95203ms] [LOG] [Fast Refresh] rebuilding @ webpack-internal:///(app-pages-browser)/./node_modules/next/dist/next-devtools/shared/forward-logs-shared.js:27
[   95354ms] [LOG] [Fast Refresh] rebuilding @ webpack-internal:///(app-pages-browser)/./node_modules/next/dist/next-devtools/shared/forward-logs-shared.js:27
[   95354ms] [WARNING] ./app/page.tsx
Module not found: Can't resolve 'html-to-image' in '/Users/saladin/Developments/interestory/app'

Import trace for requested module:
./app/page.tsx @ webpack-internal:///(app-pages-browser)/./node_modules/next/dist/next-devtools/shared/forward-logs-shared.js:27
[   95354ms] [WARNING] ./components/stats/StatsClient.tsx
Module not found: Can't resolve 'html-to-image' in '/Users/saladin/Developments/interestory/components/stats'

Import trace for requested module:
./components/stats/StatsClient.tsx @ webpack-internal:///(app-pages-browser)/./node_modules/next/dist/next-devtools/shared/forward-logs-shared.js:27
[   95354ms] [LOG] [Fast Refresh] done in 0ms @ webpack-internal:///(app-pages-browser)/./node_modules/next/dist/next-devtools/shared/forward-logs-shared.js:27
[   95385ms] [WARNING] ./app/page.tsx
Module not found: Can't resolve 'html-to-image' in '/Users/saladin/Developments/interestory/app'

Import trace for requested module:
./app/page.tsx @ webpack-internal:///(app-pages-browser)/./node_modules/next/dist/next-devtools/shared/forward-logs-shared.js:27
[   95385ms] [WARNING] ./components/stats/StatsClient.tsx
Module not found: Can't resolve 'html-to-image' in '/Users/saladin/Developments/interestory/components/stats'

Import trace for requested module:
./components/stats/StatsClient.tsx @ webpack-internal:///(app-pages-browser)/./node_modules/next/dist/next-devtools/shared/forward-logs-shared.js:27
[   95385ms] [LOG] [Fast Refresh] done in 30ms @ webpack-internal:///(app-pages-browser)/./node_modules/next/dist/next-devtools/shared/forward-logs-shared.js:27
[   95398ms] [LOG] [Fast Refresh] rebuilding @ webpack-internal:///(app-pages-browser)/./node_modules/next/dist/next-devtools/shared/forward-logs-shared.js:27
[   95398ms] [ERROR] Failed to load resource: the server responded with a status of 500 (Internal Server Error) @ http://localhost:3000/?_rsc=wnywt:0
[   95474ms] [WARNING] ./app/page.tsx
Module not found: Can't resolve 'html-to-image' in '/Users/saladin/Developments/interestory/app'

Import trace for requested module:
./app/page.tsx @ webpack-internal:///(app-pages-browser)/./node_modules/next/dist/next-devtools/shared/forward-logs-shared.js:27
[   95474ms] [WARNING] ./components/stats/StatsClient.tsx
Module not found: Can't resolve 'html-to-image' in '/Users/saladin/Developments/interestory/components/stats'

Import trace for requested module:
./components/stats/StatsClient.tsx @ webpack-internal:///(app-pages-browser)/./node_modules/next/dist/next-devtools/shared/forward-logs-shared.js:27
[   95474ms] [LOG] [Fast Refresh] done in 76ms @ webpack-internal:///(app-pages-browser)/./node_modules/next/dist/next-devtools/shared/forward-logs-shared.js:27
[   95475ms] [LOG] [Fast Refresh] rebuilding @ webpack-internal:///(app-pages-browser)/./node_modules/next/dist/next-devtools/shared/forward-logs-shared.js:27
[   95645ms] [WARNING] ./app/page.tsx
Module not found: Can't resolve 'html-to-image' in '/Users/saladin/Developments/interestory/app'

Import trace for requested module:
./app/page.tsx @ webpack-internal:///(app-pages-browser)/./node_modules/next/dist/next-devtools/shared/forward-logs-shared.js:27
[   95645ms] [WARNING] ./components/stats/StatsClient.tsx
Module not found: Can't resolve 'html-to-image' in '/Users/saladin/Developments/interestory/components/stats'

Import trace for requested module:
./components/stats/StatsClient.tsx @ webpack-internal:///(app-pages-browser)/./node_modules/next/dist/next-devtools/shared/forward-logs-shared.js:27
[   95645ms] [LOG] [Fast Refresh] done in 171ms @ webpack-internal:///(app-pages-browser)/./node_modules/next/dist/next-devtools/shared/forward-logs-shared.js:27
[   95645ms] [LOG] [Fast Refresh] rebuilding @ webpack-internal:///(app-pages-browser)/./node_modules/next/dist/next-devtools/shared/forward-logs-shared.js:27
[   96201ms] [INFO] %cDownload the React DevTools for a better development experience: https://react.dev/link/react-devtools font-weight:bold @ webpack-internal:///(app-pages-browser)/./node_modules/next/dist/next-devtools/shared/forward-logs-shared.js:27
[   96212ms] [LOG] [HMR] connected @ webpack-internal:///(app-pages-browser)/./node_modules/next/dist/next-devtools/shared/forward-logs-shared.js:27
[   96213ms] [WARNING] ./app/page.tsx
Module not found: Can't resolve 'html-to-image' in '/Users/saladin/Developments/interestory/app' @ webpack-internal:///(app-pages-browser)/./node_modules/next/dist/next-devtools/shared/forward-logs-shared.js:27
[   96213ms] [WARNING] ./components/stats/StatsClient.tsx
Module not found: Can't resolve 'html-to-image' in '/Users/saladin/Developments/interestory/components/stats' @ webpack-internal:///(app-pages-browser)/./node_modules/next/dist/next-devtools/shared/forward-logs-shared.js:27
[   96223ms] [LOG] [Fast Refresh] rebuilding @ webpack-internal:///(app-pages-browser)/./node_modules/next/dist/next-devtools/shared/forward-logs-shared.js:27
[   96266ms] [WARNING] Image with src "/momo.png" has either width or height modified, but not the other. If you use CSS to change the size of your image, also include the styles 'width: "auto"' or 'height: "auto"' to maintain the aspect ratio. @ webpack-internal:///(app-pages-browser)/./node_modules/next/dist/next-devtools/shared/forward-logs-shared.js:27
[   96298ms] [WARNING] ./app/page.tsx
Module not found: Can't resolve 'html-to-image' in '/Users/saladin/Developments/interestory/app'

Import trace for requested module:
./app/page.tsx @ webpack-internal:///(app-pages-browser)/./node_modules/next/dist/next-devtools/shared/forward-logs-shared.js:27
[   96298ms] [WARNING] ./components/stats/StatsClient.tsx
Module not found: Can't resolve 'html-to-image' in '/Users/saladin/Developments/interestory/components/stats'

Import trace for requested module:
./components/stats/StatsClient.tsx @ webpack-internal:///(app-pages-browser)/./node_modules/next/dist/next-devtools/shared/forward-logs-shared.js:27
[   96298ms] [LOG] [Fast Refresh] rebuilding @ webpack-internal:///(app-pages-browser)/./node_modules/next/dist/next-devtools/shared/forward-logs-shared.js:27
[   96360ms] [LOG] [Fast Refresh] done in 63ms @ webpack-internal:///(app-pages-browser)/./node_modules/next/dist/next-devtools/shared/forward-logs-shared.js:27
[   96387ms] [WARNING] ./app/page.tsx
Module not found: Can't resolve 'html-to-image' in '/Users/saladin/Developments/interestory/app'

Import trace for requested module:
./app/page.tsx @ webpack-internal:///(app-pages-browser)/./node_modules/next/dist/next-devtools/shared/forward-logs-shared.js:27
[   96387ms] [WARNING] ./components/stats/StatsClient.tsx
Module not found: Can't resolve 'html-to-image' in '/Users/saladin/Developments/interestory/components/stats'

Import trace for requested module:
./components/stats/StatsClient.tsx @ webpack-internal:///(app-pages-browser)/./node_modules/next/dist/next-devtools/shared/forward-logs-shared.js:27
[   96388ms] [LOG] [Fast Refresh] rebuilding @ webpack-internal:///(app-pages-browser)/./node_modules/next/dist/next-devtools/shared/forward-logs-shared.js:27
[   96392ms] [LOG] [Fast Refresh] done in 3ms @ webpack-internal:///(app-pages-browser)/./node_modules/next/dist/next-devtools/shared/forward-logs-shared.js:27
[   96518ms] [WARNING] ./app/page.tsx
Module not found: Can't resolve 'html-to-image' in '/Users/saladin/Developments/interestory/app'

Import trace for requested module:
./app/page.tsx @ webpack-internal:///(app-pages-browser)/./node_modules/next/dist/next-devtools/shared/forward-logs-shared.js:27
[   96518ms] [WARNING] ./components/stats/StatsClient.tsx
Module not found: Can't resolve 'html-to-image' in '/Users/saladin/Developments/interestory/components/stats'

Import trace for requested module:
./components/stats/StatsClient.tsx @ webpack-internal:///(app-pages-browser)/./node_modules/next/dist/next-devtools/shared/forward-logs-shared.js:27
[   96519ms] [LOG] [Fast Refresh] rebuilding @ webpack-internal:///(app-pages-browser)/./node_modules/next/dist/next-devtools/shared/forward-logs-shared.js:27
[   96523ms] [LOG] [Fast Refresh] done in 4ms @ webpack-internal:///(app-pages-browser)/./node_modules/next/dist/next-devtools/shared/forward-logs-shared.js:27
[   96597ms] [WARNING] ./app/page.tsx
Module not found: Can't resolve 'html-to-image' in '/Users/saladin/Developments/interestory/app'

Import trace for requested module:
./app/page.tsx @ webpack-internal:///(app-pages-browser)/./node_modules/next/dist/next-devtools/shared/forward-logs-shared.js:27
[   96598ms] [WARNING] ./components/stats/StatsClient.tsx
Module not found: Can't resolve 'html-to-image' in '/Users/saladin/Developments/interestory/components/stats'

Import trace for requested module:
./components/stats/StatsClient.tsx @ webpack-internal:///(app-pages-browser)/./node_modules/next/dist/next-devtools/shared/forward-logs-shared.js:27
[   96598ms] [LOG] [Fast Refresh] rebuilding @ webpack-internal:///(app-pages-browser)/./node_modules/next/dist/next-devtools/shared/forward-logs-shared.js:27
[   96602ms] [LOG] [Fast Refresh] done in 3ms @ webpack-internal:///(app-pages-browser)/./node_modules/next/dist/next-devtools/shared/forward-logs-shared.js:27
[   96696ms] [WARNING] ./app/page.tsx
Module not found: Can't resolve 'html-to-image' in '/Users/saladin/Developments/interestory/app'

Import trace for requested module:
./app/page.tsx @ webpack-internal:///(app-pages-browser)/./node_modules/next/dist/next-devtools/shared/forward-logs-shared.js:27
[   96696ms] [WARNING] ./components/stats/StatsClient.tsx
Module not found: Can't resolve 'html-to-image' in '/Users/saladin/Developments/interestory/components/stats'

Import trace for requested module:
./components/stats/StatsClient.tsx @ webpack-internal:///(app-pages-browser)/./node_modules/next/dist/next-devtools/shared/forward-logs-shared.js:27
[   96697ms] [LOG] [Fast Refresh] rebuilding @ webpack-internal:///(app-pages-browser)/./node_modules/next/dist/next-devtools/shared/forward-logs-shared.js:27
[   96700ms] [LOG] [Fast Refresh] done in 4ms @ webpack-internal:///(app-pages-browser)/./node_modules/next/dist/next-devtools/shared/forward-logs-shared.js:27
[   96775ms] [WARNING] ./app/page.tsx
Module not found: Can't resolve 'html-to-image' in '/Users/saladin/Developments/interestory/app'

Import trace for requested module:
./app/page.tsx @ webpack-internal:///(app-pages-browser)/./node_modules/next/dist/next-devtools/shared/forward-logs-shared.js:27
[   96775ms] [WARNING] ./components/stats/StatsClient.tsx
Module not found: Can't resolve 'html-to-image' in '/Users/saladin/Developments/interestory/components/stats'

Import trace for requested module:
./components/stats/StatsClient.tsx @ webpack-internal:///(app-pages-browser)/./node_modules/next/dist/next-devtools/shared/forward-logs-shared.js:27
[   96776ms] [LOG] [Fast Refresh] rebuilding @ webpack-internal:///(app-pages-browser)/./node_modules/next/dist/next-devtools/shared/forward-logs-shared.js:27
[   96779ms] [LOG] [Fast Refresh] done in 4ms @ webpack-internal:///(app-pages-browser)/./node_modules/next/dist/next-devtools/shared/forward-logs-shared.js:27
[   96865ms] [WARNING] ./app/page.tsx
Module not found: Can't resolve 'html-to-image' in '/Users/saladin/Developments/interestory/app'

Import trace for requested module:
./app/page.tsx @ webpack-internal:///(app-pages-browser)/./node_modules/next/dist/next-devtools/shared/forward-logs-shared.js:27
[   96865ms] [WARNING] ./components/stats/StatsClient.tsx
Module not found: Can't resolve 'html-to-image' in '/Users/saladin/Developments/interestory/components/stats'

Import trace for requested module:
./components/stats/StatsClient.tsx @ webpack-internal:///(app-pages-browser)/./node_modules/next/dist/next-devtools/shared/forward-logs-shared.js:27
[   96866ms] [LOG] [Fast Refresh] rebuilding @ webpack-internal:///(app-pages-browser)/./node_modules/next/dist/next-devtools/shared/forward-logs-shared.js:27
[   96869ms] [LOG] [Fast Refresh] done in 2ms @ webpack-internal:///(app-pages-browser)/./node_modules/next/dist/next-devtools/shared/forward-logs-shared.js:27
[   96939ms] [WARNING] ./app/page.tsx
Module not found: Can't resolve 'html-to-image' in '/Users/saladin/Developments/interestory/app'

Import trace for requested module:
./app/page.tsx @ webpack-internal:///(app-pages-browser)/./node_modules/next/dist/next-devtools/shared/forward-logs-shared.js:27
[   96939ms] [WARNING] ./components/stats/StatsClient.tsx
Module not found: Can't resolve 'html-to-image' in '/Users/saladin/Developments/interestory/components/stats'

Import trace for requested module:
./components/stats/StatsClient.tsx @ webpack-internal:///(app-pages-browser)/./node_modules/next/dist/next-devtools/shared/forward-logs-shared.js:27
[   96940ms] [LOG] [Fast Refresh] rebuilding @ webpack-internal:///(app-pages-browser)/./node_modules/next/dist/next-devtools/shared/forward-logs-shared.js:27
[   96944ms] [LOG] [Fast Refresh] done in 4ms @ webpack-internal:///(app-pages-browser)/./node_modules/next/dist/next-devtools/shared/forward-logs-shared.js:27
[   97033ms] [WARNING] ./app/page.tsx
Module not found: Can't resolve 'html-to-image' in '/Users/saladin/Developments/interestory/app'

Import trace for requested module:
./app/page.tsx @ webpack-internal:///(app-pages-browser)/./node_modules/next/dist/next-devtools/shared/forward-logs-shared.js:27
[   97033ms] [WARNING] ./components/stats/StatsClient.tsx
Module not found: Can't resolve 'html-to-image' in '/Users/saladin/Developments/interestory/components/stats'

Import trace for requested module:
./components/stats/StatsClient.tsx @ webpack-internal:///(app-pages-browser)/./node_modules/next/dist/next-devtools/shared/forward-logs-shared.js:27
[   97034ms] [LOG] [Fast Refresh] rebuilding @ webpack-internal:///(app-pages-browser)/./node_modules/next/dist/next-devtools/shared/forward-logs-shared.js:27
[   97038ms] [LOG] [Fast Refresh] done in 3ms @ webpack-internal:///(app-pages-browser)/./node_modules/next/dist/next-devtools/shared/forward-logs-shared.js:27
[   97105ms] [WARNING] ./app/page.tsx
Module not found: Can't resolve 'html-to-image' in '/Users/saladin/Developments/interestory/app'

Import trace for requested module:
./app/page.tsx @ webpack-internal:///(app-pages-browser)/./node_modules/next/dist/next-devtools/shared/forward-logs-shared.js:27
[   97105ms] [WARNING] ./components/stats/StatsClient.tsx
Module not found: Can't resolve 'html-to-image' in '/Users/saladin/Developments/interestory/components/stats'

Import trace for requested module:
./components/stats/StatsClient.tsx @ webpack-internal:///(app-pages-browser)/./node_modules/next/dist/next-devtools/shared/forward-logs-shared.js:27
[   97106ms] [LOG] [Fast Refresh] rebuilding @ webpack-internal:///(app-pages-browser)/./node_modules/next/dist/next-devtools/shared/forward-logs-shared.js:27
[   97199ms] [WARNING] ./app/page.tsx
Module not found: Can't resolve 'html-to-image' in '/Users/saladin/Developments/interestory/app'

Import trace for requested module:
./app/page.tsx @ webpack-internal:///(app-pages-browser)/./node_modules/next/dist/next-devtools/shared/forward-logs-shared.js:27
[   97199ms] [WARNING] ./components/stats/StatsClient.tsx
Module not found: Can't resolve 'html-to-image' in '/Users/saladin/Developments/interestory/components/stats'

Import trace for requested module:
./components/stats/StatsClient.tsx @ webpack-internal:///(app-pages-browser)/./node_modules/next/dist/next-devtools/shared/forward-logs-shared.js:27
[   97199ms] [LOG] [Fast Refresh] done in 93ms @ webpack-internal:///(app-pages-browser)/./node_modules/next/dist/next-devtools/shared/forward-logs-shared.js:27
[   97200ms] [LOG] [Fast Refresh] rebuilding @ webpack-internal:///(app-pages-browser)/./node_modules/next/dist/next-devtools/shared/forward-logs-shared.js:27
[   97276ms] [WARNING] ./app/page.tsx
Module not found: Can't resolve 'html-to-image' in '/Users/saladin/Developments/interestory/app'

Import trace for requested module:
./app/page.tsx @ webpack-internal:///(app-pages-browser)/./node_modules/next/dist/next-devtools/shared/forward-logs-shared.js:27
[   97276ms] [WARNING] ./components/stats/StatsClient.tsx
Module not found: Can't resolve 'html-to-image' in '/Users/saladin/Developments/interestory/components/stats'

Import trace for requested module:
./components/stats/StatsClient.tsx @ webpack-internal:///(app-pages-browser)/./node_modules/next/dist/next-devtools/shared/forward-logs-shared.js:27
[   97276ms] [LOG] [Fast Refresh] done in 75ms @ webpack-internal:///(app-pages-browser)/./node_modules/next/dist/next-devtools/shared/forward-logs-shared.js:27
[   97277ms] [LOG] [Fast Refresh] rebuilding @ webpack-internal:///(app-pages-browser)/./node_modules/next/dist/next-devtools/shared/forward-logs-shared.js:27
[   97371ms] [WARNING] ./app/page.tsx
Module not found: Can't resolve 'html-to-image' in '/Users/saladin/Developments/interestory/app'

Import trace for requested module:
./app/page.tsx @ webpack-internal:///(app-pages-browser)/./node_modules/next/dist/next-devtools/shared/forward-logs-shared.js:27
[   97371ms] [WARNING] ./components/stats/StatsClient.tsx
Module not found: Can't resolve 'html-to-image' in '/Users/saladin/Developments/interestory/components/stats'

Import trace for requested module:
./components/stats/StatsClient.tsx @ webpack-internal:///(app-pages-browser)/./node_modules/next/dist/next-devtools/shared/forward-logs-shared.js:27
[   97371ms] [LOG] [Fast Refresh] done in 94ms @ webpack-internal:///(app-pages-browser)/./node_modules/next/dist/next-devtools/shared/forward-logs-shared.js:27
[   97372ms] [LOG] [Fast Refresh] rebuilding @ webpack-internal:///(app-pages-browser)/./node_modules/next/dist/next-devtools/shared/forward-logs-shared.js:27
[   97442ms] [WARNING] ./app/page.tsx
Module not found: Can't resolve 'html-to-image' in '/Users/saladin/Developments/interestory/app'

Import trace for requested module:
./app/page.tsx @ webpack-internal:///(app-pages-browser)/./node_modules/next/dist/next-devtools/shared/forward-logs-shared.js:27
[   97442ms] [WARNING] ./components/stats/StatsClient.tsx
Module not found: Can't resolve 'html-to-image' in '/Users/saladin/Developments/interestory/components/stats'

Import trace for requested module:
./components/stats/StatsClient.tsx @ webpack-internal:///(app-pages-browser)/./node_modules/next/dist/next-devtools/shared/forward-logs-shared.js:27
[   97442ms] [LOG] [Fast Refresh] done in 71ms @ webpack-internal:///(app-pages-browser)/./node_modules/next/dist/next-devtools/shared/forward-logs-shared.js:27
[   97443ms] [LOG] [Fast Refresh] rebuilding @ webpack-internal:///(app-pages-browser)/./node_modules/next/dist/next-devtools/shared/forward-logs-shared.js:27
[   97535ms] [WARNING] ./app/page.tsx
Module not found: Can't resolve 'html-to-image' in '/Users/saladin/Developments/interestory/app'

Import trace for requested module:
./app/page.tsx @ webpack-internal:///(app-pages-browser)/./node_modules/next/dist/next-devtools/shared/forward-logs-shared.js:27
[   97535ms] [WARNING] ./components/stats/StatsClient.tsx
Module not found: Can't resolve 'html-to-image' in '/Users/saladin/Developments/interestory/components/stats'

Import trace for requested module:
./components/stats/StatsClient.tsx @ webpack-internal:///(app-pages-browser)/./node_modules/next/dist/next-devtools/shared/forward-logs-shared.js:27
[   97535ms] [LOG] [Fast Refresh] done in 92ms @ webpack-internal:///(app-pages-browser)/./node_modules/next/dist/next-devtools/shared/forward-logs-shared.js:27
[   97536ms] [LOG] [Fast Refresh] rebuilding @ webpack-internal:///(app-pages-browser)/./node_modules/next/dist/next-devtools/shared/forward-logs-shared.js:27
[   97608ms] [WARNING] ./app/page.tsx
Module not found: Can't resolve 'html-to-image' in '/Users/saladin/Developments/interestory/app'

Import trace for requested module:
./app/page.tsx @ webpack-internal:///(app-pages-browser)/./node_modules/next/dist/next-devtools/shared/forward-logs-shared.js:27
[   97609ms] [WARNING] ./components/stats/StatsClient.tsx
Module not found: Can't resolve 'html-to-image' in '/Users/saladin/Developments/interestory/components/stats'

Import trace for requested module:
./components/stats/StatsClient.tsx @ webpack-internal:///(app-pages-browser)/./node_modules/next/dist/next-devtools/shared/forward-logs-shared.js:27
[   97609ms] [LOG] [Fast Refresh] done in 73ms @ webpack-internal:///(app-pages-browser)/./node_modules/next/dist/next-devtools/shared/forward-logs-shared.js:27
[   97610ms] [LOG] [Fast Refresh] rebuilding @ webpack-internal:///(app-pages-browser)/./node_modules/next/dist/next-devtools/shared/forward-logs-shared.js:27
[   97704ms] [WARNING] ./app/page.tsx
Module not found: Can't resolve 'html-to-image' in '/Users/saladin/Developments/interestory/app'

Import trace for requested module:
./app/page.tsx @ webpack-internal:///(app-pages-browser)/./node_modules/next/dist/next-devtools/shared/forward-logs-shared.js:27
[   97704ms] [WARNING] ./components/stats/StatsClient.tsx
Module not found: Can't resolve 'html-to-image' in '/Users/saladin/Developments/interestory/components/stats'

Import trace for requested module:
./components/stats/StatsClient.tsx @ webpack-internal:///(app-pages-browser)/./node_modules/next/dist/next-devtools/shared/forward-logs-shared.js:27
[   97704ms] [LOG] [Fast Refresh] done in 95ms @ webpack-internal:///(app-pages-browser)/./node_modules/next/dist/next-devtools/shared/forward-logs-shared.js:27
[   97706ms] [LOG] [Fast Refresh] rebuilding @ webpack-internal:///(app-pages-browser)/./node_modules/next/dist/next-devtools/shared/forward-logs-shared.js:27
[   97783ms] [WARNING] ./app/page.tsx
Module not found: Can't resolve 'html-to-image' in '/Users/saladin/Developments/interestory/app'

Import trace for requested module:
./app/page.tsx @ webpack-internal:///(app-pages-browser)/./node_modules/next/dist/next-devtools/shared/forward-logs-shared.js:27
[   97783ms] [WARNING] ./components/stats/StatsClient.tsx
Module not found: Can't resolve 'html-to-image' in '/Users/saladin/Developments/interestory/components/stats'

Import trace for requested module:
./components/stats/StatsClient.tsx @ webpack-internal:///(app-pages-browser)/./node_modules/next/dist/next-devtools/shared/forward-logs-shared.js:27
[   97783ms] [LOG] [Fast Refresh] done in 77ms @ webpack-internal:///(app-pages-browser)/./node_modules/next/dist/next-devtools/shared/forward-logs-shared.js:27
[   97784ms] [LOG] [Fast Refresh] rebuilding @ webpack-internal:///(app-pages-browser)/./node_modules/next/dist/next-devtools/shared/forward-logs-shared.js:27
[   97878ms] [WARNING] ./app/page.tsx
Module not found: Can't resolve 'html-to-image' in '/Users/saladin/Developments/interestory/app'

Import trace for requested module:
./app/page.tsx @ webpack-internal:///(app-pages-browser)/./node_modules/next/dist/next-devtools/shared/forward-logs-shared.js:27
[   97878ms] [WARNING] ./components/stats/StatsClient.tsx
Module not found: Can't resolve 'html-to-image' in '/Users/saladin/Developments/interestory/components/stats'

Import trace for requested module:
./components/stats/StatsClient.tsx @ webpack-internal:///(app-pages-browser)/./node_modules/next/dist/next-devtools/shared/forward-logs-shared.js:27
[   97878ms] [LOG] [Fast Refresh] done in 94ms @ webpack-internal:///(app-pages-browser)/./node_modules/next/dist/next-devtools/shared/forward-logs-shared.js:27
[   97879ms] [LOG] [Fast Refresh] rebuilding @ webpack-internal:///(app-pages-browser)/./node_modules/next/dist/next-devtools/shared/forward-logs-shared.js:27
[   98037ms] [WARNING] ./app/page.tsx
Module not found: Can't resolve 'html-to-image' in '/Users/saladin/Developments/interestory/app'

Import trace for requested module:
./app/page.tsx @ webpack-internal:///(app-pages-browser)/./node_modules/next/dist/next-devtools/shared/forward-logs-shared.js:27
[   98037ms] [WARNING] ./components/stats/StatsClient.tsx
Module not found: Can't resolve 'html-to-image' in '/Users/saladin/Developments/interestory/components/stats'

Import trace for requested module:
./components/stats/StatsClient.tsx @ webpack-internal:///(app-pages-browser)/./node_modules/next/dist/next-devtools/shared/forward-logs-shared.js:27
[   98037ms] [LOG] [Fast Refresh] done in 159ms @ webpack-internal:///(app-pages-browser)/./node_modules/next/dist/next-devtools/shared/forward-logs-shared.js:27
[   98038ms] [LOG] [Fast Refresh] rebuilding @ webpack-internal:///(app-pages-browser)/./node_modules/next/dist/next-devtools/shared/forward-logs-shared.js:27
[   98112ms] [WARNING] ./app/page.tsx
Module not found: Can't resolve 'html-to-image' in '/Users/saladin/Developments/interestory/app'

Import trace for requested module:
./app/page.tsx @ webpack-internal:///(app-pages-browser)/./node_modules/next/dist/next-devtools/shared/forward-logs-shared.js:27
[   98112ms] [WARNING] ./components/stats/StatsClient.tsx
Module not found: Can't resolve 'html-to-image' in '/Users/saladin/Developments/interestory/components/stats'

Import trace for requested module:
./components/stats/StatsClient.tsx @ webpack-internal:///(app-pages-browser)/./node_modules/next/dist/next-devtools/shared/forward-logs-shared.js:27
[   98112ms] [LOG] [Fast Refresh] done in 74ms @ webpack-internal:///(app-pages-browser)/./node_modules/next/dist/next-devtools/shared/forward-logs-shared.js:27
[   98113ms] [LOG] [Fast Refresh] rebuilding @ webpack-internal:///(app-pages-browser)/./node_modules/next/dist/next-devtools/shared/forward-logs-shared.js:27
[   98204ms] [WARNING] ./app/page.tsx
Module not found: Can't resolve 'html-to-image' in '/Users/saladin/Developments/interestory/app'

Import trace for requested module:
./app/page.tsx @ webpack-internal:///(app-pages-browser)/./node_modules/next/dist/next-devtools/shared/forward-logs-shared.js:27
[   98204ms] [WARNING] ./components/stats/StatsClient.tsx
Module not found: Can't resolve 'html-to-image' in '/Users/saladin/Developments/interestory/components/stats'

Import trace for requested module:
./components/stats/StatsClient.tsx @ webpack-internal:///(app-pages-browser)/./node_modules/next/dist/next-devtools/shared/forward-logs-shared.js:27
[   98204ms] [LOG] [Fast Refresh] done in 91ms @ webpack-internal:///(app-pages-browser)/./node_modules/next/dist/next-devtools/shared/forward-logs-shared.js:27
[   98205ms] [LOG] [Fast Refresh] rebuilding @ webpack-internal:///(app-pages-browser)/./node_modules/next/dist/next-devtools/shared/forward-logs-shared.js:27
[   98277ms] [WARNING] ./app/page.tsx
Module not found: Can't resolve 'html-to-image' in '/Users/saladin/Developments/interestory/app'

Import trace for requested module:
./app/page.tsx @ webpack-internal:///(app-pages-browser)/./node_modules/next/dist/next-devtools/shared/forward-logs-shared.js:27
[   98277ms] [WARNING] ./components/stats/StatsClient.tsx
Module not found: Can't resolve 'html-to-image' in '/Users/saladin/Developments/interestory/components/stats'

Import trace for requested module:
./components/stats/StatsClient.tsx @ webpack-internal:///(app-pages-browser)/./node_modules/next/dist/next-devtools/shared/forward-logs-shared.js:27
[   98277ms] [LOG] [Fast Refresh] done in 71ms @ webpack-internal:///(app-pages-browser)/./node_modules/next/dist/next-devtools/shared/forward-logs-shared.js:27
[   98278ms] [LOG] [Fast Refresh] rebuilding @ webpack-internal:///(app-pages-browser)/./node_modules/next/dist/next-devtools/shared/forward-logs-shared.js:27
[   98365ms] [WARNING] ./app/page.tsx
Module not found: Can't resolve 'html-to-image' in '/Users/saladin/Developments/interestory/app'

Import trace for requested module:
./app/page.tsx @ webpack-internal:///(app-pages-browser)/./node_modules/next/dist/next-devtools/shared/forward-logs-shared.js:27
[   98365ms] [WARNING] ./components/stats/StatsClient.tsx
Module not found: Can't resolve 'html-to-image' in '/Users/saladin/Developments/interestory/components/stats'

Import trace for requested module:
./components/stats/StatsClient.tsx @ webpack-internal:///(app-pages-browser)/./node_modules/next/dist/next-devtools/shared/forward-logs-shared.js:27
[   98365ms] [LOG] [Fast Refresh] done in 87ms @ webpack-internal:///(app-pages-browser)/./node_modules/next/dist/next-devtools/shared/forward-logs-shared.js:27
[   98365ms] [LOG] [Fast Refresh] rebuilding @ webpack-internal:///(app-pages-browser)/./node_modules/next/dist/next-devtools/shared/forward-logs-shared.js:27
[   98543ms] [LOG] [Fast Refresh] rebuilding @ webpack-internal:///(app-pages-browser)/./node_modules/next/dist/next-devtools/shared/forward-logs-shared.js:27
[   98543ms] [WARNING] ./app/page.tsx
Module not found: Can't resolve 'html-to-image' in '/Users/saladin/Developments/interestory/app'

Import trace for requested module:
./app/page.tsx @ webpack-internal:///(app-pages-browser)/./node_modules/next/dist/next-devtools/shared/forward-logs-shared.js:27
[   98543ms] [WARNING] ./components/stats/StatsClient.tsx
Module not found: Can't resolve 'html-to-image' in '/Users/saladin/Developments/interestory/components/stats'

Import trace for requested module:
./components/stats/StatsClient.tsx @ webpack-internal:///(app-pages-browser)/./node_modules/next/dist/next-devtools/shared/forward-logs-shared.js:27
[   98543ms] [LOG] [Fast Refresh] done in 0ms @ webpack-internal:///(app-pages-browser)/./node_modules/next/dist/next-devtools/shared/forward-logs-shared.js:27
[   98581ms] [LOG] [Fast Refresh] rebuilding @ webpack-internal:///(app-pages-browser)/./node_modules/next/dist/next-devtools/shared/forward-logs-shared.js:27
[   98605ms] [WARNING] ./app/page.tsx
Module not found: Can't resolve 'html-to-image' in '/Users/saladin/Developments/interestory/app'

Import trace for requested module:
./app/page.tsx @ webpack-internal:///(app-pages-browser)/./node_modules/next/dist/next-devtools/shared/forward-logs-shared.js:27
[   98605ms] [WARNING] ./components/stats/StatsClient.tsx
Module not found: Can't resolve 'html-to-image' in '/Users/saladin/Developments/interestory/components/stats'

Import trace for requested module:
./components/stats/StatsClient.tsx @ webpack-internal:///(app-pages-browser)/./node_modules/next/dist/next-devtools/shared/forward-logs-shared.js:27
[   98605ms] [LOG] [Fast Refresh] done in 24ms @ webpack-internal:///(app-pages-browser)/./node_modules/next/dist/next-devtools/shared/forward-logs-shared.js:27
[   98621ms] [ERROR] Failed to load resource: the server responded with a status of 500 (Internal Server Error) @ http://localhost:3000/?_rsc=wnywt:0
[   98631ms] [LOG] [Fast Refresh] rebuilding @ webpack-internal:///(app-pages-browser)/./node_modules/next/dist/next-devtools/shared/forward-logs-shared.js:27
[   98697ms] [WARNING] ./app/page.tsx
Module not found: Can't resolve 'html-to-image' in '/Users/saladin/Developments/interestory/app'

Import trace for requested module:
./app/page.tsx @ webpack-internal:///(app-pages-browser)/./node_modules/next/dist/next-devtools/shared/forward-logs-shared.js:27
[   98697ms] [WARNING] ./components/stats/StatsClient.tsx
Module not found: Can't resolve 'html-to-image' in '/Users/saladin/Developments/interestory/components/stats'

Import trace for requested module:
./components/stats/StatsClient.tsx @ webpack-internal:///(app-pages-browser)/./node_modules/next/dist/next-devtools/shared/forward-logs-shared.js:27
[   98697ms] [LOG] [Fast Refresh] done in 66ms @ webpack-internal:///(app-pages-browser)/./node_modules/next/dist/next-devtools/shared/forward-logs-shared.js:27
[   98746ms] [LOG] [Fast Refresh] rebuilding @ webpack-internal:///(app-pages-browser)/./node_modules/next/dist/next-devtools/shared/forward-logs-shared.js:27
[   98810ms] [WARNING] ./app/page.tsx
Module not found: Can't resolve 'html-to-image' in '/Users/saladin/Developments/interestory/app'

Import trace for requested module:
./app/page.tsx @ webpack-internal:///(app-pages-browser)/./node_modules/next/dist/next-devtools/shared/forward-logs-shared.js:27
[   98810ms] [WARNING] ./components/stats/StatsClient.tsx
Module not found: Can't resolve 'html-to-image' in '/Users/saladin/Developments/interestory/components/stats'

Import trace for requested module:
./components/stats/StatsClient.tsx @ webpack-internal:///(app-pages-browser)/./node_modules/next/dist/next-devtools/shared/forward-logs-shared.js:27
[   98810ms] [LOG] [Fast Refresh] done in 65ms @ webpack-internal:///(app-pages-browser)/./node_modules/next/dist/next-devtools/shared/forward-logs-shared.js:27
[   98879ms] [LOG] [Fast Refresh] rebuilding @ webpack-internal:///(app-pages-browser)/./node_modules/next/dist/next-devtools/shared/forward-logs-shared.js:27
[   99301ms] [INFO] %cDownload the React DevTools for a better development experience: https://react.dev/link/react-devtools font-weight:bold @ webpack-internal:///(app-pages-browser)/./node_modules/next/dist/next-devtools/shared/forward-logs-shared.js:27
[   99312ms] [LOG] [HMR] connected @ webpack-internal:///(app-pages-browser)/./node_modules/next/dist/next-devtools/shared/forward-logs-shared.js:27
[   99313ms] [WARNING] ./app/page.tsx
Module not found: Can't resolve 'html-to-image' in '/Users/saladin/Developments/interestory/app' @ webpack-internal:///(app-pages-browser)/./node_modules/next/dist/next-devtools/shared/forward-logs-shared.js:27
[   99313ms] [WARNING] ./components/stats/StatsClient.tsx
Module not found: Can't resolve 'html-to-image' in '/Users/saladin/Developments/interestory/components/stats' @ webpack-internal:///(app-pages-browser)/./node_modules/next/dist/next-devtools/shared/forward-logs-shared.js:27
[   99365ms] [LOG] [Fast Refresh] rebuilding @ webpack-internal:///(app-pages-browser)/./node_modules/next/dist/next-devtools/shared/forward-logs-shared.js:27
[   99365ms] [WARNING] Image with src "/momo.png" has either width or height modified, but not the other. If you use CSS to change the size of your image, also include the styles 'width: "auto"' or 'height: "auto"' to maintain the aspect ratio. @ webpack-internal:///(app-pages-browser)/./node_modules/next/dist/next-devtools/shared/forward-logs-shared.js:27
[   99421ms] [WARNING] ./app/page.tsx
Module not found: Can't resolve 'html-to-image' in '/Users/saladin/Developments/interestory/app'

Import trace for requested module:
./app/page.tsx @ webpack-internal:///(app-pages-browser)/./node_modules/next/dist/next-devtools/shared/forward-logs-shared.js:27
[   99421ms] [WARNING] ./components/stats/StatsClient.tsx
Module not found: Can't resolve 'html-to-image' in '/Users/saladin/Developments/interestory/components/stats'

Import trace for requested module:
./components/stats/StatsClient.tsx @ webpack-internal:///(app-pages-browser)/./node_modules/next/dist/next-devtools/shared/forward-logs-shared.js:27
[   99421ms] [LOG] [Fast Refresh] rebuilding @ webpack-internal:///(app-pages-browser)/./node_modules/next/dist/next-devtools/shared/forward-logs-shared.js:27
[   99498ms] [LOG] [Fast Refresh] done in 77ms @ webpack-internal:///(app-pages-browser)/./node_modules/next/dist/next-devtools/shared/forward-logs-shared.js:27
[   99500ms] [WARNING] ./app/page.tsx
Module not found: Can't resolve 'html-to-image' in '/Users/saladin/Developments/interestory/app'

Import trace for requested module:
./app/page.tsx @ webpack-internal:///(app-pages-browser)/./node_modules/next/dist/next-devtools/shared/forward-logs-shared.js:27
[   99500ms] [WARNING] ./components/stats/StatsClient.tsx
Module not found: Can't resolve 'html-to-image' in '/Users/saladin/Developments/interestory/components/stats'

Import trace for requested module:
./components/stats/StatsClient.tsx @ webpack-internal:///(app-pages-browser)/./node_modules/next/dist/next-devtools/shared/forward-logs-shared.js:27
[   99501ms] [LOG] [Fast Refresh] rebuilding @ webpack-internal:///(app-pages-browser)/./node_modules/next/dist/next-devtools/shared/forward-logs-shared.js:27
[   99505ms] [LOG] [Fast Refresh] done in 3ms @ webpack-internal:///(app-pages-browser)/./node_modules/next/dist/next-devtools/shared/forward-logs-shared.js:27
[   99592ms] [WARNING] ./app/page.tsx
Module not found: Can't resolve 'html-to-image' in '/Users/saladin/Developments/interestory/app'

Import trace for requested module:
./app/page.tsx @ webpack-internal:///(app-pages-browser)/./node_modules/next/dist/next-devtools/shared/forward-logs-shared.js:27
[   99592ms] [WARNING] ./components/stats/StatsClient.tsx
Module not found: Can't resolve 'html-to-image' in '/Users/saladin/Developments/interestory/components/stats'

Import trace for requested module:
./components/stats/StatsClient.tsx @ webpack-internal:///(app-pages-browser)/./node_modules/next/dist/next-devtools/shared/forward-logs-shared.js:27
[   99592ms] [LOG] [Fast Refresh] rebuilding @ webpack-internal:///(app-pages-browser)/./node_modules/next/dist/next-devtools/shared/forward-logs-shared.js:27
[   99606ms] [LOG] [Fast Refresh] done in 14ms @ webpack-internal:///(app-pages-browser)/./node_modules/next/dist/next-devtools/shared/forward-logs-shared.js:27
[   99754ms] [LOG] [Fast Refresh] rebuilding @ webpack-internal:///(app-pages-browser)/./node_modules/next/dist/next-devtools/shared/forward-logs-shared.js:27
[   99754ms] [WARNING] ./app/page.tsx
Module not found: Can't resolve 'html-to-image' in '/Users/saladin/Developments/interestory/app'

Import trace for requested module:
./app/page.tsx @ webpack-internal:///(app-pages-browser)/./node_modules/next/dist/next-devtools/shared/forward-logs-shared.js:27
[   99754ms] [WARNING] ./components/stats/StatsClient.tsx
Module not found: Can't resolve 'html-to-image' in '/Users/saladin/Developments/interestory/components/stats'

Import trace for requested module:
./components/stats/StatsClient.tsx @ webpack-internal:///(app-pages-browser)/./node_modules/next/dist/next-devtools/shared/forward-logs-shared.js:27
[   99767ms] [LOG] [Fast Refresh] done in 12ms @ webpack-internal:///(app-pages-browser)/./node_modules/next/dist/next-devtools/shared/forward-logs-shared.js:27
[   99835ms] [LOG] [Fast Refresh] rebuilding @ webpack-internal:///(app-pages-browser)/./node_modules/next/dist/next-devtools/shared/forward-logs-shared.js:27
[   99836ms] [WARNING] ./app/page.tsx
Module not found: Can't resolve 'html-to-image' in '/Users/saladin/Developments/interestory/app'

Import trace for requested module:
./app/page.tsx @ webpack-internal:///(app-pages-browser)/./node_modules/next/dist/next-devtools/shared/forward-logs-shared.js:27
[   99837ms] [WARNING] ./components/stats/StatsClient.tsx
Module not found: Can't resolve 'html-to-image' in '/Users/saladin/Developments/interestory/components/stats'

Import trace for requested module:
./components/stats/StatsClient.tsx @ webpack-internal:///(app-pages-browser)/./node_modules/next/dist/next-devtools/shared/forward-logs-shared.js:27
[   99837ms] [LOG] [Fast Refresh] done in 1ms @ webpack-internal:///(app-pages-browser)/./node_modules/next/dist/next-devtools/shared/forward-logs-shared.js:27
[   99855ms] [ERROR] Failed to load resource: the server responded with a status of 500 (Internal Server Error) @ http://localhost:3000/?_rsc=wnywt:0
[   99855ms] [ERROR] Failed to load resource: the server responded with a status of 500 (Internal Server Error) @ http://localhost:3000/icon/192:0
[   99856ms] [WARNING] Error while trying to use the following icon from the Manifest: http://localhost:3000/icon/192 (Download error or resource isn't a valid image) @ http://localhost:3000/:0
[   99909ms] [LOG] [Fast Refresh] rebuilding @ webpack-internal:///(app-pages-browser)/./node_modules/next/dist/next-devtools/shared/forward-logs-shared.js:27
[   99937ms] [WARNING] ./app/page.tsx
Module not found: Can't resolve 'html-to-image' in '/Users/saladin/Developments/interestory/app'

Import trace for requested module:
./app/page.tsx @ webpack-internal:///(app-pages-browser)/./node_modules/next/dist/next-devtools/shared/forward-logs-shared.js:27
[   99937ms] [WARNING] ./components/stats/StatsClient.tsx
Module not found: Can't resolve 'html-to-image' in '/Users/saladin/Developments/interestory/components/stats'

Import trace for requested module:
./components/stats/StatsClient.tsx @ webpack-internal:///(app-pages-browser)/./node_modules/next/dist/next-devtools/shared/forward-logs-shared.js:27
[   99949ms] [LOG] [Fast Refresh] rebuilding @ webpack-internal:///(app-pages-browser)/./node_modules/next/dist/next-devtools/shared/forward-logs-shared.js:27
[   99952ms] [LOG] [Fast Refresh] done in 2ms @ webpack-internal:///(app-pages-browser)/./node_modules/next/dist/next-devtools/shared/forward-logs-shared.js:27
[  100109ms] [WARNING] ./app/page.tsx
Module not found: Can't resolve 'html-to-image' in '/Users/saladin/Developments/interestory/app'

Import trace for requested module:
./app/page.tsx @ webpack-internal:///(app-pages-browser)/./node_modules/next/dist/next-devtools/shared/forward-logs-shared.js:27
[  100109ms] [WARNING] ./components/stats/StatsClient.tsx
Module not found: Can't resolve 'html-to-image' in '/Users/saladin/Developments/interestory/components/stats'

Import trace for requested module:
./components/stats/StatsClient.tsx @ webpack-internal:///(app-pages-browser)/./node_modules/next/dist/next-devtools/shared/forward-logs-shared.js:27
[  100205ms] Invalid or unexpected token
[  100599ms] [INFO] %cDownload the React DevTools for a better development experience: https://react.dev/link/react-devtools font-weight:bold @ webpack-internal:///(app-pages-browser)/./node_modules/next/dist/next-devtools/shared/forward-logs-shared.js:27
[  100609ms] [LOG] [HMR] connected @ webpack-internal:///(app-pages-browser)/./node_modules/next/dist/next-devtools/shared/forward-logs-shared.js:27
[  100611ms] [WARNING] ./app/page.tsx
Module not found: Can't resolve 'html-to-image' in '/Users/saladin/Developments/interestory/app' @ webpack-internal:///(app-pages-browser)/./node_modules/next/dist/next-devtools/shared/forward-logs-shared.js:27
[  100611ms] [WARNING] ./components/stats/StatsClient.tsx
Module not found: Can't resolve 'html-to-image' in '/Users/saladin/Developments/interestory/components/stats' @ webpack-internal:///(app-pages-browser)/./node_modules/next/dist/next-devtools/shared/forward-logs-shared.js:27
[  100629ms] [LOG] [Fast Refresh] rebuilding @ webpack-internal:///(app-pages-browser)/./node_modules/next/dist/next-devtools/shared/forward-logs-shared.js:27
[  100711ms] [ERROR] Can't perform a React state update on a component that hasn't mounted yet. This indicates that you have a side-effect in your render function that asynchronously tries to update the component. Move this work to useEffect instead. @ webpack-internal:///(app-pages-browser)/./node_modules/next/dist/next-devtools/userspace/app/errors/intercept-console-error.js:57
[  100714ms] [WARNING] ./app/page.tsx
Module not found: Can't resolve 'html-to-image' in '/Users/saladin/Developments/interestory/app'

Import trace for requested module:
./app/page.tsx @ webpack-internal:///(app-pages-browser)/./node_modules/next/dist/next-devtools/shared/forward-logs-shared.js:27
[  100714ms] [WARNING] ./components/stats/StatsClient.tsx
Module not found: Can't resolve 'html-to-image' in '/Users/saladin/Developments/interestory/components/stats'

Import trace for requested module:
./components/stats/StatsClient.tsx @ webpack-internal:///(app-pages-browser)/./node_modules/next/dist/next-devtools/shared/forward-logs-shared.js:27
[  100715ms] [LOG] [Fast Refresh] rebuilding @ webpack-internal:///(app-pages-browser)/./node_modules/next/dist/next-devtools/shared/forward-logs-shared.js:27
[  100797ms] [LOG] [Fast Refresh] done in 81ms @ webpack-internal:///(app-pages-browser)/./node_modules/next/dist/next-devtools/shared/forward-logs-shared.js:27
[  100799ms] [WARNING] ./app/page.tsx
Module not found: Can't resolve 'html-to-image' in '/Users/saladin/Developments/interestory/app'

Import trace for requested module:
./app/page.tsx @ webpack-internal:///(app-pages-browser)/./node_modules/next/dist/next-devtools/shared/forward-logs-shared.js:27
[  100799ms] [WARNING] ./components/stats/StatsClient.tsx
Module not found: Can't resolve 'html-to-image' in '/Users/saladin/Developments/interestory/components/stats'

Import trace for requested module:
./components/stats/StatsClient.tsx @ webpack-internal:///(app-pages-browser)/./node_modules/next/dist/next-devtools/shared/forward-logs-shared.js:27
[  100801ms] [LOG] [Fast Refresh] rebuilding @ webpack-internal:///(app-pages-browser)/./node_modules/next/dist/next-devtools/shared/forward-logs-shared.js:27
[  100805ms] [LOG] [Fast Refresh] done in 3ms @ webpack-internal:///(app-pages-browser)/./node_modules/next/dist/next-devtools/shared/forward-logs-shared.js:27
[  100903ms] [WARNING] ./app/page.tsx
Module not found: Can't resolve 'html-to-image' in '/Users/saladin/Developments/interestory/app'

Import trace for requested module:
./app/page.tsx @ webpack-internal:///(app-pages-browser)/./node_modules/next/dist/next-devtools/shared/forward-logs-shared.js:27
[  100903ms] [WARNING] ./components/stats/StatsClient.tsx
Module not found: Can't resolve 'html-to-image' in '/Users/saladin/Developments/interestory/components/stats'

Import trace for requested module:
./components/stats/StatsClient.tsx @ webpack-internal:///(app-pages-browser)/./node_modules/next/dist/next-devtools/shared/forward-logs-shared.js:27
[  100903ms] [LOG] [Fast Refresh] rebuilding @ webpack-internal:///(app-pages-browser)/./node_modules/next/dist/next-devtools/shared/forward-logs-shared.js:27
[  100920ms] [LOG] [Fast Refresh] done in 16ms @ webpack-internal:///(app-pages-browser)/./node_modules/next/dist/next-devtools/shared/forward-logs-shared.js:27
[  101062ms] [WARNING] ./app/page.tsx
Module not found: Can't resolve 'html-to-image' in '/Users/saladin/Developments/interestory/app'

Import trace for requested module:
./app/page.tsx @ webpack-internal:///(app-pages-browser)/./node_modules/next/dist/next-devtools/shared/forward-logs-shared.js:27
[  101062ms] [WARNING] ./components/stats/StatsClient.tsx
Module not found: Can't resolve 'html-to-image' in '/Users/saladin/Developments/interestory/components/stats'

Import trace for requested module:
./components/stats/StatsClient.tsx @ webpack-internal:///(app-pages-browser)/./node_modules/next/dist/next-devtools/shared/forward-logs-shared.js:27
[  101062ms] [LOG] [Fast Refresh] rebuilding @ webpack-internal:///(app-pages-browser)/./node_modules/next/dist/next-devtools/shared/forward-logs-shared.js:27
[  101077ms] [LOG] [Fast Refresh] done in 14ms @ webpack-internal:///(app-pages-browser)/./node_modules/next/dist/next-devtools/shared/forward-logs-shared.js:27
[  101095ms] [LOG] [Fast Refresh] rebuilding @ webpack-internal:///(app-pages-browser)/./node_modules/next/dist/next-devtools/shared/forward-logs-shared.js:27
[  101098ms] [WARNING] ./app/page.tsx
Module not found: Can't resolve 'html-to-image' in '/Users/saladin/Developments/interestory/app'

Import trace for requested module:
./app/page.tsx @ webpack-internal:///(app-pages-browser)/./node_modules/next/dist/next-devtools/shared/forward-logs-shared.js:27
[  101098ms] [WARNING] ./components/stats/StatsClient.tsx
Module not found: Can't resolve 'html-to-image' in '/Users/saladin/Developments/interestory/components/stats'

Import trace for requested module:
./components/stats/StatsClient.tsx @ webpack-internal:///(app-pages-browser)/./node_modules/next/dist/next-devtools/shared/forward-logs-shared.js:27
[  101098ms] [LOG] [Fast Refresh] done in 2ms @ webpack-internal:///(app-pages-browser)/./node_modules/next/dist/next-devtools/shared/forward-logs-shared.js:27
[  101208ms] [ERROR] Failed to load resource: the server responded with a status of 500 (Internal Server Error) @ http://localhost:3000/?_rsc=wnywt:0
[  101290ms] [WARNING] ./app/page.tsx
Module not found: Can't resolve 'html-to-image' in '/Users/saladin/Developments/interestory/app'

Import trace for requested module:
./app/page.tsx @ webpack-internal:///(app-pages-browser)/./node_modules/next/dist/next-devtools/shared/forward-logs-shared.js:27
[  101290ms] [WARNING] ./components/stats/StatsClient.tsx
Module not found: Can't resolve 'html-to-image' in '/Users/saladin/Developments/interestory/components/stats'

Import trace for requested module:
./components/stats/StatsClient.tsx @ webpack-internal:///(app-pages-browser)/./node_modules/next/dist/next-devtools/shared/forward-logs-shared.js:27
[  101292ms] [LOG] [Fast Refresh] rebuilding @ webpack-internal:///(app-pages-browser)/./node_modules/next/dist/next-devtools/shared/forward-logs-shared.js:27
[  101296ms] [LOG] [Fast Refresh] done in 5ms @ webpack-internal:///(app-pages-browser)/./node_modules/next/dist/next-devtools/shared/forward-logs-shared.js:27
