[    4480ms] [INFO] %cDownload the React DevTools for a better development experience: https://react.dev/link/react-devtools font-weight:bold @ webpack-internal:///(app-pages-browser)/./node_modules/next/dist/next-devtools/shared/forward-logs-shared.js:27
[    4494ms] [LOG] [HMR] connected @ webpack-internal:///(app-pages-browser)/./node_modules/next/dist/next-devtools/shared/forward-logs-shared.js:27
[    4499ms] [WARNING] ./app/page.tsx
Module not found: Can't resolve 'html-to-image' in '/Users/saladin/Developments/interestory/app' @ webpack-internal:///(app-pages-browser)/./node_modules/next/dist/next-devtools/shared/forward-logs-shared.js:27
[    4500ms] [WARNING] ./components/stats/StatsClient.tsx
Module not found: Can't resolve 'html-to-image' in '/Users/saladin/Developments/interestory/components/stats' @ webpack-internal:///(app-pages-browser)/./node_modules/next/dist/next-devtools/shared/forward-logs-shared.js:27
[    4516ms] [LOG] [Fast Refresh] rebuilding @ webpack-internal:///(app-pages-browser)/./node_modules/next/dist/next-devtools/shared/forward-logs-shared.js:27
[    4606ms] [WARNING] ./app/page.tsx
Module not found: Can't resolve 'html-to-image' in '/Users/saladin/Developments/interestory/app'

Import trace for requested module:
./app/page.tsx @ webpack-internal:///(app-pages-browser)/./node_modules/next/dist/next-devtools/shared/forward-logs-shared.js:27
[    4606ms] [WARNING] ./components/stats/StatsClient.tsx
Module not found: Can't resolve 'html-to-image' in '/Users/saladin/Developments/interestory/components/stats'

Import trace for requested module:
./components/stats/StatsClient.tsx @ webpack-internal:///(app-pages-browser)/./node_modules/next/dist/next-devtools/shared/forward-logs-shared.js:27
[    4606ms] [LOG] [Fast Refresh] rebuilding @ webpack-internal:///(app-pages-browser)/./node_modules/next/dist/next-devtools/shared/forward-logs-shared.js:27
[    4626ms] [LOG] [Fast Refresh] done in 19ms @ webpack-internal:///(app-pages-browser)/./node_modules/next/dist/next-devtools/shared/forward-logs-shared.js:27
[    4695ms] [WARNING] ./app/page.tsx
Module not found: Can't resolve 'html-to-image' in '/Users/saladin/Developments/interestory/app'

Import trace for requested module:
./app/page.tsx @ webpack-internal:///(app-pages-browser)/./node_modules/next/dist/next-devtools/shared/forward-logs-shared.js:27
[    4695ms] [WARNING] ./components/stats/StatsClient.tsx
Module not found: Can't resolve 'html-to-image' in '/Users/saladin/Developments/interestory/components/stats'

Import trace for requested module:
./components/stats/StatsClient.tsx @ webpack-internal:///(app-pages-browser)/./node_modules/next/dist/next-devtools/shared/forward-logs-shared.js:27
[    4697ms] [LOG] [Fast Refresh] rebuilding @ webpack-internal:///(app-pages-browser)/./node_modules/next/dist/next-devtools/shared/forward-logs-shared.js:27
[    4706ms] [LOG] [Fast Refresh] done in 10ms @ webpack-internal:///(app-pages-browser)/./node_modules/next/dist/next-devtools/shared/forward-logs-shared.js:27
[    4853ms] [WARNING] ./app/page.tsx
Module not found: Can't resolve 'html-to-image' in '/Users/saladin/Developments/interestory/app'

Import trace for requested module:
./app/page.tsx @ webpack-internal:///(app-pages-browser)/./node_modules/next/dist/next-devtools/shared/forward-logs-shared.js:27
[    4854ms] [WARNING] ./components/stats/StatsClient.tsx
Module not found: Can't resolve 'html-to-image' in '/Users/saladin/Developments/interestory/components/stats'

Import trace for requested module:
./components/stats/StatsClient.tsx @ webpack-internal:///(app-pages-browser)/./node_modules/next/dist/next-devtools/shared/forward-logs-shared.js:27
[    4868ms] [LOG] [Fast Refresh] done in 172ms @ webpack-internal:///(app-pages-browser)/./node_modules/next/dist/next-devtools/shared/forward-logs-shared.js:27
[    4876ms] [LOG] [Fast Refresh] rebuilding @ webpack-internal:///(app-pages-browser)/./node_modules/next/dist/next-devtools/shared/forward-logs-shared.js:27
[    5006ms] [WARNING] ./app/page.tsx
Module not found: Can't resolve 'html-to-image' in '/Users/saladin/Developments/interestory/app'

Import trace for requested module:
./app/page.tsx @ webpack-internal:///(app-pages-browser)/./node_modules/next/dist/next-devtools/shared/forward-logs-shared.js:27
[    5006ms] [WARNING] ./components/stats/StatsClient.tsx
Module not found: Can't resolve 'html-to-image' in '/Users/saladin/Developments/interestory/components/stats'

Import trace for requested module:
./components/stats/StatsClient.tsx @ webpack-internal:///(app-pages-browser)/./node_modules/next/dist/next-devtools/shared/forward-logs-shared.js:27
[    5101ms] [LOG] [Fast Refresh] rebuilding @ webpack-internal:///(app-pages-browser)/./node_modules/next/dist/next-devtools/shared/forward-logs-shared.js:27
[    5120ms] [LOG] [Fast Refresh] done in 18ms @ webpack-internal:///(app-pages-browser)/./node_modules/next/dist/next-devtools/shared/forward-logs-shared.js:27
[    5195ms] [WARNING] ./app/page.tsx
Module not found: Can't resolve 'html-to-image' in '/Users/saladin/Developments/interestory/app'

Import trace for requested module:
./app/page.tsx @ webpack-internal:///(app-pages-browser)/./node_modules/next/dist/next-devtools/shared/forward-logs-shared.js:27
[    5195ms] [WARNING] ./components/stats/StatsClient.tsx
Module not found: Can't resolve 'html-to-image' in '/Users/saladin/Developments/interestory/components/stats'

Import trace for requested module:
./components/stats/StatsClient.tsx @ webpack-internal:///(app-pages-browser)/./node_modules/next/dist/next-devtools/shared/forward-logs-shared.js:27
[    5196ms] [LOG] [Fast Refresh] rebuilding @ webpack-internal:///(app-pages-browser)/./node_modules/next/dist/next-devtools/shared/forward-logs-shared.js:27
[    5200ms] [LOG] [Fast Refresh] done in 4ms @ webpack-internal:///(app-pages-browser)/./node_modules/next/dist/next-devtools/shared/forward-logs-shared.js:27
[    5294ms] [WARNING] ./app/page.tsx
Module not found: Can't resolve 'html-to-image' in '/Users/saladin/Developments/interestory/app'

Import trace for requested module:
./app/page.tsx @ webpack-internal:///(app-pages-browser)/./node_modules/next/dist/next-devtools/shared/forward-logs-shared.js:27
[    5294ms] [WARNING] ./components/stats/StatsClient.tsx
Module not found: Can't resolve 'html-to-image' in '/Users/saladin/Developments/interestory/components/stats'

Import trace for requested module:
./components/stats/StatsClient.tsx @ webpack-internal:///(app-pages-browser)/./node_modules/next/dist/next-devtools/shared/forward-logs-shared.js:27
[    5294ms] [LOG] [Fast Refresh] rebuilding @ webpack-internal:///(app-pages-browser)/./node_modules/next/dist/next-devtools/shared/forward-logs-shared.js:27
[    5334ms] [LOG] [Fast Refresh] done in 39ms @ webpack-internal:///(app-pages-browser)/./node_modules/next/dist/next-devtools/shared/forward-logs-shared.js:27
[    5739ms] [LOG] [Fast Refresh] rebuilding @ webpack-internal:///(app-pages-browser)/./node_modules/next/dist/next-devtools/shared/forward-logs-shared.js:27
[    5739ms] [WARNING] ./app/page.tsx
Module not found: Can't resolve 'html-to-image' in '/Users/saladin/Developments/interestory/app'

Import trace for requested module:
./app/page.tsx @ webpack-internal:///(app-pages-browser)/./node_modules/next/dist/next-devtools/shared/forward-logs-shared.js:27
[    5739ms] [WARNING] ./components/stats/StatsClient.tsx
Module not found: Can't resolve 'html-to-image' in '/Users/saladin/Developments/interestory/components/stats'

Import trace for requested module:
./components/stats/StatsClient.tsx @ webpack-internal:///(app-pages-browser)/./node_modules/next/dist/next-devtools/shared/forward-logs-shared.js:27
[    5739ms] [WARNING] ./app/page.tsx
Module not found: Can't resolve 'html-to-image' in '/Users/saladin/Developments/interestory/app'

Import trace for requested module:
./app/page.tsx @ webpack-internal:///(app-pages-browser)/./node_modules/next/dist/next-devtools/shared/forward-logs-shared.js:27
[    5740ms] [WARNING] ./components/stats/StatsClient.tsx
Module not found: Can't resolve 'html-to-image' in '/Users/saladin/Developments/interestory/components/stats'

Import trace for requested module:
./components/stats/StatsClient.tsx @ webpack-internal:///(app-pages-browser)/./node_modules/next/dist/next-devtools/shared/forward-logs-shared.js:27
[    5740ms] [LOG] [Fast Refresh] done in 0ms @ webpack-internal:///(app-pages-browser)/./node_modules/next/dist/next-devtools/shared/forward-logs-shared.js:27
[    5810ms] [LOG] [Fast Refresh] rebuilding @ webpack-internal:///(app-pages-browser)/./node_modules/next/dist/next-devtools/shared/forward-logs-shared.js:27
[    5810ms] [ERROR] Failed to load resource: the server responded with a status of 500 (Internal Server Error) @ http://localhost:3002/fashion?_rsc=1hi87:0
[    5912ms] [WARNING] ./app/page.tsx
Module not found: Can't resolve 'html-to-image' in '/Users/saladin/Developments/interestory/app'

Import trace for requested module:
./app/page.tsx @ webpack-internal:///(app-pages-browser)/./node_modules/next/dist/next-devtools/shared/forward-logs-shared.js:27
[    5912ms] [WARNING] ./components/stats/StatsClient.tsx
Module not found: Can't resolve 'html-to-image' in '/Users/saladin/Developments/interestory/components/stats'

Import trace for requested module:
./components/stats/StatsClient.tsx @ webpack-internal:///(app-pages-browser)/./node_modules/next/dist/next-devtools/shared/forward-logs-shared.js:27
[    5912ms] [LOG] [Fast Refresh] done in 102ms @ webpack-internal:///(app-pages-browser)/./node_modules/next/dist/next-devtools/shared/forward-logs-shared.js:27
[    5914ms] [LOG] [Fast Refresh] rebuilding @ webpack-internal:///(app-pages-browser)/./node_modules/next/dist/next-devtools/shared/forward-logs-shared.js:27
[    6096ms] [WARNING] ./app/page.tsx
Module not found: Can't resolve 'html-to-image' in '/Users/saladin/Developments/interestory/app'

Import trace for requested module:
./app/page.tsx @ webpack-internal:///(app-pages-browser)/./node_modules/next/dist/next-devtools/shared/forward-logs-shared.js:27
[    6096ms] [WARNING] ./components/stats/StatsClient.tsx
Module not found: Can't resolve 'html-to-image' in '/Users/saladin/Developments/interestory/components/stats'

Import trace for requested module:
./components/stats/StatsClient.tsx @ webpack-internal:///(app-pages-browser)/./node_modules/next/dist/next-devtools/shared/forward-logs-shared.js:27
[    6096ms] [LOG] [Fast Refresh] done in 183ms @ webpack-internal:///(app-pages-browser)/./node_modules/next/dist/next-devtools/shared/forward-logs-shared.js:27
[    6098ms] [LOG] [Fast Refresh] rebuilding @ webpack-internal:///(app-pages-browser)/./node_modules/next/dist/next-devtools/shared/forward-logs-shared.js:27
[    6262ms] [WARNING] ./app/page.tsx
Module not found: Can't resolve 'html-to-image' in '/Users/saladin/Developments/interestory/app'

Import trace for requested module:
./app/page.tsx @ webpack-internal:///(app-pages-browser)/./node_modules/next/dist/next-devtools/shared/forward-logs-shared.js:27
[    6262ms] [WARNING] ./components/stats/StatsClient.tsx
Module not found: Can't resolve 'html-to-image' in '/Users/saladin/Developments/interestory/components/stats'

Import trace for requested module:
./components/stats/StatsClient.tsx @ webpack-internal:///(app-pages-browser)/./node_modules/next/dist/next-devtools/shared/forward-logs-shared.js:27
[    6262ms] [LOG] [Fast Refresh] done in 164ms @ webpack-internal:///(app-pages-browser)/./node_modules/next/dist/next-devtools/shared/forward-logs-shared.js:27
[    6263ms] [LOG] [Fast Refresh] rebuilding @ webpack-internal:///(app-pages-browser)/./node_modules/next/dist/next-devtools/shared/forward-logs-shared.js:27
[    6347ms] [WARNING] ./app/page.tsx
Module not found: Can't resolve 'html-to-image' in '/Users/saladin/Developments/interestory/app'

Import trace for requested module:
./app/page.tsx @ webpack-internal:///(app-pages-browser)/./node_modules/next/dist/next-devtools/shared/forward-logs-shared.js:27
[    6347ms] [WARNING] ./components/stats/StatsClient.tsx
Module not found: Can't resolve 'html-to-image' in '/Users/saladin/Developments/interestory/components/stats'

Import trace for requested module:
./components/stats/StatsClient.tsx @ webpack-internal:///(app-pages-browser)/./node_modules/next/dist/next-devtools/shared/forward-logs-shared.js:27
[    6347ms] [LOG] [Fast Refresh] done in 84ms @ webpack-internal:///(app-pages-browser)/./node_modules/next/dist/next-devtools/shared/forward-logs-shared.js:27
[    6349ms] [LOG] [Fast Refresh] rebuilding @ webpack-internal:///(app-pages-browser)/./node_modules/next/dist/next-devtools/shared/forward-logs-shared.js:27
[    6456ms] [WARNING] ./app/page.tsx
Module not found: Can't resolve 'html-to-image' in '/Users/saladin/Developments/interestory/app'

Import trace for requested module:
./app/page.tsx @ webpack-internal:///(app-pages-browser)/./node_modules/next/dist/next-devtools/shared/forward-logs-shared.js:27
[    6456ms] [WARNING] ./components/stats/StatsClient.tsx
Module not found: Can't resolve 'html-to-image' in '/Users/saladin/Developments/interestory/components/stats'

Import trace for requested module:
./components/stats/StatsClient.tsx @ webpack-internal:///(app-pages-browser)/./node_modules/next/dist/next-devtools/shared/forward-logs-shared.js:27
[    6456ms] [LOG] [Fast Refresh] done in 108ms @ webpack-internal:///(app-pages-browser)/./node_modules/next/dist/next-devtools/shared/forward-logs-shared.js:27
[    6458ms] [LOG] [Fast Refresh] rebuilding @ webpack-internal:///(app-pages-browser)/./node_modules/next/dist/next-devtools/shared/forward-logs-shared.js:27
[    6541ms] [WARNING] ./app/page.tsx
Module not found: Can't resolve 'html-to-image' in '/Users/saladin/Developments/interestory/app'

Import trace for requested module:
./app/page.tsx @ webpack-internal:///(app-pages-browser)/./node_modules/next/dist/next-devtools/shared/forward-logs-shared.js:27
[    6541ms] [WARNING] ./components/stats/StatsClient.tsx
Module not found: Can't resolve 'html-to-image' in '/Users/saladin/Developments/interestory/components/stats'

Import trace for requested module:
./components/stats/StatsClient.tsx @ webpack-internal:///(app-pages-browser)/./node_modules/next/dist/next-devtools/shared/forward-logs-shared.js:27
[    6541ms] [LOG] [Fast Refresh] done in 83ms @ webpack-internal:///(app-pages-browser)/./node_modules/next/dist/next-devtools/shared/forward-logs-shared.js:27
[    6542ms] [LOG] [Fast Refresh] rebuilding @ webpack-internal:///(app-pages-browser)/./node_modules/next/dist/next-devtools/shared/forward-logs-shared.js:27
[    6655ms] [WARNING] ./app/page.tsx
Module not found: Can't resolve 'html-to-image' in '/Users/saladin/Developments/interestory/app'

Import trace for requested module:
./app/page.tsx @ webpack-internal:///(app-pages-browser)/./node_modules/next/dist/next-devtools/shared/forward-logs-shared.js:27
[    6655ms] [WARNING] ./components/stats/StatsClient.tsx
Module not found: Can't resolve 'html-to-image' in '/Users/saladin/Developments/interestory/components/stats'

Import trace for requested module:
./components/stats/StatsClient.tsx @ webpack-internal:///(app-pages-browser)/./node_modules/next/dist/next-devtools/shared/forward-logs-shared.js:27
[    6655ms] [LOG] [Fast Refresh] done in 114ms @ webpack-internal:///(app-pages-browser)/./node_modules/next/dist/next-devtools/shared/forward-logs-shared.js:27
[    6657ms] [LOG] [Fast Refresh] rebuilding @ webpack-internal:///(app-pages-browser)/./node_modules/next/dist/next-devtools/shared/forward-logs-shared.js:27
[    6735ms] [WARNING] ./app/page.tsx
Module not found: Can't resolve 'html-to-image' in '/Users/saladin/Developments/interestory/app'

Import trace for requested module:
./app/page.tsx @ webpack-internal:///(app-pages-browser)/./node_modules/next/dist/next-devtools/shared/forward-logs-shared.js:27
[    6735ms] [WARNING] ./components/stats/StatsClient.tsx
Module not found: Can't resolve 'html-to-image' in '/Users/saladin/Developments/interestory/components/stats'

Import trace for requested module:
./components/stats/StatsClient.tsx @ webpack-internal:///(app-pages-browser)/./node_modules/next/dist/next-devtools/shared/forward-logs-shared.js:27
[    6735ms] [LOG] [Fast Refresh] done in 78ms @ webpack-internal:///(app-pages-browser)/./node_modules/next/dist/next-devtools/shared/forward-logs-shared.js:27
[    6735ms] [LOG] [Fast Refresh] rebuilding @ webpack-internal:///(app-pages-browser)/./node_modules/next/dist/next-devtools/shared/forward-logs-shared.js:27
[    6841ms] [WARNING] ./app/page.tsx
Module not found: Can't resolve 'html-to-image' in '/Users/saladin/Developments/interestory/app'

Import trace for requested module:
./app/page.tsx @ webpack-internal:///(app-pages-browser)/./node_modules/next/dist/next-devtools/shared/forward-logs-shared.js:27
[    6841ms] [WARNING] ./components/stats/StatsClient.tsx
Module not found: Can't resolve 'html-to-image' in '/Users/saladin/Developments/interestory/components/stats'

Import trace for requested module:
./components/stats/StatsClient.tsx @ webpack-internal:///(app-pages-browser)/./node_modules/next/dist/next-devtools/shared/forward-logs-shared.js:27
[    6841ms] [LOG] [Fast Refresh] done in 106ms @ webpack-internal:///(app-pages-browser)/./node_modules/next/dist/next-devtools/shared/forward-logs-shared.js:27
[    6843ms] [LOG] [Fast Refresh] rebuilding @ webpack-internal:///(app-pages-browser)/./node_modules/next/dist/next-devtools/shared/forward-logs-shared.js:27
[    6922ms] [WARNING] ./app/page.tsx
Module not found: Can't resolve 'html-to-image' in '/Users/saladin/Developments/interestory/app'

Import trace for requested module:
./app/page.tsx @ webpack-internal:///(app-pages-browser)/./node_modules/next/dist/next-devtools/shared/forward-logs-shared.js:27
[    6922ms] [WARNING] ./components/stats/StatsClient.tsx
Module not found: Can't resolve 'html-to-image' in '/Users/saladin/Developments/interestory/components/stats'

Import trace for requested module:
./components/stats/StatsClient.tsx @ webpack-internal:///(app-pages-browser)/./node_modules/next/dist/next-devtools/shared/forward-logs-shared.js:27
[    6922ms] [LOG] [Fast Refresh] done in 80ms @ webpack-internal:///(app-pages-browser)/./node_modules/next/dist/next-devtools/shared/forward-logs-shared.js:27
[    6924ms] [LOG] [Fast Refresh] rebuilding @ webpack-internal:///(app-pages-browser)/./node_modules/next/dist/next-devtools/shared/forward-logs-shared.js:27
[    7031ms] [WARNING] ./app/page.tsx
Module not found: Can't resolve 'html-to-image' in '/Users/saladin/Developments/interestory/app'

Import trace for requested module:
./app/page.tsx @ webpack-internal:///(app-pages-browser)/./node_modules/next/dist/next-devtools/shared/forward-logs-shared.js:27
[    7031ms] [WARNING] ./components/stats/StatsClient.tsx
Module not found: Can't resolve 'html-to-image' in '/Users/saladin/Developments/interestory/components/stats'

Import trace for requested module:
./components/stats/StatsClient.tsx @ webpack-internal:///(app-pages-browser)/./node_modules/next/dist/next-devtools/shared/forward-logs-shared.js:27
[    7031ms] [LOG] [Fast Refresh] done in 108ms @ webpack-internal:///(app-pages-browser)/./node_modules/next/dist/next-devtools/shared/forward-logs-shared.js:27
[    7032ms] [LOG] [Fast Refresh] rebuilding @ webpack-internal:///(app-pages-browser)/./node_modules/next/dist/next-devtools/shared/forward-logs-shared.js:27
[    7112ms] [WARNING] ./app/page.tsx
Module not found: Can't resolve 'html-to-image' in '/Users/saladin/Developments/interestory/app'

Import trace for requested module:
./app/page.tsx @ webpack-internal:///(app-pages-browser)/./node_modules/next/dist/next-devtools/shared/forward-logs-shared.js:27
[    7112ms] [WARNING] ./components/stats/StatsClient.tsx
Module not found: Can't resolve 'html-to-image' in '/Users/saladin/Developments/interestory/components/stats'

Import trace for requested module:
./components/stats/StatsClient.tsx @ webpack-internal:///(app-pages-browser)/./node_modules/next/dist/next-devtools/shared/forward-logs-shared.js:27
[    7112ms] [LOG] [Fast Refresh] done in 79ms @ webpack-internal:///(app-pages-browser)/./node_modules/next/dist/next-devtools/shared/forward-logs-shared.js:27
[    7112ms] [LOG] [Fast Refresh] rebuilding @ webpack-internal:///(app-pages-browser)/./node_modules/next/dist/next-devtools/shared/forward-logs-shared.js:27
[    7233ms] [WARNING] ./app/page.tsx
Module not found: Can't resolve 'html-to-image' in '/Users/saladin/Developments/interestory/app'

Import trace for requested module:
./app/page.tsx @ webpack-internal:///(app-pages-browser)/./node_modules/next/dist/next-devtools/shared/forward-logs-shared.js:27
[    7233ms] [WARNING] ./components/stats/StatsClient.tsx
Module not found: Can't resolve 'html-to-image' in '/Users/saladin/Developments/interestory/components/stats'

Import trace for requested module:
./components/stats/StatsClient.tsx @ webpack-internal:///(app-pages-browser)/./node_modules/next/dist/next-devtools/shared/forward-logs-shared.js:27
[    7233ms] [LOG] [Fast Refresh] done in 120ms @ webpack-internal:///(app-pages-browser)/./node_modules/next/dist/next-devtools/shared/forward-logs-shared.js:27
[    7234ms] [LOG] [Fast Refresh] rebuilding @ webpack-internal:///(app-pages-browser)/./node_modules/next/dist/next-devtools/shared/forward-logs-shared.js:27
[    7775ms] [INFO] %cDownload the React DevTools for a better development experience: https://react.dev/link/react-devtools font-weight:bold @ webpack-internal:///(app-pages-browser)/./node_modules/next/dist/next-devtools/shared/forward-logs-shared.js:27
[    7787ms] [LOG] [HMR] connected @ webpack-internal:///(app-pages-browser)/./node_modules/next/dist/next-devtools/shared/forward-logs-shared.js:27
[    7788ms] [WARNING] ./app/page.tsx
Module not found: Can't resolve 'html-to-image' in '/Users/saladin/Developments/interestory/app' @ webpack-internal:///(app-pages-browser)/./node_modules/next/dist/next-devtools/shared/forward-logs-shared.js:27
[    7788ms] [WARNING] ./components/stats/StatsClient.tsx
Module not found: Can't resolve 'html-to-image' in '/Users/saladin/Developments/interestory/components/stats' @ webpack-internal:///(app-pages-browser)/./node_modules/next/dist/next-devtools/shared/forward-logs-shared.js:27
[    7815ms] [LOG] [Fast Refresh] rebuilding @ webpack-internal:///(app-pages-browser)/./node_modules/next/dist/next-devtools/shared/forward-logs-shared.js:27
[    7917ms] [WARNING] ./app/page.tsx
Module not found: Can't resolve 'html-to-image' in '/Users/saladin/Developments/interestory/app'

Import trace for requested module:
./app/page.tsx @ webpack-internal:///(app-pages-browser)/./node_modules/next/dist/next-devtools/shared/forward-logs-shared.js:27
[    7917ms] [WARNING] ./components/stats/StatsClient.tsx
Module not found: Can't resolve 'html-to-image' in '/Users/saladin/Developments/interestory/components/stats'

Import trace for requested module:
./components/stats/StatsClient.tsx @ webpack-internal:///(app-pages-browser)/./node_modules/next/dist/next-devtools/shared/forward-logs-shared.js:27
[    7918ms] [LOG] [Fast Refresh] rebuilding @ webpack-internal:///(app-pages-browser)/./node_modules/next/dist/next-devtools/shared/forward-logs-shared.js:27
[    7998ms] [LOG] [Fast Refresh] done in 80ms @ webpack-internal:///(app-pages-browser)/./node_modules/next/dist/next-devtools/shared/forward-logs-shared.js:27
[    8026ms] [WARNING] ./app/page.tsx
Module not found: Can't resolve 'html-to-image' in '/Users/saladin/Developments/interestory/app'

Import trace for requested module:
./app/page.tsx @ webpack-internal:///(app-pages-browser)/./node_modules/next/dist/next-devtools/shared/forward-logs-shared.js:27
[    8026ms] [WARNING] ./components/stats/StatsClient.tsx
Module not found: Can't resolve 'html-to-image' in '/Users/saladin/Developments/interestory/components/stats'

Import trace for requested module:
./components/stats/StatsClient.tsx @ webpack-internal:///(app-pages-browser)/./node_modules/next/dist/next-devtools/shared/forward-logs-shared.js:27
[    8027ms] [LOG] [Fast Refresh] rebuilding @ webpack-internal:///(app-pages-browser)/./node_modules/next/dist/next-devtools/shared/forward-logs-shared.js:27
[    8031ms] [LOG] [Fast Refresh] done in 3ms @ webpack-internal:///(app-pages-browser)/./node_modules/next/dist/next-devtools/shared/forward-logs-shared.js:27
[    8145ms] [WARNING] ./app/page.tsx
Module not found: Can't resolve 'html-to-image' in '/Users/saladin/Developments/interestory/app'

Import trace for requested module:
./app/page.tsx @ webpack-internal:///(app-pages-browser)/./node_modules/next/dist/next-devtools/shared/forward-logs-shared.js:27
[    8145ms] [WARNING] ./components/stats/StatsClient.tsx
Module not found: Can't resolve 'html-to-image' in '/Users/saladin/Developments/interestory/components/stats'

Import trace for requested module:
./components/stats/StatsClient.tsx @ webpack-internal:///(app-pages-browser)/./node_modules/next/dist/next-devtools/shared/forward-logs-shared.js:27
[    8147ms] [LOG] [Fast Refresh] rebuilding @ webpack-internal:///(app-pages-browser)/./node_modules/next/dist/next-devtools/shared/forward-logs-shared.js:27
[    8151ms] [LOG] [Fast Refresh] done in 4ms @ webpack-internal:///(app-pages-browser)/./node_modules/next/dist/next-devtools/shared/forward-logs-shared.js:27
[    8231ms] [WARNING] ./app/page.tsx
Module not found: Can't resolve 'html-to-image' in '/Users/saladin/Developments/interestory/app'

Import trace for requested module:
./app/page.tsx @ webpack-internal:///(app-pages-browser)/./node_modules/next/dist/next-devtools/shared/forward-logs-shared.js:27
[    8231ms] [WARNING] ./components/stats/StatsClient.tsx
Module not found: Can't resolve 'html-to-image' in '/Users/saladin/Developments/interestory/components/stats'

Import trace for requested module:
./components/stats/StatsClient.tsx @ webpack-internal:///(app-pages-browser)/./node_modules/next/dist/next-devtools/shared/forward-logs-shared.js:27
[    8233ms] [LOG] [Fast Refresh] rebuilding @ webpack-internal:///(app-pages-browser)/./node_modules/next/dist/next-devtools/shared/forward-logs-shared.js:27
[    8236ms] [LOG] [Fast Refresh] done in 4ms @ webpack-internal:///(app-pages-browser)/./node_modules/next/dist/next-devtools/shared/forward-logs-shared.js:27
[    8471ms] [WARNING] ./app/page.tsx
Module not found: Can't resolve 'html-to-image' in '/Users/saladin/Developments/interestory/app'

Import trace for requested module:
./app/page.tsx @ webpack-internal:///(app-pages-browser)/./node_modules/next/dist/next-devtools/shared/forward-logs-shared.js:27
[    8471ms] [WARNING] ./components/stats/StatsClient.tsx
Module not found: Can't resolve 'html-to-image' in '/Users/saladin/Developments/interestory/components/stats'

Import trace for requested module:
./components/stats/StatsClient.tsx @ webpack-internal:///(app-pages-browser)/./node_modules/next/dist/next-devtools/shared/forward-logs-shared.js:27
[    8471ms] [LOG] [Fast Refresh] rebuilding @ webpack-internal:///(app-pages-browser)/./node_modules/next/dist/next-devtools/shared/forward-logs-shared.js:27
[    8472ms] [WARNING] ./app/page.tsx
Module not found: Can't resolve 'html-to-image' in '/Users/saladin/Developments/interestory/app'

Import trace for requested module:
./app/page.tsx @ webpack-internal:///(app-pages-browser)/./node_modules/next/dist/next-devtools/shared/forward-logs-shared.js:27
[    8472ms] [WARNING] ./components/stats/StatsClient.tsx
Module not found: Can't resolve 'html-to-image' in '/Users/saladin/Developments/interestory/components/stats'

Import trace for requested module:
./components/stats/StatsClient.tsx @ webpack-internal:///(app-pages-browser)/./node_modules/next/dist/next-devtools/shared/forward-logs-shared.js:27
[    8472ms] [LOG] [Fast Refresh] done in 1ms @ webpack-internal:///(app-pages-browser)/./node_modules/next/dist/next-devtools/shared/forward-logs-shared.js:27
[    8484ms] [LOG] [Fast Refresh] rebuilding @ webpack-internal:///(app-pages-browser)/./node_modules/next/dist/next-devtools/shared/forward-logs-shared.js:27
[    8571ms] [WARNING] ./app/page.tsx
Module not found: Can't resolve 'html-to-image' in '/Users/saladin/Developments/interestory/app'

Import trace for requested module:
./app/page.tsx @ webpack-internal:///(app-pages-browser)/./node_modules/next/dist/next-devtools/shared/forward-logs-shared.js:27
[    8571ms] [WARNING] ./components/stats/StatsClient.tsx
Module not found: Can't resolve 'html-to-image' in '/Users/saladin/Developments/interestory/components/stats'

Import trace for requested module:
./components/stats/StatsClient.tsx @ webpack-internal:///(app-pages-browser)/./node_modules/next/dist/next-devtools/shared/forward-logs-shared.js:27
[    8571ms] [LOG] [Fast Refresh] done in 87ms @ webpack-internal:///(app-pages-browser)/./node_modules/next/dist/next-devtools/shared/forward-logs-shared.js:27
[    8571ms] [LOG] [Fast Refresh] rebuilding @ webpack-internal:///(app-pages-browser)/./node_modules/next/dist/next-devtools/shared/forward-logs-shared.js:27
[    8652ms] [WARNING] ./app/page.tsx
Module not found: Can't resolve 'html-to-image' in '/Users/saladin/Developments/interestory/app'

Import trace for requested module:
./app/page.tsx @ webpack-internal:///(app-pages-browser)/./node_modules/next/dist/next-devtools/shared/forward-logs-shared.js:27
[    8652ms] [WARNING] ./components/stats/StatsClient.tsx
Module not found: Can't resolve 'html-to-image' in '/Users/saladin/Developments/interestory/components/stats'

Import trace for requested module:
./components/stats/StatsClient.tsx @ webpack-internal:///(app-pages-browser)/./node_modules/next/dist/next-devtools/shared/forward-logs-shared.js:27
[    8652ms] [LOG] [Fast Refresh] done in 81ms @ webpack-internal:///(app-pages-browser)/./node_modules/next/dist/next-devtools/shared/forward-logs-shared.js:27
[    8653ms] [LOG] [Fast Refresh] rebuilding @ webpack-internal:///(app-pages-browser)/./node_modules/next/dist/next-devtools/shared/forward-logs-shared.js:27
[    8760ms] [WARNING] ./app/page.tsx
Module not found: Can't resolve 'html-to-image' in '/Users/saladin/Developments/interestory/app'

Import trace for requested module:
./app/page.tsx @ webpack-internal:///(app-pages-browser)/./node_modules/next/dist/next-devtools/shared/forward-logs-shared.js:27
[    8760ms] [WARNING] ./components/stats/StatsClient.tsx
Module not found: Can't resolve 'html-to-image' in '/Users/saladin/Developments/interestory/components/stats'

Import trace for requested module:
./components/stats/StatsClient.tsx @ webpack-internal:///(app-pages-browser)/./node_modules/next/dist/next-devtools/shared/forward-logs-shared.js:27
[    8760ms] [LOG] [Fast Refresh] done in 107ms @ webpack-internal:///(app-pages-browser)/./node_modules/next/dist/next-devtools/shared/forward-logs-shared.js:27
[    8761ms] [LOG] [Fast Refresh] rebuilding @ webpack-internal:///(app-pages-browser)/./node_modules/next/dist/next-devtools/shared/forward-logs-shared.js:27
[    8841ms] [WARNING] ./app/page.tsx
Module not found: Can't resolve 'html-to-image' in '/Users/saladin/Developments/interestory/app'

Import trace for requested module:
./app/page.tsx @ webpack-internal:///(app-pages-browser)/./node_modules/next/dist/next-devtools/shared/forward-logs-shared.js:27
[    8841ms] [WARNING] ./components/stats/StatsClient.tsx
Module not found: Can't resolve 'html-to-image' in '/Users/saladin/Developments/interestory/components/stats'

Import trace for requested module:
./components/stats/StatsClient.tsx @ webpack-internal:///(app-pages-browser)/./node_modules/next/dist/next-devtools/shared/forward-logs-shared.js:27
[    8841ms] [LOG] [Fast Refresh] done in 79ms @ webpack-internal:///(app-pages-browser)/./node_modules/next/dist/next-devtools/shared/forward-logs-shared.js:27
[    8842ms] [LOG] [Fast Refresh] rebuilding @ webpack-internal:///(app-pages-browser)/./node_modules/next/dist/next-devtools/shared/forward-logs-shared.js:27
[    8924ms] [WARNING] ./app/page.tsx
Module not found: Can't resolve 'html-to-image' in '/Users/saladin/Developments/interestory/app'

Import trace for requested module:
./app/page.tsx @ webpack-internal:///(app-pages-browser)/./node_modules/next/dist/next-devtools/shared/forward-logs-shared.js:27
[    8924ms] [WARNING] ./components/stats/StatsClient.tsx
Module not found: Can't resolve 'html-to-image' in '/Users/saladin/Developments/interestory/components/stats'

Import trace for requested module:
./components/stats/StatsClient.tsx @ webpack-internal:///(app-pages-browser)/./node_modules/next/dist/next-devtools/shared/forward-logs-shared.js:27
[    8924ms] [LOG] [Fast Refresh] done in 83ms @ webpack-internal:///(app-pages-browser)/./node_modules/next/dist/next-devtools/shared/forward-logs-shared.js:27
[    8925ms] [LOG] [Fast Refresh] rebuilding @ webpack-internal:///(app-pages-browser)/./node_modules/next/dist/next-devtools/shared/forward-logs-shared.js:27
[    9037ms] [WARNING] ./app/page.tsx
Module not found: Can't resolve 'html-to-image' in '/Users/saladin/Developments/interestory/app'

Import trace for requested module:
./app/page.tsx @ webpack-internal:///(app-pages-browser)/./node_modules/next/dist/next-devtools/shared/forward-logs-shared.js:27
[    9037ms] [WARNING] ./components/stats/StatsClient.tsx
Module not found: Can't resolve 'html-to-image' in '/Users/saladin/Developments/interestory/components/stats'

Import trace for requested module:
./components/stats/StatsClient.tsx @ webpack-internal:///(app-pages-browser)/./node_modules/next/dist/next-devtools/shared/forward-logs-shared.js:27
[    9037ms] [LOG] [Fast Refresh] done in 112ms @ webpack-internal:///(app-pages-browser)/./node_modules/next/dist/next-devtools/shared/forward-logs-shared.js:27
[    9038ms] [LOG] [Fast Refresh] rebuilding @ webpack-internal:///(app-pages-browser)/./node_modules/next/dist/next-devtools/shared/forward-logs-shared.js:27
[    9118ms] [WARNING] ./app/page.tsx
Module not found: Can't resolve 'html-to-image' in '/Users/saladin/Developments/interestory/app'

Import trace for requested module:
./app/page.tsx @ webpack-internal:///(app-pages-browser)/./node_modules/next/dist/next-devtools/shared/forward-logs-shared.js:27
[    9118ms] [WARNING] ./components/stats/StatsClient.tsx
Module not found: Can't resolve 'html-to-image' in '/Users/saladin/Developments/interestory/components/stats'

Import trace for requested module:
./components/stats/StatsClient.tsx @ webpack-internal:///(app-pages-browser)/./node_modules/next/dist/next-devtools/shared/forward-logs-shared.js:27
[    9118ms] [LOG] [Fast Refresh] done in 81ms @ webpack-internal:///(app-pages-browser)/./node_modules/next/dist/next-devtools/shared/forward-logs-shared.js:27
[    9119ms] [LOG] [Fast Refresh] rebuilding @ webpack-internal:///(app-pages-browser)/./node_modules/next/dist/next-devtools/shared/forward-logs-shared.js:27
[    9199ms] [WARNING] ./app/page.tsx
Module not found: Can't resolve 'html-to-image' in '/Users/saladin/Developments/interestory/app'

Import trace for requested module:
./app/page.tsx @ webpack-internal:///(app-pages-browser)/./node_modules/next/dist/next-devtools/shared/forward-logs-shared.js:27
[    9199ms] [WARNING] ./components/stats/StatsClient.tsx
Module not found: Can't resolve 'html-to-image' in '/Users/saladin/Developments/interestory/components/stats'

Import trace for requested module:
./components/stats/StatsClient.tsx @ webpack-internal:///(app-pages-browser)/./node_modules/next/dist/next-devtools/shared/forward-logs-shared.js:27
[    9199ms] [LOG] [Fast Refresh] done in 81ms @ webpack-internal:///(app-pages-browser)/./node_modules/next/dist/next-devtools/shared/forward-logs-shared.js:27
[    9200ms] [LOG] [Fast Refresh] rebuilding @ webpack-internal:///(app-pages-browser)/./node_modules/next/dist/next-devtools/shared/forward-logs-shared.js:27
[    9300ms] [WARNING] ./app/page.tsx
Module not found: Can't resolve 'html-to-image' in '/Users/saladin/Developments/interestory/app'

Import trace for requested module:
./app/page.tsx @ webpack-internal:///(app-pages-browser)/./node_modules/next/dist/next-devtools/shared/forward-logs-shared.js:27
[    9300ms] [WARNING] ./components/stats/StatsClient.tsx
Module not found: Can't resolve 'html-to-image' in '/Users/saladin/Developments/interestory/components/stats'

Import trace for requested module:
./components/stats/StatsClient.tsx @ webpack-internal:///(app-pages-browser)/./node_modules/next/dist/next-devtools/shared/forward-logs-shared.js:27
[    9300ms] [LOG] [Fast Refresh] done in 100ms @ webpack-internal:///(app-pages-browser)/./node_modules/next/dist/next-devtools/shared/forward-logs-shared.js:27
[    9301ms] [LOG] [Fast Refresh] rebuilding @ webpack-internal:///(app-pages-browser)/./node_modules/next/dist/next-devtools/shared/forward-logs-shared.js:27
[    9406ms] [WARNING] ./app/page.tsx
Module not found: Can't resolve 'html-to-image' in '/Users/saladin/Developments/interestory/app'

Import trace for requested module:
./app/page.tsx @ webpack-internal:///(app-pages-browser)/./node_modules/next/dist/next-devtools/shared/forward-logs-shared.js:27
[    9406ms] [WARNING] ./components/stats/StatsClient.tsx
Module not found: Can't resolve 'html-to-image' in '/Users/saladin/Developments/interestory/components/stats'

Import trace for requested module:
./components/stats/StatsClient.tsx @ webpack-internal:///(app-pages-browser)/./node_modules/next/dist/next-devtools/shared/forward-logs-shared.js:27
[    9406ms] [LOG] [Fast Refresh] done in 105ms @ webpack-internal:///(app-pages-browser)/./node_modules/next/dist/next-devtools/shared/forward-logs-shared.js:27
[    9407ms] [LOG] [Fast Refresh] rebuilding @ webpack-internal:///(app-pages-browser)/./node_modules/next/dist/next-devtools/shared/forward-logs-shared.js:27
[    9500ms] [WARNING] ./app/page.tsx
Module not found: Can't resolve 'html-to-image' in '/Users/saladin/Developments/interestory/app'

Import trace for requested module:
./app/page.tsx @ webpack-internal:///(app-pages-browser)/./node_modules/next/dist/next-devtools/shared/forward-logs-shared.js:27
[    9500ms] [WARNING] ./components/stats/StatsClient.tsx
Module not found: Can't resolve 'html-to-image' in '/Users/saladin/Developments/interestory/components/stats'

Import trace for requested module:
./components/stats/StatsClient.tsx @ webpack-internal:///(app-pages-browser)/./node_modules/next/dist/next-devtools/shared/forward-logs-shared.js:27
[    9500ms] [LOG] [Fast Refresh] done in 93ms @ webpack-internal:///(app-pages-browser)/./node_modules/next/dist/next-devtools/shared/forward-logs-shared.js:27
[    9502ms] [LOG] [Fast Refresh] rebuilding @ webpack-internal:///(app-pages-browser)/./node_modules/next/dist/next-devtools/shared/forward-logs-shared.js:27
[    9677ms] [WARNING] ./app/page.tsx
Module not found: Can't resolve 'html-to-image' in '/Users/saladin/Developments/interestory/app'

Import trace for requested module:
./app/page.tsx @ webpack-internal:///(app-pages-browser)/./node_modules/next/dist/next-devtools/shared/forward-logs-shared.js:27
[    9677ms] [WARNING] ./components/stats/StatsClient.tsx
Module not found: Can't resolve 'html-to-image' in '/Users/saladin/Developments/interestory/components/stats'

Import trace for requested module:
./components/stats/StatsClient.tsx @ webpack-internal:///(app-pages-browser)/./node_modules/next/dist/next-devtools/shared/forward-logs-shared.js:27
[    9677ms] [LOG] [Fast Refresh] done in 175ms @ webpack-internal:///(app-pages-browser)/./node_modules/next/dist/next-devtools/shared/forward-logs-shared.js:27
[    9679ms] [LOG] [Fast Refresh] rebuilding @ webpack-internal:///(app-pages-browser)/./node_modules/next/dist/next-devtools/shared/forward-logs-shared.js:27
[    9800ms] [WARNING] ./app/page.tsx
Module not found: Can't resolve 'html-to-image' in '/Users/saladin/Developments/interestory/app'

Import trace for requested module:
./app/page.tsx @ webpack-internal:///(app-pages-browser)/./node_modules/next/dist/next-devtools/shared/forward-logs-shared.js:27
[    9800ms] [WARNING] ./components/stats/StatsClient.tsx
Module not found: Can't resolve 'html-to-image' in '/Users/saladin/Developments/interestory/components/stats'

Import trace for requested module:
./components/stats/StatsClient.tsx @ webpack-internal:///(app-pages-browser)/./node_modules/next/dist/next-devtools/shared/forward-logs-shared.js:27
[    9800ms] [LOG] [Fast Refresh] done in 121ms @ webpack-internal:///(app-pages-browser)/./node_modules/next/dist/next-devtools/shared/forward-logs-shared.js:27
[    9802ms] [LOG] [Fast Refresh] rebuilding @ webpack-internal:///(app-pages-browser)/./node_modules/next/dist/next-devtools/shared/forward-logs-shared.js:27
[    9891ms] [WARNING] ./app/page.tsx
Module not found: Can't resolve 'html-to-image' in '/Users/saladin/Developments/interestory/app'

Import trace for requested module:
./app/page.tsx @ webpack-internal:///(app-pages-browser)/./node_modules/next/dist/next-devtools/shared/forward-logs-shared.js:27
[    9891ms] [WARNING] ./components/stats/StatsClient.tsx
Module not found: Can't resolve 'html-to-image' in '/Users/saladin/Developments/interestory/components/stats'

Import trace for requested module:
./components/stats/StatsClient.tsx @ webpack-internal:///(app-pages-browser)/./node_modules/next/dist/next-devtools/shared/forward-logs-shared.js:27
[    9891ms] [LOG] [Fast Refresh] done in 88ms @ webpack-internal:///(app-pages-browser)/./node_modules/next/dist/next-devtools/shared/forward-logs-shared.js:27
[    9891ms] [LOG] [Fast Refresh] rebuilding @ webpack-internal:///(app-pages-browser)/./node_modules/next/dist/next-devtools/shared/forward-logs-shared.js:27
[    9978ms] [WARNING] ./app/page.tsx
Module not found: Can't resolve 'html-to-image' in '/Users/saladin/Developments/interestory/app'

Import trace for requested module:
./app/page.tsx @ webpack-internal:///(app-pages-browser)/./node_modules/next/dist/next-devtools/shared/forward-logs-shared.js:27
[    9979ms] [WARNING] ./components/stats/StatsClient.tsx
Module not found: Can't resolve 'html-to-image' in '/Users/saladin/Developments/interestory/components/stats'

Import trace for requested module:
./components/stats/StatsClient.tsx @ webpack-internal:///(app-pages-browser)/./node_modules/next/dist/next-devtools/shared/forward-logs-shared.js:27
[    9979ms] [LOG] [Fast Refresh] done in 87ms @ webpack-internal:///(app-pages-browser)/./node_modules/next/dist/next-devtools/shared/forward-logs-shared.js:27
[    9980ms] [LOG] [Fast Refresh] rebuilding @ webpack-internal:///(app-pages-browser)/./node_modules/next/dist/next-devtools/shared/forward-logs-shared.js:27
[   10124ms] [WARNING] ./app/page.tsx
Module not found: Can't resolve 'html-to-image' in '/Users/saladin/Developments/interestory/app'

Import trace for requested module:
./app/page.tsx @ webpack-internal:///(app-pages-browser)/./node_modules/next/dist/next-devtools/shared/forward-logs-shared.js:27
[   10124ms] [WARNING] ./components/stats/StatsClient.tsx
Module not found: Can't resolve 'html-to-image' in '/Users/saladin/Developments/interestory/components/stats'

Import trace for requested module:
./components/stats/StatsClient.tsx @ webpack-internal:///(app-pages-browser)/./node_modules/next/dist/next-devtools/shared/forward-logs-shared.js:27
[   10124ms] [LOG] [Fast Refresh] done in 145ms @ webpack-internal:///(app-pages-browser)/./node_modules/next/dist/next-devtools/shared/forward-logs-shared.js:27
[   10124ms] [LOG] [Fast Refresh] rebuilding @ webpack-internal:///(app-pages-browser)/./node_modules/next/dist/next-devtools/shared/forward-logs-shared.js:27
[   10186ms] [WARNING] ./app/page.tsx
Module not found: Can't resolve 'html-to-image' in '/Users/saladin/Developments/interestory/app'

Import trace for requested module:
./app/page.tsx @ webpack-internal:///(app-pages-browser)/./node_modules/next/dist/next-devtools/shared/forward-logs-shared.js:27
[   10186ms] [WARNING] ./components/stats/StatsClient.tsx
Module not found: Can't resolve 'html-to-image' in '/Users/saladin/Developments/interestory/components/stats'

Import trace for requested module:
./components/stats/StatsClient.tsx @ webpack-internal:///(app-pages-browser)/./node_modules/next/dist/next-devtools/shared/forward-logs-shared.js:27
[   10186ms] [LOG] [Fast Refresh] done in 62ms @ webpack-internal:///(app-pages-browser)/./node_modules/next/dist/next-devtools/shared/forward-logs-shared.js:27
[   10188ms] [LOG] [Fast Refresh] rebuilding @ webpack-internal:///(app-pages-browser)/./node_modules/next/dist/next-devtools/shared/forward-logs-shared.js:27
[   10275ms] [WARNING] ./app/page.tsx
Module not found: Can't resolve 'html-to-image' in '/Users/saladin/Developments/interestory/app'

Import trace for requested module:
./app/page.tsx @ webpack-internal:///(app-pages-browser)/./node_modules/next/dist/next-devtools/shared/forward-logs-shared.js:27
[   10275ms] [WARNING] ./components/stats/StatsClient.tsx
Module not found: Can't resolve 'html-to-image' in '/Users/saladin/Developments/interestory/components/stats'

Import trace for requested module:
./components/stats/StatsClient.tsx @ webpack-internal:///(app-pages-browser)/./node_modules/next/dist/next-devtools/shared/forward-logs-shared.js:27
[   10275ms] [LOG] [Fast Refresh] done in 87ms @ webpack-internal:///(app-pages-browser)/./node_modules/next/dist/next-devtools/shared/forward-logs-shared.js:27
[   10276ms] [LOG] [Fast Refresh] rebuilding @ webpack-internal:///(app-pages-browser)/./node_modules/next/dist/next-devtools/shared/forward-logs-shared.js:27
[   10391ms] [WARNING] ./app/page.tsx
Module not found: Can't resolve 'html-to-image' in '/Users/saladin/Developments/interestory/app'

Import trace for requested module:
./app/page.tsx @ webpack-internal:///(app-pages-browser)/./node_modules/next/dist/next-devtools/shared/forward-logs-shared.js:27
[   10391ms] [WARNING] ./components/stats/StatsClient.tsx
Module not found: Can't resolve 'html-to-image' in '/Users/saladin/Developments/interestory/components/stats'

Import trace for requested module:
./components/stats/StatsClient.tsx @ webpack-internal:///(app-pages-browser)/./node_modules/next/dist/next-devtools/shared/forward-logs-shared.js:27
[   10391ms] [LOG] [Fast Refresh] done in 115ms @ webpack-internal:///(app-pages-browser)/./node_modules/next/dist/next-devtools/shared/forward-logs-shared.js:27
[   10392ms] [LOG] [Fast Refresh] rebuilding @ webpack-internal:///(app-pages-browser)/./node_modules/next/dist/next-devtools/shared/forward-logs-shared.js:27
[   10475ms] [WARNING] ./app/page.tsx
Module not found: Can't resolve 'html-to-image' in '/Users/saladin/Developments/interestory/app'

Import trace for requested module:
./app/page.tsx @ webpack-internal:///(app-pages-browser)/./node_modules/next/dist/next-devtools/shared/forward-logs-shared.js:27
[   10475ms] [WARNING] ./components/stats/StatsClient.tsx
Module not found: Can't resolve 'html-to-image' in '/Users/saladin/Developments/interestory/components/stats'

Import trace for requested module:
./components/stats/StatsClient.tsx @ webpack-internal:///(app-pages-browser)/./node_modules/next/dist/next-devtools/shared/forward-logs-shared.js:27
[   10475ms] [LOG] [Fast Refresh] done in 83ms @ webpack-internal:///(app-pages-browser)/./node_modules/next/dist/next-devtools/shared/forward-logs-shared.js:27
[   10476ms] [LOG] [Fast Refresh] rebuilding @ webpack-internal:///(app-pages-browser)/./node_modules/next/dist/next-devtools/shared/forward-logs-shared.js:27
[   10585ms] [WARNING] ./app/page.tsx
Module not found: Can't resolve 'html-to-image' in '/Users/saladin/Developments/interestory/app'

Import trace for requested module:
./app/page.tsx @ webpack-internal:///(app-pages-browser)/./node_modules/next/dist/next-devtools/shared/forward-logs-shared.js:27
[   10585ms] [WARNING] ./components/stats/StatsClient.tsx
Module not found: Can't resolve 'html-to-image' in '/Users/saladin/Developments/interestory/components/stats'

Import trace for requested module:
./components/stats/StatsClient.tsx @ webpack-internal:///(app-pages-browser)/./node_modules/next/dist/next-devtools/shared/forward-logs-shared.js:27
[   10585ms] [LOG] [Fast Refresh] done in 109ms @ webpack-internal:///(app-pages-browser)/./node_modules/next/dist/next-devtools/shared/forward-logs-shared.js:27
[   10586ms] [LOG] [Fast Refresh] rebuilding @ webpack-internal:///(app-pages-browser)/./node_modules/next/dist/next-devtools/shared/forward-logs-shared.js:27
[   10664ms] [WARNING] ./app/page.tsx
Module not found: Can't resolve 'html-to-image' in '/Users/saladin/Developments/interestory/app'

Import trace for requested module:
./app/page.tsx @ webpack-internal:///(app-pages-browser)/./node_modules/next/dist/next-devtools/shared/forward-logs-shared.js:27
[   10664ms] [WARNING] ./components/stats/StatsClient.tsx
Module not found: Can't resolve 'html-to-image' in '/Users/saladin/Developments/interestory/components/stats'

Import trace for requested module:
./components/stats/StatsClient.tsx @ webpack-internal:///(app-pages-browser)/./node_modules/next/dist/next-devtools/shared/forward-logs-shared.js:27
[   10664ms] [LOG] [Fast Refresh] done in 78ms @ webpack-internal:///(app-pages-browser)/./node_modules/next/dist/next-devtools/shared/forward-logs-shared.js:27
[   10665ms] [LOG] [Fast Refresh] rebuilding @ webpack-internal:///(app-pages-browser)/./node_modules/next/dist/next-devtools/shared/forward-logs-shared.js:27
[   10774ms] [WARNING] ./app/page.tsx
Module not found: Can't resolve 'html-to-image' in '/Users/saladin/Developments/interestory/app'

Import trace for requested module:
./app/page.tsx @ webpack-internal:///(app-pages-browser)/./node_modules/next/dist/next-devtools/shared/forward-logs-shared.js:27
[   10774ms] [WARNING] ./components/stats/StatsClient.tsx
Module not found: Can't resolve 'html-to-image' in '/Users/saladin/Developments/interestory/components/stats'

Import trace for requested module:
./components/stats/StatsClient.tsx @ webpack-internal:///(app-pages-browser)/./node_modules/next/dist/next-devtools/shared/forward-logs-shared.js:27
[   10774ms] [LOG] [Fast Refresh] done in 109ms @ webpack-internal:///(app-pages-browser)/./node_modules/next/dist/next-devtools/shared/forward-logs-shared.js:27
[   10775ms] [LOG] [Fast Refresh] rebuilding @ webpack-internal:///(app-pages-browser)/./node_modules/next/dist/next-devtools/shared/forward-logs-shared.js:27
[   10852ms] [WARNING] ./app/page.tsx
Module not found: Can't resolve 'html-to-image' in '/Users/saladin/Developments/interestory/app'

Import trace for requested module:
./app/page.tsx @ webpack-internal:///(app-pages-browser)/./node_modules/next/dist/next-devtools/shared/forward-logs-shared.js:27
[   10852ms] [WARNING] ./components/stats/StatsClient.tsx
Module not found: Can't resolve 'html-to-image' in '/Users/saladin/Developments/interestory/components/stats'

Import trace for requested module:
./components/stats/StatsClient.tsx @ webpack-internal:///(app-pages-browser)/./node_modules/next/dist/next-devtools/shared/forward-logs-shared.js:27
[   10852ms] [LOG] [Fast Refresh] done in 78ms @ webpack-internal:///(app-pages-browser)/./node_modules/next/dist/next-devtools/shared/forward-logs-shared.js:27
[   10853ms] [LOG] [Fast Refresh] rebuilding @ webpack-internal:///(app-pages-browser)/./node_modules/next/dist/next-devtools/shared/forward-logs-shared.js:27
[   10960ms] [WARNING] ./app/page.tsx
Module not found: Can't resolve 'html-to-image' in '/Users/saladin/Developments/interestory/app'

Import trace for requested module:
./app/page.tsx @ webpack-internal:///(app-pages-browser)/./node_modules/next/dist/next-devtools/shared/forward-logs-shared.js:27
[   10960ms] [WARNING] ./components/stats/StatsClient.tsx
Module not found: Can't resolve 'html-to-image' in '/Users/saladin/Developments/interestory/components/stats'

Import trace for requested module:
./components/stats/StatsClient.tsx @ webpack-internal:///(app-pages-browser)/./node_modules/next/dist/next-devtools/shared/forward-logs-shared.js:27
[   10960ms] [LOG] [Fast Refresh] done in 107ms @ webpack-internal:///(app-pages-browser)/./node_modules/next/dist/next-devtools/shared/forward-logs-shared.js:27
[   10961ms] [LOG] [Fast Refresh] rebuilding @ webpack-internal:///(app-pages-browser)/./node_modules/next/dist/next-devtools/shared/forward-logs-shared.js:27
[   11068ms] [WARNING] ./app/page.tsx
Module not found: Can't resolve 'html-to-image' in '/Users/saladin/Developments/interestory/app'

Import trace for requested module:
./app/page.tsx @ webpack-internal:///(app-pages-browser)/./node_modules/next/dist/next-devtools/shared/forward-logs-shared.js:27
[   11068ms] [WARNING] ./components/stats/StatsClient.tsx
Module not found: Can't resolve 'html-to-image' in '/Users/saladin/Developments/interestory/components/stats'

Import trace for requested module:
./components/stats/StatsClient.tsx @ webpack-internal:///(app-pages-browser)/./node_modules/next/dist/next-devtools/shared/forward-logs-shared.js:27
[   11068ms] [LOG] [Fast Refresh] done in 107ms @ webpack-internal:///(app-pages-browser)/./node_modules/next/dist/next-devtools/shared/forward-logs-shared.js:27
[   11069ms] [LOG] [Fast Refresh] rebuilding @ webpack-internal:///(app-pages-browser)/./node_modules/next/dist/next-devtools/shared/forward-logs-shared.js:27
[   11150ms] [WARNING] ./app/page.tsx
Module not found: Can't resolve 'html-to-image' in '/Users/saladin/Developments/interestory/app'

Import trace for requested module:
./app/page.tsx @ webpack-internal:///(app-pages-browser)/./node_modules/next/dist/next-devtools/shared/forward-logs-shared.js:27
[   11150ms] [WARNING] ./components/stats/StatsClient.tsx
Module not found: Can't resolve 'html-to-image' in '/Users/saladin/Developments/interestory/components/stats'

Import trace for requested module:
./components/stats/StatsClient.tsx @ webpack-internal:///(app-pages-browser)/./node_modules/next/dist/next-devtools/shared/forward-logs-shared.js:27
[   11150ms] [LOG] [Fast Refresh] done in 81ms @ webpack-internal:///(app-pages-browser)/./node_modules/next/dist/next-devtools/shared/forward-logs-shared.js:27
[   11151ms] [LOG] [Fast Refresh] rebuilding @ webpack-internal:///(app-pages-browser)/./node_modules/next/dist/next-devtools/shared/forward-logs-shared.js:27
[   11255ms] [WARNING] ./app/page.tsx
Module not found: Can't resolve 'html-to-image' in '/Users/saladin/Developments/interestory/app'

Import trace for requested module:
./app/page.tsx @ webpack-internal:///(app-pages-browser)/./node_modules/next/dist/next-devtools/shared/forward-logs-shared.js:27
[   11255ms] [WARNING] ./components/stats/StatsClient.tsx
Module not found: Can't resolve 'html-to-image' in '/Users/saladin/Developments/interestory/components/stats'

Import trace for requested module:
./components/stats/StatsClient.tsx @ webpack-internal:///(app-pages-browser)/./node_modules/next/dist/next-devtools/shared/forward-logs-shared.js:27
[   11255ms] [LOG] [Fast Refresh] done in 103ms @ webpack-internal:///(app-pages-browser)/./node_modules/next/dist/next-devtools/shared/forward-logs-shared.js:27
[   11256ms] [LOG] [Fast Refresh] rebuilding @ webpack-internal:///(app-pages-browser)/./node_modules/next/dist/next-devtools/shared/forward-logs-shared.js:27
[   11329ms] [WARNING] The resource http://localhost:3002/_next/static/css/app/layout.css?v=1789900498835 was preloaded using link preload but not used within a few seconds from the window's load event. Please make sure it has an appropriate `as` value and it is preloaded intentionally. @ http://localhost:3002/fashion:0
[   11329ms] [WARNING] The resource http://localhost:3002/_next/static/css/app/layout.css?v=1789900498083 was preloaded using link preload but not used within a few seconds from the window's load event. Please make sure it has an appropriate `as` value and it is preloaded intentionally. @ http://localhost:3002/fashion:0
[   11329ms] [WARNING] The resource http://localhost:3002/_next/static/media/7d4881bb7e1bf84d-s.p.woff2?v=1789900494866 was preloaded using link preload but not used within a few seconds from the window's load event. Please make sure it has an appropriate `as` value and it is preloaded intentionally. @ http://localhost:3002/fashion:0
[   11329ms] [WARNING] The resource http://localhost:3002/_next/static/css/app/layout.css?v=1789900497146 was preloaded using link preload but not used within a few seconds from the window's load event. Please make sure it has an appropriate `as` value and it is preloaded intentionally. @ http://localhost:3002/fashion:0
[   11329ms] [WARNING] The resource http://localhost:3002/_next/static/css/app/layout.css?v=1789900496793 was preloaded using link preload but not used within a few seconds from the window's load event. Please make sure it has an appropriate `as` value and it is preloaded intentionally. @ http://localhost:3002/fashion:0
[   11329ms] [WARNING] The resource http://localhost:3002/_next/static/css/app/layout.css?v=1789900497646 was preloaded using link preload but not used within a few seconds from the window's load event. Please make sure it has an appropriate `as` value and it is preloaded intentionally. @ http://localhost:3002/fashion:0
[   11329ms] [WARNING] The resource http://localhost:3002/_next/static/css/app/layout.css?v=1789900499388 was preloaded using link preload but not used within a few seconds from the window's load event. Please make sure it has an appropriate `as` value and it is preloaded intentionally. @ http://localhost:3002/fashion:0
[   11329ms] [WARNING] The resource http://localhost:3002/_next/static/css/app/layout.css?v=1789900499905 was preloaded using link preload but not used within a few seconds from the window's load event. Please make sure it has an appropriate `as` value and it is preloaded intentionally. @ http://localhost:3002/fashion:0
[   11329ms] [WARNING] The resource http://localhost:3002/_next/static/css/app/layout.css?v=1789900499196 was preloaded using link preload but not used within a few seconds from the window's load event. Please make sure it has an appropriate `as` value and it is preloaded intentionally. @ http://localhost:3002/fashion:0
[   11329ms] [WARNING] The resource http://localhost:3002/_next/static/css/app/layout.css?v=1789900498995 was preloaded using link preload but not used within a few seconds from the window's load event. Please make sure it has an appropriate `as` value and it is preloaded intentionally. @ http://localhost:3002/fashion:0
[   11329ms] [WARNING] The resource http://localhost:3002/_next/static/css/app/layout.css?v=1789900499564 was preloaded using link preload but not used within a few seconds from the window's load event. Please make sure it has an appropriate `as` value and it is preloaded intentionally. @ http://localhost:3002/fashion:0
[   11329ms] [WARNING] The resource http://localhost:3002/_next/static/media/22a5144ee8d83bca-s.p.woff2?v=1789900494866 was preloaded using link preload but not used within a few seconds from the window's load event. Please make sure it has an appropriate `as` value and it is preloaded intentionally. @ http://localhost:3002/fashion:0
[   11329ms] [WARNING] The resource http://localhost:3002/_next/static/css/app/layout.css?v=1789900497905 was preloaded using link preload but not used within a few seconds from the window's load event. Please make sure it has an appropriate `as` value and it is preloaded intentionally. @ http://localhost:3002/fashion:0
[   11329ms] [WARNING] The resource http://localhost:3002/_next/static/css/app/layout.css?v=1789900498445 was preloaded using link preload but not used within a few seconds from the window's load event. Please make sure it has an appropriate `as` value and it is preloaded intentionally. @ http://localhost:3002/fashion:0
[   11329ms] [WARNING] The resource http://localhost:3002/_next/static/css/app/layout.css?v=1789900498289 was preloaded using link preload but not used within a few seconds from the window's load event. Please make sure it has an appropriate `as` value and it is preloaded intentionally. @ http://localhost:3002/fashion:0
[   11329ms] [WARNING] The resource http://localhost:3002/_next/static/css/app/layout.css?v=1789900496953 was preloaded using link preload but not used within a few seconds from the window's load event. Please make sure it has an appropriate `as` value and it is preloaded intentionally. @ http://localhost:3002/fashion:0
[   11329ms] [WARNING] The resource http://localhost:3002/_next/static/css/app/layout.css?v=1789900497414 was preloaded using link preload but not used within a few seconds from the window's load event. Please make sure it has an appropriate `as` value and it is preloaded intentionally. @ http://localhost:3002/fashion:0
[   11329ms] [WARNING] The resource http://localhost:3002/_next/static/css/app/layout.css?v=1789900499720 was preloaded using link preload but not used within a few seconds from the window's load event. Please make sure it has an appropriate `as` value and it is preloaded intentionally. @ http://localhost:3002/fashion:0
[   11338ms] [WARNING] ./app/page.tsx
Module not found: Can't resolve 'html-to-image' in '/Users/saladin/Developments/interestory/app'

Import trace for requested module:
./app/page.tsx @ webpack-internal:///(app-pages-browser)/./node_modules/next/dist/next-devtools/shared/forward-logs-shared.js:27
[   11338ms] [WARNING] ./components/stats/StatsClient.tsx
Module not found: Can't resolve 'html-to-image' in '/Users/saladin/Developments/interestory/components/stats'

Import trace for requested module:
./components/stats/StatsClient.tsx @ webpack-internal:///(app-pages-browser)/./node_modules/next/dist/next-devtools/shared/forward-logs-shared.js:27
[   11338ms] [LOG] [Fast Refresh] done in 82ms @ webpack-internal:///(app-pages-browser)/./node_modules/next/dist/next-devtools/shared/forward-logs-shared.js:27
[   11339ms] [LOG] [Fast Refresh] rebuilding @ webpack-internal:///(app-pages-browser)/./node_modules/next/dist/next-devtools/shared/forward-logs-shared.js:27
[   11445ms] [WARNING] ./app/page.tsx
Module not found: Can't resolve 'html-to-image' in '/Users/saladin/Developments/interestory/app'

Import trace for requested module:
./app/page.tsx @ webpack-internal:///(app-pages-browser)/./node_modules/next/dist/next-devtools/shared/forward-logs-shared.js:27
[   11445ms] [WARNING] ./components/stats/StatsClient.tsx
Module not found: Can't resolve 'html-to-image' in '/Users/saladin/Developments/interestory/components/stats'

Import trace for requested module:
./components/stats/StatsClient.tsx @ webpack-internal:///(app-pages-browser)/./node_modules/next/dist/next-devtools/shared/forward-logs-shared.js:27
[   11445ms] [LOG] [Fast Refresh] done in 107ms @ webpack-internal:///(app-pages-browser)/./node_modules/next/dist/next-devtools/shared/forward-logs-shared.js:27
[   11446ms] [LOG] [Fast Refresh] rebuilding @ webpack-internal:///(app-pages-browser)/./node_modules/next/dist/next-devtools/shared/forward-logs-shared.js:27
[   11527ms] [WARNING] ./app/page.tsx
Module not found: Can't resolve 'html-to-image' in '/Users/saladin/Developments/interestory/app'

Import trace for requested module:
./app/page.tsx @ webpack-internal:///(app-pages-browser)/./node_modules/next/dist/next-devtools/shared/forward-logs-shared.js:27
[   11527ms] [WARNING] ./components/stats/StatsClient.tsx
Module not found: Can't resolve 'html-to-image' in '/Users/saladin/Developments/interestory/components/stats'

Import trace for requested module:
./components/stats/StatsClient.tsx @ webpack-internal:///(app-pages-browser)/./node_modules/next/dist/next-devtools/shared/forward-logs-shared.js:27
[   11527ms] [LOG] [Fast Refresh] done in 80ms @ webpack-internal:///(app-pages-browser)/./node_modules/next/dist/next-devtools/shared/forward-logs-shared.js:27
[   11527ms] [LOG] [Fast Refresh] rebuilding @ webpack-internal:///(app-pages-browser)/./node_modules/next/dist/next-devtools/shared/forward-logs-shared.js:27
[   11612ms] [WARNING] ./app/page.tsx
Module not found: Can't resolve 'html-to-image' in '/Users/saladin/Developments/interestory/app'

Import trace for requested module:
./app/page.tsx @ webpack-internal:///(app-pages-browser)/./node_modules/next/dist/next-devtools/shared/forward-logs-shared.js:27
[   11612ms] [WARNING] ./components/stats/StatsClient.tsx
Module not found: Can't resolve 'html-to-image' in '/Users/saladin/Developments/interestory/components/stats'

Import trace for requested module:
./components/stats/StatsClient.tsx @ webpack-internal:///(app-pages-browser)/./node_modules/next/dist/next-devtools/shared/forward-logs-shared.js:27
[   11612ms] [LOG] [Fast Refresh] done in 84ms @ webpack-internal:///(app-pages-browser)/./node_modules/next/dist/next-devtools/shared/forward-logs-shared.js:27
[   11613ms] [LOG] [Fast Refresh] rebuilding @ webpack-internal:///(app-pages-browser)/./node_modules/next/dist/next-devtools/shared/forward-logs-shared.js:27
[   11716ms] [WARNING] ./app/page.tsx
Module not found: Can't resolve 'html-to-image' in '/Users/saladin/Developments/interestory/app'

Import trace for requested module:
./app/page.tsx @ webpack-internal:///(app-pages-browser)/./node_modules/next/dist/next-devtools/shared/forward-logs-shared.js:27
[   11716ms] [WARNING] ./components/stats/StatsClient.tsx
Module not found: Can't resolve 'html-to-image' in '/Users/saladin/Developments/interestory/components/stats'

Import trace for requested module:
./components/stats/StatsClient.tsx @ webpack-internal:///(app-pages-browser)/./node_modules/next/dist/next-devtools/shared/forward-logs-shared.js:27
[   11716ms] [LOG] [Fast Refresh] done in 103ms @ webpack-internal:///(app-pages-browser)/./node_modules/next/dist/next-devtools/shared/forward-logs-shared.js:27
[   11717ms] [LOG] [Fast Refresh] rebuilding @ webpack-internal:///(app-pages-browser)/./node_modules/next/dist/next-devtools/shared/forward-logs-shared.js:27
[   11797ms] [WARNING] ./app/page.tsx
Module not found: Can't resolve 'html-to-image' in '/Users/saladin/Developments/interestory/app'

Import trace for requested module:
./app/page.tsx @ webpack-internal:///(app-pages-browser)/./node_modules/next/dist/next-devtools/shared/forward-logs-shared.js:27
[   11797ms] [WARNING] ./components/stats/StatsClient.tsx
Module not found: Can't resolve 'html-to-image' in '/Users/saladin/Developments/interestory/components/stats'

Import trace for requested module:
./components/stats/StatsClient.tsx @ webpack-internal:///(app-pages-browser)/./node_modules/next/dist/next-devtools/shared/forward-logs-shared.js:27
[   11797ms] [LOG] [Fast Refresh] done in 79ms @ webpack-internal:///(app-pages-browser)/./node_modules/next/dist/next-devtools/shared/forward-logs-shared.js:27
[   11798ms] [LOG] [Fast Refresh] rebuilding @ webpack-internal:///(app-pages-browser)/./node_modules/next/dist/next-devtools/shared/forward-logs-shared.js:27
[   11910ms] [WARNING] ./app/page.tsx
Module not found: Can't resolve 'html-to-image' in '/Users/saladin/Developments/interestory/app'

Import trace for requested module:
./app/page.tsx @ webpack-internal:///(app-pages-browser)/./node_modules/next/dist/next-devtools/shared/forward-logs-shared.js:27
[   11910ms] [WARNING] ./components/stats/StatsClient.tsx
Module not found: Can't resolve 'html-to-image' in '/Users/saladin/Developments/interestory/components/stats'

Import trace for requested module:
./components/stats/StatsClient.tsx @ webpack-internal:///(app-pages-browser)/./node_modules/next/dist/next-devtools/shared/forward-logs-shared.js:27
[   11910ms] [LOG] [Fast Refresh] done in 112ms @ webpack-internal:///(app-pages-browser)/./node_modules/next/dist/next-devtools/shared/forward-logs-shared.js:27
[   11911ms] [LOG] [Fast Refresh] rebuilding @ webpack-internal:///(app-pages-browser)/./node_modules/next/dist/next-devtools/shared/forward-logs-shared.js:27
[   11995ms] [WARNING] ./app/page.tsx
Module not found: Can't resolve 'html-to-image' in '/Users/saladin/Developments/interestory/app'

Import trace for requested module:
./app/page.tsx @ webpack-internal:///(app-pages-browser)/./node_modules/next/dist/next-devtools/shared/forward-logs-shared.js:27
[   11995ms] [WARNING] ./components/stats/StatsClient.tsx
Module not found: Can't resolve 'html-to-image' in '/Users/saladin/Developments/interestory/components/stats'

Import trace for requested module:
./components/stats/StatsClient.tsx @ webpack-internal:///(app-pages-browser)/./node_modules/next/dist/next-devtools/shared/forward-logs-shared.js:27
[   11995ms] [LOG] [Fast Refresh] done in 84ms @ webpack-internal:///(app-pages-browser)/./node_modules/next/dist/next-devtools/shared/forward-logs-shared.js:27
[   11996ms] [LOG] [Fast Refresh] rebuilding @ webpack-internal:///(app-pages-browser)/./node_modules/next/dist/next-devtools/shared/forward-logs-shared.js:27
[   12073ms] [WARNING] ./app/page.tsx
Module not found: Can't resolve 'html-to-image' in '/Users/saladin/Developments/interestory/app'

Import trace for requested module:
./app/page.tsx @ webpack-internal:///(app-pages-browser)/./node_modules/next/dist/next-devtools/shared/forward-logs-shared.js:27
[   12073ms] [WARNING] ./components/stats/StatsClient.tsx
Module not found: Can't resolve 'html-to-image' in '/Users/saladin/Developments/interestory/components/stats'

Import trace for requested module:
./components/stats/StatsClient.tsx @ webpack-internal:///(app-pages-browser)/./node_modules/next/dist/next-devtools/shared/forward-logs-shared.js:27
[   12073ms] [LOG] [Fast Refresh] done in 77ms @ webpack-internal:///(app-pages-browser)/./node_modules/next/dist/next-devtools/shared/forward-logs-shared.js:27
[   12073ms] [LOG] [Fast Refresh] rebuilding @ webpack-internal:///(app-pages-browser)/./node_modules/next/dist/next-devtools/shared/forward-logs-shared.js:27
[   12185ms] [WARNING] ./app/page.tsx
Module not found: Can't resolve 'html-to-image' in '/Users/saladin/Developments/interestory/app'

Import trace for requested module:
./app/page.tsx @ webpack-internal:///(app-pages-browser)/./node_modules/next/dist/next-devtools/shared/forward-logs-shared.js:27
[   12185ms] [WARNING] ./components/stats/StatsClient.tsx
Module not found: Can't resolve 'html-to-image' in '/Users/saladin/Developments/interestory/components/stats'

Import trace for requested module:
./components/stats/StatsClient.tsx @ webpack-internal:///(app-pages-browser)/./node_modules/next/dist/next-devtools/shared/forward-logs-shared.js:27
[   12185ms] [LOG] [Fast Refresh] done in 111ms @ webpack-internal:///(app-pages-browser)/./node_modules/next/dist/next-devtools/shared/forward-logs-shared.js:27
[   12186ms] [LOG] [Fast Refresh] rebuilding @ webpack-internal:///(app-pages-browser)/./node_modules/next/dist/next-devtools/shared/forward-logs-shared.js:27
[   12294ms] [WARNING] ./app/page.tsx
Module not found: Can't resolve 'html-to-image' in '/Users/saladin/Developments/interestory/app'

Import trace for requested module:
./app/page.tsx @ webpack-internal:///(app-pages-browser)/./node_modules/next/dist/next-devtools/shared/forward-logs-shared.js:27
[   12294ms] [WARNING] ./components/stats/StatsClient.tsx
Module not found: Can't resolve 'html-to-image' in '/Users/saladin/Developments/interestory/components/stats'

Import trace for requested module:
./components/stats/StatsClient.tsx @ webpack-internal:///(app-pages-browser)/./node_modules/next/dist/next-devtools/shared/forward-logs-shared.js:27
[   12294ms] [LOG] [Fast Refresh] done in 109ms @ webpack-internal:///(app-pages-browser)/./node_modules/next/dist/next-devtools/shared/forward-logs-shared.js:27
[   12295ms] [LOG] [Fast Refresh] rebuilding @ webpack-internal:///(app-pages-browser)/./node_modules/next/dist/next-devtools/shared/forward-logs-shared.js:27
[   12378ms] [WARNING] ./app/page.tsx
Module not found: Can't resolve 'html-to-image' in '/Users/saladin/Developments/interestory/app'

Import trace for requested module:
./app/page.tsx @ webpack-internal:///(app-pages-browser)/./node_modules/next/dist/next-devtools/shared/forward-logs-shared.js:27
[   12378ms] [WARNING] ./components/stats/StatsClient.tsx
Module not found: Can't resolve 'html-to-image' in '/Users/saladin/Developments/interestory/components/stats'

Import trace for requested module:
./components/stats/StatsClient.tsx @ webpack-internal:///(app-pages-browser)/./node_modules/next/dist/next-devtools/shared/forward-logs-shared.js:27
[   12378ms] [LOG] [Fast Refresh] done in 82ms @ webpack-internal:///(app-pages-browser)/./node_modules/next/dist/next-devtools/shared/forward-logs-shared.js:27
[   12378ms] [LOG] [Fast Refresh] rebuilding @ webpack-internal:///(app-pages-browser)/./node_modules/next/dist/next-devtools/shared/forward-logs-shared.js:27
[   12493ms] [WARNING] ./app/page.tsx
Module not found: Can't resolve 'html-to-image' in '/Users/saladin/Developments/interestory/app'

Import trace for requested module:
./app/page.tsx @ webpack-internal:///(app-pages-browser)/./node_modules/next/dist/next-devtools/shared/forward-logs-shared.js:27
[   12493ms] [WARNING] ./components/stats/StatsClient.tsx
Module not found: Can't resolve 'html-to-image' in '/Users/saladin/Developments/interestory/components/stats'

Import trace for requested module:
./components/stats/StatsClient.tsx @ webpack-internal:///(app-pages-browser)/./node_modules/next/dist/next-devtools/shared/forward-logs-shared.js:27
[   12493ms] [LOG] [Fast Refresh] done in 115ms @ webpack-internal:///(app-pages-browser)/./node_modules/next/dist/next-devtools/shared/forward-logs-shared.js:27
[   12494ms] [LOG] [Fast Refresh] rebuilding @ webpack-internal:///(app-pages-browser)/./node_modules/next/dist/next-devtools/shared/forward-logs-shared.js:27
[   12575ms] [WARNING] ./app/page.tsx
Module not found: Can't resolve 'html-to-image' in '/Users/saladin/Developments/interestory/app'

Import trace for requested module:
./app/page.tsx @ webpack-internal:///(app-pages-browser)/./node_modules/next/dist/next-devtools/shared/forward-logs-shared.js:27
[   12575ms] [WARNING] ./components/stats/StatsClient.tsx
Module not found: Can't resolve 'html-to-image' in '/Users/saladin/Developments/interestory/components/stats'

Import trace for requested module:
./components/stats/StatsClient.tsx @ webpack-internal:///(app-pages-browser)/./node_modules/next/dist/next-devtools/shared/forward-logs-shared.js:27
[   12575ms] [LOG] [Fast Refresh] done in 80ms @ webpack-internal:///(app-pages-browser)/./node_modules/next/dist/next-devtools/shared/forward-logs-shared.js:27
[   12576ms] [LOG] [Fast Refresh] rebuilding @ webpack-internal:///(app-pages-browser)/./node_modules/next/dist/next-devtools/shared/forward-logs-shared.js:27
[   12682ms] [WARNING] ./app/page.tsx
Module not found: Can't resolve 'html-to-image' in '/Users/saladin/Developments/interestory/app'

Import trace for requested module:
./app/page.tsx @ webpack-internal:///(app-pages-browser)/./node_modules/next/dist/next-devtools/shared/forward-logs-shared.js:27
[   12682ms] [WARNING] ./components/stats/StatsClient.tsx
Module not found: Can't resolve 'html-to-image' in '/Users/saladin/Developments/interestory/components/stats'

Import trace for requested module:
./components/stats/StatsClient.tsx @ webpack-internal:///(app-pages-browser)/./node_modules/next/dist/next-devtools/shared/forward-logs-shared.js:27
[   12682ms] [LOG] [Fast Refresh] done in 106ms @ webpack-internal:///(app-pages-browser)/./node_modules/next/dist/next-devtools/shared/forward-logs-shared.js:27
[   12683ms] [LOG] [Fast Refresh] rebuilding @ webpack-internal:///(app-pages-browser)/./node_modules/next/dist/next-devtools/shared/forward-logs-shared.js:27
[   12767ms] [WARNING] ./app/page.tsx
Module not found: Can't resolve 'html-to-image' in '/Users/saladin/Developments/interestory/app'

Import trace for requested module:
./app/page.tsx @ webpack-internal:///(app-pages-browser)/./node_modules/next/dist/next-devtools/shared/forward-logs-shared.js:27
[   12767ms] [WARNING] ./components/stats/StatsClient.tsx
Module not found: Can't resolve 'html-to-image' in '/Users/saladin/Developments/interestory/components/stats'

Import trace for requested module:
./components/stats/StatsClient.tsx @ webpack-internal:///(app-pages-browser)/./node_modules/next/dist/next-devtools/shared/forward-logs-shared.js:27
[   12767ms] [LOG] [Fast Refresh] done in 83ms @ webpack-internal:///(app-pages-browser)/./node_modules/next/dist/next-devtools/shared/forward-logs-shared.js:27
[   12767ms] [LOG] [Fast Refresh] rebuilding @ webpack-internal:///(app-pages-browser)/./node_modules/next/dist/next-devtools/shared/forward-logs-shared.js:27
[   12923ms] [WARNING] ./app/page.tsx
Module not found: Can't resolve 'html-to-image' in '/Users/saladin/Developments/interestory/app'

Import trace for requested module:
./app/page.tsx @ webpack-internal:///(app-pages-browser)/./node_modules/next/dist/next-devtools/shared/forward-logs-shared.js:27
[   12923ms] [WARNING] ./components/stats/StatsClient.tsx
Module not found: Can't resolve 'html-to-image' in '/Users/saladin/Developments/interestory/components/stats'

Import trace for requested module:
./components/stats/StatsClient.tsx @ webpack-internal:///(app-pages-browser)/./node_modules/next/dist/next-devtools/shared/forward-logs-shared.js:27
[   12923ms] [LOG] [Fast Refresh] done in 155ms @ webpack-internal:///(app-pages-browser)/./node_modules/next/dist/next-devtools/shared/forward-logs-shared.js:27
[   12924ms] [LOG] [Fast Refresh] rebuilding @ webpack-internal:///(app-pages-browser)/./node_modules/next/dist/next-devtools/shared/forward-logs-shared.js:27
[   13099ms] [WARNING] ./app/page.tsx
Module not found: Can't resolve 'html-to-image' in '/Users/saladin/Developments/interestory/app'

Import trace for requested module:
./app/page.tsx @ webpack-internal:///(app-pages-browser)/./node_modules/next/dist/next-devtools/shared/forward-logs-shared.js:27
[   13099ms] [WARNING] ./components/stats/StatsClient.tsx
Module not found: Can't resolve 'html-to-image' in '/Users/saladin/Developments/interestory/components/stats'

Import trace for requested module:
./components/stats/StatsClient.tsx @ webpack-internal:///(app-pages-browser)/./node_modules/next/dist/next-devtools/shared/forward-logs-shared.js:27
[   13100ms] [LOG] [Fast Refresh] done in 175ms @ webpack-internal:///(app-pages-browser)/./node_modules/next/dist/next-devtools/shared/forward-logs-shared.js:27
[   13100ms] [LOG] [Fast Refresh] rebuilding @ webpack-internal:///(app-pages-browser)/./node_modules/next/dist/next-devtools/shared/forward-logs-shared.js:27
[   13181ms] [WARNING] ./app/page.tsx
Module not found: Can't resolve 'html-to-image' in '/Users/saladin/Developments/interestory/app'

Import trace for requested module:
./app/page.tsx @ webpack-internal:///(app-pages-browser)/./node_modules/next/dist/next-devtools/shared/forward-logs-shared.js:27
[   13181ms] [WARNING] ./components/stats/StatsClient.tsx
Module not found: Can't resolve 'html-to-image' in '/Users/saladin/Developments/interestory/components/stats'

Import trace for requested module:
./components/stats/StatsClient.tsx @ webpack-internal:///(app-pages-browser)/./node_modules/next/dist/next-devtools/shared/forward-logs-shared.js:27
[   13181ms] [LOG] [Fast Refresh] done in 80ms @ webpack-internal:///(app-pages-browser)/./node_modules/next/dist/next-devtools/shared/forward-logs-shared.js:27
[   13182ms] [LOG] [Fast Refresh] rebuilding @ webpack-internal:///(app-pages-browser)/./node_modules/next/dist/next-devtools/shared/forward-logs-shared.js:27
[   13290ms] [WARNING] ./app/page.tsx
Module not found: Can't resolve 'html-to-image' in '/Users/saladin/Developments/interestory/app'

Import trace for requested module:
./app/page.tsx @ webpack-internal:///(app-pages-browser)/./node_modules/next/dist/next-devtools/shared/forward-logs-shared.js:27
[   13290ms] [WARNING] ./components/stats/StatsClient.tsx
Module not found: Can't resolve 'html-to-image' in '/Users/saladin/Developments/interestory/components/stats'

Import trace for requested module:
./components/stats/StatsClient.tsx @ webpack-internal:///(app-pages-browser)/./node_modules/next/dist/next-devtools/shared/forward-logs-shared.js:27
[   13290ms] [LOG] [Fast Refresh] done in 109ms @ webpack-internal:///(app-pages-browser)/./node_modules/next/dist/next-devtools/shared/forward-logs-shared.js:27
[   13291ms] [LOG] [Fast Refresh] rebuilding @ webpack-internal:///(app-pages-browser)/./node_modules/next/dist/next-devtools/shared/forward-logs-shared.js:27
[   13377ms] [WARNING] ./app/page.tsx
Module not found: Can't resolve 'html-to-image' in '/Users/saladin/Developments/interestory/app'

Import trace for requested module:
./app/page.tsx @ webpack-internal:///(app-pages-browser)/./node_modules/next/dist/next-devtools/shared/forward-logs-shared.js:27
[   13377ms] [WARNING] ./components/stats/StatsClient.tsx
Module not found: Can't resolve 'html-to-image' in '/Users/saladin/Developments/interestory/components/stats'

Import trace for requested module:
./components/stats/StatsClient.tsx @ webpack-internal:///(app-pages-browser)/./node_modules/next/dist/next-devtools/shared/forward-logs-shared.js:27
[   13377ms] [LOG] [Fast Refresh] done in 85ms @ webpack-internal:///(app-pages-browser)/./node_modules/next/dist/next-devtools/shared/forward-logs-shared.js:27
[   13378ms] [LOG] [Fast Refresh] rebuilding @ webpack-internal:///(app-pages-browser)/./node_modules/next/dist/next-devtools/shared/forward-logs-shared.js:27
[   13480ms] [WARNING] ./app/page.tsx
Module not found: Can't resolve 'html-to-image' in '/Users/saladin/Developments/interestory/app'

Import trace for requested module:
./app/page.tsx @ webpack-internal:///(app-pages-browser)/./node_modules/next/dist/next-devtools/shared/forward-logs-shared.js:27
[   13480ms] [WARNING] ./components/stats/StatsClient.tsx
Module not found: Can't resolve 'html-to-image' in '/Users/saladin/Developments/interestory/components/stats'

Import trace for requested module:
./components/stats/StatsClient.tsx @ webpack-internal:///(app-pages-browser)/./node_modules/next/dist/next-devtools/shared/forward-logs-shared.js:27
[   13480ms] [LOG] [Fast Refresh] done in 103ms @ webpack-internal:///(app-pages-browser)/./node_modules/next/dist/next-devtools/shared/forward-logs-shared.js:27
[   13482ms] [LOG] [Fast Refresh] rebuilding @ webpack-internal:///(app-pages-browser)/./node_modules/next/dist/next-devtools/shared/forward-logs-shared.js:27
[   13562ms] [WARNING] ./app/page.tsx
Module not found: Can't resolve 'html-to-image' in '/Users/saladin/Developments/interestory/app'

Import trace for requested module:
./app/page.tsx @ webpack-internal:///(app-pages-browser)/./node_modules/next/dist/next-devtools/shared/forward-logs-shared.js:27
[   13562ms] [WARNING] ./components/stats/StatsClient.tsx
Module not found: Can't resolve 'html-to-image' in '/Users/saladin/Developments/interestory/components/stats'

Import trace for requested module:
./components/stats/StatsClient.tsx @ webpack-internal:///(app-pages-browser)/./node_modules/next/dist/next-devtools/shared/forward-logs-shared.js:27
[   13562ms] [LOG] [Fast Refresh] done in 81ms @ webpack-internal:///(app-pages-browser)/./node_modules/next/dist/next-devtools/shared/forward-logs-shared.js:27
[   13563ms] [LOG] [Fast Refresh] rebuilding @ webpack-internal:///(app-pages-browser)/./node_modules/next/dist/next-devtools/shared/forward-logs-shared.js:27
[   13675ms] [WARNING] ./app/page.tsx
Module not found: Can't resolve 'html-to-image' in '/Users/saladin/Developments/interestory/app'

Import trace for requested module:
./app/page.tsx @ webpack-internal:///(app-pages-browser)/./node_modules/next/dist/next-devtools/shared/forward-logs-shared.js:27
[   13675ms] [WARNING] ./components/stats/StatsClient.tsx
Module not found: Can't resolve 'html-to-image' in '/Users/saladin/Developments/interestory/components/stats'

Import trace for requested module:
./components/stats/StatsClient.tsx @ webpack-internal:///(app-pages-browser)/./node_modules/next/dist/next-devtools/shared/forward-logs-shared.js:27
[   13675ms] [LOG] [Fast Refresh] done in 111ms @ webpack-internal:///(app-pages-browser)/./node_modules/next/dist/next-devtools/shared/forward-logs-shared.js:27
[   13676ms] [LOG] [Fast Refresh] rebuilding @ webpack-internal:///(app-pages-browser)/./node_modules/next/dist/next-devtools/shared/forward-logs-shared.js:27
[   13753ms] [WARNING] ./app/page.tsx
Module not found: Can't resolve 'html-to-image' in '/Users/saladin/Developments/interestory/app'

Import trace for requested module:
./app/page.tsx @ webpack-internal:///(app-pages-browser)/./node_modules/next/dist/next-devtools/shared/forward-logs-shared.js:27
[   13753ms] [WARNING] ./components/stats/StatsClient.tsx
Module not found: Can't resolve 'html-to-image' in '/Users/saladin/Developments/interestory/components/stats'

Import trace for requested module:
./components/stats/StatsClient.tsx @ webpack-internal:///(app-pages-browser)/./node_modules/next/dist/next-devtools/shared/forward-logs-shared.js:27
[   13753ms] [LOG] [Fast Refresh] done in 77ms @ webpack-internal:///(app-pages-browser)/./node_modules/next/dist/next-devtools/shared/forward-logs-shared.js:27
[   13754ms] [LOG] [Fast Refresh] rebuilding @ webpack-internal:///(app-pages-browser)/./node_modules/next/dist/next-devtools/shared/forward-logs-shared.js:27
[   13863ms] [WARNING] ./app/page.tsx
Module not found: Can't resolve 'html-to-image' in '/Users/saladin/Developments/interestory/app'

Import trace for requested module:
./app/page.tsx @ webpack-internal:///(app-pages-browser)/./node_modules/next/dist/next-devtools/shared/forward-logs-shared.js:27
[   13863ms] [WARNING] ./components/stats/StatsClient.tsx
Module not found: Can't resolve 'html-to-image' in '/Users/saladin/Developments/interestory/components/stats'

Import trace for requested module:
./components/stats/StatsClient.tsx @ webpack-internal:///(app-pages-browser)/./node_modules/next/dist/next-devtools/shared/forward-logs-shared.js:27
[   13863ms] [LOG] [Fast Refresh] done in 109ms @ webpack-internal:///(app-pages-browser)/./node_modules/next/dist/next-devtools/shared/forward-logs-shared.js:27
[   13864ms] [LOG] [Fast Refresh] rebuilding @ webpack-internal:///(app-pages-browser)/./node_modules/next/dist/next-devtools/shared/forward-logs-shared.js:27
[   13945ms] [WARNING] ./app/page.tsx
Module not found: Can't resolve 'html-to-image' in '/Users/saladin/Developments/interestory/app'

Import trace for requested module:
./app/page.tsx @ webpack-internal:///(app-pages-browser)/./node_modules/next/dist/next-devtools/shared/forward-logs-shared.js:27
[   13945ms] [WARNING] ./components/stats/StatsClient.tsx
Module not found: Can't resolve 'html-to-image' in '/Users/saladin/Developments/interestory/components/stats'

Import trace for requested module:
./components/stats/StatsClient.tsx @ webpack-internal:///(app-pages-browser)/./node_modules/next/dist/next-devtools/shared/forward-logs-shared.js:27
[   13945ms] [LOG] [Fast Refresh] done in 81ms @ webpack-internal:///(app-pages-browser)/./node_modules/next/dist/next-devtools/shared/forward-logs-shared.js:27
[   13946ms] [LOG] [Fast Refresh] rebuilding @ webpack-internal:///(app-pages-browser)/./node_modules/next/dist/next-devtools/shared/forward-logs-shared.js:27
[   14051ms] [WARNING] ./app/page.tsx
Module not found: Can't resolve 'html-to-image' in '/Users/saladin/Developments/interestory/app'

Import trace for requested module:
./app/page.tsx @ webpack-internal:///(app-pages-browser)/./node_modules/next/dist/next-devtools/shared/forward-logs-shared.js:27
[   14051ms] [WARNING] ./components/stats/StatsClient.tsx
Module not found: Can't resolve 'html-to-image' in '/Users/saladin/Developments/interestory/components/stats'

Import trace for requested module:
./components/stats/StatsClient.tsx @ webpack-internal:///(app-pages-browser)/./node_modules/next/dist/next-devtools/shared/forward-logs-shared.js:27
[   14051ms] [LOG] [Fast Refresh] done in 105ms @ webpack-internal:///(app-pages-browser)/./node_modules/next/dist/next-devtools/shared/forward-logs-shared.js:27
[   14052ms] [LOG] [Fast Refresh] rebuilding @ webpack-internal:///(app-pages-browser)/./node_modules/next/dist/next-devtools/shared/forward-logs-shared.js:27
[   14132ms] [WARNING] ./app/page.tsx
Module not found: Can't resolve 'html-to-image' in '/Users/saladin/Developments/interestory/app'

Import trace for requested module:
./app/page.tsx @ webpack-internal:///(app-pages-browser)/./node_modules/next/dist/next-devtools/shared/forward-logs-shared.js:27
[   14132ms] [WARNING] ./components/stats/StatsClient.tsx
Module not found: Can't resolve 'html-to-image' in '/Users/saladin/Developments/interestory/components/stats'

Import trace for requested module:
./components/stats/StatsClient.tsx @ webpack-internal:///(app-pages-browser)/./node_modules/next/dist/next-devtools/shared/forward-logs-shared.js:27
[   14132ms] [LOG] [Fast Refresh] done in 81ms @ webpack-internal:///(app-pages-browser)/./node_modules/next/dist/next-devtools/shared/forward-logs-shared.js:27
[   14134ms] [LOG] [Fast Refresh] rebuilding @ webpack-internal:///(app-pages-browser)/./node_modules/next/dist/next-devtools/shared/forward-logs-shared.js:27
[   14236ms] [WARNING] ./app/page.tsx
Module not found: Can't resolve 'html-to-image' in '/Users/saladin/Developments/interestory/app'

Import trace for requested module:
./app/page.tsx @ webpack-internal:///(app-pages-browser)/./node_modules/next/dist/next-devtools/shared/forward-logs-shared.js:27
[   14236ms] [WARNING] ./components/stats/StatsClient.tsx
Module not found: Can't resolve 'html-to-image' in '/Users/saladin/Developments/interestory/components/stats'

Import trace for requested module:
./components/stats/StatsClient.tsx @ webpack-internal:///(app-pages-browser)/./node_modules/next/dist/next-devtools/shared/forward-logs-shared.js:27
[   14236ms] [LOG] [Fast Refresh] done in 102ms @ webpack-internal:///(app-pages-browser)/./node_modules/next/dist/next-devtools/shared/forward-logs-shared.js:27
[   14237ms] [LOG] [Fast Refresh] rebuilding @ webpack-internal:///(app-pages-browser)/./node_modules/next/dist/next-devtools/shared/forward-logs-shared.js:27
[   14318ms] [WARNING] ./app/page.tsx
Module not found: Can't resolve 'html-to-image' in '/Users/saladin/Developments/interestory/app'

Import trace for requested module:
./app/page.tsx @ webpack-internal:///(app-pages-browser)/./node_modules/next/dist/next-devtools/shared/forward-logs-shared.js:27
[   14318ms] [WARNING] ./components/stats/StatsClient.tsx
Module not found: Can't resolve 'html-to-image' in '/Users/saladin/Developments/interestory/components/stats'

Import trace for requested module:
./components/stats/StatsClient.tsx @ webpack-internal:///(app-pages-browser)/./node_modules/next/dist/next-devtools/shared/forward-logs-shared.js:27
[   14318ms] [LOG] [Fast Refresh] done in 80ms @ webpack-internal:///(app-pages-browser)/./node_modules/next/dist/next-devtools/shared/forward-logs-shared.js:27
[   14319ms] [LOG] [Fast Refresh] rebuilding @ webpack-internal:///(app-pages-browser)/./node_modules/next/dist/next-devtools/shared/forward-logs-shared.js:27
[   14423ms] [WARNING] ./app/page.tsx
Module not found: Can't resolve 'html-to-image' in '/Users/saladin/Developments/interestory/app'

Import trace for requested module:
./app/page.tsx @ webpack-internal:///(app-pages-browser)/./node_modules/next/dist/next-devtools/shared/forward-logs-shared.js:27
[   14423ms] [WARNING] ./components/stats/StatsClient.tsx
Module not found: Can't resolve 'html-to-image' in '/Users/saladin/Developments/interestory/components/stats'

Import trace for requested module:
./components/stats/StatsClient.tsx @ webpack-internal:///(app-pages-browser)/./node_modules/next/dist/next-devtools/shared/forward-logs-shared.js:27
[   14423ms] [LOG] [Fast Refresh] done in 104ms @ webpack-internal:///(app-pages-browser)/./node_modules/next/dist/next-devtools/shared/forward-logs-shared.js:27
[   14424ms] [LOG] [Fast Refresh] rebuilding @ webpack-internal:///(app-pages-browser)/./node_modules/next/dist/next-devtools/shared/forward-logs-shared.js:27
[   14508ms] [WARNING] ./app/page.tsx
Module not found: Can't resolve 'html-to-image' in '/Users/saladin/Developments/interestory/app'

Import trace for requested module:
./app/page.tsx @ webpack-internal:///(app-pages-browser)/./node_modules/next/dist/next-devtools/shared/forward-logs-shared.js:27
[   14508ms] [WARNING] ./components/stats/StatsClient.tsx
Module not found: Can't resolve 'html-to-image' in '/Users/saladin/Developments/interestory/components/stats'

Import trace for requested module:
./components/stats/StatsClient.tsx @ webpack-internal:///(app-pages-browser)/./node_modules/next/dist/next-devtools/shared/forward-logs-shared.js:27
[   14508ms] [LOG] [Fast Refresh] done in 84ms @ webpack-internal:///(app-pages-browser)/./node_modules/next/dist/next-devtools/shared/forward-logs-shared.js:27
[   14509ms] [LOG] [Fast Refresh] rebuilding @ webpack-internal:///(app-pages-browser)/./node_modules/next/dist/next-devtools/shared/forward-logs-shared.js:27
[   14616ms] [WARNING] ./app/page.tsx
Module not found: Can't resolve 'html-to-image' in '/Users/saladin/Developments/interestory/app'

Import trace for requested module:
./app/page.tsx @ webpack-internal:///(app-pages-browser)/./node_modules/next/dist/next-devtools/shared/forward-logs-shared.js:27
[   14616ms] [WARNING] ./components/stats/StatsClient.tsx
Module not found: Can't resolve 'html-to-image' in '/Users/saladin/Developments/interestory/components/stats'

Import trace for requested module:
./components/stats/StatsClient.tsx @ webpack-internal:///(app-pages-browser)/./node_modules/next/dist/next-devtools/shared/forward-logs-shared.js:27
[   14616ms] [LOG] [Fast Refresh] done in 107ms @ webpack-internal:///(app-pages-browser)/./node_modules/next/dist/next-devtools/shared/forward-logs-shared.js:27
[   14617ms] [LOG] [Fast Refresh] rebuilding @ webpack-internal:///(app-pages-browser)/./node_modules/next/dist/next-devtools/shared/forward-logs-shared.js:27
[   14699ms] [WARNING] ./app/page.tsx
Module not found: Can't resolve 'html-to-image' in '/Users/saladin/Developments/interestory/app'

Import trace for requested module:
./app/page.tsx @ webpack-internal:///(app-pages-browser)/./node_modules/next/dist/next-devtools/shared/forward-logs-shared.js:27
[   14700ms] [WARNING] ./components/stats/StatsClient.tsx
Module not found: Can't resolve 'html-to-image' in '/Users/saladin/Developments/interestory/components/stats'

Import trace for requested module:
./components/stats/StatsClient.tsx @ webpack-internal:///(app-pages-browser)/./node_modules/next/dist/next-devtools/shared/forward-logs-shared.js:27
[   14700ms] [LOG] [Fast Refresh] done in 82ms @ webpack-internal:///(app-pages-browser)/./node_modules/next/dist/next-devtools/shared/forward-logs-shared.js:27
[   14701ms] [LOG] [Fast Refresh] rebuilding @ webpack-internal:///(app-pages-browser)/./node_modules/next/dist/next-devtools/shared/forward-logs-shared.js:27
[   14805ms] [WARNING] ./app/page.tsx
Module not found: Can't resolve 'html-to-image' in '/Users/saladin/Developments/interestory/app'

Import trace for requested module:
./app/page.tsx @ webpack-internal:///(app-pages-browser)/./node_modules/next/dist/next-devtools/shared/forward-logs-shared.js:27
[   14805ms] [WARNING] ./components/stats/StatsClient.tsx
Module not found: Can't resolve 'html-to-image' in '/Users/saladin/Developments/interestory/components/stats'

Import trace for requested module:
./components/stats/StatsClient.tsx @ webpack-internal:///(app-pages-browser)/./node_modules/next/dist/next-devtools/shared/forward-logs-shared.js:27
[   14805ms] [LOG] [Fast Refresh] done in 105ms @ webpack-internal:///(app-pages-browser)/./node_modules/next/dist/next-devtools/shared/forward-logs-shared.js:27
[   14807ms] [LOG] [Fast Refresh] rebuilding @ webpack-internal:///(app-pages-browser)/./node_modules/next/dist/next-devtools/shared/forward-logs-shared.js:27
[   14894ms] [WARNING] ./app/page.tsx
Module not found: Can't resolve 'html-to-image' in '/Users/saladin/Developments/interestory/app'

Import trace for requested module:
./app/page.tsx @ webpack-internal:///(app-pages-browser)/./node_modules/next/dist/next-devtools/shared/forward-logs-shared.js:27
[   14894ms] [WARNING] ./components/stats/StatsClient.tsx
Module not found: Can't resolve 'html-to-image' in '/Users/saladin/Developments/interestory/components/stats'

Import trace for requested module:
./components/stats/StatsClient.tsx @ webpack-internal:///(app-pages-browser)/./node_modules/next/dist/next-devtools/shared/forward-logs-shared.js:27
[   14894ms] [LOG] [Fast Refresh] done in 87ms @ webpack-internal:///(app-pages-browser)/./node_modules/next/dist/next-devtools/shared/forward-logs-shared.js:27
[   14895ms] [LOG] [Fast Refresh] rebuilding @ webpack-internal:///(app-pages-browser)/./node_modules/next/dist/next-devtools/shared/forward-logs-shared.js:27
[   15007ms] [WARNING] ./app/page.tsx
Module not found: Can't resolve 'html-to-image' in '/Users/saladin/Developments/interestory/app'

Import trace for requested module:
./app/page.tsx @ webpack-internal:///(app-pages-browser)/./node_modules/next/dist/next-devtools/shared/forward-logs-shared.js:27
[   15007ms] [WARNING] ./components/stats/StatsClient.tsx
Module not found: Can't resolve 'html-to-image' in '/Users/saladin/Developments/interestory/components/stats'

Import trace for requested module:
./components/stats/StatsClient.tsx @ webpack-internal:///(app-pages-browser)/./node_modules/next/dist/next-devtools/shared/forward-logs-shared.js:27
[   15007ms] [LOG] [Fast Refresh] done in 113ms @ webpack-internal:///(app-pages-browser)/./node_modules/next/dist/next-devtools/shared/forward-logs-shared.js:27
[   15008ms] [LOG] [Fast Refresh] rebuilding @ webpack-internal:///(app-pages-browser)/./node_modules/next/dist/next-devtools/shared/forward-logs-shared.js:27
[   15097ms] [WARNING] ./app/page.tsx
Module not found: Can't resolve 'html-to-image' in '/Users/saladin/Developments/interestory/app'

Import trace for requested module:
./app/page.tsx @ webpack-internal:///(app-pages-browser)/./node_modules/next/dist/next-devtools/shared/forward-logs-shared.js:27
[   15097ms] [WARNING] ./components/stats/StatsClient.tsx
Module not found: Can't resolve 'html-to-image' in '/Users/saladin/Developments/interestory/components/stats'

Import trace for requested module:
./components/stats/StatsClient.tsx @ webpack-internal:///(app-pages-browser)/./node_modules/next/dist/next-devtools/shared/forward-logs-shared.js:27
[   15097ms] [LOG] [Fast Refresh] done in 89ms @ webpack-internal:///(app-pages-browser)/./node_modules/next/dist/next-devtools/shared/forward-logs-shared.js:27
[   15099ms] [LOG] [Fast Refresh] rebuilding @ webpack-internal:///(app-pages-browser)/./node_modules/next/dist/next-devtools/shared/forward-logs-shared.js:27
[   15233ms] [WARNING] ./app/page.tsx
Module not found: Can't resolve 'html-to-image' in '/Users/saladin/Developments/interestory/app'

Import trace for requested module:
./app/page.tsx @ webpack-internal:///(app-pages-browser)/./node_modules/next/dist/next-devtools/shared/forward-logs-shared.js:27
[   15233ms] [WARNING] ./components/stats/StatsClient.tsx
Module not found: Can't resolve 'html-to-image' in '/Users/saladin/Developments/interestory/components/stats'

Import trace for requested module:
./components/stats/StatsClient.tsx @ webpack-internal:///(app-pages-browser)/./node_modules/next/dist/next-devtools/shared/forward-logs-shared.js:27
[   15233ms] [LOG] [Fast Refresh] done in 133ms @ webpack-internal:///(app-pages-browser)/./node_modules/next/dist/next-devtools/shared/forward-logs-shared.js:27
[   15234ms] [LOG] [Fast Refresh] rebuilding @ webpack-internal:///(app-pages-browser)/./node_modules/next/dist/next-devtools/shared/forward-logs-shared.js:27
[   15322ms] [WARNING] ./app/page.tsx
Module not found: Can't resolve 'html-to-image' in '/Users/saladin/Developments/interestory/app'

Import trace for requested module:
./app/page.tsx @ webpack-internal:///(app-pages-browser)/./node_modules/next/dist/next-devtools/shared/forward-logs-shared.js:27
[   15322ms] [WARNING] ./components/stats/StatsClient.tsx
Module not found: Can't resolve 'html-to-image' in '/Users/saladin/Developments/interestory/components/stats'

Import trace for requested module:
./components/stats/StatsClient.tsx @ webpack-internal:///(app-pages-browser)/./node_modules/next/dist/next-devtools/shared/forward-logs-shared.js:27
[   15322ms] [LOG] [Fast Refresh] done in 87ms @ webpack-internal:///(app-pages-browser)/./node_modules/next/dist/next-devtools/shared/forward-logs-shared.js:27
[   15323ms] [LOG] [Fast Refresh] rebuilding @ webpack-internal:///(app-pages-browser)/./node_modules/next/dist/next-devtools/shared/forward-logs-shared.js:27
[   15434ms] [WARNING] ./app/page.tsx
Module not found: Can't resolve 'html-to-image' in '/Users/saladin/Developments/interestory/app'

Import trace for requested module:
./app/page.tsx @ webpack-internal:///(app-pages-browser)/./node_modules/next/dist/next-devtools/shared/forward-logs-shared.js:27
[   15434ms] [WARNING] ./components/stats/StatsClient.tsx
Module not found: Can't resolve 'html-to-image' in '/Users/saladin/Developments/interestory/components/stats'

Import trace for requested module:
./components/stats/StatsClient.tsx @ webpack-internal:///(app-pages-browser)/./node_modules/next/dist/next-devtools/shared/forward-logs-shared.js:27
[   15434ms] [LOG] [Fast Refresh] done in 112ms @ webpack-internal:///(app-pages-browser)/./node_modules/next/dist/next-devtools/shared/forward-logs-shared.js:27
[   15436ms] [LOG] [Fast Refresh] rebuilding @ webpack-internal:///(app-pages-browser)/./node_modules/next/dist/next-devtools/shared/forward-logs-shared.js:27
[   15519ms] [WARNING] ./app/page.tsx
Module not found: Can't resolve 'html-to-image' in '/Users/saladin/Developments/interestory/app'

Import trace for requested module:
./app/page.tsx @ webpack-internal:///(app-pages-browser)/./node_modules/next/dist/next-devtools/shared/forward-logs-shared.js:27
[   15519ms] [WARNING] ./components/stats/StatsClient.tsx
Module not found: Can't resolve 'html-to-image' in '/Users/saladin/Developments/interestory/components/stats'

Import trace for requested module:
./components/stats/StatsClient.tsx @ webpack-internal:///(app-pages-browser)/./node_modules/next/dist/next-devtools/shared/forward-logs-shared.js:27
[   15519ms] [LOG] [Fast Refresh] done in 83ms @ webpack-internal:///(app-pages-browser)/./node_modules/next/dist/next-devtools/shared/forward-logs-shared.js:27
[   15520ms] [LOG] [Fast Refresh] rebuilding @ webpack-internal:///(app-pages-browser)/./node_modules/next/dist/next-devtools/shared/forward-logs-shared.js:27
[   15630ms] [WARNING] ./app/page.tsx
Module not found: Can't resolve 'html-to-image' in '/Users/saladin/Developments/interestory/app'

Import trace for requested module:
./app/page.tsx @ webpack-internal:///(app-pages-browser)/./node_modules/next/dist/next-devtools/shared/forward-logs-shared.js:27
[   15630ms] [WARNING] ./components/stats/StatsClient.tsx
Module not found: Can't resolve 'html-to-image' in '/Users/saladin/Developments/interestory/components/stats'

Import trace for requested module:
./components/stats/StatsClient.tsx @ webpack-internal:///(app-pages-browser)/./node_modules/next/dist/next-devtools/shared/forward-logs-shared.js:27
[   15630ms] [LOG] [Fast Refresh] done in 111ms @ webpack-internal:///(app-pages-browser)/./node_modules/next/dist/next-devtools/shared/forward-logs-shared.js:27
[   15631ms] [LOG] [Fast Refresh] rebuilding @ webpack-internal:///(app-pages-browser)/./node_modules/next/dist/next-devtools/shared/forward-logs-shared.js:27
[   15712ms] [WARNING] ./app/page.tsx
Module not found: Can't resolve 'html-to-image' in '/Users/saladin/Developments/interestory/app'

Import trace for requested module:
./app/page.tsx @ webpack-internal:///(app-pages-browser)/./node_modules/next/dist/next-devtools/shared/forward-logs-shared.js:27
[   15712ms] [WARNING] ./components/stats/StatsClient.tsx
Module not found: Can't resolve 'html-to-image' in '/Users/saladin/Developments/interestory/components/stats'

Import trace for requested module:
./components/stats/StatsClient.tsx @ webpack-internal:///(app-pages-browser)/./node_modules/next/dist/next-devtools/shared/forward-logs-shared.js:27
[   15712ms] [LOG] [Fast Refresh] done in 81ms @ webpack-internal:///(app-pages-browser)/./node_modules/next/dist/next-devtools/shared/forward-logs-shared.js:27
[   15713ms] [LOG] [Fast Refresh] rebuilding @ webpack-internal:///(app-pages-browser)/./node_modules/next/dist/next-devtools/shared/forward-logs-shared.js:27
[   15792ms] [WARNING] ./app/page.tsx
Module not found: Can't resolve 'html-to-image' in '/Users/saladin/Developments/interestory/app'

Import trace for requested module:
./app/page.tsx @ webpack-internal:///(app-pages-browser)/./node_modules/next/dist/next-devtools/shared/forward-logs-shared.js:27
[   15792ms] [WARNING] ./components/stats/StatsClient.tsx
Module not found: Can't resolve 'html-to-image' in '/Users/saladin/Developments/interestory/components/stats'

Import trace for requested module:
./components/stats/StatsClient.tsx @ webpack-internal:///(app-pages-browser)/./node_modules/next/dist/next-devtools/shared/forward-logs-shared.js:27
[   15792ms] [LOG] [Fast Refresh] done in 79ms @ webpack-internal:///(app-pages-browser)/./node_modules/next/dist/next-devtools/shared/forward-logs-shared.js:27
[   15793ms] [LOG] [Fast Refresh] rebuilding @ webpack-internal:///(app-pages-browser)/./node_modules/next/dist/next-devtools/shared/forward-logs-shared.js:27
[   15898ms] [WARNING] ./app/page.tsx
Module not found: Can't resolve 'html-to-image' in '/Users/saladin/Developments/interestory/app'

Import trace for requested module:
./app/page.tsx @ webpack-internal:///(app-pages-browser)/./node_modules/next/dist/next-devtools/shared/forward-logs-shared.js:27
[   15899ms] [WARNING] ./components/stats/StatsClient.tsx
Module not found: Can't resolve 'html-to-image' in '/Users/saladin/Developments/interestory/components/stats'

Import trace for requested module:
./components/stats/StatsClient.tsx @ webpack-internal:///(app-pages-browser)/./node_modules/next/dist/next-devtools/shared/forward-logs-shared.js:27
[   15899ms] [LOG] [Fast Refresh] done in 105ms @ webpack-internal:///(app-pages-browser)/./node_modules/next/dist/next-devtools/shared/forward-logs-shared.js:27
[   15900ms] [LOG] [Fast Refresh] rebuilding @ webpack-internal:///(app-pages-browser)/./node_modules/next/dist/next-devtools/shared/forward-logs-shared.js:27
[   15976ms] [WARNING] ./app/page.tsx
Module not found: Can't resolve 'html-to-image' in '/Users/saladin/Developments/interestory/app'

Import trace for requested module:
./app/page.tsx @ webpack-internal:///(app-pages-browser)/./node_modules/next/dist/next-devtools/shared/forward-logs-shared.js:27
[   15976ms] [WARNING] ./components/stats/StatsClient.tsx
Module not found: Can't resolve 'html-to-image' in '/Users/saladin/Developments/interestory/components/stats'

Import trace for requested module:
./components/stats/StatsClient.tsx @ webpack-internal:///(app-pages-browser)/./node_modules/next/dist/next-devtools/shared/forward-logs-shared.js:27
[   15976ms] [LOG] [Fast Refresh] done in 77ms @ webpack-internal:///(app-pages-browser)/./node_modules/next/dist/next-devtools/shared/forward-logs-shared.js:27
[   15977ms] [LOG] [Fast Refresh] rebuilding @ webpack-internal:///(app-pages-browser)/./node_modules/next/dist/next-devtools/shared/forward-logs-shared.js:27
[   16029ms] [ERROR] Failed to load resource: net::ERR_BLOCKED_BY_RESPONSE.NotSameOrigin @ https://www.uspatriottactical.com/photos/styles/UA3637_TAN_2.JPG:0
[   16102ms] [WARNING] ./app/page.tsx
Module not found: Can't resolve 'html-to-image' in '/Users/saladin/Developments/interestory/app'

Import trace for requested module:
./app/page.tsx @ webpack-internal:///(app-pages-browser)/./node_modules/next/dist/next-devtools/shared/forward-logs-shared.js:27
[   16102ms] [WARNING] ./components/stats/StatsClient.tsx
Module not found: Can't resolve 'html-to-image' in '/Users/saladin/Developments/interestory/components/stats'

Import trace for requested module:
./components/stats/StatsClient.tsx @ webpack-internal:///(app-pages-browser)/./node_modules/next/dist/next-devtools/shared/forward-logs-shared.js:27
[   16103ms] [LOG] [Fast Refresh] done in 126ms @ webpack-internal:///(app-pages-browser)/./node_modules/next/dist/next-devtools/shared/forward-logs-shared.js:27
[   16103ms] [LOG] [Fast Refresh] rebuilding @ webpack-internal:///(app-pages-browser)/./node_modules/next/dist/next-devtools/shared/forward-logs-shared.js:27
[   16231ms] [WARNING] ./app/page.tsx
Module not found: Can't resolve 'html-to-image' in '/Users/saladin/Developments/interestory/app'

Import trace for requested module:
./app/page.tsx @ webpack-internal:///(app-pages-browser)/./node_modules/next/dist/next-devtools/shared/forward-logs-shared.js:27
[   16231ms] [WARNING] ./components/stats/StatsClient.tsx
Module not found: Can't resolve 'html-to-image' in '/Users/saladin/Developments/interestory/components/stats'

Import trace for requested module:
./components/stats/StatsClient.tsx @ webpack-internal:///(app-pages-browser)/./node_modules/next/dist/next-devtools/shared/forward-logs-shared.js:27
[   16231ms] [LOG] [Fast Refresh] done in 127ms @ webpack-internal:///(app-pages-browser)/./node_modules/next/dist/next-devtools/shared/forward-logs-shared.js:27
[   16231ms] [LOG] [Fast Refresh] rebuilding @ webpack-internal:///(app-pages-browser)/./node_modules/next/dist/next-devtools/shared/forward-logs-shared.js:27
[   16426ms] [LOG] [Fast Refresh] rebuilding @ webpack-internal:///(app-pages-browser)/./node_modules/next/dist/next-devtools/shared/forward-logs-shared.js:27
[   16427ms] [WARNING] ./app/page.tsx
Module not found: Can't resolve 'html-to-image' in '/Users/saladin/Developments/interestory/app'

Import trace for requested module:
./app/page.tsx @ webpack-internal:///(app-pages-browser)/./node_modules/next/dist/next-devtools/shared/forward-logs-shared.js:27
[   16427ms] [WARNING] ./components/stats/StatsClient.tsx
Module not found: Can't resolve 'html-to-image' in '/Users/saladin/Developments/interestory/components/stats'

Import trace for requested module:
./components/stats/StatsClient.tsx @ webpack-internal:///(app-pages-browser)/./node_modules/next/dist/next-devtools/shared/forward-logs-shared.js:27
[   16427ms] [LOG] [Fast Refresh] done in 0ms @ webpack-internal:///(app-pages-browser)/./node_modules/next/dist/next-devtools/shared/forward-logs-shared.js:27
[   16432ms] [LOG] [Fast Refresh] rebuilding @ webpack-internal:///(app-pages-browser)/./node_modules/next/dist/next-devtools/shared/forward-logs-shared.js:27
[   16465ms] [WARNING] ./app/page.tsx
Module not found: Can't resolve 'html-to-image' in '/Users/saladin/Developments/interestory/app'

Import trace for requested module:
./app/page.tsx @ webpack-internal:///(app-pages-browser)/./node_modules/next/dist/next-devtools/shared/forward-logs-shared.js:27
[   16465ms] [WARNING] ./components/stats/StatsClient.tsx
Module not found: Can't resolve 'html-to-image' in '/Users/saladin/Developments/interestory/components/stats'

Import trace for requested module:
./components/stats/StatsClient.tsx @ webpack-internal:///(app-pages-browser)/./node_modules/next/dist/next-devtools/shared/forward-logs-shared.js:27
[   16465ms] [LOG] [Fast Refresh] done in 33ms @ webpack-internal:///(app-pages-browser)/./node_modules/next/dist/next-devtools/shared/forward-logs-shared.js:27
[   16489ms] [LOG] [Fast Refresh] rebuilding @ webpack-internal:///(app-pages-browser)/./node_modules/next/dist/next-devtools/shared/forward-logs-shared.js:27
[   16489ms] [ERROR] Failed to load resource: the server responded with a status of 500 (Internal Server Error) @ http://localhost:3002/fashion?_rsc=1hi87:0
[   16577ms] [WARNING] ./app/page.tsx
Module not found: Can't resolve 'html-to-image' in '/Users/saladin/Developments/interestory/app'

Import trace for requested module:
./app/page.tsx @ webpack-internal:///(app-pages-browser)/./node_modules/next/dist/next-devtools/shared/forward-logs-shared.js:27
[   16577ms] [WARNING] ./components/stats/StatsClient.tsx
Module not found: Can't resolve 'html-to-image' in '/Users/saladin/Developments/interestory/components/stats'

Import trace for requested module:
./components/stats/StatsClient.tsx @ webpack-internal:///(app-pages-browser)/./node_modules/next/dist/next-devtools/shared/forward-logs-shared.js:27
[   16577ms] [LOG] [Fast Refresh] done in 87ms @ webpack-internal:///(app-pages-browser)/./node_modules/next/dist/next-devtools/shared/forward-logs-shared.js:27
[   16633ms] [LOG] [Fast Refresh] rebuilding @ webpack-internal:///(app-pages-browser)/./node_modules/next/dist/next-devtools/shared/forward-logs-shared.js:27
[   16654ms] [WARNING] ./app/page.tsx
Module not found: Can't resolve 'html-to-image' in '/Users/saladin/Developments/interestory/app'

Import trace for requested module:
./app/page.tsx @ webpack-internal:///(app-pages-browser)/./node_modules/next/dist/next-devtools/shared/forward-logs-shared.js:27
[   16654ms] [WARNING] ./components/stats/StatsClient.tsx
Module not found: Can't resolve 'html-to-image' in '/Users/saladin/Developments/interestory/components/stats'

Import trace for requested module:
./components/stats/StatsClient.tsx @ webpack-internal:///(app-pages-browser)/./node_modules/next/dist/next-devtools/shared/forward-logs-shared.js:27
[   16655ms] [LOG] [Fast Refresh] done in 21ms @ webpack-internal:///(app-pages-browser)/./node_modules/next/dist/next-devtools/shared/forward-logs-shared.js:27
[   16706ms] [LOG] [Fast Refresh] rebuilding @ webpack-internal:///(app-pages-browser)/./node_modules/next/dist/next-devtools/shared/forward-logs-shared.js:27
[   16734ms] [WARNING] ./app/page.tsx
Module not found: Can't resolve 'html-to-image' in '/Users/saladin/Developments/interestory/app'

Import trace for requested module:
./app/page.tsx @ webpack-internal:///(app-pages-browser)/./node_modules/next/dist/next-devtools/shared/forward-logs-shared.js:27
[   16734ms] [WARNING] ./components/stats/StatsClient.tsx
Module not found: Can't resolve 'html-to-image' in '/Users/saladin/Developments/interestory/components/stats'

Import trace for requested module:
./components/stats/StatsClient.tsx @ webpack-internal:///(app-pages-browser)/./node_modules/next/dist/next-devtools/shared/forward-logs-shared.js:27
[   16734ms] [LOG] [Fast Refresh] done in 28ms @ webpack-internal:///(app-pages-browser)/./node_modules/next/dist/next-devtools/shared/forward-logs-shared.js:27
[   16737ms] [LOG] [Fast Refresh] rebuilding @ webpack-internal:///(app-pages-browser)/./node_modules/next/dist/next-devtools/shared/forward-logs-shared.js:27
[   16885ms] [WARNING] ./app/page.tsx
Module not found: Can't resolve 'html-to-image' in '/Users/saladin/Developments/interestory/app'

Import trace for requested module:
./app/page.tsx @ webpack-internal:///(app-pages-browser)/./node_modules/next/dist/next-devtools/shared/forward-logs-shared.js:27
[   16885ms] [WARNING] ./components/stats/StatsClient.tsx
Module not found: Can't resolve 'html-to-image' in '/Users/saladin/Developments/interestory/components/stats'

Import trace for requested module:
./components/stats/StatsClient.tsx @ webpack-internal:///(app-pages-browser)/./node_modules/next/dist/next-devtools/shared/forward-logs-shared.js:27
[   16886ms] [LOG] [Fast Refresh] done in 149ms @ webpack-internal:///(app-pages-browser)/./node_modules/next/dist/next-devtools/shared/forward-logs-shared.js:27
[   16947ms] [LOG] [Fast Refresh] rebuilding @ webpack-internal:///(app-pages-browser)/./node_modules/next/dist/next-devtools/shared/forward-logs-shared.js:27
[   16999ms] [WARNING] ./app/page.tsx
Module not found: Can't resolve 'html-to-image' in '/Users/saladin/Developments/interestory/app'

Import trace for requested module:
./app/page.tsx @ webpack-internal:///(app-pages-browser)/./node_modules/next/dist/next-devtools/shared/forward-logs-shared.js:27
[   16999ms] [WARNING] ./components/stats/StatsClient.tsx
Module not found: Can't resolve 'html-to-image' in '/Users/saladin/Developments/interestory/components/stats'

Import trace for requested module:
./components/stats/StatsClient.tsx @ webpack-internal:///(app-pages-browser)/./node_modules/next/dist/next-devtools/shared/forward-logs-shared.js:27
[   16999ms] [LOG] [Fast Refresh] done in 53ms @ webpack-internal:///(app-pages-browser)/./node_modules/next/dist/next-devtools/shared/forward-logs-shared.js:27
[   17047ms] [LOG] [Fast Refresh] rebuilding @ webpack-internal:///(app-pages-browser)/./node_modules/next/dist/next-devtools/shared/forward-logs-shared.js:27
[   17101ms] [WARNING] ./app/page.tsx
Module not found: Can't resolve 'html-to-image' in '/Users/saladin/Developments/interestory/app'

Import trace for requested module:
./app/page.tsx @ webpack-internal:///(app-pages-browser)/./node_modules/next/dist/next-devtools/shared/forward-logs-shared.js:27
[   17101ms] [WARNING] ./components/stats/StatsClient.tsx
Module not found: Can't resolve 'html-to-image' in '/Users/saladin/Developments/interestory/components/stats'

Import trace for requested module:
./components/stats/StatsClient.tsx @ webpack-internal:///(app-pages-browser)/./node_modules/next/dist/next-devtools/shared/forward-logs-shared.js:27
[   17101ms] [LOG] [Fast Refresh] done in 54ms @ webpack-internal:///(app-pages-browser)/./node_modules/next/dist/next-devtools/shared/forward-logs-shared.js:27
[   17151ms] [LOG] [Fast Refresh] rebuilding @ webpack-internal:///(app-pages-browser)/./node_modules/next/dist/next-devtools/shared/forward-logs-shared.js:27
[   17185ms] [WARNING] ./app/page.tsx
Module not found: Can't resolve 'html-to-image' in '/Users/saladin/Developments/interestory/app'

Import trace for requested module:
./app/page.tsx @ webpack-internal:///(app-pages-browser)/./node_modules/next/dist/next-devtools/shared/forward-logs-shared.js:27
[   17185ms] [WARNING] ./components/stats/StatsClient.tsx
Module not found: Can't resolve 'html-to-image' in '/Users/saladin/Developments/interestory/components/stats'

Import trace for requested module:
./components/stats/StatsClient.tsx @ webpack-internal:///(app-pages-browser)/./node_modules/next/dist/next-devtools/shared/forward-logs-shared.js:27
[   17185ms] [LOG] [Fast Refresh] done in 34ms @ webpack-internal:///(app-pages-browser)/./node_modules/next/dist/next-devtools/shared/forward-logs-shared.js:27
[   17190ms] [LOG] [Fast Refresh] rebuilding @ webpack-internal:///(app-pages-browser)/./node_modules/next/dist/next-devtools/shared/forward-logs-shared.js:27
[   17291ms] [WARNING] ./app/page.tsx
Module not found: Can't resolve 'html-to-image' in '/Users/saladin/Developments/interestory/app'

Import trace for requested module:
./app/page.tsx @ webpack-internal:///(app-pages-browser)/./node_modules/next/dist/next-devtools/shared/forward-logs-shared.js:27
[   17291ms] [WARNING] ./components/stats/StatsClient.tsx
Module not found: Can't resolve 'html-to-image' in '/Users/saladin/Developments/interestory/components/stats'

Import trace for requested module:
./components/stats/StatsClient.tsx @ webpack-internal:///(app-pages-browser)/./node_modules/next/dist/next-devtools/shared/forward-logs-shared.js:27
[   17291ms] [LOG] [Fast Refresh] done in 101ms @ webpack-internal:///(app-pages-browser)/./node_modules/next/dist/next-devtools/shared/forward-logs-shared.js:27
[   17339ms] [LOG] [Fast Refresh] rebuilding @ webpack-internal:///(app-pages-browser)/./node_modules/next/dist/next-devtools/shared/forward-logs-shared.js:27
[   17363ms] [WARNING] ./app/page.tsx
Module not found: Can't resolve 'html-to-image' in '/Users/saladin/Developments/interestory/app'

Import trace for requested module:
./app/page.tsx @ webpack-internal:///(app-pages-browser)/./node_modules/next/dist/next-devtools/shared/forward-logs-shared.js:27
[   17363ms] [WARNING] ./components/stats/StatsClient.tsx
Module not found: Can't resolve 'html-to-image' in '/Users/saladin/Developments/interestory/components/stats'

Import trace for requested module:
./components/stats/StatsClient.tsx @ webpack-internal:///(app-pages-browser)/./node_modules/next/dist/next-devtools/shared/forward-logs-shared.js:27
[   17363ms] [LOG] [Fast Refresh] done in 23ms @ webpack-internal:///(app-pages-browser)/./node_modules/next/dist/next-devtools/shared/forward-logs-shared.js:27
[   17412ms] [LOG] [Fast Refresh] rebuilding @ webpack-internal:///(app-pages-browser)/./node_modules/next/dist/next-devtools/shared/forward-logs-shared.js:27
[   17467ms] [WARNING] ./app/page.tsx
Module not found: Can't resolve 'html-to-image' in '/Users/saladin/Developments/interestory/app'

Import trace for requested module:
./app/page.tsx @ webpack-internal:///(app-pages-browser)/./node_modules/next/dist/next-devtools/shared/forward-logs-shared.js:27
[   17467ms] [WARNING] ./components/stats/StatsClient.tsx
Module not found: Can't resolve 'html-to-image' in '/Users/saladin/Developments/interestory/components/stats'

Import trace for requested module:
./components/stats/StatsClient.tsx @ webpack-internal:///(app-pages-browser)/./node_modules/next/dist/next-devtools/shared/forward-logs-shared.js:27
[   17467ms] [LOG] [Fast Refresh] done in 55ms @ webpack-internal:///(app-pages-browser)/./node_modules/next/dist/next-devtools/shared/forward-logs-shared.js:27
[   17514ms] [LOG] [Fast Refresh] rebuilding @ webpack-internal:///(app-pages-browser)/./node_modules/next/dist/next-devtools/shared/forward-logs-shared.js:27
[   17544ms] [WARNING] ./app/page.tsx
Module not found: Can't resolve 'html-to-image' in '/Users/saladin/Developments/interestory/app'

Import trace for requested module:
./app/page.tsx @ webpack-internal:///(app-pages-browser)/./node_modules/next/dist/next-devtools/shared/forward-logs-shared.js:27
[   17544ms] [WARNING] ./components/stats/StatsClient.tsx
Module not found: Can't resolve 'html-to-image' in '/Users/saladin/Developments/interestory/components/stats'

Import trace for requested module:
./components/stats/StatsClient.tsx @ webpack-internal:///(app-pages-browser)/./node_modules/next/dist/next-devtools/shared/forward-logs-shared.js:27
[   17544ms] [LOG] [Fast Refresh] done in 31ms @ webpack-internal:///(app-pages-browser)/./node_modules/next/dist/next-devtools/shared/forward-logs-shared.js:27
[   17593ms] [LOG] [Fast Refresh] rebuilding @ webpack-internal:///(app-pages-browser)/./node_modules/next/dist/next-devtools/shared/forward-logs-shared.js:27
[   17657ms] [WARNING] ./app/page.tsx
Module not found: Can't resolve 'html-to-image' in '/Users/saladin/Developments/interestory/app'

Import trace for requested module:
./app/page.tsx @ webpack-internal:///(app-pages-browser)/./node_modules/next/dist/next-devtools/shared/forward-logs-shared.js:27
[   17657ms] [WARNING] ./components/stats/StatsClient.tsx
Module not found: Can't resolve 'html-to-image' in '/Users/saladin/Developments/interestory/components/stats'

Import trace for requested module:
./components/stats/StatsClient.tsx @ webpack-internal:///(app-pages-browser)/./node_modules/next/dist/next-devtools/shared/forward-logs-shared.js:27
[   17657ms] [LOG] [Fast Refresh] done in 64ms @ webpack-internal:///(app-pages-browser)/./node_modules/next/dist/next-devtools/shared/forward-logs-shared.js:27
[   17710ms] [LOG] [Fast Refresh] rebuilding @ webpack-internal:///(app-pages-browser)/./node_modules/next/dist/next-devtools/shared/forward-logs-shared.js:27
[   17745ms] [WARNING] ./app/page.tsx
Module not found: Can't resolve 'html-to-image' in '/Users/saladin/Developments/interestory/app'

Import trace for requested module:
./app/page.tsx @ webpack-internal:///(app-pages-browser)/./node_modules/next/dist/next-devtools/shared/forward-logs-shared.js:27
[   17745ms] [WARNING] ./components/stats/StatsClient.tsx
Module not found: Can't resolve 'html-to-image' in '/Users/saladin/Developments/interestory/components/stats'

Import trace for requested module:
./components/stats/StatsClient.tsx @ webpack-internal:///(app-pages-browser)/./node_modules/next/dist/next-devtools/shared/forward-logs-shared.js:27
[   17745ms] [LOG] [Fast Refresh] done in 34ms @ webpack-internal:///(app-pages-browser)/./node_modules/next/dist/next-devtools/shared/forward-logs-shared.js:27
[   17758ms] [LOG] [Fast Refresh] rebuilding @ webpack-internal:///(app-pages-browser)/./node_modules/next/dist/next-devtools/shared/forward-logs-shared.js:27
[   18284ms] [INFO] %cDownload the React DevTools for a better development experience: https://react.dev/link/react-devtools font-weight:bold @ webpack-internal:///(app-pages-browser)/./node_modules/next/dist/next-devtools/shared/forward-logs-shared.js:27
[   18296ms] [LOG] [HMR] connected @ webpack-internal:///(app-pages-browser)/./node_modules/next/dist/next-devtools/shared/forward-logs-shared.js:27
[   18298ms] [WARNING] ./app/page.tsx
Module not found: Can't resolve 'html-to-image' in '/Users/saladin/Developments/interestory/app' @ webpack-internal:///(app-pages-browser)/./node_modules/next/dist/next-devtools/shared/forward-logs-shared.js:27
[   18298ms] [WARNING] ./components/stats/StatsClient.tsx
Module not found: Can't resolve 'html-to-image' in '/Users/saladin/Developments/interestory/components/stats' @ webpack-internal:///(app-pages-browser)/./node_modules/next/dist/next-devtools/shared/forward-logs-shared.js:27
[   18314ms] [LOG] [Fast Refresh] rebuilding @ webpack-internal:///(app-pages-browser)/./node_modules/next/dist/next-devtools/shared/forward-logs-shared.js:27
[   18400ms] [WARNING] ./app/page.tsx
Module not found: Can't resolve 'html-to-image' in '/Users/saladin/Developments/interestory/app'

Import trace for requested module:
./app/page.tsx @ webpack-internal:///(app-pages-browser)/./node_modules/next/dist/next-devtools/shared/forward-logs-shared.js:27
[   18400ms] [WARNING] ./components/stats/StatsClient.tsx
Module not found: Can't resolve 'html-to-image' in '/Users/saladin/Developments/interestory/components/stats'

Import trace for requested module:
./components/stats/StatsClient.tsx @ webpack-internal:///(app-pages-browser)/./node_modules/next/dist/next-devtools/shared/forward-logs-shared.js:27
[   18401ms] [LOG] [Fast Refresh] rebuilding @ webpack-internal:///(app-pages-browser)/./node_modules/next/dist/next-devtools/shared/forward-logs-shared.js:27
[   18476ms] [LOG] [Fast Refresh] done in 75ms @ webpack-internal:///(app-pages-browser)/./node_modules/next/dist/next-devtools/shared/forward-logs-shared.js:27
[   18502ms] [WARNING] ./app/page.tsx
Module not found: Can't resolve 'html-to-image' in '/Users/saladin/Developments/interestory/app'

Import trace for requested module:
./app/page.tsx @ webpack-internal:///(app-pages-browser)/./node_modules/next/dist/next-devtools/shared/forward-logs-shared.js:27
[   18503ms] [WARNING] ./components/stats/StatsClient.tsx
Module not found: Can't resolve 'html-to-image' in '/Users/saladin/Developments/interestory/components/stats'

Import trace for requested module:
./components/stats/StatsClient.tsx @ webpack-internal:///(app-pages-browser)/./node_modules/next/dist/next-devtools/shared/forward-logs-shared.js:27
[   18503ms] [LOG] [Fast Refresh] rebuilding @ webpack-internal:///(app-pages-browser)/./node_modules/next/dist/next-devtools/shared/forward-logs-shared.js:27
[   18509ms] [LOG] [Fast Refresh] done in 5ms @ webpack-internal:///(app-pages-browser)/./node_modules/next/dist/next-devtools/shared/forward-logs-shared.js:27
[   18588ms] [WARNING] ./app/page.tsx
Module not found: Can't resolve 'html-to-image' in '/Users/saladin/Developments/interestory/app'

Import trace for requested module:
./app/page.tsx @ webpack-internal:///(app-pages-browser)/./node_modules/next/dist/next-devtools/shared/forward-logs-shared.js:27
[   18588ms] [WARNING] ./components/stats/StatsClient.tsx
Module not found: Can't resolve 'html-to-image' in '/Users/saladin/Developments/interestory/components/stats'

Import trace for requested module:
./components/stats/StatsClient.tsx @ webpack-internal:///(app-pages-browser)/./node_modules/next/dist/next-devtools/shared/forward-logs-shared.js:27
[   18589ms] [LOG] [Fast Refresh] rebuilding @ webpack-internal:///(app-pages-browser)/./node_modules/next/dist/next-devtools/shared/forward-logs-shared.js:27
[   18592ms] [LOG] [Fast Refresh] done in 4ms @ webpack-internal:///(app-pages-browser)/./node_modules/next/dist/next-devtools/shared/forward-logs-shared.js:27
[   18676ms] [WARNING] ./app/page.tsx
Module not found: Can't resolve 'html-to-image' in '/Users/saladin/Developments/interestory/app'

Import trace for requested module:
./app/page.tsx @ webpack-internal:///(app-pages-browser)/./node_modules/next/dist/next-devtools/shared/forward-logs-shared.js:27
[   18676ms] [WARNING] ./components/stats/StatsClient.tsx
Module not found: Can't resolve 'html-to-image' in '/Users/saladin/Developments/interestory/components/stats'

Import trace for requested module:
./components/stats/StatsClient.tsx @ webpack-internal:///(app-pages-browser)/./node_modules/next/dist/next-devtools/shared/forward-logs-shared.js:27
[   18676ms] [LOG] [Fast Refresh] rebuilding @ webpack-internal:///(app-pages-browser)/./node_modules/next/dist/next-devtools/shared/forward-logs-shared.js:27
[   18684ms] [LOG] [Fast Refresh] done in 8ms @ webpack-internal:///(app-pages-browser)/./node_modules/next/dist/next-devtools/shared/forward-logs-shared.js:27
[   18788ms] [WARNING] ./app/page.tsx
Module not found: Can't resolve 'html-to-image' in '/Users/saladin/Developments/interestory/app'

Import trace for requested module:
./app/page.tsx @ webpack-internal:///(app-pages-browser)/./node_modules/next/dist/next-devtools/shared/forward-logs-shared.js:27
[   18788ms] [WARNING] ./components/stats/StatsClient.tsx
Module not found: Can't resolve 'html-to-image' in '/Users/saladin/Developments/interestory/components/stats'

Import trace for requested module:
./components/stats/StatsClient.tsx @ webpack-internal:///(app-pages-browser)/./node_modules/next/dist/next-devtools/shared/forward-logs-shared.js:27
[   18789ms] [LOG] [Fast Refresh] rebuilding @ webpack-internal:///(app-pages-browser)/./node_modules/next/dist/next-devtools/shared/forward-logs-shared.js:27
[   18793ms] [LOG] [Fast Refresh] done in 3ms @ webpack-internal:///(app-pages-browser)/./node_modules/next/dist/next-devtools/shared/forward-logs-shared.js:27
[   19155ms] [ERROR] Failed to load resource: net::ERR_BLOCKED_BY_RESPONSE.NotSameOrigin @ https://www.uspatriottactical.com/photos/styles/UA3637_TAN_2.JPG:0
[   19165ms] [WARNING] ./app/page.tsx
Module not found: Can't resolve 'html-to-image' in '/Users/saladin/Developments/interestory/app'

Import trace for requested module:
./app/page.tsx @ webpack-internal:///(app-pages-browser)/./node_modules/next/dist/next-devtools/shared/forward-logs-shared.js:27
[   19165ms] [WARNING] ./components/stats/StatsClient.tsx
Module not found: Can't resolve 'html-to-image' in '/Users/saladin/Developments/interestory/components/stats'

Import trace for requested module:
./components/stats/StatsClient.tsx @ webpack-internal:///(app-pages-browser)/./node_modules/next/dist/next-devtools/shared/forward-logs-shared.js:27
[   19165ms] [LOG] [Fast Refresh] rebuilding @ webpack-internal:///(app-pages-browser)/./node_modules/next/dist/next-devtools/shared/forward-logs-shared.js:27
[   19169ms] [WARNING] ./app/page.tsx
Module not found: Can't resolve 'html-to-image' in '/Users/saladin/Developments/interestory/app'

Import trace for requested module:
./app/page.tsx @ webpack-internal:///(app-pages-browser)/./node_modules/next/dist/next-devtools/shared/forward-logs-shared.js:27
[   19169ms] [WARNING] ./components/stats/StatsClient.tsx
Module not found: Can't resolve 'html-to-image' in '/Users/saladin/Developments/interestory/components/stats'

Import trace for requested module:
./components/stats/StatsClient.tsx @ webpack-internal:///(app-pages-browser)/./node_modules/next/dist/next-devtools/shared/forward-logs-shared.js:27
[   19169ms] [LOG] [Fast Refresh] done in 3ms @ webpack-internal:///(app-pages-browser)/./node_modules/next/dist/next-devtools/shared/forward-logs-shared.js:27
[   19192ms] [LOG] [Fast Refresh] rebuilding @ webpack-internal:///(app-pages-browser)/./node_modules/next/dist/next-devtools/shared/forward-logs-shared.js:27
[   19298ms] [WARNING] ./app/page.tsx
Module not found: Can't resolve 'html-to-image' in '/Users/saladin/Developments/interestory/app'

Import trace for requested module:
./app/page.tsx @ webpack-internal:///(app-pages-browser)/./node_modules/next/dist/next-devtools/shared/forward-logs-shared.js:27
[   19298ms] [WARNING] ./components/stats/StatsClient.tsx
Module not found: Can't resolve 'html-to-image' in '/Users/saladin/Developments/interestory/components/stats'

Import trace for requested module:
./components/stats/StatsClient.tsx @ webpack-internal:///(app-pages-browser)/./node_modules/next/dist/next-devtools/shared/forward-logs-shared.js:27
[   19298ms] [LOG] [Fast Refresh] done in 106ms @ webpack-internal:///(app-pages-browser)/./node_modules/next/dist/next-devtools/shared/forward-logs-shared.js:27
[   19302ms] [LOG] [Fast Refresh] rebuilding @ webpack-internal:///(app-pages-browser)/./node_modules/next/dist/next-devtools/shared/forward-logs-shared.js:27
[   19384ms] [WARNING] ./app/page.tsx
Module not found: Can't resolve 'html-to-image' in '/Users/saladin/Developments/interestory/app'

Import trace for requested module:
./app/page.tsx @ webpack-internal:///(app-pages-browser)/./node_modules/next/dist/next-devtools/shared/forward-logs-shared.js:27
[   19384ms] [WARNING] ./components/stats/StatsClient.tsx
Module not found: Can't resolve 'html-to-image' in '/Users/saladin/Developments/interestory/components/stats'

Import trace for requested module:
./components/stats/StatsClient.tsx @ webpack-internal:///(app-pages-browser)/./node_modules/next/dist/next-devtools/shared/forward-logs-shared.js:27
[   19384ms] [LOG] [Fast Refresh] done in 82ms @ webpack-internal:///(app-pages-browser)/./node_modules/next/dist/next-devtools/shared/forward-logs-shared.js:27
[   19386ms] [LOG] [Fast Refresh] rebuilding @ webpack-internal:///(app-pages-browser)/./node_modules/next/dist/next-devtools/shared/forward-logs-shared.js:27
[   19501ms] [WARNING] ./app/page.tsx
Module not found: Can't resolve 'html-to-image' in '/Users/saladin/Developments/interestory/app'

Import trace for requested module:
./app/page.tsx @ webpack-internal:///(app-pages-browser)/./node_modules/next/dist/next-devtools/shared/forward-logs-shared.js:27
[   19501ms] [WARNING] ./components/stats/StatsClient.tsx
Module not found: Can't resolve 'html-to-image' in '/Users/saladin/Developments/interestory/components/stats'

Import trace for requested module:
./components/stats/StatsClient.tsx @ webpack-internal:///(app-pages-browser)/./node_modules/next/dist/next-devtools/shared/forward-logs-shared.js:27
[   19501ms] [LOG] [Fast Refresh] done in 116ms @ webpack-internal:///(app-pages-browser)/./node_modules/next/dist/next-devtools/shared/forward-logs-shared.js:27
[   19502ms] [LOG] [Fast Refresh] rebuilding @ webpack-internal:///(app-pages-browser)/./node_modules/next/dist/next-devtools/shared/forward-logs-shared.js:27
[   19609ms] [WARNING] ./app/page.tsx
Module not found: Can't resolve 'html-to-image' in '/Users/saladin/Developments/interestory/app'

Import trace for requested module:
./app/page.tsx @ webpack-internal:///(app-pages-browser)/./node_modules/next/dist/next-devtools/shared/forward-logs-shared.js:27
[   19609ms] [WARNING] ./components/stats/StatsClient.tsx
Module not found: Can't resolve 'html-to-image' in '/Users/saladin/Developments/interestory/components/stats'

Import trace for requested module:
./components/stats/StatsClient.tsx @ webpack-internal:///(app-pages-browser)/./node_modules/next/dist/next-devtools/shared/forward-logs-shared.js:27
[   19609ms] [LOG] [Fast Refresh] done in 106ms @ webpack-internal:///(app-pages-browser)/./node_modules/next/dist/next-devtools/shared/forward-logs-shared.js:27
[   19609ms] [LOG] [Fast Refresh] rebuilding @ webpack-internal:///(app-pages-browser)/./node_modules/next/dist/next-devtools/shared/forward-logs-shared.js:27
[   19660ms] [LOG] [Fast Refresh] done in 52ms @ webpack-internal:///(app-pages-browser)/./node_modules/next/dist/next-devtools/shared/forward-logs-shared.js:27
[   19809ms] [LOG] [Fast Refresh] rebuilding @ webpack-internal:///(app-pages-browser)/./node_modules/next/dist/next-devtools/shared/forward-logs-shared.js:27
[   19809ms] [WARNING] ./app/page.tsx
Module not found: Can't resolve 'html-to-image' in '/Users/saladin/Developments/interestory/app'

Import trace for requested module:
./app/page.tsx @ webpack-internal:///(app-pages-browser)/./node_modules/next/dist/next-devtools/shared/forward-logs-shared.js:27
[   19809ms] [WARNING] ./components/stats/StatsClient.tsx
Module not found: Can't resolve 'html-to-image' in '/Users/saladin/Developments/interestory/components/stats'

Import trace for requested module:
./components/stats/StatsClient.tsx @ webpack-internal:///(app-pages-browser)/./node_modules/next/dist/next-devtools/shared/forward-logs-shared.js:27
[   19862ms] [LOG] [Fast Refresh] rebuilding @ webpack-internal:///(app-pages-browser)/./node_modules/next/dist/next-devtools/shared/forward-logs-shared.js:27
[   19866ms] [WARNING] ./app/page.tsx
Module not found: Can't resolve 'html-to-image' in '/Users/saladin/Developments/interestory/app'

Import trace for requested module:
./app/page.tsx @ webpack-internal:///(app-pages-browser)/./node_modules/next/dist/next-devtools/shared/forward-logs-shared.js:27
[   19866ms] [WARNING] ./components/stats/StatsClient.tsx
Module not found: Can't resolve 'html-to-image' in '/Users/saladin/Developments/interestory/components/stats'

Import trace for requested module:
./components/stats/StatsClient.tsx @ webpack-internal:///(app-pages-browser)/./node_modules/next/dist/next-devtools/shared/forward-logs-shared.js:27
[   19866ms] [LOG] [Fast Refresh] done in 3ms @ webpack-internal:///(app-pages-browser)/./node_modules/next/dist/next-devtools/shared/forward-logs-shared.js:27
[   19913ms] [ERROR] Failed to load resource: the server responded with a status of 500 (Internal Server Error) @ http://localhost:3002/fashion?_rsc=1hi87:0
[   19914ms] [LOG] [Fast Refresh] rebuilding @ webpack-internal:///(app-pages-browser)/./node_modules/next/dist/next-devtools/shared/forward-logs-shared.js:27
[   19979ms] [LOG] [Fast Refresh] done in 65ms @ webpack-internal:///(app-pages-browser)/./node_modules/next/dist/next-devtools/shared/forward-logs-shared.js:27
[   20009ms] [WARNING] ./app/page.tsx
Module not found: Can't resolve 'html-to-image' in '/Users/saladin/Developments/interestory/app'

Import trace for requested module:
./app/page.tsx @ webpack-internal:///(app-pages-browser)/./node_modules/next/dist/next-devtools/shared/forward-logs-shared.js:27
[   20009ms] [WARNING] ./components/stats/StatsClient.tsx
Module not found: Can't resolve 'html-to-image' in '/Users/saladin/Developments/interestory/components/stats'

Import trace for requested module:
./components/stats/StatsClient.tsx @ webpack-internal:///(app-pages-browser)/./node_modules/next/dist/next-devtools/shared/forward-logs-shared.js:27
[   20059ms] [LOG] [Fast Refresh] rebuilding @ webpack-internal:///(app-pages-browser)/./node_modules/next/dist/next-devtools/shared/forward-logs-shared.js:27
[   20145ms] [WARNING] ./app/page.tsx
Module not found: Can't resolve 'html-to-image' in '/Users/saladin/Developments/interestory/app'

Import trace for requested module:
./app/page.tsx @ webpack-internal:///(app-pages-browser)/./node_modules/next/dist/next-devtools/shared/forward-logs-shared.js:27
[   20145ms] [WARNING] ./components/stats/StatsClient.tsx
Module not found: Can't resolve 'html-to-image' in '/Users/saladin/Developments/interestory/components/stats'

Import trace for requested module:
./components/stats/StatsClient.tsx @ webpack-internal:///(app-pages-browser)/./node_modules/next/dist/next-devtools/shared/forward-logs-shared.js:27
[   20145ms] [LOG] [Fast Refresh] done in 85ms @ webpack-internal:///(app-pages-browser)/./node_modules/next/dist/next-devtools/shared/forward-logs-shared.js:27
[   20158ms] [LOG] [Fast Refresh] rebuilding @ webpack-internal:///(app-pages-browser)/./node_modules/next/dist/next-devtools/shared/forward-logs-shared.js:27
[   20222ms] [WARNING] ./app/page.tsx
Module not found: Can't resolve 'html-to-image' in '/Users/saladin/Developments/interestory/app'

Import trace for requested module:
./app/page.tsx @ webpack-internal:///(app-pages-browser)/./node_modules/next/dist/next-devtools/shared/forward-logs-shared.js:27
[   20222ms] [WARNING] ./components/stats/StatsClient.tsx
Module not found: Can't resolve 'html-to-image' in '/Users/saladin/Developments/interestory/components/stats'

Import trace for requested module:
./components/stats/StatsClient.tsx @ webpack-internal:///(app-pages-browser)/./node_modules/next/dist/next-devtools/shared/forward-logs-shared.js:27
[   20222ms] [LOG] [Fast Refresh] done in 65ms @ webpack-internal:///(app-pages-browser)/./node_modules/next/dist/next-devtools/shared/forward-logs-shared.js:27
[   20275ms] [LOG] [Fast Refresh] rebuilding @ webpack-internal:///(app-pages-browser)/./node_modules/next/dist/next-devtools/shared/forward-logs-shared.js:27
[   20359ms] [WARNING] ./app/page.tsx
Module not found: Can't resolve 'html-to-image' in '/Users/saladin/Developments/interestory/app'

Import trace for requested module:
./app/page.tsx @ webpack-internal:///(app-pages-browser)/./node_modules/next/dist/next-devtools/shared/forward-logs-shared.js:27
[   20359ms] [WARNING] ./components/stats/StatsClient.tsx
Module not found: Can't resolve 'html-to-image' in '/Users/saladin/Developments/interestory/components/stats'

Import trace for requested module:
./components/stats/StatsClient.tsx @ webpack-internal:///(app-pages-browser)/./node_modules/next/dist/next-devtools/shared/forward-logs-shared.js:27
[   20359ms] [LOG] [Fast Refresh] done in 85ms @ webpack-internal:///(app-pages-browser)/./node_modules/next/dist/next-devtools/shared/forward-logs-shared.js:27
[   20412ms] [LOG] [Fast Refresh] rebuilding @ webpack-internal:///(app-pages-browser)/./node_modules/next/dist/next-devtools/shared/forward-logs-shared.js:27
[   20437ms] [WARNING] ./app/page.tsx
Module not found: Can't resolve 'html-to-image' in '/Users/saladin/Developments/interestory/app'

Import trace for requested module:
./app/page.tsx @ webpack-internal:///(app-pages-browser)/./node_modules/next/dist/next-devtools/shared/forward-logs-shared.js:27
[   20437ms] [WARNING] ./components/stats/StatsClient.tsx
Module not found: Can't resolve 'html-to-image' in '/Users/saladin/Developments/interestory/components/stats'

Import trace for requested module:
./components/stats/StatsClient.tsx @ webpack-internal:///(app-pages-browser)/./node_modules/next/dist/next-devtools/shared/forward-logs-shared.js:27
[   20437ms] [LOG] [Fast Refresh] done in 25ms @ webpack-internal:///(app-pages-browser)/./node_modules/next/dist/next-devtools/shared/forward-logs-shared.js:27
[   20490ms] [LOG] [Fast Refresh] rebuilding @ webpack-internal:///(app-pages-browser)/./node_modules/next/dist/next-devtools/shared/forward-logs-shared.js:27
[   20545ms] [WARNING] ./app/page.tsx
Module not found: Can't resolve 'html-to-image' in '/Users/saladin/Developments/interestory/app'

Import trace for requested module:
./app/page.tsx @ webpack-internal:///(app-pages-browser)/./node_modules/next/dist/next-devtools/shared/forward-logs-shared.js:27
[   20545ms] [WARNING] ./components/stats/StatsClient.tsx
Module not found: Can't resolve 'html-to-image' in '/Users/saladin/Developments/interestory/components/stats'

Import trace for requested module:
./components/stats/StatsClient.tsx @ webpack-internal:///(app-pages-browser)/./node_modules/next/dist/next-devtools/shared/forward-logs-shared.js:27
[   20545ms] [LOG] [Fast Refresh] done in 56ms @ webpack-internal:///(app-pages-browser)/./node_modules/next/dist/next-devtools/shared/forward-logs-shared.js:27
[   20598ms] [LOG] [Fast Refresh] rebuilding @ webpack-internal:///(app-pages-browser)/./node_modules/next/dist/next-devtools/shared/forward-logs-shared.js:27
[   20626ms] [WARNING] ./app/page.tsx
Module not found: Can't resolve 'html-to-image' in '/Users/saladin/Developments/interestory/app'

Import trace for requested module:
./app/page.tsx @ webpack-internal:///(app-pages-browser)/./node_modules/next/dist/next-devtools/shared/forward-logs-shared.js:27
[   20626ms] [WARNING] ./components/stats/StatsClient.tsx
Module not found: Can't resolve 'html-to-image' in '/Users/saladin/Developments/interestory/components/stats'

Import trace for requested module:
./components/stats/StatsClient.tsx @ webpack-internal:///(app-pages-browser)/./node_modules/next/dist/next-devtools/shared/forward-logs-shared.js:27
[   20626ms] [LOG] [Fast Refresh] done in 29ms @ webpack-internal:///(app-pages-browser)/./node_modules/next/dist/next-devtools/shared/forward-logs-shared.js:27
[   20675ms] [LOG] [Fast Refresh] rebuilding @ webpack-internal:///(app-pages-browser)/./node_modules/next/dist/next-devtools/shared/forward-logs-shared.js:27
[   20731ms] [WARNING] ./app/page.tsx
Module not found: Can't resolve 'html-to-image' in '/Users/saladin/Developments/interestory/app'

Import trace for requested module:
./app/page.tsx @ webpack-internal:///(app-pages-browser)/./node_modules/next/dist/next-devtools/shared/forward-logs-shared.js:27
[   20731ms] [WARNING] ./components/stats/StatsClient.tsx
Module not found: Can't resolve 'html-to-image' in '/Users/saladin/Developments/interestory/components/stats'

Import trace for requested module:
./components/stats/StatsClient.tsx @ webpack-internal:///(app-pages-browser)/./node_modules/next/dist/next-devtools/shared/forward-logs-shared.js:27
[   20731ms] [LOG] [Fast Refresh] done in 57ms @ webpack-internal:///(app-pages-browser)/./node_modules/next/dist/next-devtools/shared/forward-logs-shared.js:27
[   20778ms] [LOG] [Fast Refresh] rebuilding @ webpack-internal:///(app-pages-browser)/./node_modules/next/dist/next-devtools/shared/forward-logs-shared.js:27
[   20810ms] [WARNING] ./app/page.tsx
Module not found: Can't resolve 'html-to-image' in '/Users/saladin/Developments/interestory/app'

Import trace for requested module:
./app/page.tsx @ webpack-internal:///(app-pages-browser)/./node_modules/next/dist/next-devtools/shared/forward-logs-shared.js:27
[   20810ms] [WARNING] ./components/stats/StatsClient.tsx
Module not found: Can't resolve 'html-to-image' in '/Users/saladin/Developments/interestory/components/stats'

Import trace for requested module:
./components/stats/StatsClient.tsx @ webpack-internal:///(app-pages-browser)/./node_modules/next/dist/next-devtools/shared/forward-logs-shared.js:27
[   20810ms] [LOG] [Fast Refresh] done in 33ms @ webpack-internal:///(app-pages-browser)/./node_modules/next/dist/next-devtools/shared/forward-logs-shared.js:27
[   20818ms] [LOG] [Fast Refresh] rebuilding @ webpack-internal:///(app-pages-browser)/./node_modules/next/dist/next-devtools/shared/forward-logs-shared.js:27
[   21327ms] [INFO] %cDownload the React DevTools for a better development experience: https://react.dev/link/react-devtools font-weight:bold @ webpack-internal:///(app-pages-browser)/./node_modules/next/dist/next-devtools/shared/forward-logs-shared.js:27
[   21339ms] [LOG] [HMR] connected @ webpack-internal:///(app-pages-browser)/./node_modules/next/dist/next-devtools/shared/forward-logs-shared.js:27
[   21341ms] [WARNING] ./app/page.tsx
Module not found: Can't resolve 'html-to-image' in '/Users/saladin/Developments/interestory/app' @ webpack-internal:///(app-pages-browser)/./node_modules/next/dist/next-devtools/shared/forward-logs-shared.js:27
[   21341ms] [WARNING] ./components/stats/StatsClient.tsx
Module not found: Can't resolve 'html-to-image' in '/Users/saladin/Developments/interestory/components/stats' @ webpack-internal:///(app-pages-browser)/./node_modules/next/dist/next-devtools/shared/forward-logs-shared.js:27
[   21378ms] [LOG] [Fast Refresh] rebuilding @ webpack-internal:///(app-pages-browser)/./node_modules/next/dist/next-devtools/shared/forward-logs-shared.js:27
[   21461ms] [WARNING] ./app/page.tsx
Module not found: Can't resolve 'html-to-image' in '/Users/saladin/Developments/interestory/app'

Import trace for requested module:
./app/page.tsx @ webpack-internal:///(app-pages-browser)/./node_modules/next/dist/next-devtools/shared/forward-logs-shared.js:27
[   21461ms] [WARNING] ./components/stats/StatsClient.tsx
Module not found: Can't resolve 'html-to-image' in '/Users/saladin/Developments/interestory/components/stats'

Import trace for requested module:
./components/stats/StatsClient.tsx @ webpack-internal:///(app-pages-browser)/./node_modules/next/dist/next-devtools/shared/forward-logs-shared.js:27
[   21461ms] [LOG] [Fast Refresh] rebuilding @ webpack-internal:///(app-pages-browser)/./node_modules/next/dist/next-devtools/shared/forward-logs-shared.js:27
[   21533ms] [LOG] [Fast Refresh] done in 71ms @ webpack-internal:///(app-pages-browser)/./node_modules/next/dist/next-devtools/shared/forward-logs-shared.js:27
[   21559ms] [WARNING] ./app/page.tsx
Module not found: Can't resolve 'html-to-image' in '/Users/saladin/Developments/interestory/app'

Import trace for requested module:
./app/page.tsx @ webpack-internal:///(app-pages-browser)/./node_modules/next/dist/next-devtools/shared/forward-logs-shared.js:27
[   21559ms] [WARNING] ./components/stats/StatsClient.tsx
Module not found: Can't resolve 'html-to-image' in '/Users/saladin/Developments/interestory/components/stats'

Import trace for requested module:
./components/stats/StatsClient.tsx @ webpack-internal:///(app-pages-browser)/./node_modules/next/dist/next-devtools/shared/forward-logs-shared.js:27
[   21560ms] [LOG] [Fast Refresh] rebuilding @ webpack-internal:///(app-pages-browser)/./node_modules/next/dist/next-devtools/shared/forward-logs-shared.js:27
[   21563ms] [LOG] [Fast Refresh] done in 4ms @ webpack-internal:///(app-pages-browser)/./node_modules/next/dist/next-devtools/shared/forward-logs-shared.js:27
[   21676ms] [WARNING] ./app/page.tsx
Module not found: Can't resolve 'html-to-image' in '/Users/saladin/Developments/interestory/app'

Import trace for requested module:
./app/page.tsx @ webpack-internal:///(app-pages-browser)/./node_modules/next/dist/next-devtools/shared/forward-logs-shared.js:27
[   21676ms] [WARNING] ./components/stats/StatsClient.tsx
Module not found: Can't resolve 'html-to-image' in '/Users/saladin/Developments/interestory/components/stats'

Import trace for requested module:
./components/stats/StatsClient.tsx @ webpack-internal:///(app-pages-browser)/./node_modules/next/dist/next-devtools/shared/forward-logs-shared.js:27
[   21677ms] [LOG] [Fast Refresh] rebuilding @ webpack-internal:///(app-pages-browser)/./node_modules/next/dist/next-devtools/shared/forward-logs-shared.js:27
[   21680ms] [LOG] [Fast Refresh] done in 3ms @ webpack-internal:///(app-pages-browser)/./node_modules/next/dist/next-devtools/shared/forward-logs-shared.js:27
[   21758ms] [WARNING] ./app/page.tsx
Module not found: Can't resolve 'html-to-image' in '/Users/saladin/Developments/interestory/app'

Import trace for requested module:
./app/page.tsx @ webpack-internal:///(app-pages-browser)/./node_modules/next/dist/next-devtools/shared/forward-logs-shared.js:27
[   21758ms] [WARNING] ./components/stats/StatsClient.tsx
Module not found: Can't resolve 'html-to-image' in '/Users/saladin/Developments/interestory/components/stats'

Import trace for requested module:
./components/stats/StatsClient.tsx @ webpack-internal:///(app-pages-browser)/./node_modules/next/dist/next-devtools/shared/forward-logs-shared.js:27
[   21759ms] [LOG] [Fast Refresh] rebuilding @ webpack-internal:///(app-pages-browser)/./node_modules/next/dist/next-devtools/shared/forward-logs-shared.js:27
[   21787ms] [LOG] [Fast Refresh] done in 28ms @ webpack-internal:///(app-pages-browser)/./node_modules/next/dist/next-devtools/shared/forward-logs-shared.js:27
[   21969ms] [WARNING] ./app/page.tsx
Module not found: Can't resolve 'html-to-image' in '/Users/saladin/Developments/interestory/app'

Import trace for requested module:
./app/page.tsx @ webpack-internal:///(app-pages-browser)/./node_modules/next/dist/next-devtools/shared/forward-logs-shared.js:27
[   21969ms] [WARNING] ./components/stats/StatsClient.tsx
Module not found: Can't resolve 'html-to-image' in '/Users/saladin/Developments/interestory/components/stats'

Import trace for requested module:
./components/stats/StatsClient.tsx @ webpack-internal:///(app-pages-browser)/./node_modules/next/dist/next-devtools/shared/forward-logs-shared.js:27
[   21969ms] [LOG] [Fast Refresh] rebuilding @ webpack-internal:///(app-pages-browser)/./node_modules/next/dist/next-devtools/shared/forward-logs-shared.js:27
[   21971ms] [ERROR] Failed to load resource: net::ERR_BLOCKED_BY_RESPONSE.NotSameOrigin @ https://www.uspatriottactical.com/photos/styles/UA3637_TAN_2.JPG:0
[   22003ms] [LOG] [Fast Refresh] done in 34ms @ webpack-internal:///(app-pages-browser)/./node_modules/next/dist/next-devtools/shared/forward-logs-shared.js:27
[   22028ms] [WARNING] ./app/page.tsx
Module not found: Can't resolve 'html-to-image' in '/Users/saladin/Developments/interestory/app'

Import trace for requested module:
./app/page.tsx @ webpack-internal:///(app-pages-browser)/./node_modules/next/dist/next-devtools/shared/forward-logs-shared.js:27
[   22029ms] [WARNING] ./components/stats/StatsClient.tsx
Module not found: Can't resolve 'html-to-image' in '/Users/saladin/Developments/interestory/components/stats'

Import trace for requested module:
./components/stats/StatsClient.tsx @ webpack-internal:///(app-pages-browser)/./node_modules/next/dist/next-devtools/shared/forward-logs-shared.js:27
[   22030ms] [LOG] [Fast Refresh] rebuilding @ webpack-internal:///(app-pages-browser)/./node_modules/next/dist/next-devtools/shared/forward-logs-shared.js:27
[   22033ms] [LOG] [Fast Refresh] done in 3ms @ webpack-internal:///(app-pages-browser)/./node_modules/next/dist/next-devtools/shared/forward-logs-shared.js:27
[   22109ms] [WARNING] ./app/page.tsx
Module not found: Can't resolve 'html-to-image' in '/Users/saladin/Developments/interestory/app'

Import trace for requested module:
./app/page.tsx @ webpack-internal:///(app-pages-browser)/./node_modules/next/dist/next-devtools/shared/forward-logs-shared.js:27
[   22109ms] [WARNING] ./components/stats/StatsClient.tsx
Module not found: Can't resolve 'html-to-image' in '/Users/saladin/Developments/interestory/components/stats'

Import trace for requested module:
./components/stats/StatsClient.tsx @ webpack-internal:///(app-pages-browser)/./node_modules/next/dist/next-devtools/shared/forward-logs-shared.js:27
[   22111ms] [LOG] [Fast Refresh] rebuilding @ webpack-internal:///(app-pages-browser)/./node_modules/next/dist/next-devtools/shared/forward-logs-shared.js:27
[   22114ms] [LOG] [Fast Refresh] done in 4ms @ webpack-internal:///(app-pages-browser)/./node_modules/next/dist/next-devtools/shared/forward-logs-shared.js:27
[   22220ms] [WARNING] ./app/page.tsx
Module not found: Can't resolve 'html-to-image' in '/Users/saladin/Developments/interestory/app'

Import trace for requested module:
./app/page.tsx @ webpack-internal:///(app-pages-browser)/./node_modules/next/dist/next-devtools/shared/forward-logs-shared.js:27
[   22220ms] [WARNING] ./components/stats/StatsClient.tsx
Module not found: Can't resolve 'html-to-image' in '/Users/saladin/Developments/interestory/components/stats'

Import trace for requested module:
./components/stats/StatsClient.tsx @ webpack-internal:///(app-pages-browser)/./node_modules/next/dist/next-devtools/shared/forward-logs-shared.js:27
[   22220ms] [LOG] [Fast Refresh] rebuilding @ webpack-internal:///(app-pages-browser)/./node_modules/next/dist/next-devtools/shared/forward-logs-shared.js:27
[   22224ms] [LOG] [Fast Refresh] done in 3ms @ webpack-internal:///(app-pages-browser)/./node_modules/next/dist/next-devtools/shared/forward-logs-shared.js:27
[   22327ms] [WARNING] ./app/page.tsx
Module not found: Can't resolve 'html-to-image' in '/Users/saladin/Developments/interestory/app'

Import trace for requested module:
./app/page.tsx @ webpack-internal:///(app-pages-browser)/./node_modules/next/dist/next-devtools/shared/forward-logs-shared.js:27
[   22327ms] [WARNING] ./components/stats/StatsClient.tsx
Module not found: Can't resolve 'html-to-image' in '/Users/saladin/Developments/interestory/components/stats'

Import trace for requested module:
./components/stats/StatsClient.tsx @ webpack-internal:///(app-pages-browser)/./node_modules/next/dist/next-devtools/shared/forward-logs-shared.js:27
[   22328ms] [LOG] [Fast Refresh] rebuilding @ webpack-internal:///(app-pages-browser)/./node_modules/next/dist/next-devtools/shared/forward-logs-shared.js:27
[   22336ms] [LOG] [Fast Refresh] done in 8ms @ webpack-internal:///(app-pages-browser)/./node_modules/next/dist/next-devtools/shared/forward-logs-shared.js:27
[   22409ms] [WARNING] ./app/page.tsx
Module not found: Can't resolve 'html-to-image' in '/Users/saladin/Developments/interestory/app'

Import trace for requested module:
./app/page.tsx @ webpack-internal:///(app-pages-browser)/./node_modules/next/dist/next-devtools/shared/forward-logs-shared.js:27
[   22409ms] [WARNING] ./components/stats/StatsClient.tsx
Module not found: Can't resolve 'html-to-image' in '/Users/saladin/Developments/interestory/components/stats'

Import trace for requested module:
./components/stats/StatsClient.tsx @ webpack-internal:///(app-pages-browser)/./node_modules/next/dist/next-devtools/shared/forward-logs-shared.js:27
[   22410ms] [LOG] [Fast Refresh] rebuilding @ webpack-internal:///(app-pages-browser)/./node_modules/next/dist/next-devtools/shared/forward-logs-shared.js:27
[   22413ms] [LOG] [Fast Refresh] done in 4ms @ webpack-internal:///(app-pages-browser)/./node_modules/next/dist/next-devtools/shared/forward-logs-shared.js:27
[   22519ms] [WARNING] ./app/page.tsx
Module not found: Can't resolve 'html-to-image' in '/Users/saladin/Developments/interestory/app'

Import trace for requested module:
./app/page.tsx @ webpack-internal:///(app-pages-browser)/./node_modules/next/dist/next-devtools/shared/forward-logs-shared.js:27
[   22519ms] [WARNING] ./components/stats/StatsClient.tsx
Module not found: Can't resolve 'html-to-image' in '/Users/saladin/Developments/interestory/components/stats'

Import trace for requested module:
./components/stats/StatsClient.tsx @ webpack-internal:///(app-pages-browser)/./node_modules/next/dist/next-devtools/shared/forward-logs-shared.js:27
[   22520ms] [LOG] [Fast Refresh] rebuilding @ webpack-internal:///(app-pages-browser)/./node_modules/next/dist/next-devtools/shared/forward-logs-shared.js:27
[   22523ms] [LOG] [Fast Refresh] done in 4ms @ webpack-internal:///(app-pages-browser)/./node_modules/next/dist/next-devtools/shared/forward-logs-shared.js:27
[   22598ms] [WARNING] ./app/page.tsx
Module not found: Can't resolve 'html-to-image' in '/Users/saladin/Developments/interestory/app'

Import trace for requested module:
./app/page.tsx @ webpack-internal:///(app-pages-browser)/./node_modules/next/dist/next-devtools/shared/forward-logs-shared.js:27
[   22598ms] [WARNING] ./components/stats/StatsClient.tsx
Module not found: Can't resolve 'html-to-image' in '/Users/saladin/Developments/interestory/components/stats'

Import trace for requested module:
./components/stats/StatsClient.tsx @ webpack-internal:///(app-pages-browser)/./node_modules/next/dist/next-devtools/shared/forward-logs-shared.js:27
[   22600ms] [LOG] [Fast Refresh] rebuilding @ webpack-internal:///(app-pages-browser)/./node_modules/next/dist/next-devtools/shared/forward-logs-shared.js:27
[   22706ms] [LOG] [Fast Refresh] done in 107ms @ webpack-internal:///(app-pages-browser)/./node_modules/next/dist/next-devtools/shared/forward-logs-shared.js:27
[   22709ms] [WARNING] ./app/page.tsx
Module not found: Can't resolve 'html-to-image' in '/Users/saladin/Developments/interestory/app'

Import trace for requested module:
./app/page.tsx @ webpack-internal:///(app-pages-browser)/./node_modules/next/dist/next-devtools/shared/forward-logs-shared.js:27
[   22709ms] [WARNING] ./components/stats/StatsClient.tsx
Module not found: Can't resolve 'html-to-image' in '/Users/saladin/Developments/interestory/components/stats'

Import trace for requested module:
./components/stats/StatsClient.tsx @ webpack-internal:///(app-pages-browser)/./node_modules/next/dist/next-devtools/shared/forward-logs-shared.js:27
[   22710ms] [LOG] [Fast Refresh] rebuilding @ webpack-internal:///(app-pages-browser)/./node_modules/next/dist/next-devtools/shared/forward-logs-shared.js:27
[   22800ms] [WARNING] ./app/page.tsx
Module not found: Can't resolve 'html-to-image' in '/Users/saladin/Developments/interestory/app'

Import trace for requested module:
./app/page.tsx @ webpack-internal:///(app-pages-browser)/./node_modules/next/dist/next-devtools/shared/forward-logs-shared.js:27
[   22800ms] [WARNING] ./components/stats/StatsClient.tsx
Module not found: Can't resolve 'html-to-image' in '/Users/saladin/Developments/interestory/components/stats'

Import trace for requested module:
./components/stats/StatsClient.tsx @ webpack-internal:///(app-pages-browser)/./node_modules/next/dist/next-devtools/shared/forward-logs-shared.js:27
[   22800ms] [LOG] [Fast Refresh] done in 90ms @ webpack-internal:///(app-pages-browser)/./node_modules/next/dist/next-devtools/shared/forward-logs-shared.js:27
[   22802ms] [LOG] [Fast Refresh] rebuilding @ webpack-internal:///(app-pages-browser)/./node_modules/next/dist/next-devtools/shared/forward-logs-shared.js:27
[   22932ms] [WARNING] ./app/page.tsx
Module not found: Can't resolve 'html-to-image' in '/Users/saladin/Developments/interestory/app'

Import trace for requested module:
./app/page.tsx @ webpack-internal:///(app-pages-browser)/./node_modules/next/dist/next-devtools/shared/forward-logs-shared.js:27
[   22932ms] [WARNING] ./components/stats/StatsClient.tsx
Module not found: Can't resolve 'html-to-image' in '/Users/saladin/Developments/interestory/components/stats'

Import trace for requested module:
./components/stats/StatsClient.tsx @ webpack-internal:///(app-pages-browser)/./node_modules/next/dist/next-devtools/shared/forward-logs-shared.js:27
[   22932ms] [LOG] [Fast Refresh] done in 131ms @ webpack-internal:///(app-pages-browser)/./node_modules/next/dist/next-devtools/shared/forward-logs-shared.js:27
[   22933ms] [LOG] [Fast Refresh] rebuilding @ webpack-internal:///(app-pages-browser)/./node_modules/next/dist/next-devtools/shared/forward-logs-shared.js:27
[   23006ms] [WARNING] ./app/page.tsx
Module not found: Can't resolve 'html-to-image' in '/Users/saladin/Developments/interestory/app'

Import trace for requested module:
./app/page.tsx @ webpack-internal:///(app-pages-browser)/./node_modules/next/dist/next-devtools/shared/forward-logs-shared.js:27
[   23006ms] [WARNING] ./components/stats/StatsClient.tsx
Module not found: Can't resolve 'html-to-image' in '/Users/saladin/Developments/interestory/components/stats'

Import trace for requested module:
./components/stats/StatsClient.tsx @ webpack-internal:///(app-pages-browser)/./node_modules/next/dist/next-devtools/shared/forward-logs-shared.js:27
[   23006ms] [LOG] [Fast Refresh] done in 73ms @ webpack-internal:///(app-pages-browser)/./node_modules/next/dist/next-devtools/shared/forward-logs-shared.js:27
[   23007ms] [LOG] [Fast Refresh] rebuilding @ webpack-internal:///(app-pages-browser)/./node_modules/next/dist/next-devtools/shared/forward-logs-shared.js:27
[   23119ms] [WARNING] ./app/page.tsx
Module not found: Can't resolve 'html-to-image' in '/Users/saladin/Developments/interestory/app'

Import trace for requested module:
./app/page.tsx @ webpack-internal:///(app-pages-browser)/./node_modules/next/dist/next-devtools/shared/forward-logs-shared.js:27
[   23120ms] [WARNING] ./components/stats/StatsClient.tsx
Module not found: Can't resolve 'html-to-image' in '/Users/saladin/Developments/interestory/components/stats'

Import trace for requested module:
./components/stats/StatsClient.tsx @ webpack-internal:///(app-pages-browser)/./node_modules/next/dist/next-devtools/shared/forward-logs-shared.js:27
[   23120ms] [LOG] [Fast Refresh] done in 113ms @ webpack-internal:///(app-pages-browser)/./node_modules/next/dist/next-devtools/shared/forward-logs-shared.js:27
[   23121ms] [LOG] [Fast Refresh] rebuilding @ webpack-internal:///(app-pages-browser)/./node_modules/next/dist/next-devtools/shared/forward-logs-shared.js:27
[   23200ms] [WARNING] ./app/page.tsx
Module not found: Can't resolve 'html-to-image' in '/Users/saladin/Developments/interestory/app'

Import trace for requested module:
./app/page.tsx @ webpack-internal:///(app-pages-browser)/./node_modules/next/dist/next-devtools/shared/forward-logs-shared.js:27
[   23200ms] [WARNING] ./components/stats/StatsClient.tsx
Module not found: Can't resolve 'html-to-image' in '/Users/saladin/Developments/interestory/components/stats'

Import trace for requested module:
./components/stats/StatsClient.tsx @ webpack-internal:///(app-pages-browser)/./node_modules/next/dist/next-devtools/shared/forward-logs-shared.js:27
[   23200ms] [LOG] [Fast Refresh] done in 79ms @ webpack-internal:///(app-pages-browser)/./node_modules/next/dist/next-devtools/shared/forward-logs-shared.js:27
[   23201ms] [LOG] [Fast Refresh] rebuilding @ webpack-internal:///(app-pages-browser)/./node_modules/next/dist/next-devtools/shared/forward-logs-shared.js:27
[   23337ms] [WARNING] ./app/page.tsx
Module not found: Can't resolve 'html-to-image' in '/Users/saladin/Developments/interestory/app'

Import trace for requested module:
./app/page.tsx @ webpack-internal:///(app-pages-browser)/./node_modules/next/dist/next-devtools/shared/forward-logs-shared.js:27
[   23337ms] [WARNING] ./components/stats/StatsClient.tsx
Module not found: Can't resolve 'html-to-image' in '/Users/saladin/Developments/interestory/components/stats'

Import trace for requested module:
./components/stats/StatsClient.tsx @ webpack-internal:///(app-pages-browser)/./node_modules/next/dist/next-devtools/shared/forward-logs-shared.js:27
[   23337ms] [LOG] [Fast Refresh] done in 136ms @ webpack-internal:///(app-pages-browser)/./node_modules/next/dist/next-devtools/shared/forward-logs-shared.js:27
[   23338ms] [LOG] [Fast Refresh] rebuilding @ webpack-internal:///(app-pages-browser)/./node_modules/next/dist/next-devtools/shared/forward-logs-shared.js:27
[   23499ms] [WARNING] ./app/page.tsx
Module not found: Can't resolve 'html-to-image' in '/Users/saladin/Developments/interestory/app'

Import trace for requested module:
./app/page.tsx @ webpack-internal:///(app-pages-browser)/./node_modules/next/dist/next-devtools/shared/forward-logs-shared.js:27
[   23499ms] [WARNING] ./components/stats/StatsClient.tsx
Module not found: Can't resolve 'html-to-image' in '/Users/saladin/Developments/interestory/components/stats'

Import trace for requested module:
./components/stats/StatsClient.tsx @ webpack-internal:///(app-pages-browser)/./node_modules/next/dist/next-devtools/shared/forward-logs-shared.js:27
[   23499ms] [LOG] [Fast Refresh] done in 161ms @ webpack-internal:///(app-pages-browser)/./node_modules/next/dist/next-devtools/shared/forward-logs-shared.js:27
[   23500ms] [LOG] [Fast Refresh] rebuilding @ webpack-internal:///(app-pages-browser)/./node_modules/next/dist/next-devtools/shared/forward-logs-shared.js:27
[   23583ms] [WARNING] ./app/page.tsx
Module not found: Can't resolve 'html-to-image' in '/Users/saladin/Developments/interestory/app'

Import trace for requested module:
./app/page.tsx @ webpack-internal:///(app-pages-browser)/./node_modules/next/dist/next-devtools/shared/forward-logs-shared.js:27
[   23584ms] [WARNING] ./components/stats/StatsClient.tsx
Module not found: Can't resolve 'html-to-image' in '/Users/saladin/Developments/interestory/components/stats'

Import trace for requested module:
./components/stats/StatsClient.tsx @ webpack-internal:///(app-pages-browser)/./node_modules/next/dist/next-devtools/shared/forward-logs-shared.js:27
[   23584ms] [LOG] [Fast Refresh] done in 83ms @ webpack-internal:///(app-pages-browser)/./node_modules/next/dist/next-devtools/shared/forward-logs-shared.js:27
[   23585ms] [LOG] [Fast Refresh] rebuilding @ webpack-internal:///(app-pages-browser)/./node_modules/next/dist/next-devtools/shared/forward-logs-shared.js:27
[   23693ms] [WARNING] ./app/page.tsx
Module not found: Can't resolve 'html-to-image' in '/Users/saladin/Developments/interestory/app'

Import trace for requested module:
./app/page.tsx @ webpack-internal:///(app-pages-browser)/./node_modules/next/dist/next-devtools/shared/forward-logs-shared.js:27
[   23693ms] [WARNING] ./components/stats/StatsClient.tsx
Module not found: Can't resolve 'html-to-image' in '/Users/saladin/Developments/interestory/components/stats'

Import trace for requested module:
./components/stats/StatsClient.tsx @ webpack-internal:///(app-pages-browser)/./node_modules/next/dist/next-devtools/shared/forward-logs-shared.js:27
[   23693ms] [LOG] [Fast Refresh] done in 108ms @ webpack-internal:///(app-pages-browser)/./node_modules/next/dist/next-devtools/shared/forward-logs-shared.js:27
[   23694ms] [LOG] [Fast Refresh] rebuilding @ webpack-internal:///(app-pages-browser)/./node_modules/next/dist/next-devtools/shared/forward-logs-shared.js:27
[   23778ms] [WARNING] ./app/page.tsx
Module not found: Can't resolve 'html-to-image' in '/Users/saladin/Developments/interestory/app'

Import trace for requested module:
./app/page.tsx @ webpack-internal:///(app-pages-browser)/./node_modules/next/dist/next-devtools/shared/forward-logs-shared.js:27
[   23778ms] [WARNING] ./components/stats/StatsClient.tsx
Module not found: Can't resolve 'html-to-image' in '/Users/saladin/Developments/interestory/components/stats'

Import trace for requested module:
./components/stats/StatsClient.tsx @ webpack-internal:///(app-pages-browser)/./node_modules/next/dist/next-devtools/shared/forward-logs-shared.js:27
[   23778ms] [LOG] [Fast Refresh] done in 85ms @ webpack-internal:///(app-pages-browser)/./node_modules/next/dist/next-devtools/shared/forward-logs-shared.js:27
[   23779ms] [LOG] [Fast Refresh] rebuilding @ webpack-internal:///(app-pages-browser)/./node_modules/next/dist/next-devtools/shared/forward-logs-shared.js:27
[   23881ms] [WARNING] ./app/page.tsx
Module not found: Can't resolve 'html-to-image' in '/Users/saladin/Developments/interestory/app'

Import trace for requested module:
./app/page.tsx @ webpack-internal:///(app-pages-browser)/./node_modules/next/dist/next-devtools/shared/forward-logs-shared.js:27
[   23881ms] [WARNING] ./components/stats/StatsClient.tsx
Module not found: Can't resolve 'html-to-image' in '/Users/saladin/Developments/interestory/components/stats'

Import trace for requested module:
./components/stats/StatsClient.tsx @ webpack-internal:///(app-pages-browser)/./node_modules/next/dist/next-devtools/shared/forward-logs-shared.js:27
[   23881ms] [LOG] [Fast Refresh] done in 101ms @ webpack-internal:///(app-pages-browser)/./node_modules/next/dist/next-devtools/shared/forward-logs-shared.js:27
[   23882ms] [LOG] [Fast Refresh] rebuilding @ webpack-internal:///(app-pages-browser)/./node_modules/next/dist/next-devtools/shared/forward-logs-shared.js:27
[   23990ms] [WARNING] ./app/page.tsx
Module not found: Can't resolve 'html-to-image' in '/Users/saladin/Developments/interestory/app'

Import trace for requested module:
./app/page.tsx @ webpack-internal:///(app-pages-browser)/./node_modules/next/dist/next-devtools/shared/forward-logs-shared.js:27
[   23990ms] [WARNING] ./components/stats/StatsClient.tsx
Module not found: Can't resolve 'html-to-image' in '/Users/saladin/Developments/interestory/components/stats'

Import trace for requested module:
./components/stats/StatsClient.tsx @ webpack-internal:///(app-pages-browser)/./node_modules/next/dist/next-devtools/shared/forward-logs-shared.js:27
[   23991ms] [LOG] [Fast Refresh] done in 108ms @ webpack-internal:///(app-pages-browser)/./node_modules/next/dist/next-devtools/shared/forward-logs-shared.js:27
[   23991ms] [LOG] [Fast Refresh] rebuilding @ webpack-internal:///(app-pages-browser)/./node_modules/next/dist/next-devtools/shared/forward-logs-shared.js:27
[   24075ms] [WARNING] ./app/page.tsx
Module not found: Can't resolve 'html-to-image' in '/Users/saladin/Developments/interestory/app'

Import trace for requested module:
./app/page.tsx @ webpack-internal:///(app-pages-browser)/./node_modules/next/dist/next-devtools/shared/forward-logs-shared.js:27
[   24075ms] [WARNING] ./components/stats/StatsClient.tsx
Module not found: Can't resolve 'html-to-image' in '/Users/saladin/Developments/interestory/components/stats'

Import trace for requested module:
./components/stats/StatsClient.tsx @ webpack-internal:///(app-pages-browser)/./node_modules/next/dist/next-devtools/shared/forward-logs-shared.js:27
[   24075ms] [LOG] [Fast Refresh] done in 84ms @ webpack-internal:///(app-pages-browser)/./node_modules/next/dist/next-devtools/shared/forward-logs-shared.js:27
[   24077ms] [LOG] [Fast Refresh] rebuilding @ webpack-internal:///(app-pages-browser)/./node_modules/next/dist/next-devtools/shared/forward-logs-shared.js:27
[   24184ms] [WARNING] ./app/page.tsx
Module not found: Can't resolve 'html-to-image' in '/Users/saladin/Developments/interestory/app'

Import trace for requested module:
./app/page.tsx @ webpack-internal:///(app-pages-browser)/./node_modules/next/dist/next-devtools/shared/forward-logs-shared.js:27
[   24184ms] [WARNING] ./components/stats/StatsClient.tsx
Module not found: Can't resolve 'html-to-image' in '/Users/saladin/Developments/interestory/components/stats'

Import trace for requested module:
./components/stats/StatsClient.tsx @ webpack-internal:///(app-pages-browser)/./node_modules/next/dist/next-devtools/shared/forward-logs-shared.js:27
[   24184ms] [LOG] [Fast Refresh] done in 108ms @ webpack-internal:///(app-pages-browser)/./node_modules/next/dist/next-devtools/shared/forward-logs-shared.js:27
[   24185ms] [LOG] [Fast Refresh] rebuilding @ webpack-internal:///(app-pages-browser)/./node_modules/next/dist/next-devtools/shared/forward-logs-shared.js:27
[   24294ms] [WARNING] ./app/page.tsx
Module not found: Can't resolve 'html-to-image' in '/Users/saladin/Developments/interestory/app'

Import trace for requested module:
./app/page.tsx @ webpack-internal:///(app-pages-browser)/./node_modules/next/dist/next-devtools/shared/forward-logs-shared.js:27
[   24294ms] [WARNING] ./components/stats/StatsClient.tsx
Module not found: Can't resolve 'html-to-image' in '/Users/saladin/Developments/interestory/components/stats'

Import trace for requested module:
./components/stats/StatsClient.tsx @ webpack-internal:///(app-pages-browser)/./node_modules/next/dist/next-devtools/shared/forward-logs-shared.js:27
[   24294ms] [LOG] [Fast Refresh] done in 108ms @ webpack-internal:///(app-pages-browser)/./node_modules/next/dist/next-devtools/shared/forward-logs-shared.js:27
[   24295ms] [LOG] [Fast Refresh] rebuilding @ webpack-internal:///(app-pages-browser)/./node_modules/next/dist/next-devtools/shared/forward-logs-shared.js:27
[   24379ms] [WARNING] ./app/page.tsx
Module not found: Can't resolve 'html-to-image' in '/Users/saladin/Developments/interestory/app'

Import trace for requested module:
./app/page.tsx @ webpack-internal:///(app-pages-browser)/./node_modules/next/dist/next-devtools/shared/forward-logs-shared.js:27
[   24379ms] [WARNING] ./components/stats/StatsClient.tsx
Module not found: Can't resolve 'html-to-image' in '/Users/saladin/Developments/interestory/components/stats'

Import trace for requested module:
./components/stats/StatsClient.tsx @ webpack-internal:///(app-pages-browser)/./node_modules/next/dist/next-devtools/shared/forward-logs-shared.js:27
[   24379ms] [LOG] [Fast Refresh] done in 84ms @ webpack-internal:///(app-pages-browser)/./node_modules/next/dist/next-devtools/shared/forward-logs-shared.js:27
[   24380ms] [LOG] [Fast Refresh] rebuilding @ webpack-internal:///(app-pages-browser)/./node_modules/next/dist/next-devtools/shared/forward-logs-shared.js:27
[   24487ms] [WARNING] ./app/page.tsx
Module not found: Can't resolve 'html-to-image' in '/Users/saladin/Developments/interestory/app'

Import trace for requested module:
./app/page.tsx @ webpack-internal:///(app-pages-browser)/./node_modules/next/dist/next-devtools/shared/forward-logs-shared.js:27
[   24487ms] [WARNING] ./components/stats/StatsClient.tsx
Module not found: Can't resolve 'html-to-image' in '/Users/saladin/Developments/interestory/components/stats'

Import trace for requested module:
./components/stats/StatsClient.tsx @ webpack-internal:///(app-pages-browser)/./node_modules/next/dist/next-devtools/shared/forward-logs-shared.js:27
[   24487ms] [LOG] [Fast Refresh] done in 108ms @ webpack-internal:///(app-pages-browser)/./node_modules/next/dist/next-devtools/shared/forward-logs-shared.js:27
[   24488ms] [LOG] [Fast Refresh] rebuilding @ webpack-internal:///(app-pages-browser)/./node_modules/next/dist/next-devtools/shared/forward-logs-shared.js:27
[   24596ms] [WARNING] ./app/page.tsx
Module not found: Can't resolve 'html-to-image' in '/Users/saladin/Developments/interestory/app'

Import trace for requested module:
./app/page.tsx @ webpack-internal:///(app-pages-browser)/./node_modules/next/dist/next-devtools/shared/forward-logs-shared.js:27
[   24596ms] [WARNING] ./components/stats/StatsClient.tsx
Module not found: Can't resolve 'html-to-image' in '/Users/saladin/Developments/interestory/components/stats'

Import trace for requested module:
./components/stats/StatsClient.tsx @ webpack-internal:///(app-pages-browser)/./node_modules/next/dist/next-devtools/shared/forward-logs-shared.js:27
[   24596ms] [LOG] [Fast Refresh] done in 108ms @ webpack-internal:///(app-pages-browser)/./node_modules/next/dist/next-devtools/shared/forward-logs-shared.js:27
[   24597ms] [LOG] [Fast Refresh] rebuilding @ webpack-internal:///(app-pages-browser)/./node_modules/next/dist/next-devtools/shared/forward-logs-shared.js:27
[   24679ms] [WARNING] ./app/page.tsx
Module not found: Can't resolve 'html-to-image' in '/Users/saladin/Developments/interestory/app'

Import trace for requested module:
./app/page.tsx @ webpack-internal:///(app-pages-browser)/./node_modules/next/dist/next-devtools/shared/forward-logs-shared.js:27
[   24679ms] [WARNING] ./components/stats/StatsClient.tsx
Module not found: Can't resolve 'html-to-image' in '/Users/saladin/Developments/interestory/components/stats'

Import trace for requested module:
./components/stats/StatsClient.tsx @ webpack-internal:///(app-pages-browser)/./node_modules/next/dist/next-devtools/shared/forward-logs-shared.js:27
[   24679ms] [LOG] [Fast Refresh] done in 81ms @ webpack-internal:///(app-pages-browser)/./node_modules/next/dist/next-devtools/shared/forward-logs-shared.js:27
[   24679ms] [LOG] [Fast Refresh] rebuilding @ webpack-internal:///(app-pages-browser)/./node_modules/next/dist/next-devtools/shared/forward-logs-shared.js:27
[   24789ms] [WARNING] ./app/page.tsx
Module not found: Can't resolve 'html-to-image' in '/Users/saladin/Developments/interestory/app'

Import trace for requested module:
./app/page.tsx @ webpack-internal:///(app-pages-browser)/./node_modules/next/dist/next-devtools/shared/forward-logs-shared.js:27
[   24789ms] [WARNING] ./components/stats/StatsClient.tsx
Module not found: Can't resolve 'html-to-image' in '/Users/saladin/Developments/interestory/components/stats'

Import trace for requested module:
./components/stats/StatsClient.tsx @ webpack-internal:///(app-pages-browser)/./node_modules/next/dist/next-devtools/shared/forward-logs-shared.js:27
[   24789ms] [LOG] [Fast Refresh] done in 109ms @ webpack-internal:///(app-pages-browser)/./node_modules/next/dist/next-devtools/shared/forward-logs-shared.js:27
[   24789ms] [WARNING] The resource http://localhost:3002/_next/static/css/app/layout.css?v=1789900511917 was preloaded using link preload but not used within a few seconds from the window's load event. Please make sure it has an appropriate `as` value and it is preloaded intentionally. @ http://localhost:3002/fashion:0
[   24789ms] [WARNING] The resource http://localhost:3002/_next/static/css/app/layout.css?v=1789900513092 was preloaded using link preload but not used within a few seconds from the window's load event. Please make sure it has an appropriate `as` value and it is preloaded intentionally. @ http://localhost:3002/fashion:0
[   24789ms] [WARNING] The resource http://localhost:3002/_next/static/media/22a5144ee8d83bca-s.p.woff2?v=1789900509000 was preloaded using link preload but not used within a few seconds from the window's load event. Please make sure it has an appropriate `as` value and it is preloaded intentionally. @ http://localhost:3002/fashion:0
[   24789ms] [WARNING] The resource http://localhost:3002/_next/static/media/7d4881bb7e1bf84d-s.p.woff2?v=1789900509000 was preloaded using link preload but not used within a few seconds from the window's load event. Please make sure it has an appropriate `as` value and it is preloaded intentionally. @ http://localhost:3002/fashion:0
[   24789ms] [WARNING] The resource http://localhost:3002/_next/static/css/app/layout.css?v=1789900513389 was preloaded using link preload but not used within a few seconds from the window's load event. Please make sure it has an appropriate `as` value and it is preloaded intentionally. @ http://localhost:3002/fashion:0
[   24789ms] [WARNING] The resource http://localhost:3002/_next/static/css/app/layout.css?v=1789900510822 was preloaded using link preload but not used within a few seconds from the window's load event. Please make sure it has an appropriate `as` value and it is preloaded intentionally. @ http://localhost:3002/fashion:0
[   24789ms] [WARNING] The resource http://localhost:3002/_next/static/css/app/layout.css?v=1789900512302 was preloaded using link preload but not used within a few seconds from the window's load event. Please make sure it has an appropriate `as` value and it is preloaded intentionally. @ http://localhost:3002/fashion:0
[   24789ms] [WARNING] The resource http://localhost:3002/_next/static/css/app/layout.css?v=1789900511170 was preloaded using link preload but not used within a few seconds from the window's load event. Please make sure it has an appropriate `as` value and it is preloaded intentionally. @ http://localhost:3002/fashion:0
[   24789ms] [WARNING] The resource http://localhost:3002/_next/static/css/app/layout.css?v=1789900510469 was preloaded using link preload but not used within a few seconds from the window's load event. Please make sure it has an appropriate `as` value and it is preloaded intentionally. @ http://localhost:3002/fashion:0
[   24789ms] [WARNING] The resource http://localhost:3002/_next/static/css/app/layout.css?v=1789900512148 was preloaded using link preload but not used within a few seconds from the window's load event. Please make sure it has an appropriate `as` value and it is preloaded intentionally. @ http://localhost:3002/fashion:0
[   24789ms] [WARNING] The resource http://localhost:3002/_next/static/css/app/layout.css?v=1789900510667 was preloaded using link preload but not used within a few seconds from the window's load event. Please make sure it has an appropriate `as` value and it is preloaded intentionally. @ http://localhost:3002/fashion:0
[   24789ms] [WARNING] The resource http://localhost:3002/_next/static/css/app/layout.css?v=1789900512781 was preloaded using link preload but not used within a few seconds from the window's load event. Please make sure it has an appropriate `as` value and it is preloaded intentionally. @ http://localhost:3002/fashion:0
[   24789ms] [WARNING] The resource http://localhost:3002/_next/static/css/app/layout.css?v=1789900513246 was preloaded using link preload but not used within a few seconds from the window's load event. Please make sure it has an appropriate `as` value and it is preloaded intentionally. @ http://localhost:3002/fashion:0
[   24789ms] [WARNING] The resource http://localhost:3002/_next/static/css/app/layout.css?v=1789900512944 was preloaded using link preload but not used within a few seconds from the window's load event. Please make sure it has an appropriate `as` value and it is preloaded intentionally. @ http://localhost:3002/fashion:0
[   24789ms] [WARNING] The resource http://localhost:3002/_next/static/css/app/layout.css?v=1789900512640 was preloaded using link preload but not used within a few seconds from the window's load event. Please make sure it has an appropriate `as` value and it is preloaded intentionally. @ http://localhost:3002/fashion:0
[   24789ms] [WARNING] The resource http://localhost:3002/_next/static/css/app/layout.css?v=1789900510978 was preloaded using link preload but not used within a few seconds from the window's load event. Please make sure it has an appropriate `as` value and it is preloaded intentionally. @ http://localhost:3002/fashion:0
[   24789ms] [WARNING] The resource http://localhost:3002/_next/static/css/app/layout.css?v=1789900511317 was preloaded using link preload but not used within a few seconds from the window's load event. Please make sure it has an appropriate `as` value and it is preloaded intentionally. @ http://localhost:3002/fashion:0
[   24789ms] [WARNING] The resource http://localhost:3002/_next/static/css/app/layout.css?v=1789900512484 was preloaded using link preload but not used within a few seconds from the window's load event. Please make sure it has an appropriate `as` value and it is preloaded intentionally. @ http://localhost:3002/fashion:0
[   24789ms] [WARNING] The resource http://localhost:3002/_next/static/css/app/layout.css?v=1789900510327 was preloaded using link preload but not used within a few seconds from the window's load event. Please make sure it has an appropriate `as` value and it is preloaded intentionally. @ http://localhost:3002/fashion:0
[   24789ms] [WARNING] The resource http://localhost:3002/_next/static/css/app/layout.css?v=1789900511570 was preloaded using link preload but not used within a few seconds from the window's load event. Please make sure it has an appropriate `as` value and it is preloaded intentionally. @ http://localhost:3002/fashion:0
[   24789ms] [WARNING] The resource http://localhost:3002/_next/static/css/app/layout.css?v=1789900511766 was preloaded using link preload but not used within a few seconds from the window's load event. Please make sure it has an appropriate `as` value and it is preloaded intentionally. @ http://localhost:3002/fashion:0
[   24790ms] [LOG] [Fast Refresh] rebuilding @ webpack-internal:///(app-pages-browser)/./node_modules/next/dist/next-devtools/shared/forward-logs-shared.js:27
[   24896ms] [WARNING] ./app/page.tsx
Module not found: Can't resolve 'html-to-image' in '/Users/saladin/Developments/interestory/app'

Import trace for requested module:
./app/page.tsx @ webpack-internal:///(app-pages-browser)/./node_modules/next/dist/next-devtools/shared/forward-logs-shared.js:27
[   24896ms] [WARNING] ./components/stats/StatsClient.tsx
Module not found: Can't resolve 'html-to-image' in '/Users/saladin/Developments/interestory/components/stats'

Import trace for requested module:
./components/stats/StatsClient.tsx @ webpack-internal:///(app-pages-browser)/./node_modules/next/dist/next-devtools/shared/forward-logs-shared.js:27
[   24896ms] [LOG] [Fast Refresh] done in 107ms @ webpack-internal:///(app-pages-browser)/./node_modules/next/dist/next-devtools/shared/forward-logs-shared.js:27
[   24898ms] [LOG] [Fast Refresh] rebuilding @ webpack-internal:///(app-pages-browser)/./node_modules/next/dist/next-devtools/shared/forward-logs-shared.js:27
[   24978ms] [WARNING] ./app/page.tsx
Module not found: Can't resolve 'html-to-image' in '/Users/saladin/Developments/interestory/app'

Import trace for requested module:
./app/page.tsx @ webpack-internal:///(app-pages-browser)/./node_modules/next/dist/next-devtools/shared/forward-logs-shared.js:27
[   24978ms] [WARNING] ./components/stats/StatsClient.tsx
Module not found: Can't resolve 'html-to-image' in '/Users/saladin/Developments/interestory/components/stats'

Import trace for requested module:
./components/stats/StatsClient.tsx @ webpack-internal:///(app-pages-browser)/./node_modules/next/dist/next-devtools/shared/forward-logs-shared.js:27
[   24978ms] [LOG] [Fast Refresh] done in 80ms @ webpack-internal:///(app-pages-browser)/./node_modules/next/dist/next-devtools/shared/forward-logs-shared.js:27
[   24979ms] [LOG] [Fast Refresh] rebuilding @ webpack-internal:///(app-pages-browser)/./node_modules/next/dist/next-devtools/shared/forward-logs-shared.js:27
[   25090ms] [WARNING] ./app/page.tsx
Module not found: Can't resolve 'html-to-image' in '/Users/saladin/Developments/interestory/app'

Import trace for requested module:
./app/page.tsx @ webpack-internal:///(app-pages-browser)/./node_modules/next/dist/next-devtools/shared/forward-logs-shared.js:27
[   25090ms] [WARNING] ./components/stats/StatsClient.tsx
Module not found: Can't resolve 'html-to-image' in '/Users/saladin/Developments/interestory/components/stats'

Import trace for requested module:
./components/stats/StatsClient.tsx @ webpack-internal:///(app-pages-browser)/./node_modules/next/dist/next-devtools/shared/forward-logs-shared.js:27
[   25090ms] [LOG] [Fast Refresh] done in 111ms @ webpack-internal:///(app-pages-browser)/./node_modules/next/dist/next-devtools/shared/forward-logs-shared.js:27
[   25091ms] [LOG] [Fast Refresh] rebuilding @ webpack-internal:///(app-pages-browser)/./node_modules/next/dist/next-devtools/shared/forward-logs-shared.js:27
[   25171ms] [WARNING] ./app/page.tsx
Module not found: Can't resolve 'html-to-image' in '/Users/saladin/Developments/interestory/app'

Import trace for requested module:
./app/page.tsx @ webpack-internal:///(app-pages-browser)/./node_modules/next/dist/next-devtools/shared/forward-logs-shared.js:27
[   25171ms] [WARNING] ./components/stats/StatsClient.tsx
Module not found: Can't resolve 'html-to-image' in '/Users/saladin/Developments/interestory/components/stats'

Import trace for requested module:
./components/stats/StatsClient.tsx @ webpack-internal:///(app-pages-browser)/./node_modules/next/dist/next-devtools/shared/forward-logs-shared.js:27
[   25171ms] [LOG] [Fast Refresh] done in 80ms @ webpack-internal:///(app-pages-browser)/./node_modules/next/dist/next-devtools/shared/forward-logs-shared.js:27
[   25172ms] [LOG] [Fast Refresh] rebuilding @ webpack-internal:///(app-pages-browser)/./node_modules/next/dist/next-devtools/shared/forward-logs-shared.js:27
[   25284ms] [WARNING] ./app/page.tsx
Module not found: Can't resolve 'html-to-image' in '/Users/saladin/Developments/interestory/app'

Import trace for requested module:
./app/page.tsx @ webpack-internal:///(app-pages-browser)/./node_modules/next/dist/next-devtools/shared/forward-logs-shared.js:27
[   25284ms] [WARNING] ./components/stats/StatsClient.tsx
Module not found: Can't resolve 'html-to-image' in '/Users/saladin/Developments/interestory/components/stats'

Import trace for requested module:
./components/stats/StatsClient.tsx @ webpack-internal:///(app-pages-browser)/./node_modules/next/dist/next-devtools/shared/forward-logs-shared.js:27
[   25284ms] [LOG] [Fast Refresh] done in 112ms @ webpack-internal:///(app-pages-browser)/./node_modules/next/dist/next-devtools/shared/forward-logs-shared.js:27
[   25286ms] [LOG] [Fast Refresh] rebuilding @ webpack-internal:///(app-pages-browser)/./node_modules/next/dist/next-devtools/shared/forward-logs-shared.js:27
[   25369ms] [WARNING] ./app/page.tsx
Module not found: Can't resolve 'html-to-image' in '/Users/saladin/Developments/interestory/app'

Import trace for requested module:
./app/page.tsx @ webpack-internal:///(app-pages-browser)/./node_modules/next/dist/next-devtools/shared/forward-logs-shared.js:27
[   25369ms] [WARNING] ./components/stats/StatsClient.tsx
Module not found: Can't resolve 'html-to-image' in '/Users/saladin/Developments/interestory/components/stats'

Import trace for requested module:
./components/stats/StatsClient.tsx @ webpack-internal:///(app-pages-browser)/./node_modules/next/dist/next-devtools/shared/forward-logs-shared.js:27
[   25369ms] [LOG] [Fast Refresh] done in 83ms @ webpack-internal:///(app-pages-browser)/./node_modules/next/dist/next-devtools/shared/forward-logs-shared.js:27
[   25370ms] [LOG] [Fast Refresh] rebuilding @ webpack-internal:///(app-pages-browser)/./node_modules/next/dist/next-devtools/shared/forward-logs-shared.js:27
[   25473ms] [WARNING] ./app/page.tsx
Module not found: Can't resolve 'html-to-image' in '/Users/saladin/Developments/interestory/app'

Import trace for requested module:
./app/page.tsx @ webpack-internal:///(app-pages-browser)/./node_modules/next/dist/next-devtools/shared/forward-logs-shared.js:27
[   25473ms] [WARNING] ./components/stats/StatsClient.tsx
Module not found: Can't resolve 'html-to-image' in '/Users/saladin/Developments/interestory/components/stats'

Import trace for requested module:
./components/stats/StatsClient.tsx @ webpack-internal:///(app-pages-browser)/./node_modules/next/dist/next-devtools/shared/forward-logs-shared.js:27
[   25473ms] [LOG] [Fast Refresh] done in 104ms @ webpack-internal:///(app-pages-browser)/./node_modules/next/dist/next-devtools/shared/forward-logs-shared.js:27
[   25474ms] [LOG] [Fast Refresh] rebuilding @ webpack-internal:///(app-pages-browser)/./node_modules/next/dist/next-devtools/shared/forward-logs-shared.js:27
[   25585ms] [WARNING] ./app/page.tsx
Module not found: Can't resolve 'html-to-image' in '/Users/saladin/Developments/interestory/app'

Import trace for requested module:
./app/page.tsx @ webpack-internal:///(app-pages-browser)/./node_modules/next/dist/next-devtools/shared/forward-logs-shared.js:27
[   25585ms] [WARNING] ./components/stats/StatsClient.tsx
Module not found: Can't resolve 'html-to-image' in '/Users/saladin/Developments/interestory/components/stats'

Import trace for requested module:
./components/stats/StatsClient.tsx @ webpack-internal:///(app-pages-browser)/./node_modules/next/dist/next-devtools/shared/forward-logs-shared.js:27
[   25585ms] [LOG] [Fast Refresh] done in 110ms @ webpack-internal:///(app-pages-browser)/./node_modules/next/dist/next-devtools/shared/forward-logs-shared.js:27
[   25586ms] [LOG] [Fast Refresh] rebuilding @ webpack-internal:///(app-pages-browser)/./node_modules/next/dist/next-devtools/shared/forward-logs-shared.js:27
[   25666ms] [WARNING] ./app/page.tsx
Module not found: Can't resolve 'html-to-image' in '/Users/saladin/Developments/interestory/app'

Import trace for requested module:
./app/page.tsx @ webpack-internal:///(app-pages-browser)/./node_modules/next/dist/next-devtools/shared/forward-logs-shared.js:27
[   25666ms] [WARNING] ./components/stats/StatsClient.tsx
Module not found: Can't resolve 'html-to-image' in '/Users/saladin/Developments/interestory/components/stats'

Import trace for requested module:
./components/stats/StatsClient.tsx @ webpack-internal:///(app-pages-browser)/./node_modules/next/dist/next-devtools/shared/forward-logs-shared.js:27
[   25666ms] [LOG] [Fast Refresh] done in 81ms @ webpack-internal:///(app-pages-browser)/./node_modules/next/dist/next-devtools/shared/forward-logs-shared.js:27
[   25667ms] [LOG] [Fast Refresh] rebuilding @ webpack-internal:///(app-pages-browser)/./node_modules/next/dist/next-devtools/shared/forward-logs-shared.js:27
[   25774ms] [WARNING] ./app/page.tsx
Module not found: Can't resolve 'html-to-image' in '/Users/saladin/Developments/interestory/app'

Import trace for requested module:
./app/page.tsx @ webpack-internal:///(app-pages-browser)/./node_modules/next/dist/next-devtools/shared/forward-logs-shared.js:27
[   25774ms] [WARNING] ./components/stats/StatsClient.tsx
Module not found: Can't resolve 'html-to-image' in '/Users/saladin/Developments/interestory/components/stats'

Import trace for requested module:
./components/stats/StatsClient.tsx @ webpack-internal:///(app-pages-browser)/./node_modules/next/dist/next-devtools/shared/forward-logs-shared.js:27
[   25774ms] [LOG] [Fast Refresh] done in 107ms @ webpack-internal:///(app-pages-browser)/./node_modules/next/dist/next-devtools/shared/forward-logs-shared.js:27
[   25775ms] [LOG] [Fast Refresh] rebuilding @ webpack-internal:///(app-pages-browser)/./node_modules/next/dist/next-devtools/shared/forward-logs-shared.js:27
[   25860ms] [WARNING] ./app/page.tsx
Module not found: Can't resolve 'html-to-image' in '/Users/saladin/Developments/interestory/app'

Import trace for requested module:
./app/page.tsx @ webpack-internal:///(app-pages-browser)/./node_modules/next/dist/next-devtools/shared/forward-logs-shared.js:27
[   25860ms] [WARNING] ./components/stats/StatsClient.tsx
Module not found: Can't resolve 'html-to-image' in '/Users/saladin/Developments/interestory/components/stats'

Import trace for requested module:
./components/stats/StatsClient.tsx @ webpack-internal:///(app-pages-browser)/./node_modules/next/dist/next-devtools/shared/forward-logs-shared.js:27
[   25860ms] [LOG] [Fast Refresh] done in 85ms @ webpack-internal:///(app-pages-browser)/./node_modules/next/dist/next-devtools/shared/forward-logs-shared.js:27
[   25861ms] [LOG] [Fast Refresh] rebuilding @ webpack-internal:///(app-pages-browser)/./node_modules/next/dist/next-devtools/shared/forward-logs-shared.js:27
[   25984ms] [WARNING] ./app/page.tsx
Module not found: Can't resolve 'html-to-image' in '/Users/saladin/Developments/interestory/app'

Import trace for requested module:
./app/page.tsx @ webpack-internal:///(app-pages-browser)/./node_modules/next/dist/next-devtools/shared/forward-logs-shared.js:27
[   25984ms] [WARNING] ./components/stats/StatsClient.tsx
Module not found: Can't resolve 'html-to-image' in '/Users/saladin/Developments/interestory/components/stats'

Import trace for requested module:
./components/stats/StatsClient.tsx @ webpack-internal:///(app-pages-browser)/./node_modules/next/dist/next-devtools/shared/forward-logs-shared.js:27
[   25984ms] [LOG] [Fast Refresh] done in 123ms @ webpack-internal:///(app-pages-browser)/./node_modules/next/dist/next-devtools/shared/forward-logs-shared.js:27
[   25986ms] [LOG] [Fast Refresh] rebuilding @ webpack-internal:///(app-pages-browser)/./node_modules/next/dist/next-devtools/shared/forward-logs-shared.js:27
[   26100ms] [WARNING] ./app/page.tsx
Module not found: Can't resolve 'html-to-image' in '/Users/saladin/Developments/interestory/app'

Import trace for requested module:
./app/page.tsx @ webpack-internal:///(app-pages-browser)/./node_modules/next/dist/next-devtools/shared/forward-logs-shared.js:27
[   26100ms] [WARNING] ./components/stats/StatsClient.tsx
Module not found: Can't resolve 'html-to-image' in '/Users/saladin/Developments/interestory/components/stats'

Import trace for requested module:
./components/stats/StatsClient.tsx @ webpack-internal:///(app-pages-browser)/./node_modules/next/dist/next-devtools/shared/forward-logs-shared.js:27
[   26100ms] [LOG] [Fast Refresh] done in 113ms @ webpack-internal:///(app-pages-browser)/./node_modules/next/dist/next-devtools/shared/forward-logs-shared.js:27
[   26101ms] [LOG] [Fast Refresh] rebuilding @ webpack-internal:///(app-pages-browser)/./node_modules/next/dist/next-devtools/shared/forward-logs-shared.js:27
[   26177ms] [WARNING] ./app/page.tsx
Module not found: Can't resolve 'html-to-image' in '/Users/saladin/Developments/interestory/app'

Import trace for requested module:
./app/page.tsx @ webpack-internal:///(app-pages-browser)/./node_modules/next/dist/next-devtools/shared/forward-logs-shared.js:27
[   26177ms] [WARNING] ./components/stats/StatsClient.tsx
Module not found: Can't resolve 'html-to-image' in '/Users/saladin/Developments/interestory/components/stats'

Import trace for requested module:
./components/stats/StatsClient.tsx @ webpack-internal:///(app-pages-browser)/./node_modules/next/dist/next-devtools/shared/forward-logs-shared.js:27
[   26177ms] [LOG] [Fast Refresh] done in 77ms @ webpack-internal:///(app-pages-browser)/./node_modules/next/dist/next-devtools/shared/forward-logs-shared.js:27
[   26178ms] [LOG] [Fast Refresh] rebuilding @ webpack-internal:///(app-pages-browser)/./node_modules/next/dist/next-devtools/shared/forward-logs-shared.js:27
[   26287ms] [WARNING] ./app/page.tsx
Module not found: Can't resolve 'html-to-image' in '/Users/saladin/Developments/interestory/app'

Import trace for requested module:
./app/page.tsx @ webpack-internal:///(app-pages-browser)/./node_modules/next/dist/next-devtools/shared/forward-logs-shared.js:27
[   26287ms] [WARNING] ./components/stats/StatsClient.tsx
Module not found: Can't resolve 'html-to-image' in '/Users/saladin/Developments/interestory/components/stats'

Import trace for requested module:
./components/stats/StatsClient.tsx @ webpack-internal:///(app-pages-browser)/./node_modules/next/dist/next-devtools/shared/forward-logs-shared.js:27
[   26287ms] [LOG] [Fast Refresh] done in 108ms @ webpack-internal:///(app-pages-browser)/./node_modules/next/dist/next-devtools/shared/forward-logs-shared.js:27
[   26288ms] [LOG] [Fast Refresh] rebuilding @ webpack-internal:///(app-pages-browser)/./node_modules/next/dist/next-devtools/shared/forward-logs-shared.js:27
[   26397ms] [WARNING] ./app/page.tsx
Module not found: Can't resolve 'html-to-image' in '/Users/saladin/Developments/interestory/app'

Import trace for requested module:
./app/page.tsx @ webpack-internal:///(app-pages-browser)/./node_modules/next/dist/next-devtools/shared/forward-logs-shared.js:27
[   26397ms] [WARNING] ./components/stats/StatsClient.tsx
Module not found: Can't resolve 'html-to-image' in '/Users/saladin/Developments/interestory/components/stats'

Import trace for requested module:
./components/stats/StatsClient.tsx @ webpack-internal:///(app-pages-browser)/./node_modules/next/dist/next-devtools/shared/forward-logs-shared.js:27
[   26397ms] [LOG] [Fast Refresh] done in 110ms @ webpack-internal:///(app-pages-browser)/./node_modules/next/dist/next-devtools/shared/forward-logs-shared.js:27
[   26399ms] [LOG] [Fast Refresh] rebuilding @ webpack-internal:///(app-pages-browser)/./node_modules/next/dist/next-devtools/shared/forward-logs-shared.js:27
[   26511ms] [WARNING] ./app/page.tsx
Module not found: Can't resolve 'html-to-image' in '/Users/saladin/Developments/interestory/app'

Import trace for requested module:
./app/page.tsx @ webpack-internal:///(app-pages-browser)/./node_modules/next/dist/next-devtools/shared/forward-logs-shared.js:27
[   26512ms] [WARNING] ./components/stats/StatsClient.tsx
Module not found: Can't resolve 'html-to-image' in '/Users/saladin/Developments/interestory/components/stats'

Import trace for requested module:
./components/stats/StatsClient.tsx @ webpack-internal:///(app-pages-browser)/./node_modules/next/dist/next-devtools/shared/forward-logs-shared.js:27
[   26512ms] [LOG] [Fast Refresh] done in 112ms @ webpack-internal:///(app-pages-browser)/./node_modules/next/dist/next-devtools/shared/forward-logs-shared.js:27
[   26513ms] [LOG] [Fast Refresh] rebuilding @ webpack-internal:///(app-pages-browser)/./node_modules/next/dist/next-devtools/shared/forward-logs-shared.js:27
[   26815ms] [WARNING] ./app/page.tsx
Module not found: Can't resolve 'html-to-image' in '/Users/saladin/Developments/interestory/app'

Import trace for requested module:
./app/page.tsx @ webpack-internal:///(app-pages-browser)/./node_modules/next/dist/next-devtools/shared/forward-logs-shared.js:27
[   26815ms] [WARNING] ./components/stats/StatsClient.tsx
Module not found: Can't resolve 'html-to-image' in '/Users/saladin/Developments/interestory/components/stats'

Import trace for requested module:
./components/stats/StatsClient.tsx @ webpack-internal:///(app-pages-browser)/./node_modules/next/dist/next-devtools/shared/forward-logs-shared.js:27
[   26815ms] [LOG] [Fast Refresh] done in 302ms @ webpack-internal:///(app-pages-browser)/./node_modules/next/dist/next-devtools/shared/forward-logs-shared.js:27
[   26815ms] [LOG] [Fast Refresh] rebuilding @ webpack-internal:///(app-pages-browser)/./node_modules/next/dist/next-devtools/shared/forward-logs-shared.js:27
[   26983ms] [LOG] [Fast Refresh] rebuilding @ webpack-internal:///(app-pages-browser)/./node_modules/next/dist/next-devtools/shared/forward-logs-shared.js:27
[   26983ms] [WARNING] ./app/page.tsx
Module not found: Can't resolve 'html-to-image' in '/Users/saladin/Developments/interestory/app'

Import trace for requested module:
./app/page.tsx @ webpack-internal:///(app-pages-browser)/./node_modules/next/dist/next-devtools/shared/forward-logs-shared.js:27
[   26983ms] [WARNING] ./components/stats/StatsClient.tsx
Module not found: Can't resolve 'html-to-image' in '/Users/saladin/Developments/interestory/components/stats'

Import trace for requested module:
./components/stats/StatsClient.tsx @ webpack-internal:///(app-pages-browser)/./node_modules/next/dist/next-devtools/shared/forward-logs-shared.js:27
[   26983ms] [LOG] [Fast Refresh] done in 1ms @ webpack-internal:///(app-pages-browser)/./node_modules/next/dist/next-devtools/shared/forward-logs-shared.js:27
[   27018ms] [LOG] [Fast Refresh] rebuilding @ webpack-internal:///(app-pages-browser)/./node_modules/next/dist/next-devtools/shared/forward-logs-shared.js:27
[   27020ms] [WARNING] ./app/page.tsx
Module not found: Can't resolve 'html-to-image' in '/Users/saladin/Developments/interestory/app'

Import trace for requested module:
./app/page.tsx @ webpack-internal:///(app-pages-browser)/./node_modules/next/dist/next-devtools/shared/forward-logs-shared.js:27
[   27020ms] [WARNING] ./components/stats/StatsClient.tsx
Module not found: Can't resolve 'html-to-image' in '/Users/saladin/Developments/interestory/components/stats'

Import trace for requested module:
./components/stats/StatsClient.tsx @ webpack-internal:///(app-pages-browser)/./node_modules/next/dist/next-devtools/shared/forward-logs-shared.js:27
[   27020ms] [LOG] [Fast Refresh] done in 3ms @ webpack-internal:///(app-pages-browser)/./node_modules/next/dist/next-devtools/shared/forward-logs-shared.js:27
[   27036ms] [ERROR] Failed to load resource: the server responded with a status of 500 (Internal Server Error) @ http://localhost:3002/fashion?_rsc=1hi87:0
[   27091ms] [LOG] [Fast Refresh] rebuilding @ webpack-internal:///(app-pages-browser)/./node_modules/next/dist/next-devtools/shared/forward-logs-shared.js:27
[   27121ms] [WARNING] ./app/page.tsx
Module not found: Can't resolve 'html-to-image' in '/Users/saladin/Developments/interestory/app'

Import trace for requested module:
./app/page.tsx @ webpack-internal:///(app-pages-browser)/./node_modules/next/dist/next-devtools/shared/forward-logs-shared.js:27
[   27121ms] [WARNING] ./components/stats/StatsClient.tsx
Module not found: Can't resolve 'html-to-image' in '/Users/saladin/Developments/interestory/components/stats'

Import trace for requested module:
./components/stats/StatsClient.tsx @ webpack-internal:///(app-pages-browser)/./node_modules/next/dist/next-devtools/shared/forward-logs-shared.js:27
[   27121ms] [LOG] [Fast Refresh] done in 30ms @ webpack-internal:///(app-pages-browser)/./node_modules/next/dist/next-devtools/shared/forward-logs-shared.js:27
[   27172ms] [LOG] [Fast Refresh] rebuilding @ webpack-internal:///(app-pages-browser)/./node_modules/next/dist/next-devtools/shared/forward-logs-shared.js:27
[   27256ms] [WARNING] ./app/page.tsx
Module not found: Can't resolve 'html-to-image' in '/Users/saladin/Developments/interestory/app'

Import trace for requested module:
./app/page.tsx @ webpack-internal:///(app-pages-browser)/./node_modules/next/dist/next-devtools/shared/forward-logs-shared.js:27
[   27256ms] [WARNING] ./components/stats/StatsClient.tsx
Module not found: Can't resolve 'html-to-image' in '/Users/saladin/Developments/interestory/components/stats'

Import trace for requested module:
./components/stats/StatsClient.tsx @ webpack-internal:///(app-pages-browser)/./node_modules/next/dist/next-devtools/shared/forward-logs-shared.js:27
[   27256ms] [LOG] [Fast Refresh] done in 83ms @ webpack-internal:///(app-pages-browser)/./node_modules/next/dist/next-devtools/shared/forward-logs-shared.js:27
[   27317ms] [LOG] [Fast Refresh] rebuilding @ webpack-internal:///(app-pages-browser)/./node_modules/next/dist/next-devtools/shared/forward-logs-shared.js:27
[   27346ms] [WARNING] ./app/page.tsx
Module not found: Can't resolve 'html-to-image' in '/Users/saladin/Developments/interestory/app'

Import trace for requested module:
./app/page.tsx @ webpack-internal:///(app-pages-browser)/./node_modules/next/dist/next-devtools/shared/forward-logs-shared.js:27
[   27346ms] [WARNING] ./components/stats/StatsClient.tsx
Module not found: Can't resolve 'html-to-image' in '/Users/saladin/Developments/interestory/components/stats'

Import trace for requested module:
./components/stats/StatsClient.tsx @ webpack-internal:///(app-pages-browser)/./node_modules/next/dist/next-devtools/shared/forward-logs-shared.js:27
[   27346ms] [LOG] [Fast Refresh] done in 29ms @ webpack-internal:///(app-pages-browser)/./node_modules/next/dist/next-devtools/shared/forward-logs-shared.js:27
[   27422ms] [LOG] [Fast Refresh] rebuilding @ webpack-internal:///(app-pages-browser)/./node_modules/next/dist/next-devtools/shared/forward-logs-shared.js:27
[   27466ms] [WARNING] ./app/page.tsx
Module not found: Can't resolve 'html-to-image' in '/Users/saladin/Developments/interestory/app'

Import trace for requested module:
./app/page.tsx @ webpack-internal:///(app-pages-browser)/./node_modules/next/dist/next-devtools/shared/forward-logs-shared.js:27
[   27466ms] [WARNING] ./components/stats/StatsClient.tsx
Module not found: Can't resolve 'html-to-image' in '/Users/saladin/Developments/interestory/components/stats'

Import trace for requested module:
./components/stats/StatsClient.tsx @ webpack-internal:///(app-pages-browser)/./node_modules/next/dist/next-devtools/shared/forward-logs-shared.js:27
[   27466ms] [LOG] [Fast Refresh] done in 45ms @ webpack-internal:///(app-pages-browser)/./node_modules/next/dist/next-devtools/shared/forward-logs-shared.js:27
[   27519ms] [LOG] [Fast Refresh] rebuilding @ webpack-internal:///(app-pages-browser)/./node_modules/next/dist/next-devtools/shared/forward-logs-shared.js:27
[   27616ms] [WARNING] ./app/page.tsx
Module not found: Can't resolve 'html-to-image' in '/Users/saladin/Developments/interestory/app'

Import trace for requested module:
./app/page.tsx @ webpack-internal:///(app-pages-browser)/./node_modules/next/dist/next-devtools/shared/forward-logs-shared.js:27
[   27616ms] [WARNING] ./components/stats/StatsClient.tsx
Module not found: Can't resolve 'html-to-image' in '/Users/saladin/Developments/interestory/components/stats'

Import trace for requested module:
./components/stats/StatsClient.tsx @ webpack-internal:///(app-pages-browser)/./node_modules/next/dist/next-devtools/shared/forward-logs-shared.js:27
[   27616ms] [LOG] [Fast Refresh] done in 97ms @ webpack-internal:///(app-pages-browser)/./node_modules/next/dist/next-devtools/shared/forward-logs-shared.js:27
[   27665ms] [LOG] [Fast Refresh] rebuilding @ webpack-internal:///(app-pages-browser)/./node_modules/next/dist/next-devtools/shared/forward-logs-shared.js:27
[   27697ms] [WARNING] ./app/page.tsx
Module not found: Can't resolve 'html-to-image' in '/Users/saladin/Developments/interestory/app'

Import trace for requested module:
./app/page.tsx @ webpack-internal:///(app-pages-browser)/./node_modules/next/dist/next-devtools/shared/forward-logs-shared.js:27
[   27697ms] [WARNING] ./components/stats/StatsClient.tsx
Module not found: Can't resolve 'html-to-image' in '/Users/saladin/Developments/interestory/components/stats'

Import trace for requested module:
./components/stats/StatsClient.tsx @ webpack-internal:///(app-pages-browser)/./node_modules/next/dist/next-devtools/shared/forward-logs-shared.js:27
[   27697ms] [LOG] [Fast Refresh] done in 32ms @ webpack-internal:///(app-pages-browser)/./node_modules/next/dist/next-devtools/shared/forward-logs-shared.js:27
[   27738ms] [LOG] [Fast Refresh] rebuilding @ webpack-internal:///(app-pages-browser)/./node_modules/next/dist/next-devtools/shared/forward-logs-shared.js:27
[   27812ms] [WARNING] ./app/page.tsx
Module not found: Can't resolve 'html-to-image' in '/Users/saladin/Developments/interestory/app'

Import trace for requested module:
./app/page.tsx @ webpack-internal:///(app-pages-browser)/./node_modules/next/dist/next-devtools/shared/forward-logs-shared.js:27
[   27812ms] [WARNING] ./components/stats/StatsClient.tsx
Module not found: Can't resolve 'html-to-image' in '/Users/saladin/Developments/interestory/components/stats'

Import trace for requested module:
./components/stats/StatsClient.tsx @ webpack-internal:///(app-pages-browser)/./node_modules/next/dist/next-devtools/shared/forward-logs-shared.js:27
[   27812ms] [LOG] [Fast Refresh] done in 74ms @ webpack-internal:///(app-pages-browser)/./node_modules/next/dist/next-devtools/shared/forward-logs-shared.js:27
[   27862ms] [LOG] [Fast Refresh] rebuilding @ webpack-internal:///(app-pages-browser)/./node_modules/next/dist/next-devtools/shared/forward-logs-shared.js:27
[   27892ms] [WARNING] ./app/page.tsx
Module not found: Can't resolve 'html-to-image' in '/Users/saladin/Developments/interestory/app'

Import trace for requested module:
./app/page.tsx @ webpack-internal:///(app-pages-browser)/./node_modules/next/dist/next-devtools/shared/forward-logs-shared.js:27
[   27892ms] [WARNING] ./components/stats/StatsClient.tsx
Module not found: Can't resolve 'html-to-image' in '/Users/saladin/Developments/interestory/components/stats'

Import trace for requested module:
./components/stats/StatsClient.tsx @ webpack-internal:///(app-pages-browser)/./node_modules/next/dist/next-devtools/shared/forward-logs-shared.js:27
[   27892ms] [LOG] [Fast Refresh] done in 31ms @ webpack-internal:///(app-pages-browser)/./node_modules/next/dist/next-devtools/shared/forward-logs-shared.js:27
[   27964ms] [LOG] [Fast Refresh] rebuilding @ webpack-internal:///(app-pages-browser)/./node_modules/next/dist/next-devtools/shared/forward-logs-shared.js:27
[   27998ms] [WARNING] ./app/page.tsx
Module not found: Can't resolve 'html-to-image' in '/Users/saladin/Developments/interestory/app'

Import trace for requested module:
./app/page.tsx @ webpack-internal:///(app-pages-browser)/./node_modules/next/dist/next-devtools/shared/forward-logs-shared.js:27
[   27998ms] [WARNING] ./components/stats/StatsClient.tsx
Module not found: Can't resolve 'html-to-image' in '/Users/saladin/Developments/interestory/components/stats'

Import trace for requested module:
./components/stats/StatsClient.tsx @ webpack-internal:///(app-pages-browser)/./node_modules/next/dist/next-devtools/shared/forward-logs-shared.js:27
[   27998ms] [LOG] [Fast Refresh] done in 34ms @ webpack-internal:///(app-pages-browser)/./node_modules/next/dist/next-devtools/shared/forward-logs-shared.js:27
[   28050ms] [LOG] [Fast Refresh] rebuilding @ webpack-internal:///(app-pages-browser)/./node_modules/next/dist/next-devtools/shared/forward-logs-shared.js:27
[   28077ms] [WARNING] ./app/page.tsx
Module not found: Can't resolve 'html-to-image' in '/Users/saladin/Developments/interestory/app'

Import trace for requested module:
./app/page.tsx @ webpack-internal:///(app-pages-browser)/./node_modules/next/dist/next-devtools/shared/forward-logs-shared.js:27
[   28077ms] [WARNING] ./components/stats/StatsClient.tsx
Module not found: Can't resolve 'html-to-image' in '/Users/saladin/Developments/interestory/components/stats'

Import trace for requested module:
./components/stats/StatsClient.tsx @ webpack-internal:///(app-pages-browser)/./node_modules/next/dist/next-devtools/shared/forward-logs-shared.js:27
[   28077ms] [LOG] [Fast Refresh] done in 28ms @ webpack-internal:///(app-pages-browser)/./node_modules/next/dist/next-devtools/shared/forward-logs-shared.js:27
[   28087ms] [LOG] [Fast Refresh] rebuilding @ webpack-internal:///(app-pages-browser)/./node_modules/next/dist/next-devtools/shared/forward-logs-shared.js:27
[   28188ms] [WARNING] ./app/page.tsx
Module not found: Can't resolve 'html-to-image' in '/Users/saladin/Developments/interestory/app'

Import trace for requested module:
./app/page.tsx @ webpack-internal:///(app-pages-browser)/./node_modules/next/dist/next-devtools/shared/forward-logs-shared.js:27
[   28188ms] [WARNING] ./components/stats/StatsClient.tsx
Module not found: Can't resolve 'html-to-image' in '/Users/saladin/Developments/interestory/components/stats'

Import trace for requested module:
./components/stats/StatsClient.tsx @ webpack-internal:///(app-pages-browser)/./node_modules/next/dist/next-devtools/shared/forward-logs-shared.js:27
[   28188ms] [LOG] [Fast Refresh] done in 100ms @ webpack-internal:///(app-pages-browser)/./node_modules/next/dist/next-devtools/shared/forward-logs-shared.js:27
[   28242ms] [LOG] [Fast Refresh] rebuilding @ webpack-internal:///(app-pages-browser)/./node_modules/next/dist/next-devtools/shared/forward-logs-shared.js:27
[   28699ms] [INFO] %cDownload the React DevTools for a better development experience: https://react.dev/link/react-devtools font-weight:bold @ webpack-internal:///(app-pages-browser)/./node_modules/next/dist/next-devtools/shared/forward-logs-shared.js:27
[   28712ms] [LOG] [HMR] connected @ webpack-internal:///(app-pages-browser)/./node_modules/next/dist/next-devtools/shared/forward-logs-shared.js:27
[   28713ms] [WARNING] ./app/page.tsx
Module not found: Can't resolve 'html-to-image' in '/Users/saladin/Developments/interestory/app' @ webpack-internal:///(app-pages-browser)/./node_modules/next/dist/next-devtools/shared/forward-logs-shared.js:27
[   28713ms] [WARNING] ./components/stats/StatsClient.tsx
Module not found: Can't resolve 'html-to-image' in '/Users/saladin/Developments/interestory/components/stats' @ webpack-internal:///(app-pages-browser)/./node_modules/next/dist/next-devtools/shared/forward-logs-shared.js:27
[   28730ms] [LOG] [Fast Refresh] rebuilding @ webpack-internal:///(app-pages-browser)/./node_modules/next/dist/next-devtools/shared/forward-logs-shared.js:27
[   28819ms] [WARNING] ./app/page.tsx
Module not found: Can't resolve 'html-to-image' in '/Users/saladin/Developments/interestory/app'

Import trace for requested module:
./app/page.tsx @ webpack-internal:///(app-pages-browser)/./node_modules/next/dist/next-devtools/shared/forward-logs-shared.js:27
[   28819ms] [WARNING] ./components/stats/StatsClient.tsx
Module not found: Can't resolve 'html-to-image' in '/Users/saladin/Developments/interestory/components/stats'

Import trace for requested module:
./components/stats/StatsClient.tsx @ webpack-internal:///(app-pages-browser)/./node_modules/next/dist/next-devtools/shared/forward-logs-shared.js:27
[   28819ms] [LOG] [Fast Refresh] rebuilding @ webpack-internal:///(app-pages-browser)/./node_modules/next/dist/next-devtools/shared/forward-logs-shared.js:27
[   28918ms] [LOG] [Fast Refresh] done in 99ms @ webpack-internal:///(app-pages-browser)/./node_modules/next/dist/next-devtools/shared/forward-logs-shared.js:27
[   28921ms] [WARNING] ./app/page.tsx
Module not found: Can't resolve 'html-to-image' in '/Users/saladin/Developments/interestory/app'

Import trace for requested module:
./app/page.tsx @ webpack-internal:///(app-pages-browser)/./node_modules/next/dist/next-devtools/shared/forward-logs-shared.js:27
[   28921ms] [WARNING] ./components/stats/StatsClient.tsx
Module not found: Can't resolve 'html-to-image' in '/Users/saladin/Developments/interestory/components/stats'

Import trace for requested module:
./components/stats/StatsClient.tsx @ webpack-internal:///(app-pages-browser)/./node_modules/next/dist/next-devtools/shared/forward-logs-shared.js:27
[   28922ms] [LOG] [Fast Refresh] rebuilding @ webpack-internal:///(app-pages-browser)/./node_modules/next/dist/next-devtools/shared/forward-logs-shared.js:27
[   28926ms] [LOG] [Fast Refresh] done in 4ms @ webpack-internal:///(app-pages-browser)/./node_modules/next/dist/next-devtools/shared/forward-logs-shared.js:27
[   29044ms] [WARNING] ./app/page.tsx
Module not found: Can't resolve 'html-to-image' in '/Users/saladin/Developments/interestory/app'

Import trace for requested module:
./app/page.tsx @ webpack-internal:///(app-pages-browser)/./node_modules/next/dist/next-devtools/shared/forward-logs-shared.js:27
[   29044ms] [WARNING] ./components/stats/StatsClient.tsx
Module not found: Can't resolve 'html-to-image' in '/Users/saladin/Developments/interestory/components/stats'

Import trace for requested module:
./components/stats/StatsClient.tsx @ webpack-internal:///(app-pages-browser)/./node_modules/next/dist/next-devtools/shared/forward-logs-shared.js:27
[   29045ms] [LOG] [Fast Refresh] rebuilding @ webpack-internal:///(app-pages-browser)/./node_modules/next/dist/next-devtools/shared/forward-logs-shared.js:27
[   29048ms] [LOG] [Fast Refresh] done in 3ms @ webpack-internal:///(app-pages-browser)/./node_modules/next/dist/next-devtools/shared/forward-logs-shared.js:27
[   29129ms] [WARNING] ./app/page.tsx
Module not found: Can't resolve 'html-to-image' in '/Users/saladin/Developments/interestory/app'

Import trace for requested module:
./app/page.tsx @ webpack-internal:///(app-pages-browser)/./node_modules/next/dist/next-devtools/shared/forward-logs-shared.js:27
[   29129ms] [WARNING] ./components/stats/StatsClient.tsx
Module not found: Can't resolve 'html-to-image' in '/Users/saladin/Developments/interestory/components/stats'

Import trace for requested module:
./components/stats/StatsClient.tsx @ webpack-internal:///(app-pages-browser)/./node_modules/next/dist/next-devtools/shared/forward-logs-shared.js:27
[   29130ms] [LOG] [Fast Refresh] rebuilding @ webpack-internal:///(app-pages-browser)/./node_modules/next/dist/next-devtools/shared/forward-logs-shared.js:27
[   29138ms] [LOG] [Fast Refresh] done in 8ms @ webpack-internal:///(app-pages-browser)/./node_modules/next/dist/next-devtools/shared/forward-logs-shared.js:27
[   29350ms] [ERROR] Failed to load resource: net::ERR_BLOCKED_BY_RESPONSE.NotSameOrigin @ https://www.uspatriottactical.com/photos/styles/UA3637_TAN_2.JPG:0
[   29355ms] [WARNING] ./app/page.tsx
Module not found: Can't resolve 'html-to-image' in '/Users/saladin/Developments/interestory/app'

Import trace for requested module:
./app/page.tsx @ webpack-internal:///(app-pages-browser)/./node_modules/next/dist/next-devtools/shared/forward-logs-shared.js:27
[   29355ms] [WARNING] ./components/stats/StatsClient.tsx
Module not found: Can't resolve 'html-to-image' in '/Users/saladin/Developments/interestory/components/stats'

Import trace for requested module:
./components/stats/StatsClient.tsx @ webpack-internal:///(app-pages-browser)/./node_modules/next/dist/next-devtools/shared/forward-logs-shared.js:27
[   29355ms] [LOG] [Fast Refresh] rebuilding @ webpack-internal:///(app-pages-browser)/./node_modules/next/dist/next-devtools/shared/forward-logs-shared.js:27
[   29371ms] [WARNING] ./app/page.tsx
Module not found: Can't resolve 'html-to-image' in '/Users/saladin/Developments/interestory/app'

Import trace for requested module:
./app/page.tsx @ webpack-internal:///(app-pages-browser)/./node_modules/next/dist/next-devtools/shared/forward-logs-shared.js:27
[   29371ms] [WARNING] ./components/stats/StatsClient.tsx
Module not found: Can't resolve 'html-to-image' in '/Users/saladin/Developments/interestory/components/stats'

Import trace for requested module:
./components/stats/StatsClient.tsx @ webpack-internal:///(app-pages-browser)/./node_modules/next/dist/next-devtools/shared/forward-logs-shared.js:27
[   29371ms] [LOG] [Fast Refresh] done in 16ms @ webpack-internal:///(app-pages-browser)/./node_modules/next/dist/next-devtools/shared/forward-logs-shared.js:27
[   29372ms] [LOG] [Fast Refresh] rebuilding @ webpack-internal:///(app-pages-browser)/./node_modules/next/dist/next-devtools/shared/forward-logs-shared.js:27
[   29379ms] [LOG] [Fast Refresh] done in 8ms @ webpack-internal:///(app-pages-browser)/./node_modules/next/dist/next-devtools/shared/forward-logs-shared.js:27
[   29451ms] [WARNING] ./app/page.tsx
Module not found: Can't resolve 'html-to-image' in '/Users/saladin/Developments/interestory/app'

Import trace for requested module:
./app/page.tsx @ webpack-internal:///(app-pages-browser)/./node_modules/next/dist/next-devtools/shared/forward-logs-shared.js:27
[   29451ms] [WARNING] ./components/stats/StatsClient.tsx
Module not found: Can't resolve 'html-to-image' in '/Users/saladin/Developments/interestory/components/stats'

Import trace for requested module:
./components/stats/StatsClient.tsx @ webpack-internal:///(app-pages-browser)/./node_modules/next/dist/next-devtools/shared/forward-logs-shared.js:27
[   29452ms] [LOG] [Fast Refresh] rebuilding @ webpack-internal:///(app-pages-browser)/./node_modules/next/dist/next-devtools/shared/forward-logs-shared.js:27
[   29465ms] [LOG] [Fast Refresh] done in 12ms @ webpack-internal:///(app-pages-browser)/./node_modules/next/dist/next-devtools/shared/forward-logs-shared.js:27
[   29557ms] [WARNING] ./app/page.tsx
Module not found: Can't resolve 'html-to-image' in '/Users/saladin/Developments/interestory/app'

Import trace for requested module:
./app/page.tsx @ webpack-internal:///(app-pages-browser)/./node_modules/next/dist/next-devtools/shared/forward-logs-shared.js:27
[   29557ms] [WARNING] ./components/stats/StatsClient.tsx
Module not found: Can't resolve 'html-to-image' in '/Users/saladin/Developments/interestory/components/stats'

Import trace for requested module:
./components/stats/StatsClient.tsx @ webpack-internal:///(app-pages-browser)/./node_modules/next/dist/next-devtools/shared/forward-logs-shared.js:27
[   29558ms] [LOG] [Fast Refresh] rebuilding @ webpack-internal:///(app-pages-browser)/./node_modules/next/dist/next-devtools/shared/forward-logs-shared.js:27
[   29562ms] [LOG] [Fast Refresh] done in 4ms @ webpack-internal:///(app-pages-browser)/./node_modules/next/dist/next-devtools/shared/forward-logs-shared.js:27
[   29642ms] [WARNING] ./app/page.tsx
Module not found: Can't resolve 'html-to-image' in '/Users/saladin/Developments/interestory/app'

Import trace for requested module:
./app/page.tsx @ webpack-internal:///(app-pages-browser)/./node_modules/next/dist/next-devtools/shared/forward-logs-shared.js:27
[   29642ms] [WARNING] ./components/stats/StatsClient.tsx
Module not found: Can't resolve 'html-to-image' in '/Users/saladin/Developments/interestory/components/stats'

Import trace for requested module:
./components/stats/StatsClient.tsx @ webpack-internal:///(app-pages-browser)/./node_modules/next/dist/next-devtools/shared/forward-logs-shared.js:27
[   29643ms] [LOG] [Fast Refresh] rebuilding @ webpack-internal:///(app-pages-browser)/./node_modules/next/dist/next-devtools/shared/forward-logs-shared.js:27
[   29751ms] [LOG] [Fast Refresh] done in 107ms @ webpack-internal:///(app-pages-browser)/./node_modules/next/dist/next-devtools/shared/forward-logs-shared.js:27
[   29753ms] [WARNING] ./app/page.tsx
Module not found: Can't resolve 'html-to-image' in '/Users/saladin/Developments/interestory/app'

Import trace for requested module:
./app/page.tsx @ webpack-internal:///(app-pages-browser)/./node_modules/next/dist/next-devtools/shared/forward-logs-shared.js:27
[   29753ms] [WARNING] ./components/stats/StatsClient.tsx
Module not found: Can't resolve 'html-to-image' in '/Users/saladin/Developments/interestory/components/stats'

Import trace for requested module:
./components/stats/StatsClient.tsx @ webpack-internal:///(app-pages-browser)/./node_modules/next/dist/next-devtools/shared/forward-logs-shared.js:27
[   29754ms] [LOG] [Fast Refresh] rebuilding @ webpack-internal:///(app-pages-browser)/./node_modules/next/dist/next-devtools/shared/forward-logs-shared.js:27
[   29832ms] [WARNING] ./app/page.tsx
Module not found: Can't resolve 'html-to-image' in '/Users/saladin/Developments/interestory/app'

Import trace for requested module:
./app/page.tsx @ webpack-internal:///(app-pages-browser)/./node_modules/next/dist/next-devtools/shared/forward-logs-shared.js:27
[   29832ms] [WARNING] ./components/stats/StatsClient.tsx
Module not found: Can't resolve 'html-to-image' in '/Users/saladin/Developments/interestory/components/stats'

Import trace for requested module:
./components/stats/StatsClient.tsx @ webpack-internal:///(app-pages-browser)/./node_modules/next/dist/next-devtools/shared/forward-logs-shared.js:27
[   29832ms] [LOG] [Fast Refresh] done in 78ms @ webpack-internal:///(app-pages-browser)/./node_modules/next/dist/next-devtools/shared/forward-logs-shared.js:27
[   29833ms] [LOG] [Fast Refresh] rebuilding @ webpack-internal:///(app-pages-browser)/./node_modules/next/dist/next-devtools/shared/forward-logs-shared.js:27
[   29945ms] [WARNING] ./app/page.tsx
Module not found: Can't resolve 'html-to-image' in '/Users/saladin/Developments/interestory/app'

Import trace for requested module:
./app/page.tsx @ webpack-internal:///(app-pages-browser)/./node_modules/next/dist/next-devtools/shared/forward-logs-shared.js:27
[   29945ms] [WARNING] ./components/stats/StatsClient.tsx
Module not found: Can't resolve 'html-to-image' in '/Users/saladin/Developments/interestory/components/stats'

Import trace for requested module:
./components/stats/StatsClient.tsx @ webpack-internal:///(app-pages-browser)/./node_modules/next/dist/next-devtools/shared/forward-logs-shared.js:27
[   29945ms] [LOG] [Fast Refresh] done in 113ms @ webpack-internal:///(app-pages-browser)/./node_modules/next/dist/next-devtools/shared/forward-logs-shared.js:27
[   29946ms] [LOG] [Fast Refresh] rebuilding @ webpack-internal:///(app-pages-browser)/./node_modules/next/dist/next-devtools/shared/forward-logs-shared.js:27
[   30029ms] [WARNING] ./app/page.tsx
Module not found: Can't resolve 'html-to-image' in '/Users/saladin/Developments/interestory/app'

Import trace for requested module:
./app/page.tsx @ webpack-internal:///(app-pages-browser)/./node_modules/next/dist/next-devtools/shared/forward-logs-shared.js:27
[   30029ms] [WARNING] ./components/stats/StatsClient.tsx
Module not found: Can't resolve 'html-to-image' in '/Users/saladin/Developments/interestory/components/stats'

Import trace for requested module:
./components/stats/StatsClient.tsx @ webpack-internal:///(app-pages-browser)/./node_modules/next/dist/next-devtools/shared/forward-logs-shared.js:27
[   30029ms] [LOG] [Fast Refresh] done in 83ms @ webpack-internal:///(app-pages-browser)/./node_modules/next/dist/next-devtools/shared/forward-logs-shared.js:27
[   30031ms] [LOG] [Fast Refresh] rebuilding @ webpack-internal:///(app-pages-browser)/./node_modules/next/dist/next-devtools/shared/forward-logs-shared.js:27
[   30182ms] [WARNING] ./app/page.tsx
Module not found: Can't resolve 'html-to-image' in '/Users/saladin/Developments/interestory/app'

Import trace for requested module:
./app/page.tsx @ webpack-internal:///(app-pages-browser)/./node_modules/next/dist/next-devtools/shared/forward-logs-shared.js:27
[   30182ms] [WARNING] ./components/stats/StatsClient.tsx
Module not found: Can't resolve 'html-to-image' in '/Users/saladin/Developments/interestory/components/stats'

Import trace for requested module:
./components/stats/StatsClient.tsx @ webpack-internal:///(app-pages-browser)/./node_modules/next/dist/next-devtools/shared/forward-logs-shared.js:27
[   30182ms] [LOG] [Fast Refresh] done in 152ms @ webpack-internal:///(app-pages-browser)/./node_modules/next/dist/next-devtools/shared/forward-logs-shared.js:27
[   30184ms] [LOG] [Fast Refresh] rebuilding @ webpack-internal:///(app-pages-browser)/./node_modules/next/dist/next-devtools/shared/forward-logs-shared.js:27
[   30321ms] [WARNING] ./app/page.tsx
Module not found: Can't resolve 'html-to-image' in '/Users/saladin/Developments/interestory/app'

Import trace for requested module:
./app/page.tsx @ webpack-internal:///(app-pages-browser)/./node_modules/next/dist/next-devtools/shared/forward-logs-shared.js:27
[   30321ms] [WARNING] ./components/stats/StatsClient.tsx
Module not found: Can't resolve 'html-to-image' in '/Users/saladin/Developments/interestory/components/stats'

Import trace for requested module:
./components/stats/StatsClient.tsx @ webpack-internal:///(app-pages-browser)/./node_modules/next/dist/next-devtools/shared/forward-logs-shared.js:27
[   30321ms] [LOG] [Fast Refresh] done in 136ms @ webpack-internal:///(app-pages-browser)/./node_modules/next/dist/next-devtools/shared/forward-logs-shared.js:27
[   30322ms] [LOG] [Fast Refresh] rebuilding @ webpack-internal:///(app-pages-browser)/./node_modules/next/dist/next-devtools/shared/forward-logs-shared.js:27
[   30433ms] [WARNING] ./app/page.tsx
Module not found: Can't resolve 'html-to-image' in '/Users/saladin/Developments/interestory/app'

Import trace for requested module:
./app/page.tsx @ webpack-internal:///(app-pages-browser)/./node_modules/next/dist/next-devtools/shared/forward-logs-shared.js:27
[   30433ms] [WARNING] ./components/stats/StatsClient.tsx
Module not found: Can't resolve 'html-to-image' in '/Users/saladin/Developments/interestory/components/stats'

Import trace for requested module:
./components/stats/StatsClient.tsx @ webpack-internal:///(app-pages-browser)/./node_modules/next/dist/next-devtools/shared/forward-logs-shared.js:27
[   30433ms] [LOG] [Fast Refresh] done in 112ms @ webpack-internal:///(app-pages-browser)/./node_modules/next/dist/next-devtools/shared/forward-logs-shared.js:27
[   30434ms] [LOG] [Fast Refresh] rebuilding @ webpack-internal:///(app-pages-browser)/./node_modules/next/dist/next-devtools/shared/forward-logs-shared.js:27
[   30516ms] [WARNING] ./app/page.tsx
Module not found: Can't resolve 'html-to-image' in '/Users/saladin/Developments/interestory/app'

Import trace for requested module:
./app/page.tsx @ webpack-internal:///(app-pages-browser)/./node_modules/next/dist/next-devtools/shared/forward-logs-shared.js:27
[   30516ms] [WARNING] ./components/stats/StatsClient.tsx
Module not found: Can't resolve 'html-to-image' in '/Users/saladin/Developments/interestory/components/stats'

Import trace for requested module:
./components/stats/StatsClient.tsx @ webpack-internal:///(app-pages-browser)/./node_modules/next/dist/next-devtools/shared/forward-logs-shared.js:27
[   30516ms] [LOG] [Fast Refresh] done in 82ms @ webpack-internal:///(app-pages-browser)/./node_modules/next/dist/next-devtools/shared/forward-logs-shared.js:27
[   30517ms] [LOG] [Fast Refresh] rebuilding @ webpack-internal:///(app-pages-browser)/./node_modules/next/dist/next-devtools/shared/forward-logs-shared.js:27
[   30630ms] [WARNING] ./app/page.tsx
Module not found: Can't resolve 'html-to-image' in '/Users/saladin/Developments/interestory/app'

Import trace for requested module:
./app/page.tsx @ webpack-internal:///(app-pages-browser)/./node_modules/next/dist/next-devtools/shared/forward-logs-shared.js:27
[   30630ms] [WARNING] ./components/stats/StatsClient.tsx
Module not found: Can't resolve 'html-to-image' in '/Users/saladin/Developments/interestory/components/stats'

Import trace for requested module:
./components/stats/StatsClient.tsx @ webpack-internal:///(app-pages-browser)/./node_modules/next/dist/next-devtools/shared/forward-logs-shared.js:27
[   30630ms] [LOG] [Fast Refresh] done in 113ms @ webpack-internal:///(app-pages-browser)/./node_modules/next/dist/next-devtools/shared/forward-logs-shared.js:27
[   30631ms] [LOG] [Fast Refresh] rebuilding @ webpack-internal:///(app-pages-browser)/./node_modules/next/dist/next-devtools/shared/forward-logs-shared.js:27
[   30716ms] [WARNING] ./app/page.tsx
Module not found: Can't resolve 'html-to-image' in '/Users/saladin/Developments/interestory/app'

Import trace for requested module:
./app/page.tsx @ webpack-internal:///(app-pages-browser)/./node_modules/next/dist/next-devtools/shared/forward-logs-shared.js:27
[   30717ms] [WARNING] ./components/stats/StatsClient.tsx
Module not found: Can't resolve 'html-to-image' in '/Users/saladin/Developments/interestory/components/stats'

Import trace for requested module:
./components/stats/StatsClient.tsx @ webpack-internal:///(app-pages-browser)/./node_modules/next/dist/next-devtools/shared/forward-logs-shared.js:27
[   30717ms] [LOG] [Fast Refresh] done in 85ms @ webpack-internal:///(app-pages-browser)/./node_modules/next/dist/next-devtools/shared/forward-logs-shared.js:27
[   30717ms] [LOG] [Fast Refresh] rebuilding @ webpack-internal:///(app-pages-browser)/./node_modules/next/dist/next-devtools/shared/forward-logs-shared.js:27
[   30829ms] [WARNING] ./app/page.tsx
Module not found: Can't resolve 'html-to-image' in '/Users/saladin/Developments/interestory/app'

Import trace for requested module:
./app/page.tsx @ webpack-internal:///(app-pages-browser)/./node_modules/next/dist/next-devtools/shared/forward-logs-shared.js:27
[   30829ms] [WARNING] ./components/stats/StatsClient.tsx
Module not found: Can't resolve 'html-to-image' in '/Users/saladin/Developments/interestory/components/stats'

Import trace for requested module:
./components/stats/StatsClient.tsx @ webpack-internal:///(app-pages-browser)/./node_modules/next/dist/next-devtools/shared/forward-logs-shared.js:27
[   30829ms] [LOG] [Fast Refresh] done in 112ms @ webpack-internal:///(app-pages-browser)/./node_modules/next/dist/next-devtools/shared/forward-logs-shared.js:27
[   30831ms] [LOG] [Fast Refresh] rebuilding @ webpack-internal:///(app-pages-browser)/./node_modules/next/dist/next-devtools/shared/forward-logs-shared.js:27
[   30929ms] [WARNING] ./app/page.tsx
Module not found: Can't resolve 'html-to-image' in '/Users/saladin/Developments/interestory/app'

Import trace for requested module:
./app/page.tsx @ webpack-internal:///(app-pages-browser)/./node_modules/next/dist/next-devtools/shared/forward-logs-shared.js:27
[   30929ms] [WARNING] ./components/stats/StatsClient.tsx
Module not found: Can't resolve 'html-to-image' in '/Users/saladin/Developments/interestory/components/stats'

Import trace for requested module:
./components/stats/StatsClient.tsx @ webpack-internal:///(app-pages-browser)/./node_modules/next/dist/next-devtools/shared/forward-logs-shared.js:27
[   30929ms] [LOG] [Fast Refresh] done in 99ms @ webpack-internal:///(app-pages-browser)/./node_modules/next/dist/next-devtools/shared/forward-logs-shared.js:27
[   30930ms] [LOG] [Fast Refresh] rebuilding @ webpack-internal:///(app-pages-browser)/./node_modules/next/dist/next-devtools/shared/forward-logs-shared.js:27
[   31103ms] [LOG] [Fast Refresh] rebuilding @ webpack-internal:///(app-pages-browser)/./node_modules/next/dist/next-devtools/shared/forward-logs-shared.js:27
[   31103ms] [WARNING] ./app/page.tsx
Module not found: Can't resolve 'html-to-image' in '/Users/saladin/Developments/interestory/app'

Import trace for requested module:
./app/page.tsx @ webpack-internal:///(app-pages-browser)/./node_modules/next/dist/next-devtools/shared/forward-logs-shared.js:27
[   31103ms] [WARNING] ./components/stats/StatsClient.tsx
Module not found: Can't resolve 'html-to-image' in '/Users/saladin/Developments/interestory/components/stats'

Import trace for requested module:
./components/stats/StatsClient.tsx @ webpack-internal:///(app-pages-browser)/./node_modules/next/dist/next-devtools/shared/forward-logs-shared.js:27
[   31103ms] [LOG] [Fast Refresh] done in 1ms @ webpack-internal:///(app-pages-browser)/./node_modules/next/dist/next-devtools/shared/forward-logs-shared.js:27
[   31140ms] [LOG] [Fast Refresh] rebuilding @ webpack-internal:///(app-pages-browser)/./node_modules/next/dist/next-devtools/shared/forward-logs-shared.js:27
[   31142ms] [WARNING] ./app/page.tsx
Module not found: Can't resolve 'html-to-image' in '/Users/saladin/Developments/interestory/app'

Import trace for requested module:
./app/page.tsx @ webpack-internal:///(app-pages-browser)/./node_modules/next/dist/next-devtools/shared/forward-logs-shared.js:27
[   31142ms] [WARNING] ./components/stats/StatsClient.tsx
Module not found: Can't resolve 'html-to-image' in '/Users/saladin/Developments/interestory/components/stats'

Import trace for requested module:
./components/stats/StatsClient.tsx @ webpack-internal:///(app-pages-browser)/./node_modules/next/dist/next-devtools/shared/forward-logs-shared.js:27
[   31142ms] [LOG] [Fast Refresh] done in 3ms @ webpack-internal:///(app-pages-browser)/./node_modules/next/dist/next-devtools/shared/forward-logs-shared.js:27
[   31155ms] [ERROR] Failed to load resource: the server responded with a status of 500 (Internal Server Error) @ http://localhost:3002/fashion?_rsc=1hi87:0
[   31174ms] [LOG] [Fast Refresh] rebuilding @ webpack-internal:///(app-pages-browser)/./node_modules/next/dist/next-devtools/shared/forward-logs-shared.js:27
[   31246ms] [WARNING] ./app/page.tsx
Module not found: Can't resolve 'html-to-image' in '/Users/saladin/Developments/interestory/app'

Import trace for requested module:
./app/page.tsx @ webpack-internal:///(app-pages-browser)/./node_modules/next/dist/next-devtools/shared/forward-logs-shared.js:27
[   31246ms] [WARNING] ./components/stats/StatsClient.tsx
Module not found: Can't resolve 'html-to-image' in '/Users/saladin/Developments/interestory/components/stats'

Import trace for requested module:
./components/stats/StatsClient.tsx @ webpack-internal:///(app-pages-browser)/./node_modules/next/dist/next-devtools/shared/forward-logs-shared.js:27
[   31246ms] [LOG] [Fast Refresh] done in 72ms @ webpack-internal:///(app-pages-browser)/./node_modules/next/dist/next-devtools/shared/forward-logs-shared.js:27
[   31295ms] [LOG] [Fast Refresh] rebuilding @ webpack-internal:///(app-pages-browser)/./node_modules/next/dist/next-devtools/shared/forward-logs-shared.js:27
[   31412ms] [WARNING] ./app/page.tsx
Module not found: Can't resolve 'html-to-image' in '/Users/saladin/Developments/interestory/app'

Import trace for requested module:
./app/page.tsx @ webpack-internal:///(app-pages-browser)/./node_modules/next/dist/next-devtools/shared/forward-logs-shared.js:27
[   31412ms] [WARNING] ./components/stats/StatsClient.tsx
Module not found: Can't resolve 'html-to-image' in '/Users/saladin/Developments/interestory/components/stats'

Import trace for requested module:
./components/stats/StatsClient.tsx @ webpack-internal:///(app-pages-browser)/./node_modules/next/dist/next-devtools/shared/forward-logs-shared.js:27
[   31412ms] [LOG] [Fast Refresh] done in 117ms @ webpack-internal:///(app-pages-browser)/./node_modules/next/dist/next-devtools/shared/forward-logs-shared.js:27
[   31461ms] [LOG] [Fast Refresh] rebuilding @ webpack-internal:///(app-pages-browser)/./node_modules/next/dist/next-devtools/shared/forward-logs-shared.js:27
[   31490ms] [WARNING] ./app/page.tsx
Module not found: Can't resolve 'html-to-image' in '/Users/saladin/Developments/interestory/app'

Import trace for requested module:
./app/page.tsx @ webpack-internal:///(app-pages-browser)/./node_modules/next/dist/next-devtools/shared/forward-logs-shared.js:27
[   31490ms] [WARNING] ./components/stats/StatsClient.tsx
Module not found: Can't resolve 'html-to-image' in '/Users/saladin/Developments/interestory/components/stats'

Import trace for requested module:
./components/stats/StatsClient.tsx @ webpack-internal:///(app-pages-browser)/./node_modules/next/dist/next-devtools/shared/forward-logs-shared.js:27
[   31490ms] [LOG] [Fast Refresh] done in 29ms @ webpack-internal:///(app-pages-browser)/./node_modules/next/dist/next-devtools/shared/forward-logs-shared.js:27
[   31560ms] [LOG] [Fast Refresh] rebuilding @ webpack-internal:///(app-pages-browser)/./node_modules/next/dist/next-devtools/shared/forward-logs-shared.js:27
[   31615ms] [WARNING] ./app/page.tsx
Module not found: Can't resolve 'html-to-image' in '/Users/saladin/Developments/interestory/app'

Import trace for requested module:
./app/page.tsx @ webpack-internal:///(app-pages-browser)/./node_modules/next/dist/next-devtools/shared/forward-logs-shared.js:27
[   31615ms] [WARNING] ./components/stats/StatsClient.tsx
Module not found: Can't resolve 'html-to-image' in '/Users/saladin/Developments/interestory/components/stats'

Import trace for requested module:
./components/stats/StatsClient.tsx @ webpack-internal:///(app-pages-browser)/./node_modules/next/dist/next-devtools/shared/forward-logs-shared.js:27
[   31615ms] [LOG] [Fast Refresh] done in 55ms @ webpack-internal:///(app-pages-browser)/./node_modules/next/dist/next-devtools/shared/forward-logs-shared.js:27
[   31668ms] [LOG] [Fast Refresh] rebuilding @ webpack-internal:///(app-pages-browser)/./node_modules/next/dist/next-devtools/shared/forward-logs-shared.js:27
[   31695ms] [WARNING] ./app/page.tsx
Module not found: Can't resolve 'html-to-image' in '/Users/saladin/Developments/interestory/app'

Import trace for requested module:
./app/page.tsx @ webpack-internal:///(app-pages-browser)/./node_modules/next/dist/next-devtools/shared/forward-logs-shared.js:27
[   31695ms] [WARNING] ./components/stats/StatsClient.tsx
Module not found: Can't resolve 'html-to-image' in '/Users/saladin/Developments/interestory/components/stats'

Import trace for requested module:
./components/stats/StatsClient.tsx @ webpack-internal:///(app-pages-browser)/./node_modules/next/dist/next-devtools/shared/forward-logs-shared.js:27
[   31695ms] [LOG] [Fast Refresh] done in 28ms @ webpack-internal:///(app-pages-browser)/./node_modules/next/dist/next-devtools/shared/forward-logs-shared.js:27
[   31742ms] [LOG] [Fast Refresh] rebuilding @ webpack-internal:///(app-pages-browser)/./node_modules/next/dist/next-devtools/shared/forward-logs-shared.js:27
[   31799ms] [WARNING] ./app/page.tsx
Module not found: Can't resolve 'html-to-image' in '/Users/saladin/Developments/interestory/app'

Import trace for requested module:
./app/page.tsx @ webpack-internal:///(app-pages-browser)/./node_modules/next/dist/next-devtools/shared/forward-logs-shared.js:27
[   31799ms] [WARNING] ./components/stats/StatsClient.tsx
Module not found: Can't resolve 'html-to-image' in '/Users/saladin/Developments/interestory/components/stats'

Import trace for requested module:
./components/stats/StatsClient.tsx @ webpack-internal:///(app-pages-browser)/./node_modules/next/dist/next-devtools/shared/forward-logs-shared.js:27
[   31799ms] [LOG] [Fast Refresh] done in 56ms @ webpack-internal:///(app-pages-browser)/./node_modules/next/dist/next-devtools/shared/forward-logs-shared.js:27
[   31851ms] [LOG] [Fast Refresh] rebuilding @ webpack-internal:///(app-pages-browser)/./node_modules/next/dist/next-devtools/shared/forward-logs-shared.js:27
[   31880ms] [WARNING] ./app/page.tsx
Module not found: Can't resolve 'html-to-image' in '/Users/saladin/Developments/interestory/app'

Import trace for requested module:
./app/page.tsx @ webpack-internal:///(app-pages-browser)/./node_modules/next/dist/next-devtools/shared/forward-logs-shared.js:27
[   31880ms] [WARNING] ./components/stats/StatsClient.tsx
Module not found: Can't resolve 'html-to-image' in '/Users/saladin/Developments/interestory/components/stats'

Import trace for requested module:
./components/stats/StatsClient.tsx @ webpack-internal:///(app-pages-browser)/./node_modules/next/dist/next-devtools/shared/forward-logs-shared.js:27
[   31880ms] [LOG] [Fast Refresh] done in 29ms @ webpack-internal:///(app-pages-browser)/./node_modules/next/dist/next-devtools/shared/forward-logs-shared.js:27
[   31884ms] [LOG] [Fast Refresh] rebuilding @ webpack-internal:///(app-pages-browser)/./node_modules/next/dist/next-devtools/shared/forward-logs-shared.js:27
[   31982ms] [WARNING] ./app/page.tsx
Module not found: Can't resolve 'html-to-image' in '/Users/saladin/Developments/interestory/app'

Import trace for requested module:
./app/page.tsx @ webpack-internal:///(app-pages-browser)/./node_modules/next/dist/next-devtools/shared/forward-logs-shared.js:27
[   31982ms] [WARNING] ./components/stats/StatsClient.tsx
Module not found: Can't resolve 'html-to-image' in '/Users/saladin/Developments/interestory/components/stats'

Import trace for requested module:
./components/stats/StatsClient.tsx @ webpack-internal:///(app-pages-browser)/./node_modules/next/dist/next-devtools/shared/forward-logs-shared.js:27
[   31982ms] [LOG] [Fast Refresh] done in 98ms @ webpack-internal:///(app-pages-browser)/./node_modules/next/dist/next-devtools/shared/forward-logs-shared.js:27
[   31987ms] [LOG] [Fast Refresh] rebuilding @ webpack-internal:///(app-pages-browser)/./node_modules/next/dist/next-devtools/shared/forward-logs-shared.js:27
[   32062ms] [WARNING] ./app/page.tsx
Module not found: Can't resolve 'html-to-image' in '/Users/saladin/Developments/interestory/app'

Import trace for requested module:
./app/page.tsx @ webpack-internal:///(app-pages-browser)/./node_modules/next/dist/next-devtools/shared/forward-logs-shared.js:27
[   32063ms] [WARNING] ./components/stats/StatsClient.tsx
Module not found: Can't resolve 'html-to-image' in '/Users/saladin/Developments/interestory/components/stats'

Import trace for requested module:
./components/stats/StatsClient.tsx @ webpack-internal:///(app-pages-browser)/./node_modules/next/dist/next-devtools/shared/forward-logs-shared.js:27
[   32063ms] [LOG] [Fast Refresh] done in 76ms @ webpack-internal:///(app-pages-browser)/./node_modules/next/dist/next-devtools/shared/forward-logs-shared.js:27
[   32109ms] [LOG] [Fast Refresh] rebuilding @ webpack-internal:///(app-pages-browser)/./node_modules/next/dist/next-devtools/shared/forward-logs-shared.js:27
[   32140ms] [WARNING] ./app/page.tsx
Module not found: Can't resolve 'html-to-image' in '/Users/saladin/Developments/interestory/app'

Import trace for requested module:
./app/page.tsx @ webpack-internal:///(app-pages-browser)/./node_modules/next/dist/next-devtools/shared/forward-logs-shared.js:27
[   32140ms] [WARNING] ./components/stats/StatsClient.tsx
Module not found: Can't resolve 'html-to-image' in '/Users/saladin/Developments/interestory/components/stats'

Import trace for requested module:
./components/stats/StatsClient.tsx @ webpack-internal:///(app-pages-browser)/./node_modules/next/dist/next-devtools/shared/forward-logs-shared.js:27
[   32140ms] [LOG] [Fast Refresh] done in 30ms @ webpack-internal:///(app-pages-browser)/./node_modules/next/dist/next-devtools/shared/forward-logs-shared.js:27
[   32179ms] [WARNING] The resource http://localhost:3002/_next/static/css/app/layout.css?v=1789900517687 was preloaded using link preload but not used within a few seconds from the window's load event. Please make sure it has an appropriate `as` value and it is preloaded intentionally. @ http://localhost:3002/fashion:0
[   32179ms] [WARNING] The resource http://localhost:3002/_next/static/css/app/layout.css?v=1789900520635 was preloaded using link preload but not used within a few seconds from the window's load event. Please make sure it has an appropriate `as` value and it is preloaded intentionally. @ http://localhost:3002/fashion:0
[   32179ms] [WARNING] The resource http://localhost:3002/_next/static/css/app/layout.css?v=1789900519084 was preloaded using link preload but not used within a few seconds from the window's load event. Please make sure it has an appropriate `as` value and it is preloaded intentionally. @ http://localhost:3002/fashion:0
[   32179ms] [WARNING] The resource http://localhost:3002/_next/static/media/7d4881bb7e1bf84d-s.p.woff2?v=1789900516228 was preloaded using link preload but not used within a few seconds from the window's load event. Please make sure it has an appropriate `as` value and it is preloaded intentionally. @ http://localhost:3002/fashion:0
[   32179ms] [WARNING] The resource http://localhost:3002/_next/static/css/app/layout.css?v=1789900518811 was preloaded using link preload but not used within a few seconds from the window's load event. Please make sure it has an appropriate `as` value and it is preloaded intentionally. @ http://localhost:3002/fashion:0
[   32179ms] [WARNING] The resource http://localhost:3002/_next/static/css/app/layout.css?v=1789900519282 was preloaded using link preload but not used within a few seconds from the window's load event. Please make sure it has an appropriate `as` value and it is preloaded intentionally. @ http://localhost:3002/fashion:0
[   32179ms] [WARNING] The resource http://localhost:3002/_next/static/css/app/layout.css?v=1789900518361 was preloaded using link preload but not used within a few seconds from the window's load event. Please make sure it has an appropriate `as` value and it is preloaded intentionally. @ http://localhost:3002/fashion:0
[   32179ms] [WARNING] The resource http://localhost:3002/_next/static/css/app/layout.css?v=1789900518596 was preloaded using link preload but not used within a few seconds from the window's load event. Please make sure it has an appropriate `as` value and it is preloaded intentionally. @ http://localhost:3002/fashion:0
[   32179ms] [WARNING] The resource http://localhost:3002/_next/static/media/22a5144ee8d83bca-s.p.woff2?v=1789900516228 was preloaded using link preload but not used within a few seconds from the window's load event. Please make sure it has an appropriate `as` value and it is preloaded intentionally. @ http://localhost:3002/fashion:0
[   32179ms] [WARNING] The resource http://localhost:3002/_next/static/css/app/layout.css?v=1789900520248 was preloaded using link preload but not used within a few seconds from the window's load event. Please make sure it has an appropriate `as` value and it is preloaded intentionally. @ http://localhost:3002/fashion:0
[   32179ms] [WARNING] The resource http://localhost:3002/_next/static/css/app/layout.css?v=1789900518209 was preloaded using link preload but not used within a few seconds from the window's load event. Please make sure it has an appropriate `as` value and it is preloaded intentionally. @ http://localhost:3002/fashion:0
[   32179ms] [WARNING] The resource http://localhost:3002/_next/static/css/app/layout.css?v=1789900520448 was preloaded using link preload but not used within a few seconds from the window's load event. Please make sure it has an appropriate `as` value and it is preloaded intentionally. @ http://localhost:3002/fashion:0
[   32179ms] [WARNING] The resource http://localhost:3002/_next/static/css/app/layout.css?v=1789900517849 was preloaded using link preload but not used within a few seconds from the window's load event. Please make sure it has an appropriate `as` value and it is preloaded intentionally. @ http://localhost:3002/fashion:0
[   32179ms] [WARNING] The resource http://localhost:3002/_next/static/css/app/layout.css?v=1789900519478 was preloaded using link preload but not used within a few seconds from the window's load event. Please make sure it has an appropriate `as` value and it is preloaded intentionally. @ http://localhost:3002/fashion:0
[   32179ms] [WARNING] The resource http://localhost:3002/_next/static/css/app/layout.css?v=1789900520019 was preloaded using link preload but not used within a few seconds from the window's load event. Please make sure it has an appropriate `as` value and it is preloaded intentionally. @ http://localhost:3002/fashion:0
[   32189ms] [LOG] [Fast Refresh] rebuilding @ webpack-internal:///(app-pages-browser)/./node_modules/next/dist/next-devtools/shared/forward-logs-shared.js:27
[   32218ms] [WARNING] ./app/page.tsx
Module not found: Can't resolve 'html-to-image' in '/Users/saladin/Developments/interestory/app'

Import trace for requested module:
./app/page.tsx @ webpack-internal:///(app-pages-browser)/./node_modules/next/dist/next-devtools/shared/forward-logs-shared.js:27
[   32218ms] [WARNING] ./components/stats/StatsClient.tsx
Module not found: Can't resolve 'html-to-image' in '/Users/saladin/Developments/interestory/components/stats'

Import trace for requested module:
./components/stats/StatsClient.tsx @ webpack-internal:///(app-pages-browser)/./node_modules/next/dist/next-devtools/shared/forward-logs-shared.js:27
[   32218ms] [LOG] [Fast Refresh] done in 29ms @ webpack-internal:///(app-pages-browser)/./node_modules/next/dist/next-devtools/shared/forward-logs-shared.js:27
[   32268ms] [LOG] [Fast Refresh] rebuilding @ webpack-internal:///(app-pages-browser)/./node_modules/next/dist/next-devtools/shared/forward-logs-shared.js:27
[   32324ms] [WARNING] ./app/page.tsx
Module not found: Can't resolve 'html-to-image' in '/Users/saladin/Developments/interestory/app'

Import trace for requested module:
./app/page.tsx @ webpack-internal:///(app-pages-browser)/./node_modules/next/dist/next-devtools/shared/forward-logs-shared.js:27
[   32324ms] [WARNING] ./components/stats/StatsClient.tsx
Module not found: Can't resolve 'html-to-image' in '/Users/saladin/Developments/interestory/components/stats'

Import trace for requested module:
./components/stats/StatsClient.tsx @ webpack-internal:///(app-pages-browser)/./node_modules/next/dist/next-devtools/shared/forward-logs-shared.js:27
[   32324ms] [LOG] [Fast Refresh] done in 56ms @ webpack-internal:///(app-pages-browser)/./node_modules/next/dist/next-devtools/shared/forward-logs-shared.js:27
[   32372ms] [LOG] [Fast Refresh] rebuilding @ webpack-internal:///(app-pages-browser)/./node_modules/next/dist/next-devtools/shared/forward-logs-shared.js:27
[   32402ms] [WARNING] ./app/page.tsx
Module not found: Can't resolve 'html-to-image' in '/Users/saladin/Developments/interestory/app'

Import trace for requested module:
./app/page.tsx @ webpack-internal:///(app-pages-browser)/./node_modules/next/dist/next-devtools/shared/forward-logs-shared.js:27
[   32402ms] [WARNING] ./components/stats/StatsClient.tsx
Module not found: Can't resolve 'html-to-image' in '/Users/saladin/Developments/interestory/components/stats'

Import trace for requested module:
./components/stats/StatsClient.tsx @ webpack-internal:///(app-pages-browser)/./node_modules/next/dist/next-devtools/shared/forward-logs-shared.js:27
[   32402ms] [LOG] [Fast Refresh] done in 30ms @ webpack-internal:///(app-pages-browser)/./node_modules/next/dist/next-devtools/shared/forward-logs-shared.js:27
[   32450ms] [LOG] [Fast Refresh] rebuilding @ webpack-internal:///(app-pages-browser)/./node_modules/next/dist/next-devtools/shared/forward-logs-shared.js:27
[   32479ms] [WARNING] ./app/page.tsx
Module not found: Can't resolve 'html-to-image' in '/Users/saladin/Developments/interestory/app'

Import trace for requested module:
./app/page.tsx @ webpack-internal:///(app-pages-browser)/./node_modules/next/dist/next-devtools/shared/forward-logs-shared.js:27
[   32479ms] [WARNING] ./components/stats/StatsClient.tsx
Module not found: Can't resolve 'html-to-image' in '/Users/saladin/Developments/interestory/components/stats'

Import trace for requested module:
./components/stats/StatsClient.tsx @ webpack-internal:///(app-pages-browser)/./node_modules/next/dist/next-devtools/shared/forward-logs-shared.js:27
[   32479ms] [LOG] [Fast Refresh] done in 29ms @ webpack-internal:///(app-pages-browser)/./node_modules/next/dist/next-devtools/shared/forward-logs-shared.js:27
[   32526ms] [LOG] [Fast Refresh] rebuilding @ webpack-internal:///(app-pages-browser)/./node_modules/next/dist/next-devtools/shared/forward-logs-shared.js:27
[   32591ms] [WARNING] ./app/page.tsx
Module not found: Can't resolve 'html-to-image' in '/Users/saladin/Developments/interestory/app'

Import trace for requested module:
./app/page.tsx @ webpack-internal:///(app-pages-browser)/./node_modules/next/dist/next-devtools/shared/forward-logs-shared.js:27
[   32591ms] [WARNING] ./components/stats/StatsClient.tsx
Module not found: Can't resolve 'html-to-image' in '/Users/saladin/Developments/interestory/components/stats'

Import trace for requested module:
./components/stats/StatsClient.tsx @ webpack-internal:///(app-pages-browser)/./node_modules/next/dist/next-devtools/shared/forward-logs-shared.js:27
[   32591ms] [LOG] [Fast Refresh] done in 65ms @ webpack-internal:///(app-pages-browser)/./node_modules/next/dist/next-devtools/shared/forward-logs-shared.js:27
[   32594ms] [LOG] [Fast Refresh] rebuilding @ webpack-internal:///(app-pages-browser)/./node_modules/next/dist/next-devtools/shared/forward-logs-shared.js:27
[   33107ms] [INFO] %cDownload the React DevTools for a better development experience: https://react.dev/link/react-devtools font-weight:bold @ webpack-internal:///(app-pages-browser)/./node_modules/next/dist/next-devtools/shared/forward-logs-shared.js:27
[   33119ms] [LOG] [HMR] connected @ webpack-internal:///(app-pages-browser)/./node_modules/next/dist/next-devtools/shared/forward-logs-shared.js:27
[   33120ms] [WARNING] ./app/page.tsx
Module not found: Can't resolve 'html-to-image' in '/Users/saladin/Developments/interestory/app' @ webpack-internal:///(app-pages-browser)/./node_modules/next/dist/next-devtools/shared/forward-logs-shared.js:27
[   33120ms] [WARNING] ./components/stats/StatsClient.tsx
Module not found: Can't resolve 'html-to-image' in '/Users/saladin/Developments/interestory/components/stats' @ webpack-internal:///(app-pages-browser)/./node_modules/next/dist/next-devtools/shared/forward-logs-shared.js:27
[   33166ms] [LOG] [Fast Refresh] rebuilding @ webpack-internal:///(app-pages-browser)/./node_modules/next/dist/next-devtools/shared/forward-logs-shared.js:27
[   33269ms] [WARNING] ./app/page.tsx
Module not found: Can't resolve 'html-to-image' in '/Users/saladin/Developments/interestory/app'

Import trace for requested module:
./app/page.tsx @ webpack-internal:///(app-pages-browser)/./node_modules/next/dist/next-devtools/shared/forward-logs-shared.js:27
[   33269ms] [WARNING] ./components/stats/StatsClient.tsx
Module not found: Can't resolve 'html-to-image' in '/Users/saladin/Developments/interestory/components/stats'

Import trace for requested module:
./components/stats/StatsClient.tsx @ webpack-internal:///(app-pages-browser)/./node_modules/next/dist/next-devtools/shared/forward-logs-shared.js:27
[   33269ms] [LOG] [Fast Refresh] rebuilding @ webpack-internal:///(app-pages-browser)/./node_modules/next/dist/next-devtools/shared/forward-logs-shared.js:27
[   33329ms] [LOG] [Fast Refresh] done in 59ms @ webpack-internal:///(app-pages-browser)/./node_modules/next/dist/next-devtools/shared/forward-logs-shared.js:27
[   33355ms] [WARNING] ./app/page.tsx
Module not found: Can't resolve 'html-to-image' in '/Users/saladin/Developments/interestory/app'

Import trace for requested module:
./app/page.tsx @ webpack-internal:///(app-pages-browser)/./node_modules/next/dist/next-devtools/shared/forward-logs-shared.js:27
[   33355ms] [WARNING] ./components/stats/StatsClient.tsx
Module not found: Can't resolve 'html-to-image' in '/Users/saladin/Developments/interestory/components/stats'

Import trace for requested module:
./components/stats/StatsClient.tsx @ webpack-internal:///(app-pages-browser)/./node_modules/next/dist/next-devtools/shared/forward-logs-shared.js:27
[   33355ms] [LOG] [Fast Refresh] rebuilding @ webpack-internal:///(app-pages-browser)/./node_modules/next/dist/next-devtools/shared/forward-logs-shared.js:27
[   33359ms] [LOG] [Fast Refresh] done in 3ms @ webpack-internal:///(app-pages-browser)/./node_modules/next/dist/next-devtools/shared/forward-logs-shared.js:27
[   33454ms] [WARNING] ./app/page.tsx
Module not found: Can't resolve 'html-to-image' in '/Users/saladin/Developments/interestory/app'

Import trace for requested module:
./app/page.tsx @ webpack-internal:///(app-pages-browser)/./node_modules/next/dist/next-devtools/shared/forward-logs-shared.js:27
[   33454ms] [WARNING] ./components/stats/StatsClient.tsx
Module not found: Can't resolve 'html-to-image' in '/Users/saladin/Developments/interestory/components/stats'

Import trace for requested module:
./components/stats/StatsClient.tsx @ webpack-internal:///(app-pages-browser)/./node_modules/next/dist/next-devtools/shared/forward-logs-shared.js:27
[   33456ms] [LOG] [Fast Refresh] rebuilding @ webpack-internal:///(app-pages-browser)/./node_modules/next/dist/next-devtools/shared/forward-logs-shared.js:27
[   33468ms] [LOG] [Fast Refresh] done in 11ms @ webpack-internal:///(app-pages-browser)/./node_modules/next/dist/next-devtools/shared/forward-logs-shared.js:27
[   33545ms] [WARNING] ./app/page.tsx
Module not found: Can't resolve 'html-to-image' in '/Users/saladin/Developments/interestory/app'

Import trace for requested module:
./app/page.tsx @ webpack-internal:///(app-pages-browser)/./node_modules/next/dist/next-devtools/shared/forward-logs-shared.js:27
[   33545ms] [WARNING] ./components/stats/StatsClient.tsx
Module not found: Can't resolve 'html-to-image' in '/Users/saladin/Developments/interestory/components/stats'

Import trace for requested module:
./components/stats/StatsClient.tsx @ webpack-internal:///(app-pages-browser)/./node_modules/next/dist/next-devtools/shared/forward-logs-shared.js:27
[   33546ms] [LOG] [Fast Refresh] rebuilding @ webpack-internal:///(app-pages-browser)/./node_modules/next/dist/next-devtools/shared/forward-logs-shared.js:27
[   33550ms] [LOG] [Fast Refresh] done in 4ms @ webpack-internal:///(app-pages-browser)/./node_modules/next/dist/next-devtools/shared/forward-logs-shared.js:27
[   33669ms] [WARNING] ./app/page.tsx
Module not found: Can't resolve 'html-to-image' in '/Users/saladin/Developments/interestory/app'

Import trace for requested module:
./app/page.tsx @ webpack-internal:///(app-pages-browser)/./node_modules/next/dist/next-devtools/shared/forward-logs-shared.js:27
[   33669ms] [WARNING] ./components/stats/StatsClient.tsx
Module not found: Can't resolve 'html-to-image' in '/Users/saladin/Developments/interestory/components/stats'

Import trace for requested module:
./components/stats/StatsClient.tsx @ webpack-internal:///(app-pages-browser)/./node_modules/next/dist/next-devtools/shared/forward-logs-shared.js:27
[   33671ms] [LOG] [Fast Refresh] rebuilding @ webpack-internal:///(app-pages-browser)/./node_modules/next/dist/next-devtools/shared/forward-logs-shared.js:27
[   33675ms] [LOG] [Fast Refresh] done in 4ms @ webpack-internal:///(app-pages-browser)/./node_modules/next/dist/next-devtools/shared/forward-logs-shared.js:27
[   33752ms] [WARNING] ./app/page.tsx
Module not found: Can't resolve 'html-to-image' in '/Users/saladin/Developments/interestory/app'

Import trace for requested module:
./app/page.tsx @ webpack-internal:///(app-pages-browser)/./node_modules/next/dist/next-devtools/shared/forward-logs-shared.js:27
[   33752ms] [WARNING] ./components/stats/StatsClient.tsx
Module not found: Can't resolve 'html-to-image' in '/Users/saladin/Developments/interestory/components/stats'

Import trace for requested module:
./components/stats/StatsClient.tsx @ webpack-internal:///(app-pages-browser)/./node_modules/next/dist/next-devtools/shared/forward-logs-shared.js:27
[   33753ms] [LOG] [Fast Refresh] rebuilding @ webpack-internal:///(app-pages-browser)/./node_modules/next/dist/next-devtools/shared/forward-logs-shared.js:27
[   33759ms] [LOG] [Fast Refresh] done in 7ms @ webpack-internal:///(app-pages-browser)/./node_modules/next/dist/next-devtools/shared/forward-logs-shared.js:27
[   33877ms] [WARNING] ./app/page.tsx
Module not found: Can't resolve 'html-to-image' in '/Users/saladin/Developments/interestory/app'

Import trace for requested module:
./app/page.tsx @ webpack-internal:///(app-pages-browser)/./node_modules/next/dist/next-devtools/shared/forward-logs-shared.js:27
[   33877ms] [WARNING] ./components/stats/StatsClient.tsx
Module not found: Can't resolve 'html-to-image' in '/Users/saladin/Developments/interestory/components/stats'

Import trace for requested module:
./components/stats/StatsClient.tsx @ webpack-internal:///(app-pages-browser)/./node_modules/next/dist/next-devtools/shared/forward-logs-shared.js:27
[   33878ms] [LOG] [Fast Refresh] rebuilding @ webpack-internal:///(app-pages-browser)/./node_modules/next/dist/next-devtools/shared/forward-logs-shared.js:27
[   33882ms] [LOG] [Fast Refresh] done in 4ms @ webpack-internal:///(app-pages-browser)/./node_modules/next/dist/next-devtools/shared/forward-logs-shared.js:27
[   33964ms] [WARNING] ./app/page.tsx
Module not found: Can't resolve 'html-to-image' in '/Users/saladin/Developments/interestory/app'

Import trace for requested module:
./app/page.tsx @ webpack-internal:///(app-pages-browser)/./node_modules/next/dist/next-devtools/shared/forward-logs-shared.js:27
[   33964ms] [WARNING] ./components/stats/StatsClient.tsx
Module not found: Can't resolve 'html-to-image' in '/Users/saladin/Developments/interestory/components/stats'

Import trace for requested module:
./components/stats/StatsClient.tsx @ webpack-internal:///(app-pages-browser)/./node_modules/next/dist/next-devtools/shared/forward-logs-shared.js:27
[   33965ms] [LOG] [Fast Refresh] rebuilding @ webpack-internal:///(app-pages-browser)/./node_modules/next/dist/next-devtools/shared/forward-logs-shared.js:27
[   34049ms] [WARNING] ./app/page.tsx
Module not found: Can't resolve 'html-to-image' in '/Users/saladin/Developments/interestory/app'

Import trace for requested module:
./app/page.tsx @ webpack-internal:///(app-pages-browser)/./node_modules/next/dist/next-devtools/shared/forward-logs-shared.js:27
[   34049ms] [WARNING] ./components/stats/StatsClient.tsx
Module not found: Can't resolve 'html-to-image' in '/Users/saladin/Developments/interestory/components/stats'

Import trace for requested module:
./components/stats/StatsClient.tsx @ webpack-internal:///(app-pages-browser)/./node_modules/next/dist/next-devtools/shared/forward-logs-shared.js:27
[   34050ms] [LOG] [Fast Refresh] done in 84ms @ webpack-internal:///(app-pages-browser)/./node_modules/next/dist/next-devtools/shared/forward-logs-shared.js:27
[   34050ms] [LOG] [Fast Refresh] rebuilding @ webpack-internal:///(app-pages-browser)/./node_modules/next/dist/next-devtools/shared/forward-logs-shared.js:27
[   34159ms] [WARNING] ./app/page.tsx
Module not found: Can't resolve 'html-to-image' in '/Users/saladin/Developments/interestory/app'

Import trace for requested module:
./app/page.tsx @ webpack-internal:///(app-pages-browser)/./node_modules/next/dist/next-devtools/shared/forward-logs-shared.js:27
[   34159ms] [WARNING] ./components/stats/StatsClient.tsx
Module not found: Can't resolve 'html-to-image' in '/Users/saladin/Developments/interestory/components/stats'

Import trace for requested module:
./components/stats/StatsClient.tsx @ webpack-internal:///(app-pages-browser)/./node_modules/next/dist/next-devtools/shared/forward-logs-shared.js:27
[   34159ms] [LOG] [Fast Refresh] done in 109ms @ webpack-internal:///(app-pages-browser)/./node_modules/next/dist/next-devtools/shared/forward-logs-shared.js:27
[   34160ms] [LOG] [Fast Refresh] rebuilding @ webpack-internal:///(app-pages-browser)/./node_modules/next/dist/next-devtools/shared/forward-logs-shared.js:27
[   34271ms] [WARNING] ./app/page.tsx
Module not found: Can't resolve 'html-to-image' in '/Users/saladin/Developments/interestory/app'

Import trace for requested module:
./app/page.tsx @ webpack-internal:///(app-pages-browser)/./node_modules/next/dist/next-devtools/shared/forward-logs-shared.js:27
[   34271ms] [WARNING] ./components/stats/StatsClient.tsx
Module not found: Can't resolve 'html-to-image' in '/Users/saladin/Developments/interestory/components/stats'

Import trace for requested module:
./components/stats/StatsClient.tsx @ webpack-internal:///(app-pages-browser)/./node_modules/next/dist/next-devtools/shared/forward-logs-shared.js:27
[   34271ms] [LOG] [Fast Refresh] done in 111ms @ webpack-internal:///(app-pages-browser)/./node_modules/next/dist/next-devtools/shared/forward-logs-shared.js:27
[   34272ms] [LOG] [Fast Refresh] rebuilding @ webpack-internal:///(app-pages-browser)/./node_modules/next/dist/next-devtools/shared/forward-logs-shared.js:27
[   34357ms] [WARNING] ./app/page.tsx
Module not found: Can't resolve 'html-to-image' in '/Users/saladin/Developments/interestory/app'

Import trace for requested module:
./app/page.tsx @ webpack-internal:///(app-pages-browser)/./node_modules/next/dist/next-devtools/shared/forward-logs-shared.js:27
[   34357ms] [WARNING] ./components/stats/StatsClient.tsx
Module not found: Can't resolve 'html-to-image' in '/Users/saladin/Developments/interestory/components/stats'

Import trace for requested module:
./components/stats/StatsClient.tsx @ webpack-internal:///(app-pages-browser)/./node_modules/next/dist/next-devtools/shared/forward-logs-shared.js:27
[   34357ms] [LOG] [Fast Refresh] done in 85ms @ webpack-internal:///(app-pages-browser)/./node_modules/next/dist/next-devtools/shared/forward-logs-shared.js:27
[   34358ms] [LOG] [Fast Refresh] rebuilding @ webpack-internal:///(app-pages-browser)/./node_modules/next/dist/next-devtools/shared/forward-logs-shared.js:27
[   34638ms] [ERROR] Failed to load resource: net::ERR_BLOCKED_BY_RESPONSE.NotSameOrigin @ https://www.uspatriottactical.com/photos/styles/UA3637_TAN_2.JPG:0
[   34645ms] [WARNING] ./app/page.tsx
Module not found: Can't resolve 'html-to-image' in '/Users/saladin/Developments/interestory/app'

Import trace for requested module:
./app/page.tsx @ webpack-internal:///(app-pages-browser)/./node_modules/next/dist/next-devtools/shared/forward-logs-shared.js:27
[   34645ms] [WARNING] ./components/stats/StatsClient.tsx
Module not found: Can't resolve 'html-to-image' in '/Users/saladin/Developments/interestory/components/stats'

Import trace for requested module:
./components/stats/StatsClient.tsx @ webpack-internal:///(app-pages-browser)/./node_modules/next/dist/next-devtools/shared/forward-logs-shared.js:27
[   34645ms] [LOG] [Fast Refresh] done in 286ms @ webpack-internal:///(app-pages-browser)/./node_modules/next/dist/next-devtools/shared/forward-logs-shared.js:27
[   34645ms] [LOG] [Fast Refresh] rebuilding @ webpack-internal:///(app-pages-browser)/./node_modules/next/dist/next-devtools/shared/forward-logs-shared.js:27
[   34646ms] [WARNING] ./app/page.tsx
Module not found: Can't resolve 'html-to-image' in '/Users/saladin/Developments/interestory/app'

Import trace for requested module:
./app/page.tsx @ webpack-internal:///(app-pages-browser)/./node_modules/next/dist/next-devtools/shared/forward-logs-shared.js:27
[   34646ms] [WARNING] ./components/stats/StatsClient.tsx
Module not found: Can't resolve 'html-to-image' in '/Users/saladin/Developments/interestory/components/stats'

Import trace for requested module:
./components/stats/StatsClient.tsx @ webpack-internal:///(app-pages-browser)/./node_modules/next/dist/next-devtools/shared/forward-logs-shared.js:27
[   34646ms] [LOG] [Fast Refresh] done in 1ms @ webpack-internal:///(app-pages-browser)/./node_modules/next/dist/next-devtools/shared/forward-logs-shared.js:27
[   34667ms] [LOG] [Fast Refresh] rebuilding @ webpack-internal:///(app-pages-browser)/./node_modules/next/dist/next-devtools/shared/forward-logs-shared.js:27
[   34780ms] [WARNING] ./app/page.tsx
Module not found: Can't resolve 'html-to-image' in '/Users/saladin/Developments/interestory/app'

Import trace for requested module:
./app/page.tsx @ webpack-internal:///(app-pages-browser)/./node_modules/next/dist/next-devtools/shared/forward-logs-shared.js:27
[   34780ms] [WARNING] ./components/stats/StatsClient.tsx
Module not found: Can't resolve 'html-to-image' in '/Users/saladin/Developments/interestory/components/stats'

Import trace for requested module:
./components/stats/StatsClient.tsx @ webpack-internal:///(app-pages-browser)/./node_modules/next/dist/next-devtools/shared/forward-logs-shared.js:27
[   34780ms] [LOG] [Fast Refresh] done in 112ms @ webpack-internal:///(app-pages-browser)/./node_modules/next/dist/next-devtools/shared/forward-logs-shared.js:27
[   34781ms] [LOG] [Fast Refresh] rebuilding @ webpack-internal:///(app-pages-browser)/./node_modules/next/dist/next-devtools/shared/forward-logs-shared.js:27
[   34867ms] [WARNING] ./app/page.tsx
Module not found: Can't resolve 'html-to-image' in '/Users/saladin/Developments/interestory/app'

Import trace for requested module:
./app/page.tsx @ webpack-internal:///(app-pages-browser)/./node_modules/next/dist/next-devtools/shared/forward-logs-shared.js:27
[   34867ms] [WARNING] ./components/stats/StatsClient.tsx
Module not found: Can't resolve 'html-to-image' in '/Users/saladin/Developments/interestory/components/stats'

Import trace for requested module:
./components/stats/StatsClient.tsx @ webpack-internal:///(app-pages-browser)/./node_modules/next/dist/next-devtools/shared/forward-logs-shared.js:27
[   34867ms] [LOG] [Fast Refresh] done in 86ms @ webpack-internal:///(app-pages-browser)/./node_modules/next/dist/next-devtools/shared/forward-logs-shared.js:27
[   34868ms] [LOG] [Fast Refresh] rebuilding @ webpack-internal:///(app-pages-browser)/./node_modules/next/dist/next-devtools/shared/forward-logs-shared.js:27
[   34981ms] [WARNING] ./app/page.tsx
Module not found: Can't resolve 'html-to-image' in '/Users/saladin/Developments/interestory/app'

Import trace for requested module:
./app/page.tsx @ webpack-internal:///(app-pages-browser)/./node_modules/next/dist/next-devtools/shared/forward-logs-shared.js:27
[   34981ms] [WARNING] ./components/stats/StatsClient.tsx
Module not found: Can't resolve 'html-to-image' in '/Users/saladin/Developments/interestory/components/stats'

Import trace for requested module:
./components/stats/StatsClient.tsx @ webpack-internal:///(app-pages-browser)/./node_modules/next/dist/next-devtools/shared/forward-logs-shared.js:27
[   34981ms] [LOG] [Fast Refresh] done in 113ms @ webpack-internal:///(app-pages-browser)/./node_modules/next/dist/next-devtools/shared/forward-logs-shared.js:27
[   34982ms] [LOG] [Fast Refresh] rebuilding @ webpack-internal:///(app-pages-browser)/./node_modules/next/dist/next-devtools/shared/forward-logs-shared.js:27
[   35063ms] [WARNING] ./app/page.tsx
Module not found: Can't resolve 'html-to-image' in '/Users/saladin/Developments/interestory/app'

Import trace for requested module:
./app/page.tsx @ webpack-internal:///(app-pages-browser)/./node_modules/next/dist/next-devtools/shared/forward-logs-shared.js:27
[   35063ms] [WARNING] ./components/stats/StatsClient.tsx
Module not found: Can't resolve 'html-to-image' in '/Users/saladin/Developments/interestory/components/stats'

Import trace for requested module:
./components/stats/StatsClient.tsx @ webpack-internal:///(app-pages-browser)/./node_modules/next/dist/next-devtools/shared/forward-logs-shared.js:27
[   35063ms] [LOG] [Fast Refresh] done in 80ms @ webpack-internal:///(app-pages-browser)/./node_modules/next/dist/next-devtools/shared/forward-logs-shared.js:27
[   35064ms] [LOG] [Fast Refresh] rebuilding @ webpack-internal:///(app-pages-browser)/./node_modules/next/dist/next-devtools/shared/forward-logs-shared.js:27
[   35175ms] [WARNING] ./app/page.tsx
Module not found: Can't resolve 'html-to-image' in '/Users/saladin/Developments/interestory/app'

Import trace for requested module:
./app/page.tsx @ webpack-internal:///(app-pages-browser)/./node_modules/next/dist/next-devtools/shared/forward-logs-shared.js:27
[   35175ms] [WARNING] ./components/stats/StatsClient.tsx
Module not found: Can't resolve 'html-to-image' in '/Users/saladin/Developments/interestory/components/stats'

Import trace for requested module:
./components/stats/StatsClient.tsx @ webpack-internal:///(app-pages-browser)/./node_modules/next/dist/next-devtools/shared/forward-logs-shared.js:27
[   35175ms] [LOG] [Fast Refresh] done in 111ms @ webpack-internal:///(app-pages-browser)/./node_modules/next/dist/next-devtools/shared/forward-logs-shared.js:27
[   35177ms] [LOG] [Fast Refresh] rebuilding @ webpack-internal:///(app-pages-browser)/./node_modules/next/dist/next-devtools/shared/forward-logs-shared.js:27
[   35256ms] [WARNING] ./app/page.tsx
Module not found: Can't resolve 'html-to-image' in '/Users/saladin/Developments/interestory/app'

Import trace for requested module:
./app/page.tsx @ webpack-internal:///(app-pages-browser)/./node_modules/next/dist/next-devtools/shared/forward-logs-shared.js:27
[   35256ms] [WARNING] ./components/stats/StatsClient.tsx
Module not found: Can't resolve 'html-to-image' in '/Users/saladin/Developments/interestory/components/stats'

Import trace for requested module:
./components/stats/StatsClient.tsx @ webpack-internal:///(app-pages-browser)/./node_modules/next/dist/next-devtools/shared/forward-logs-shared.js:27
[   35256ms] [LOG] [Fast Refresh] done in 80ms @ webpack-internal:///(app-pages-browser)/./node_modules/next/dist/next-devtools/shared/forward-logs-shared.js:27
[   35257ms] [LOG] [Fast Refresh] rebuilding @ webpack-internal:///(app-pages-browser)/./node_modules/next/dist/next-devtools/shared/forward-logs-shared.js:27
[   35361ms] [WARNING] ./app/page.tsx
Module not found: Can't resolve 'html-to-image' in '/Users/saladin/Developments/interestory/app'

Import trace for requested module:
./app/page.tsx @ webpack-internal:///(app-pages-browser)/./node_modules/next/dist/next-devtools/shared/forward-logs-shared.js:27
[   35361ms] [WARNING] ./components/stats/StatsClient.tsx
Module not found: Can't resolve 'html-to-image' in '/Users/saladin/Developments/interestory/components/stats'

Import trace for requested module:
./components/stats/StatsClient.tsx @ webpack-internal:///(app-pages-browser)/./node_modules/next/dist/next-devtools/shared/forward-logs-shared.js:27
[   35361ms] [LOG] [Fast Refresh] done in 105ms @ webpack-internal:///(app-pages-browser)/./node_modules/next/dist/next-devtools/shared/forward-logs-shared.js:27
[   35362ms] [LOG] [Fast Refresh] rebuilding @ webpack-internal:///(app-pages-browser)/./node_modules/next/dist/next-devtools/shared/forward-logs-shared.js:27
[   35443ms] [WARNING] ./app/page.tsx
Module not found: Can't resolve 'html-to-image' in '/Users/saladin/Developments/interestory/app'

Import trace for requested module:
./app/page.tsx @ webpack-internal:///(app-pages-browser)/./node_modules/next/dist/next-devtools/shared/forward-logs-shared.js:27
[   35443ms] [WARNING] ./components/stats/StatsClient.tsx
Module not found: Can't resolve 'html-to-image' in '/Users/saladin/Developments/interestory/components/stats'

Import trace for requested module:
./components/stats/StatsClient.tsx @ webpack-internal:///(app-pages-browser)/./node_modules/next/dist/next-devtools/shared/forward-logs-shared.js:27
[   35443ms] [LOG] [Fast Refresh] done in 81ms @ webpack-internal:///(app-pages-browser)/./node_modules/next/dist/next-devtools/shared/forward-logs-shared.js:27
[   35444ms] [LOG] [Fast Refresh] rebuilding @ webpack-internal:///(app-pages-browser)/./node_modules/next/dist/next-devtools/shared/forward-logs-shared.js:27
[   35548ms] [WARNING] ./app/page.tsx
Module not found: Can't resolve 'html-to-image' in '/Users/saladin/Developments/interestory/app'

Import trace for requested module:
./app/page.tsx @ webpack-internal:///(app-pages-browser)/./node_modules/next/dist/next-devtools/shared/forward-logs-shared.js:27
[   35548ms] [WARNING] ./components/stats/StatsClient.tsx
Module not found: Can't resolve 'html-to-image' in '/Users/saladin/Developments/interestory/components/stats'

Import trace for requested module:
./components/stats/StatsClient.tsx @ webpack-internal:///(app-pages-browser)/./node_modules/next/dist/next-devtools/shared/forward-logs-shared.js:27
[   35548ms] [LOG] [Fast Refresh] done in 105ms @ webpack-internal:///(app-pages-browser)/./node_modules/next/dist/next-devtools/shared/forward-logs-shared.js:27
[   35550ms] [LOG] [Fast Refresh] rebuilding @ webpack-internal:///(app-pages-browser)/./node_modules/next/dist/next-devtools/shared/forward-logs-shared.js:27
[   35629ms] [WARNING] ./app/page.tsx
Module not found: Can't resolve 'html-to-image' in '/Users/saladin/Developments/interestory/app'

Import trace for requested module:
./app/page.tsx @ webpack-internal:///(app-pages-browser)/./node_modules/next/dist/next-devtools/shared/forward-logs-shared.js:27
[   35629ms] [WARNING] ./components/stats/StatsClient.tsx
Module not found: Can't resolve 'html-to-image' in '/Users/saladin/Developments/interestory/components/stats'

Import trace for requested module:
./components/stats/StatsClient.tsx @ webpack-internal:///(app-pages-browser)/./node_modules/next/dist/next-devtools/shared/forward-logs-shared.js:27
[   35629ms] [LOG] [Fast Refresh] done in 80ms @ webpack-internal:///(app-pages-browser)/./node_modules/next/dist/next-devtools/shared/forward-logs-shared.js:27
[   35630ms] [LOG] [Fast Refresh] rebuilding @ webpack-internal:///(app-pages-browser)/./node_modules/next/dist/next-devtools/shared/forward-logs-shared.js:27
[   35741ms] [WARNING] ./app/page.tsx
Module not found: Can't resolve 'html-to-image' in '/Users/saladin/Developments/interestory/app'

Import trace for requested module:
./app/page.tsx @ webpack-internal:///(app-pages-browser)/./node_modules/next/dist/next-devtools/shared/forward-logs-shared.js:27
[   35741ms] [WARNING] ./components/stats/StatsClient.tsx
Module not found: Can't resolve 'html-to-image' in '/Users/saladin/Developments/interestory/components/stats'

Import trace for requested module:
./components/stats/StatsClient.tsx @ webpack-internal:///(app-pages-browser)/./node_modules/next/dist/next-devtools/shared/forward-logs-shared.js:27
[   35741ms] [LOG] [Fast Refresh] done in 110ms @ webpack-internal:///(app-pages-browser)/./node_modules/next/dist/next-devtools/shared/forward-logs-shared.js:27
[   35742ms] [LOG] [Fast Refresh] rebuilding @ webpack-internal:///(app-pages-browser)/./node_modules/next/dist/next-devtools/shared/forward-logs-shared.js:27
[   35820ms] [WARNING] ./app/page.tsx
Module not found: Can't resolve 'html-to-image' in '/Users/saladin/Developments/interestory/app'

Import trace for requested module:
./app/page.tsx @ webpack-internal:///(app-pages-browser)/./node_modules/next/dist/next-devtools/shared/forward-logs-shared.js:27
[   35820ms] [WARNING] ./components/stats/StatsClient.tsx
Module not found: Can't resolve 'html-to-image' in '/Users/saladin/Developments/interestory/components/stats'

Import trace for requested module:
./components/stats/StatsClient.tsx @ webpack-internal:///(app-pages-browser)/./node_modules/next/dist/next-devtools/shared/forward-logs-shared.js:27
[   35820ms] [LOG] [Fast Refresh] done in 77ms @ webpack-internal:///(app-pages-browser)/./node_modules/next/dist/next-devtools/shared/forward-logs-shared.js:27
[   35821ms] [LOG] [Fast Refresh] rebuilding @ webpack-internal:///(app-pages-browser)/./node_modules/next/dist/next-devtools/shared/forward-logs-shared.js:27
[   35927ms] [WARNING] ./app/page.tsx
Module not found: Can't resolve 'html-to-image' in '/Users/saladin/Developments/interestory/app'

Import trace for requested module:
./app/page.tsx @ webpack-internal:///(app-pages-browser)/./node_modules/next/dist/next-devtools/shared/forward-logs-shared.js:27
[   35928ms] [WARNING] ./components/stats/StatsClient.tsx
Module not found: Can't resolve 'html-to-image' in '/Users/saladin/Developments/interestory/components/stats'

Import trace for requested module:
./components/stats/StatsClient.tsx @ webpack-internal:///(app-pages-browser)/./node_modules/next/dist/next-devtools/shared/forward-logs-shared.js:27
[   35928ms] [LOG] [Fast Refresh] done in 107ms @ webpack-internal:///(app-pages-browser)/./node_modules/next/dist/next-devtools/shared/forward-logs-shared.js:27
[   35928ms] [LOG] [Fast Refresh] rebuilding @ webpack-internal:///(app-pages-browser)/./node_modules/next/dist/next-devtools/shared/forward-logs-shared.js:27
[   36009ms] [WARNING] ./app/page.tsx
Module not found: Can't resolve 'html-to-image' in '/Users/saladin/Developments/interestory/app'

Import trace for requested module:
./app/page.tsx @ webpack-internal:///(app-pages-browser)/./node_modules/next/dist/next-devtools/shared/forward-logs-shared.js:27
[   36010ms] [WARNING] ./components/stats/StatsClient.tsx
Module not found: Can't resolve 'html-to-image' in '/Users/saladin/Developments/interestory/components/stats'

Import trace for requested module:
./components/stats/StatsClient.tsx @ webpack-internal:///(app-pages-browser)/./node_modules/next/dist/next-devtools/shared/forward-logs-shared.js:27
[   36010ms] [LOG] [Fast Refresh] done in 81ms @ webpack-internal:///(app-pages-browser)/./node_modules/next/dist/next-devtools/shared/forward-logs-shared.js:27
[   36010ms] [LOG] [Fast Refresh] rebuilding @ webpack-internal:///(app-pages-browser)/./node_modules/next/dist/next-devtools/shared/forward-logs-shared.js:27
[   36115ms] [WARNING] ./app/page.tsx
Module not found: Can't resolve 'html-to-image' in '/Users/saladin/Developments/interestory/app'

Import trace for requested module:
./app/page.tsx @ webpack-internal:///(app-pages-browser)/./node_modules/next/dist/next-devtools/shared/forward-logs-shared.js:27
[   36115ms] [WARNING] ./components/stats/StatsClient.tsx
Module not found: Can't resolve 'html-to-image' in '/Users/saladin/Developments/interestory/components/stats'

Import trace for requested module:
./components/stats/StatsClient.tsx @ webpack-internal:///(app-pages-browser)/./node_modules/next/dist/next-devtools/shared/forward-logs-shared.js:27
[   36115ms] [LOG] [Fast Refresh] done in 105ms @ webpack-internal:///(app-pages-browser)/./node_modules/next/dist/next-devtools/shared/forward-logs-shared.js:27
[   36116ms] [LOG] [Fast Refresh] rebuilding @ webpack-internal:///(app-pages-browser)/./node_modules/next/dist/next-devtools/shared/forward-logs-shared.js:27
[   36222ms] [WARNING] ./app/page.tsx
Module not found: Can't resolve 'html-to-image' in '/Users/saladin/Developments/interestory/app'

Import trace for requested module:
./app/page.tsx @ webpack-internal:///(app-pages-browser)/./node_modules/next/dist/next-devtools/shared/forward-logs-shared.js:27
[   36222ms] [WARNING] ./components/stats/StatsClient.tsx
Module not found: Can't resolve 'html-to-image' in '/Users/saladin/Developments/interestory/components/stats'

Import trace for requested module:
./components/stats/StatsClient.tsx @ webpack-internal:///(app-pages-browser)/./node_modules/next/dist/next-devtools/shared/forward-logs-shared.js:27
[   36222ms] [LOG] [Fast Refresh] done in 105ms @ webpack-internal:///(app-pages-browser)/./node_modules/next/dist/next-devtools/shared/forward-logs-shared.js:27
[   36223ms] [LOG] [Fast Refresh] rebuilding @ webpack-internal:///(app-pages-browser)/./node_modules/next/dist/next-devtools/shared/forward-logs-shared.js:27
[   36304ms] [WARNING] ./app/page.tsx
Module not found: Can't resolve 'html-to-image' in '/Users/saladin/Developments/interestory/app'

Import trace for requested module:
./app/page.tsx @ webpack-internal:///(app-pages-browser)/./node_modules/next/dist/next-devtools/shared/forward-logs-shared.js:27
[   36304ms] [WARNING] ./components/stats/StatsClient.tsx
Module not found: Can't resolve 'html-to-image' in '/Users/saladin/Developments/interestory/components/stats'

Import trace for requested module:
./components/stats/StatsClient.tsx @ webpack-internal:///(app-pages-browser)/./node_modules/next/dist/next-devtools/shared/forward-logs-shared.js:27
[   36304ms] [LOG] [Fast Refresh] done in 82ms @ webpack-internal:///(app-pages-browser)/./node_modules/next/dist/next-devtools/shared/forward-logs-shared.js:27
[   36305ms] [LOG] [Fast Refresh] rebuilding @ webpack-internal:///(app-pages-browser)/./node_modules/next/dist/next-devtools/shared/forward-logs-shared.js:27
[   36433ms] [WARNING] ./app/page.tsx
Module not found: Can't resolve 'html-to-image' in '/Users/saladin/Developments/interestory/app'

Import trace for requested module:
./app/page.tsx @ webpack-internal:///(app-pages-browser)/./node_modules/next/dist/next-devtools/shared/forward-logs-shared.js:27
[   36433ms] [WARNING] ./components/stats/StatsClient.tsx
Module not found: Can't resolve 'html-to-image' in '/Users/saladin/Developments/interestory/components/stats'

Import trace for requested module:
./components/stats/StatsClient.tsx @ webpack-internal:///(app-pages-browser)/./node_modules/next/dist/next-devtools/shared/forward-logs-shared.js:27
[   36433ms] [LOG] [Fast Refresh] done in 129ms @ webpack-internal:///(app-pages-browser)/./node_modules/next/dist/next-devtools/shared/forward-logs-shared.js:27
[   36435ms] [LOG] [Fast Refresh] rebuilding @ webpack-internal:///(app-pages-browser)/./node_modules/next/dist/next-devtools/shared/forward-logs-shared.js:27
[   36566ms] [WARNING] ./app/page.tsx
Module not found: Can't resolve 'html-to-image' in '/Users/saladin/Developments/interestory/app'

Import trace for requested module:
./app/page.tsx @ webpack-internal:///(app-pages-browser)/./node_modules/next/dist/next-devtools/shared/forward-logs-shared.js:27
[   36566ms] [WARNING] ./components/stats/StatsClient.tsx
Module not found: Can't resolve 'html-to-image' in '/Users/saladin/Developments/interestory/components/stats'

Import trace for requested module:
./components/stats/StatsClient.tsx @ webpack-internal:///(app-pages-browser)/./node_modules/next/dist/next-devtools/shared/forward-logs-shared.js:27
[   36566ms] [LOG] [Fast Refresh] done in 131ms @ webpack-internal:///(app-pages-browser)/./node_modules/next/dist/next-devtools/shared/forward-logs-shared.js:27
[   36566ms] [LOG] [Fast Refresh] rebuilding @ webpack-internal:///(app-pages-browser)/./node_modules/next/dist/next-devtools/shared/forward-logs-shared.js:27
[   36767ms] [LOG] [Fast Refresh] rebuilding @ webpack-internal:///(app-pages-browser)/./node_modules/next/dist/next-devtools/shared/forward-logs-shared.js:27
[   36767ms] [WARNING] ./app/page.tsx
Module not found: Can't resolve 'html-to-image' in '/Users/saladin/Developments/interestory/app'

Import trace for requested module:
./app/page.tsx @ webpack-internal:///(app-pages-browser)/./node_modules/next/dist/next-devtools/shared/forward-logs-shared.js:27
[   36767ms] [WARNING] ./components/stats/StatsClient.tsx
Module not found: Can't resolve 'html-to-image' in '/Users/saladin/Developments/interestory/components/stats'

Import trace for requested module:
./components/stats/StatsClient.tsx @ webpack-internal:///(app-pages-browser)/./node_modules/next/dist/next-devtools/shared/forward-logs-shared.js:27
[   36767ms] [LOG] [Fast Refresh] done in 0ms @ webpack-internal:///(app-pages-browser)/./node_modules/next/dist/next-devtools/shared/forward-logs-shared.js:27
[   36804ms] [WARNING] ./app/page.tsx
Module not found: Can't resolve 'html-to-image' in '/Users/saladin/Developments/interestory/app'

Import trace for requested module:
./app/page.tsx @ webpack-internal:///(app-pages-browser)/./node_modules/next/dist/next-devtools/shared/forward-logs-shared.js:27
[   36804ms] [WARNING] ./components/stats/StatsClient.tsx
Module not found: Can't resolve 'html-to-image' in '/Users/saladin/Developments/interestory/components/stats'

Import trace for requested module:
./components/stats/StatsClient.tsx @ webpack-internal:///(app-pages-browser)/./node_modules/next/dist/next-devtools/shared/forward-logs-shared.js:27
[   36804ms] [LOG] [Fast Refresh] done in 38ms @ webpack-internal:///(app-pages-browser)/./node_modules/next/dist/next-devtools/shared/forward-logs-shared.js:27
[   36819ms] [LOG] [Fast Refresh] rebuilding @ webpack-internal:///(app-pages-browser)/./node_modules/next/dist/next-devtools/shared/forward-logs-shared.js:27
[   36819ms] [ERROR] Failed to load resource: the server responded with a status of 500 (Internal Server Error) @ http://localhost:3002/fashion?_rsc=1hi87:0
[   36915ms] [WARNING] ./app/page.tsx
Module not found: Can't resolve 'html-to-image' in '/Users/saladin/Developments/interestory/app'

Import trace for requested module:
./app/page.tsx @ webpack-internal:///(app-pages-browser)/./node_modules/next/dist/next-devtools/shared/forward-logs-shared.js:27
[   36915ms] [WARNING] ./components/stats/StatsClient.tsx
Module not found: Can't resolve 'html-to-image' in '/Users/saladin/Developments/interestory/components/stats'

Import trace for requested module:
./components/stats/StatsClient.tsx @ webpack-internal:///(app-pages-browser)/./node_modules/next/dist/next-devtools/shared/forward-logs-shared.js:27
[   36915ms] [LOG] [Fast Refresh] done in 97ms @ webpack-internal:///(app-pages-browser)/./node_modules/next/dist/next-devtools/shared/forward-logs-shared.js:27
[   36916ms] [LOG] [Fast Refresh] rebuilding @ webpack-internal:///(app-pages-browser)/./node_modules/next/dist/next-devtools/shared/forward-logs-shared.js:27
[   36968ms] [WARNING] The resource http://localhost:3002/_next/static/css/app/layout.css?v=1789900525026 was preloaded using link preload but not used within a few seconds from the window's load event. Please make sure it has an appropriate `as` value and it is preloaded intentionally. @ http://localhost:3002/fashion:0
[   36968ms] [WARNING] The resource http://localhost:3002/_next/static/css/app/layout.css?v=1789900523827 was preloaded using link preload but not used within a few seconds from the window's load event. Please make sure it has an appropriate `as` value and it is preloaded intentionally. @ http://localhost:3002/fashion:0
[   36968ms] [WARNING] The resource http://localhost:3002/_next/static/css/app/layout.css?v=1789900523114 was preloaded using link preload but not used within a few seconds from the window's load event. Please make sure it has an appropriate `as` value and it is preloaded intentionally. @ http://localhost:3002/fashion:0
[   36968ms] [WARNING] The resource http://localhost:3002/_next/static/css/app/layout.css?v=1789900524717 was preloaded using link preload but not used within a few seconds from the window's load event. Please make sure it has an appropriate `as` value and it is preloaded intentionally. @ http://localhost:3002/fashion:0
[   36968ms] [WARNING] The resource http://localhost:3002/_next/static/css/app/layout.css?v=1789900524875 was preloaded using link preload but not used within a few seconds from the window's load event. Please make sure it has an appropriate `as` value and it is preloaded intentionally. @ http://localhost:3002/fashion:0
[   36968ms] [WARNING] The resource http://localhost:3002/_next/static/css/app/layout.css?v=1789900524387 was preloaded using link preload but not used within a few seconds from the window's load event. Please make sure it has an appropriate `as` value and it is preloaded intentionally. @ http://localhost:3002/fashion:0
[   36968ms] [WARNING] The resource http://localhost:3002/_next/static/css/app/layout.css?v=1789900523456 was preloaded using link preload but not used within a few seconds from the window's load event. Please make sure it has an appropriate `as` value and it is preloaded intentionally. @ http://localhost:3002/fashion:0
[   36968ms] [WARNING] The resource http://localhost:3002/_next/static/css/app/layout.css?v=1789900524539 was preloaded using link preload but not used within a few seconds from the window's load event. Please make sure it has an appropriate `as` value and it is preloaded intentionally. @ http://localhost:3002/fashion:0
[   36968ms] [WARNING] The resource http://localhost:3002/_next/static/media/7d4881bb7e1bf84d-s.p.woff2?v=1789900520060 was preloaded using link preload but not used within a few seconds from the window's load event. Please make sure it has an appropriate `as` value and it is preloaded intentionally. @ http://localhost:3002/fashion:0
[   36968ms] [WARNING] The resource http://localhost:3002/_next/static/css/app/layout.css?v=1789900523266 was preloaded using link preload but not used within a few seconds from the window's load event. Please make sure it has an appropriate `as` value and it is preloaded intentionally. @ http://localhost:3002/fashion:0
[   36968ms] [WARNING] The resource http://localhost:3002/_next/static/css/app/layout.css?v=1789900522924 was preloaded using link preload but not used within a few seconds from the window's load event. Please make sure it has an appropriate `as` value and it is preloaded intentionally. @ http://localhost:3002/fashion:0
[   36968ms] [WARNING] The resource http://localhost:3002/_next/static/css/app/layout.css?v=1789900522522 was preloaded using link preload but not used within a few seconds from the window's load event. Please make sure it has an appropriate `as` value and it is preloaded intentionally. @ http://localhost:3002/fashion:0
[   36968ms] [WARNING] The resource http://localhost:3002/_next/static/css/app/layout.css?v=1789900524201 was preloaded using link preload but not used within a few seconds from the window's load event. Please make sure it has an appropriate `as` value and it is preloaded intentionally. @ http://localhost:3002/fashion:0
[   36968ms] [WARNING] The resource http://localhost:3002/_next/static/css/app/layout.css?v=1789900523630 was preloaded using link preload but not used within a few seconds from the window's load event. Please make sure it has an appropriate `as` value and it is preloaded intentionally. @ http://localhost:3002/fashion:0
[   36968ms] [WARNING] The resource http://localhost:3002/_next/static/css/app/layout.css?v=1789900522761 was preloaded using link preload but not used within a few seconds from the window's load event. Please make sure it has an appropriate `as` value and it is preloaded intentionally. @ http://localhost:3002/fashion:0
[   36968ms] [WARNING] The resource http://localhost:3002/_next/static/css/app/layout.css?v=1789900523975 was preloaded using link preload but not used within a few seconds from the window's load event. Please make sure it has an appropriate `as` value and it is preloaded intentionally. @ http://localhost:3002/fashion:0
[   36968ms] [WARNING] The resource http://localhost:3002/_next/static/media/22a5144ee8d83bca-s.p.woff2?v=1789900520060 was preloaded using link preload but not used within a few seconds from the window's load event. Please make sure it has an appropriate `as` value and it is preloaded intentionally. @ http://localhost:3002/fashion:0
[   36968ms] [WARNING] The resource http://localhost:3002/_next/static/css/app/layout.css?v=1789900522315 was preloaded using link preload but not used within a few seconds from the window's load event. Please make sure it has an appropriate `as` value and it is preloaded intentionally. @ http://localhost:3002/fashion:0
[   37057ms] [WARNING] ./app/page.tsx
Module not found: Can't resolve 'html-to-image' in '/Users/saladin/Developments/interestory/app'

Import trace for requested module:
./app/page.tsx @ webpack-internal:///(app-pages-browser)/./node_modules/next/dist/next-devtools/shared/forward-logs-shared.js:27
[   37057ms] [WARNING] ./components/stats/StatsClient.tsx
Module not found: Can't resolve 'html-to-image' in '/Users/saladin/Developments/interestory/components/stats'

Import trace for requested module:
./components/stats/StatsClient.tsx @ webpack-internal:///(app-pages-browser)/./node_modules/next/dist/next-devtools/shared/forward-logs-shared.js:27
[   37057ms] [LOG] [Fast Refresh] done in 140ms @ webpack-internal:///(app-pages-browser)/./node_modules/next/dist/next-devtools/shared/forward-logs-shared.js:27
[   37058ms] [LOG] [Fast Refresh] rebuilding @ webpack-internal:///(app-pages-browser)/./node_modules/next/dist/next-devtools/shared/forward-logs-shared.js:27
[   37148ms] [WARNING] ./app/page.tsx
Module not found: Can't resolve 'html-to-image' in '/Users/saladin/Developments/interestory/app'

Import trace for requested module:
./app/page.tsx @ webpack-internal:///(app-pages-browser)/./node_modules/next/dist/next-devtools/shared/forward-logs-shared.js:27
[   37148ms] [WARNING] ./components/stats/StatsClient.tsx
Module not found: Can't resolve 'html-to-image' in '/Users/saladin/Developments/interestory/components/stats'

Import trace for requested module:
./components/stats/StatsClient.tsx @ webpack-internal:///(app-pages-browser)/./node_modules/next/dist/next-devtools/shared/forward-logs-shared.js:27
[   37148ms] [LOG] [Fast Refresh] done in 90ms @ webpack-internal:///(app-pages-browser)/./node_modules/next/dist/next-devtools/shared/forward-logs-shared.js:27
[   37149ms] [LOG] [Fast Refresh] rebuilding @ webpack-internal:///(app-pages-browser)/./node_modules/next/dist/next-devtools/shared/forward-logs-shared.js:27
[   37303ms] [WARNING] ./app/page.tsx
Module not found: Can't resolve 'html-to-image' in '/Users/saladin/Developments/interestory/app'

Import trace for requested module:
./app/page.tsx @ webpack-internal:///(app-pages-browser)/./node_modules/next/dist/next-devtools/shared/forward-logs-shared.js:27
[   37303ms] [WARNING] ./components/stats/StatsClient.tsx
Module not found: Can't resolve 'html-to-image' in '/Users/saladin/Developments/interestory/components/stats'

Import trace for requested module:
./components/stats/StatsClient.tsx @ webpack-internal:///(app-pages-browser)/./node_modules/next/dist/next-devtools/shared/forward-logs-shared.js:27
[   37303ms] [LOG] [Fast Refresh] done in 155ms @ webpack-internal:///(app-pages-browser)/./node_modules/next/dist/next-devtools/shared/forward-logs-shared.js:27
[   37304ms] [LOG] [Fast Refresh] rebuilding @ webpack-internal:///(app-pages-browser)/./node_modules/next/dist/next-devtools/shared/forward-logs-shared.js:27
[   37422ms] [WARNING] ./app/page.tsx
Module not found: Can't resolve 'html-to-image' in '/Users/saladin/Developments/interestory/app'

Import trace for requested module:
./app/page.tsx @ webpack-internal:///(app-pages-browser)/./node_modules/next/dist/next-devtools/shared/forward-logs-shared.js:27
[   37422ms] [WARNING] ./components/stats/StatsClient.tsx
Module not found: Can't resolve 'html-to-image' in '/Users/saladin/Developments/interestory/components/stats'

Import trace for requested module:
./components/stats/StatsClient.tsx @ webpack-internal:///(app-pages-browser)/./node_modules/next/dist/next-devtools/shared/forward-logs-shared.js:27
[   37422ms] [LOG] [Fast Refresh] done in 118ms @ webpack-internal:///(app-pages-browser)/./node_modules/next/dist/next-devtools/shared/forward-logs-shared.js:27
[   37423ms] [LOG] [Fast Refresh] rebuilding @ webpack-internal:///(app-pages-browser)/./node_modules/next/dist/next-devtools/shared/forward-logs-shared.js:27
[   37515ms] [WARNING] ./app/page.tsx
Module not found: Can't resolve 'html-to-image' in '/Users/saladin/Developments/interestory/app'

Import trace for requested module:
./app/page.tsx @ webpack-internal:///(app-pages-browser)/./node_modules/next/dist/next-devtools/shared/forward-logs-shared.js:27
[   37515ms] [WARNING] ./components/stats/StatsClient.tsx
Module not found: Can't resolve 'html-to-image' in '/Users/saladin/Developments/interestory/components/stats'

Import trace for requested module:
./components/stats/StatsClient.tsx @ webpack-internal:///(app-pages-browser)/./node_modules/next/dist/next-devtools/shared/forward-logs-shared.js:27
[   37515ms] [LOG] [Fast Refresh] done in 93ms @ webpack-internal:///(app-pages-browser)/./node_modules/next/dist/next-devtools/shared/forward-logs-shared.js:27
[   37516ms] [LOG] [Fast Refresh] rebuilding @ webpack-internal:///(app-pages-browser)/./node_modules/next/dist/next-devtools/shared/forward-logs-shared.js:27
[   37626ms] [WARNING] ./app/page.tsx
Module not found: Can't resolve 'html-to-image' in '/Users/saladin/Developments/interestory/app'

Import trace for requested module:
./app/page.tsx @ webpack-internal:///(app-pages-browser)/./node_modules/next/dist/next-devtools/shared/forward-logs-shared.js:27
[   37626ms] [WARNING] ./components/stats/StatsClient.tsx
Module not found: Can't resolve 'html-to-image' in '/Users/saladin/Developments/interestory/components/stats'

Import trace for requested module:
./components/stats/StatsClient.tsx @ webpack-internal:///(app-pages-browser)/./node_modules/next/dist/next-devtools/shared/forward-logs-shared.js:27
[   37626ms] [LOG] [Fast Refresh] done in 110ms @ webpack-internal:///(app-pages-browser)/./node_modules/next/dist/next-devtools/shared/forward-logs-shared.js:27
[   37627ms] [LOG] [Fast Refresh] rebuilding @ webpack-internal:///(app-pages-browser)/./node_modules/next/dist/next-devtools/shared/forward-logs-shared.js:27
[   37740ms] [WARNING] ./app/page.tsx
Module not found: Can't resolve 'html-to-image' in '/Users/saladin/Developments/interestory/app'

Import trace for requested module:
./app/page.tsx @ webpack-internal:///(app-pages-browser)/./node_modules/next/dist/next-devtools/shared/forward-logs-shared.js:27
[   37741ms] [WARNING] ./components/stats/StatsClient.tsx
Module not found: Can't resolve 'html-to-image' in '/Users/saladin/Developments/interestory/components/stats'

Import trace for requested module:
./components/stats/StatsClient.tsx @ webpack-internal:///(app-pages-browser)/./node_modules/next/dist/next-devtools/shared/forward-logs-shared.js:27
[   37741ms] [LOG] [Fast Refresh] done in 113ms @ webpack-internal:///(app-pages-browser)/./node_modules/next/dist/next-devtools/shared/forward-logs-shared.js:27
[   37742ms] [LOG] [Fast Refresh] rebuilding @ webpack-internal:///(app-pages-browser)/./node_modules/next/dist/next-devtools/shared/forward-logs-shared.js:27
[   37824ms] [WARNING] ./app/page.tsx
Module not found: Can't resolve 'html-to-image' in '/Users/saladin/Developments/interestory/app'

Import trace for requested module:
./app/page.tsx @ webpack-internal:///(app-pages-browser)/./node_modules/next/dist/next-devtools/shared/forward-logs-shared.js:27
[   37824ms] [WARNING] ./components/stats/StatsClient.tsx
Module not found: Can't resolve 'html-to-image' in '/Users/saladin/Developments/interestory/components/stats'

Import trace for requested module:
./components/stats/StatsClient.tsx @ webpack-internal:///(app-pages-browser)/./node_modules/next/dist/next-devtools/shared/forward-logs-shared.js:27
[   37825ms] [LOG] [Fast Refresh] done in 83ms @ webpack-internal:///(app-pages-browser)/./node_modules/next/dist/next-devtools/shared/forward-logs-shared.js:27
[   37825ms] [LOG] [Fast Refresh] rebuilding @ webpack-internal:///(app-pages-browser)/./node_modules/next/dist/next-devtools/shared/forward-logs-shared.js:27
[   37937ms] [WARNING] ./app/page.tsx
Module not found: Can't resolve 'html-to-image' in '/Users/saladin/Developments/interestory/app'

Import trace for requested module:
./app/page.tsx @ webpack-internal:///(app-pages-browser)/./node_modules/next/dist/next-devtools/shared/forward-logs-shared.js:27
[   37937ms] [WARNING] ./components/stats/StatsClient.tsx
Module not found: Can't resolve 'html-to-image' in '/Users/saladin/Developments/interestory/components/stats'

Import trace for requested module:
./components/stats/StatsClient.tsx @ webpack-internal:///(app-pages-browser)/./node_modules/next/dist/next-devtools/shared/forward-logs-shared.js:27
[   37937ms] [LOG] [Fast Refresh] done in 112ms @ webpack-internal:///(app-pages-browser)/./node_modules/next/dist/next-devtools/shared/forward-logs-shared.js:27
[   37939ms] [LOG] [Fast Refresh] rebuilding @ webpack-internal:///(app-pages-browser)/./node_modules/next/dist/next-devtools/shared/forward-logs-shared.js:27
[   38024ms] [WARNING] ./app/page.tsx
Module not found: Can't resolve 'html-to-image' in '/Users/saladin/Developments/interestory/app'

Import trace for requested module:
./app/page.tsx @ webpack-internal:///(app-pages-browser)/./node_modules/next/dist/next-devtools/shared/forward-logs-shared.js:27
[   38024ms] [WARNING] ./components/stats/StatsClient.tsx
Module not found: Can't resolve 'html-to-image' in '/Users/saladin/Developments/interestory/components/stats'

Import trace for requested module:
./components/stats/StatsClient.tsx @ webpack-internal:///(app-pages-browser)/./node_modules/next/dist/next-devtools/shared/forward-logs-shared.js:27
[   38024ms] [LOG] [Fast Refresh] done in 86ms @ webpack-internal:///(app-pages-browser)/./node_modules/next/dist/next-devtools/shared/forward-logs-shared.js:27
[   38025ms] [LOG] [Fast Refresh] rebuilding @ webpack-internal:///(app-pages-browser)/./node_modules/next/dist/next-devtools/shared/forward-logs-shared.js:27
[   38562ms] [INFO] %cDownload the React DevTools for a better development experience: https://react.dev/link/react-devtools font-weight:bold @ webpack-internal:///(app-pages-browser)/./node_modules/next/dist/next-devtools/shared/forward-logs-shared.js:27
[   38575ms] [LOG] [HMR] connected @ webpack-internal:///(app-pages-browser)/./node_modules/next/dist/next-devtools/shared/forward-logs-shared.js:27
[   38576ms] [WARNING] ./app/page.tsx
Module not found: Can't resolve 'html-to-image' in '/Users/saladin/Developments/interestory/app' @ webpack-internal:///(app-pages-browser)/./node_modules/next/dist/next-devtools/shared/forward-logs-shared.js:27
[   38576ms] [WARNING] ./components/stats/StatsClient.tsx
Module not found: Can't resolve 'html-to-image' in '/Users/saladin/Developments/interestory/components/stats' @ webpack-internal:///(app-pages-browser)/./node_modules/next/dist/next-devtools/shared/forward-logs-shared.js:27
[   38593ms] [LOG] [Fast Refresh] rebuilding @ webpack-internal:///(app-pages-browser)/./node_modules/next/dist/next-devtools/shared/forward-logs-shared.js:27
[   38683ms] [WARNING] ./app/page.tsx
Module not found: Can't resolve 'html-to-image' in '/Users/saladin/Developments/interestory/app'

Import trace for requested module:
./app/page.tsx @ webpack-internal:///(app-pages-browser)/./node_modules/next/dist/next-devtools/shared/forward-logs-shared.js:27
[   38683ms] [WARNING] ./components/stats/StatsClient.tsx
Module not found: Can't resolve 'html-to-image' in '/Users/saladin/Developments/interestory/components/stats'

Import trace for requested module:
./components/stats/StatsClient.tsx @ webpack-internal:///(app-pages-browser)/./node_modules/next/dist/next-devtools/shared/forward-logs-shared.js:27
[   38683ms] [LOG] [Fast Refresh] rebuilding @ webpack-internal:///(app-pages-browser)/./node_modules/next/dist/next-devtools/shared/forward-logs-shared.js:27
[   38756ms] [LOG] [Fast Refresh] done in 73ms @ webpack-internal:///(app-pages-browser)/./node_modules/next/dist/next-devtools/shared/forward-logs-shared.js:27
[   38783ms] [WARNING] ./app/page.tsx
Module not found: Can't resolve 'html-to-image' in '/Users/saladin/Developments/interestory/app'

Import trace for requested module:
./app/page.tsx @ webpack-internal:///(app-pages-browser)/./node_modules/next/dist/next-devtools/shared/forward-logs-shared.js:27
[   38783ms] [WARNING] ./components/stats/StatsClient.tsx
Module not found: Can't resolve 'html-to-image' in '/Users/saladin/Developments/interestory/components/stats'

Import trace for requested module:
./components/stats/StatsClient.tsx @ webpack-internal:///(app-pages-browser)/./node_modules/next/dist/next-devtools/shared/forward-logs-shared.js:27
[   38784ms] [LOG] [Fast Refresh] rebuilding @ webpack-internal:///(app-pages-browser)/./node_modules/next/dist/next-devtools/shared/forward-logs-shared.js:27
[   38787ms] [LOG] [Fast Refresh] done in 3ms @ webpack-internal:///(app-pages-browser)/./node_modules/next/dist/next-devtools/shared/forward-logs-shared.js:27
[   38901ms] [WARNING] ./app/page.tsx
Module not found: Can't resolve 'html-to-image' in '/Users/saladin/Developments/interestory/app'

Import trace for requested module:
./app/page.tsx @ webpack-internal:///(app-pages-browser)/./node_modules/next/dist/next-devtools/shared/forward-logs-shared.js:27
[   38901ms] [WARNING] ./components/stats/StatsClient.tsx
Module not found: Can't resolve 'html-to-image' in '/Users/saladin/Developments/interestory/components/stats'

Import trace for requested module:
./components/stats/StatsClient.tsx @ webpack-internal:///(app-pages-browser)/./node_modules/next/dist/next-devtools/shared/forward-logs-shared.js:27
[   38902ms] [LOG] [Fast Refresh] rebuilding @ webpack-internal:///(app-pages-browser)/./node_modules/next/dist/next-devtools/shared/forward-logs-shared.js:27
[   38907ms] [LOG] [Fast Refresh] done in 4ms @ webpack-internal:///(app-pages-browser)/./node_modules/next/dist/next-devtools/shared/forward-logs-shared.js:27
[   38987ms] [WARNING] ./app/page.tsx
Module not found: Can't resolve 'html-to-image' in '/Users/saladin/Developments/interestory/app'

Import trace for requested module:
./app/page.tsx @ webpack-internal:///(app-pages-browser)/./node_modules/next/dist/next-devtools/shared/forward-logs-shared.js:27
[   38987ms] [WARNING] ./components/stats/StatsClient.tsx
Module not found: Can't resolve 'html-to-image' in '/Users/saladin/Developments/interestory/components/stats'

Import trace for requested module:
./components/stats/StatsClient.tsx @ webpack-internal:///(app-pages-browser)/./node_modules/next/dist/next-devtools/shared/forward-logs-shared.js:27
[   38988ms] [LOG] [Fast Refresh] rebuilding @ webpack-internal:///(app-pages-browser)/./node_modules/next/dist/next-devtools/shared/forward-logs-shared.js:27
[   39020ms] [LOG] [Fast Refresh] done in 32ms @ webpack-internal:///(app-pages-browser)/./node_modules/next/dist/next-devtools/shared/forward-logs-shared.js:27
[   39269ms] [ERROR] Failed to load resource: net::ERR_BLOCKED_BY_RESPONSE.NotSameOrigin @ https://www.uspatriottactical.com/photos/styles/UA3637_TAN_2.JPG:0
[   39278ms] [WARNING] ./app/page.tsx
Module not found: Can't resolve 'html-to-image' in '/Users/saladin/Developments/interestory/app'

Import trace for requested module:
./app/page.tsx @ webpack-internal:///(app-pages-browser)/./node_modules/next/dist/next-devtools/shared/forward-logs-shared.js:27
[   39278ms] [WARNING] ./components/stats/StatsClient.tsx
Module not found: Can't resolve 'html-to-image' in '/Users/saladin/Developments/interestory/components/stats'

Import trace for requested module:
./components/stats/StatsClient.tsx @ webpack-internal:///(app-pages-browser)/./node_modules/next/dist/next-devtools/shared/forward-logs-shared.js:27
[   39278ms] [LOG] [Fast Refresh] rebuilding @ webpack-internal:///(app-pages-browser)/./node_modules/next/dist/next-devtools/shared/forward-logs-shared.js:27
[   39279ms] [WARNING] ./app/page.tsx
Module not found: Can't resolve 'html-to-image' in '/Users/saladin/Developments/interestory/app'

Import trace for requested module:
./app/page.tsx @ webpack-internal:///(app-pages-browser)/./node_modules/next/dist/next-devtools/shared/forward-logs-shared.js:27
[   39279ms] [WARNING] ./components/stats/StatsClient.tsx
Module not found: Can't resolve 'html-to-image' in '/Users/saladin/Developments/interestory/components/stats'

Import trace for requested module:
./components/stats/StatsClient.tsx @ webpack-internal:///(app-pages-browser)/./node_modules/next/dist/next-devtools/shared/forward-logs-shared.js:27
[   39280ms] [LOG] [Fast Refresh] done in 2ms @ webpack-internal:///(app-pages-browser)/./node_modules/next/dist/next-devtools/shared/forward-logs-shared.js:27
[   39284ms] [LOG] [Fast Refresh] rebuilding @ webpack-internal:///(app-pages-browser)/./node_modules/next/dist/next-devtools/shared/forward-logs-shared.js:27
[   39367ms] [LOG] [Fast Refresh] done in 83ms @ webpack-internal:///(app-pages-browser)/./node_modules/next/dist/next-devtools/shared/forward-logs-shared.js:27
[   39400ms] [WARNING] ./app/page.tsx
Module not found: Can't resolve 'html-to-image' in '/Users/saladin/Developments/interestory/app'

Import trace for requested module:
./app/page.tsx @ webpack-internal:///(app-pages-browser)/./node_modules/next/dist/next-devtools/shared/forward-logs-shared.js:27
[   39400ms] [WARNING] ./components/stats/StatsClient.tsx
Module not found: Can't resolve 'html-to-image' in '/Users/saladin/Developments/interestory/components/stats'

Import trace for requested module:
./components/stats/StatsClient.tsx @ webpack-internal:///(app-pages-browser)/./node_modules/next/dist/next-devtools/shared/forward-logs-shared.js:27
[   39401ms] [LOG] [Fast Refresh] rebuilding @ webpack-internal:///(app-pages-browser)/./node_modules/next/dist/next-devtools/shared/forward-logs-shared.js:27
[   39404ms] [LOG] [Fast Refresh] done in 3ms @ webpack-internal:///(app-pages-browser)/./node_modules/next/dist/next-devtools/shared/forward-logs-shared.js:27
[   39481ms] [WARNING] ./app/page.tsx
Module not found: Can't resolve 'html-to-image' in '/Users/saladin/Developments/interestory/app'

Import trace for requested module:
./app/page.tsx @ webpack-internal:///(app-pages-browser)/./node_modules/next/dist/next-devtools/shared/forward-logs-shared.js:27
[   39482ms] [WARNING] ./components/stats/StatsClient.tsx
Module not found: Can't resolve 'html-to-image' in '/Users/saladin/Developments/interestory/components/stats'

Import trace for requested module:
./components/stats/StatsClient.tsx @ webpack-internal:///(app-pages-browser)/./node_modules/next/dist/next-devtools/shared/forward-logs-shared.js:27
[   39483ms] [LOG] [Fast Refresh] rebuilding @ webpack-internal:///(app-pages-browser)/./node_modules/next/dist/next-devtools/shared/forward-logs-shared.js:27
[   39518ms] [LOG] [Fast Refresh] done in 36ms @ webpack-internal:///(app-pages-browser)/./node_modules/next/dist/next-devtools/shared/forward-logs-shared.js:27
[   39591ms] [WARNING] ./app/page.tsx
Module not found: Can't resolve 'html-to-image' in '/Users/saladin/Developments/interestory/app'

Import trace for requested module:
./app/page.tsx @ webpack-internal:///(app-pages-browser)/./node_modules/next/dist/next-devtools/shared/forward-logs-shared.js:27
[   39591ms] [WARNING] ./components/stats/StatsClient.tsx
Module not found: Can't resolve 'html-to-image' in '/Users/saladin/Developments/interestory/components/stats'

Import trace for requested module:
./components/stats/StatsClient.tsx @ webpack-internal:///(app-pages-browser)/./node_modules/next/dist/next-devtools/shared/forward-logs-shared.js:27
[   39592ms] [LOG] [Fast Refresh] rebuilding @ webpack-internal:///(app-pages-browser)/./node_modules/next/dist/next-devtools/shared/forward-logs-shared.js:27
[   39601ms] [LOG] [Fast Refresh] done in 8ms @ webpack-internal:///(app-pages-browser)/./node_modules/next/dist/next-devtools/shared/forward-logs-shared.js:27
[   39702ms] [WARNING] ./app/page.tsx
Module not found: Can't resolve 'html-to-image' in '/Users/saladin/Developments/interestory/app'

Import trace for requested module:
./app/page.tsx @ webpack-internal:///(app-pages-browser)/./node_modules/next/dist/next-devtools/shared/forward-logs-shared.js:27
[   39702ms] [WARNING] ./components/stats/StatsClient.tsx
Module not found: Can't resolve 'html-to-image' in '/Users/saladin/Developments/interestory/components/stats'

Import trace for requested module:
./components/stats/StatsClient.tsx @ webpack-internal:///(app-pages-browser)/./node_modules/next/dist/next-devtools/shared/forward-logs-shared.js:27
[   39703ms] [LOG] [Fast Refresh] rebuilding @ webpack-internal:///(app-pages-browser)/./node_modules/next/dist/next-devtools/shared/forward-logs-shared.js:27
[   39707ms] [LOG] [Fast Refresh] done in 3ms @ webpack-internal:///(app-pages-browser)/./node_modules/next/dist/next-devtools/shared/forward-logs-shared.js:27
[   39795ms] [WARNING] ./app/page.tsx
Module not found: Can't resolve 'html-to-image' in '/Users/saladin/Developments/interestory/app'

Import trace for requested module:
./app/page.tsx @ webpack-internal:///(app-pages-browser)/./node_modules/next/dist/next-devtools/shared/forward-logs-shared.js:27
[   39795ms] [WARNING] ./components/stats/StatsClient.tsx
Module not found: Can't resolve 'html-to-image' in '/Users/saladin/Developments/interestory/components/stats'

Import trace for requested module:
./components/stats/StatsClient.tsx @ webpack-internal:///(app-pages-browser)/./node_modules/next/dist/next-devtools/shared/forward-logs-shared.js:27
[   39796ms] [LOG] [Fast Refresh] rebuilding @ webpack-internal:///(app-pages-browser)/./node_modules/next/dist/next-devtools/shared/forward-logs-shared.js:27
[   39881ms] [LOG] [Fast Refresh] done in 84ms @ webpack-internal:///(app-pages-browser)/./node_modules/next/dist/next-devtools/shared/forward-logs-shared.js:27
[   39907ms] [WARNING] ./app/page.tsx
Module not found: Can't resolve 'html-to-image' in '/Users/saladin/Developments/interestory/app'

Import trace for requested module:
./app/page.tsx @ webpack-internal:///(app-pages-browser)/./node_modules/next/dist/next-devtools/shared/forward-logs-shared.js:27
[   39907ms] [WARNING] ./components/stats/StatsClient.tsx
Module not found: Can't resolve 'html-to-image' in '/Users/saladin/Developments/interestory/components/stats'

Import trace for requested module:
./components/stats/StatsClient.tsx @ webpack-internal:///(app-pages-browser)/./node_modules/next/dist/next-devtools/shared/forward-logs-shared.js:27
[   39909ms] [LOG] [Fast Refresh] rebuilding @ webpack-internal:///(app-pages-browser)/./node_modules/next/dist/next-devtools/shared/forward-logs-shared.js:27
[   39919ms] [LOG] [Fast Refresh] done in 11ms @ webpack-internal:///(app-pages-browser)/./node_modules/next/dist/next-devtools/shared/forward-logs-shared.js:27
[   40103ms] [WARNING] ./app/page.tsx
Module not found: Can't resolve 'html-to-image' in '/Users/saladin/Developments/interestory/app'

Import trace for requested module:
./app/page.tsx @ webpack-internal:///(app-pages-browser)/./node_modules/next/dist/next-devtools/shared/forward-logs-shared.js:27
[   40103ms] [WARNING] ./components/stats/StatsClient.tsx
Module not found: Can't resolve 'html-to-image' in '/Users/saladin/Developments/interestory/components/stats'

Import trace for requested module:
./components/stats/StatsClient.tsx @ webpack-internal:///(app-pages-browser)/./node_modules/next/dist/next-devtools/shared/forward-logs-shared.js:27
[   40107ms] [LOG] [Fast Refresh] rebuilding @ webpack-internal:///(app-pages-browser)/./node_modules/next/dist/next-devtools/shared/forward-logs-shared.js:27
[   40140ms] [LOG] [Fast Refresh] done in 33ms @ webpack-internal:///(app-pages-browser)/./node_modules/next/dist/next-devtools/shared/forward-logs-shared.js:27
[   40310ms] [WARNING] ./app/page.tsx
Module not found: Can't resolve 'html-to-image' in '/Users/saladin/Developments/interestory/app'

Import trace for requested module:
./app/page.tsx @ webpack-internal:///(app-pages-browser)/./node_modules/next/dist/next-devtools/shared/forward-logs-shared.js:27
[   40310ms] [WARNING] ./components/stats/StatsClient.tsx
Module not found: Can't resolve 'html-to-image' in '/Users/saladin/Developments/interestory/components/stats'

Import trace for requested module:
./components/stats/StatsClient.tsx @ webpack-internal:///(app-pages-browser)/./node_modules/next/dist/next-devtools/shared/forward-logs-shared.js:27
[   40312ms] [LOG] [Fast Refresh] rebuilding @ webpack-internal:///(app-pages-browser)/./node_modules/next/dist/next-devtools/shared/forward-logs-shared.js:27
[   40325ms] [LOG] [Fast Refresh] done in 12ms @ webpack-internal:///(app-pages-browser)/./node_modules/next/dist/next-devtools/shared/forward-logs-shared.js:27
[   40448ms] [WARNING] ./app/page.tsx
Module not found: Can't resolve 'html-to-image' in '/Users/saladin/Developments/interestory/app'

Import trace for requested module:
./app/page.tsx @ webpack-internal:///(app-pages-browser)/./node_modules/next/dist/next-devtools/shared/forward-logs-shared.js:27
[   40448ms] [WARNING] ./components/stats/StatsClient.tsx
Module not found: Can't resolve 'html-to-image' in '/Users/saladin/Developments/interestory/components/stats'

Import trace for requested module:
./components/stats/StatsClient.tsx @ webpack-internal:///(app-pages-browser)/./node_modules/next/dist/next-devtools/shared/forward-logs-shared.js:27
[   40449ms] [LOG] [Fast Refresh] rebuilding @ webpack-internal:///(app-pages-browser)/./node_modules/next/dist/next-devtools/shared/forward-logs-shared.js:27
[   40454ms] [LOG] [Fast Refresh] done in 4ms @ webpack-internal:///(app-pages-browser)/./node_modules/next/dist/next-devtools/shared/forward-logs-shared.js:27
[   40684ms] [WARNING] ./app/page.tsx
Module not found: Can't resolve 'html-to-image' in '/Users/saladin/Developments/interestory/app'

Import trace for requested module:
./app/page.tsx @ webpack-internal:///(app-pages-browser)/./node_modules/next/dist/next-devtools/shared/forward-logs-shared.js:27
[   40685ms] [WARNING] ./components/stats/StatsClient.tsx
Module not found: Can't resolve 'html-to-image' in '/Users/saladin/Developments/interestory/components/stats'

Import trace for requested module:
./components/stats/StatsClient.tsx @ webpack-internal:///(app-pages-browser)/./node_modules/next/dist/next-devtools/shared/forward-logs-shared.js:27
[   40685ms] [LOG] [Fast Refresh] rebuilding @ webpack-internal:///(app-pages-browser)/./node_modules/next/dist/next-devtools/shared/forward-logs-shared.js:27
[   40706ms] [LOG] [Fast Refresh] done in 22ms @ webpack-internal:///(app-pages-browser)/./node_modules/next/dist/next-devtools/shared/forward-logs-shared.js:27
[   40878ms] [LOG] [Fast Refresh] rebuilding @ webpack-internal:///(app-pages-browser)/./node_modules/next/dist/next-devtools/shared/forward-logs-shared.js:27
[   40878ms] [WARNING] ./app/page.tsx
Module not found: Can't resolve 'html-to-image' in '/Users/saladin/Developments/interestory/app'

Import trace for requested module:
./app/page.tsx @ webpack-internal:///(app-pages-browser)/./node_modules/next/dist/next-devtools/shared/forward-logs-shared.js:27
[   40878ms] [WARNING] ./components/stats/StatsClient.tsx
Module not found: Can't resolve 'html-to-image' in '/Users/saladin/Developments/interestory/components/stats'

Import trace for requested module:
./components/stats/StatsClient.tsx @ webpack-internal:///(app-pages-browser)/./node_modules/next/dist/next-devtools/shared/forward-logs-shared.js:27
[   40923ms] [WARNING] ./app/page.tsx
Module not found: Can't resolve 'html-to-image' in '/Users/saladin/Developments/interestory/app'

Import trace for requested module:
./app/page.tsx @ webpack-internal:///(app-pages-browser)/./node_modules/next/dist/next-devtools/shared/forward-logs-shared.js:27
[   40923ms] [WARNING] ./components/stats/StatsClient.tsx
Module not found: Can't resolve 'html-to-image' in '/Users/saladin/Developments/interestory/components/stats'

Import trace for requested module:
./components/stats/StatsClient.tsx @ webpack-internal:///(app-pages-browser)/./node_modules/next/dist/next-devtools/shared/forward-logs-shared.js:27
[   40923ms] [LOG] [Fast Refresh] done in 45ms @ webpack-internal:///(app-pages-browser)/./node_modules/next/dist/next-devtools/shared/forward-logs-shared.js:27
[   40936ms] [ERROR] Failed to load resource: the server responded with a status of 500 (Internal Server Error) @ http://localhost:3002/fashion?_rsc=1hi87:0
[   40936ms] [LOG] [Fast Refresh] rebuilding @ webpack-internal:///(app-pages-browser)/./node_modules/next/dist/next-devtools/shared/forward-logs-shared.js:27
[   40959ms] [LOG] [Fast Refresh] done in 22ms @ webpack-internal:///(app-pages-browser)/./node_modules/next/dist/next-devtools/shared/forward-logs-shared.js:27
[   41044ms] [WARNING] ./app/page.tsx
Module not found: Can't resolve 'html-to-image' in '/Users/saladin/Developments/interestory/app'

Import trace for requested module:
./app/page.tsx @ webpack-internal:///(app-pages-browser)/./node_modules/next/dist/next-devtools/shared/forward-logs-shared.js:27
[   41044ms] [WARNING] ./components/stats/StatsClient.tsx
Module not found: Can't resolve 'html-to-image' in '/Users/saladin/Developments/interestory/components/stats'

Import trace for requested module:
./components/stats/StatsClient.tsx @ webpack-internal:///(app-pages-browser)/./node_modules/next/dist/next-devtools/shared/forward-logs-shared.js:27
[   41046ms] [LOG] [Fast Refresh] rebuilding @ webpack-internal:///(app-pages-browser)/./node_modules/next/dist/next-devtools/shared/forward-logs-shared.js:27
[   41229ms] [LOG] [Fast Refresh] done in 183ms @ webpack-internal:///(app-pages-browser)/./node_modules/next/dist/next-devtools/shared/forward-logs-shared.js:27
[   41231ms] [WARNING] ./app/page.tsx
Module not found: Can't resolve 'html-to-image' in '/Users/saladin/Developments/interestory/app'

Import trace for requested module:
./app/page.tsx @ webpack-internal:///(app-pages-browser)/./node_modules/next/dist/next-devtools/shared/forward-logs-shared.js:27
[   41231ms] [WARNING] ./components/stats/StatsClient.tsx
Module not found: Can't resolve 'html-to-image' in '/Users/saladin/Developments/interestory/components/stats'

Import trace for requested module:
./components/stats/StatsClient.tsx @ webpack-internal:///(app-pages-browser)/./node_modules/next/dist/next-devtools/shared/forward-logs-shared.js:27
[   41232ms] [LOG] [Fast Refresh] rebuilding @ webpack-internal:///(app-pages-browser)/./node_modules/next/dist/next-devtools/shared/forward-logs-shared.js:27
[   41315ms] [WARNING] ./app/page.tsx
Module not found: Can't resolve 'html-to-image' in '/Users/saladin/Developments/interestory/app'

Import trace for requested module:
./app/page.tsx @ webpack-internal:///(app-pages-browser)/./node_modules/next/dist/next-devtools/shared/forward-logs-shared.js:27
[   41315ms] [WARNING] ./components/stats/StatsClient.tsx
Module not found: Can't resolve 'html-to-image' in '/Users/saladin/Developments/interestory/components/stats'

Import trace for requested module:
./components/stats/StatsClient.tsx @ webpack-internal:///(app-pages-browser)/./node_modules/next/dist/next-devtools/shared/forward-logs-shared.js:27
[   41316ms] [LOG] [Fast Refresh] done in 83ms @ webpack-internal:///(app-pages-browser)/./node_modules/next/dist/next-devtools/shared/forward-logs-shared.js:27
[   41317ms] [LOG] [Fast Refresh] rebuilding @ webpack-internal:///(app-pages-browser)/./node_modules/next/dist/next-devtools/shared/forward-logs-shared.js:27
[   41433ms] [WARNING] ./app/page.tsx
Module not found: Can't resolve 'html-to-image' in '/Users/saladin/Developments/interestory/app'

Import trace for requested module:
./app/page.tsx @ webpack-internal:///(app-pages-browser)/./node_modules/next/dist/next-devtools/shared/forward-logs-shared.js:27
[   41433ms] [WARNING] ./components/stats/StatsClient.tsx
Module not found: Can't resolve 'html-to-image' in '/Users/saladin/Developments/interestory/components/stats'

Import trace for requested module:
./components/stats/StatsClient.tsx @ webpack-internal:///(app-pages-browser)/./node_modules/next/dist/next-devtools/shared/forward-logs-shared.js:27
[   41433ms] [LOG] [Fast Refresh] done in 116ms @ webpack-internal:///(app-pages-browser)/./node_modules/next/dist/next-devtools/shared/forward-logs-shared.js:27
[   41435ms] [LOG] [Fast Refresh] rebuilding @ webpack-internal:///(app-pages-browser)/./node_modules/next/dist/next-devtools/shared/forward-logs-shared.js:27
[   41544ms] [WARNING] ./app/page.tsx
Module not found: Can't resolve 'html-to-image' in '/Users/saladin/Developments/interestory/app'

Import trace for requested module:
./app/page.tsx @ webpack-internal:///(app-pages-browser)/./node_modules/next/dist/next-devtools/shared/forward-logs-shared.js:27
[   41544ms] [WARNING] ./components/stats/StatsClient.tsx
Module not found: Can't resolve 'html-to-image' in '/Users/saladin/Developments/interestory/components/stats'

Import trace for requested module:
./components/stats/StatsClient.tsx @ webpack-internal:///(app-pages-browser)/./node_modules/next/dist/next-devtools/shared/forward-logs-shared.js:27
[   41544ms] [LOG] [Fast Refresh] done in 110ms @ webpack-internal:///(app-pages-browser)/./node_modules/next/dist/next-devtools/shared/forward-logs-shared.js:27
[   41545ms] [LOG] [Fast Refresh] rebuilding @ webpack-internal:///(app-pages-browser)/./node_modules/next/dist/next-devtools/shared/forward-logs-shared.js:27
[   41631ms] [WARNING] ./app/page.tsx
Module not found: Can't resolve 'html-to-image' in '/Users/saladin/Developments/interestory/app'

Import trace for requested module:
./app/page.tsx @ webpack-internal:///(app-pages-browser)/./node_modules/next/dist/next-devtools/shared/forward-logs-shared.js:27
[   41631ms] [WARNING] ./components/stats/StatsClient.tsx
Module not found: Can't resolve 'html-to-image' in '/Users/saladin/Developments/interestory/components/stats'

Import trace for requested module:
./components/stats/StatsClient.tsx @ webpack-internal:///(app-pages-browser)/./node_modules/next/dist/next-devtools/shared/forward-logs-shared.js:27
[   41631ms] [LOG] [Fast Refresh] done in 86ms @ webpack-internal:///(app-pages-browser)/./node_modules/next/dist/next-devtools/shared/forward-logs-shared.js:27
[   41632ms] [LOG] [Fast Refresh] rebuilding @ webpack-internal:///(app-pages-browser)/./node_modules/next/dist/next-devtools/shared/forward-logs-shared.js:27
[   41746ms] [WARNING] ./app/page.tsx
Module not found: Can't resolve 'html-to-image' in '/Users/saladin/Developments/interestory/app'

Import trace for requested module:
./app/page.tsx @ webpack-internal:///(app-pages-browser)/./node_modules/next/dist/next-devtools/shared/forward-logs-shared.js:27
[   41746ms] [WARNING] ./components/stats/StatsClient.tsx
Module not found: Can't resolve 'html-to-image' in '/Users/saladin/Developments/interestory/components/stats'

Import trace for requested module:
./components/stats/StatsClient.tsx @ webpack-internal:///(app-pages-browser)/./node_modules/next/dist/next-devtools/shared/forward-logs-shared.js:27
[   41746ms] [LOG] [Fast Refresh] done in 114ms @ webpack-internal:///(app-pages-browser)/./node_modules/next/dist/next-devtools/shared/forward-logs-shared.js:27
[   41747ms] [LOG] [Fast Refresh] rebuilding @ webpack-internal:///(app-pages-browser)/./node_modules/next/dist/next-devtools/shared/forward-logs-shared.js:27
[   42233ms] [ERROR] Failed to load resource: the server responded with a status of 500 (Internal Server Error) @ http://localhost:3002/manifest.webmanifest:0
[   42234ms] [ERROR] Manifest fetch from http://localhost:3002/manifest.webmanifest failed, code 500 @ http://localhost:3002/fashion:0
[   42543ms] [INFO] %cDownload the React DevTools for a better development experience: https://react.dev/link/react-devtools font-weight:bold @ webpack-internal:///(app-pages-browser)/./node_modules/next/dist/next-devtools/shared/forward-logs-shared.js:27
[   42557ms] [LOG] [HMR] connected @ webpack-internal:///(app-pages-browser)/./node_modules/next/dist/next-devtools/shared/forward-logs-shared.js:27
[   42559ms] [WARNING] ./app/page.tsx
Module not found: Can't resolve 'html-to-image' in '/Users/saladin/Developments/interestory/app' @ webpack-internal:///(app-pages-browser)/./node_modules/next/dist/next-devtools/shared/forward-logs-shared.js:27
[   42559ms] [WARNING] ./components/stats/StatsClient.tsx
Module not found: Can't resolve 'html-to-image' in '/Users/saladin/Developments/interestory/components/stats' @ webpack-internal:///(app-pages-browser)/./node_modules/next/dist/next-devtools/shared/forward-logs-shared.js:27
[   42586ms] [LOG] [Fast Refresh] rebuilding @ webpack-internal:///(app-pages-browser)/./node_modules/next/dist/next-devtools/shared/forward-logs-shared.js:27
[   42675ms] [WARNING] ./app/page.tsx
Module not found: Can't resolve 'html-to-image' in '/Users/saladin/Developments/interestory/app'

Import trace for requested module:
./app/page.tsx @ webpack-internal:///(app-pages-browser)/./node_modules/next/dist/next-devtools/shared/forward-logs-shared.js:27
[   42675ms] [WARNING] ./components/stats/StatsClient.tsx
Module not found: Can't resolve 'html-to-image' in '/Users/saladin/Developments/interestory/components/stats'

Import trace for requested module:
./components/stats/StatsClient.tsx @ webpack-internal:///(app-pages-browser)/./node_modules/next/dist/next-devtools/shared/forward-logs-shared.js:27
[   42675ms] [LOG] [Fast Refresh] rebuilding @ webpack-internal:///(app-pages-browser)/./node_modules/next/dist/next-devtools/shared/forward-logs-shared.js:27
[   42775ms] [WARNING] ./app/page.tsx
Module not found: Can't resolve 'html-to-image' in '/Users/saladin/Developments/interestory/app'

Import trace for requested module:
./app/page.tsx @ webpack-internal:///(app-pages-browser)/./node_modules/next/dist/next-devtools/shared/forward-logs-shared.js:27
[   42775ms] [WARNING] ./components/stats/StatsClient.tsx
Module not found: Can't resolve 'html-to-image' in '/Users/saladin/Developments/interestory/components/stats'

Import trace for requested module:
./components/stats/StatsClient.tsx @ webpack-internal:///(app-pages-browser)/./node_modules/next/dist/next-devtools/shared/forward-logs-shared.js:27
[   42776ms] [LOG] [Fast Refresh] done in 100ms @ webpack-internal:///(app-pages-browser)/./node_modules/next/dist/next-devtools/shared/forward-logs-shared.js:27
[   42776ms] [LOG] [Fast Refresh] rebuilding @ webpack-internal:///(app-pages-browser)/./node_modules/next/dist/next-devtools/shared/forward-logs-shared.js:27
[   42785ms] [LOG] [Fast Refresh] done in 9ms @ webpack-internal:///(app-pages-browser)/./node_modules/next/dist/next-devtools/shared/forward-logs-shared.js:27
[   42918ms] [WARNING] ./app/page.tsx
Module not found: Can't resolve 'html-to-image' in '/Users/saladin/Developments/interestory/app'

Import trace for requested module:
./app/page.tsx @ webpack-internal:///(app-pages-browser)/./node_modules/next/dist/next-devtools/shared/forward-logs-shared.js:27
[   42918ms] [WARNING] ./components/stats/StatsClient.tsx
Module not found: Can't resolve 'html-to-image' in '/Users/saladin/Developments/interestory/components/stats'

Import trace for requested module:
./components/stats/StatsClient.tsx @ webpack-internal:///(app-pages-browser)/./node_modules/next/dist/next-devtools/shared/forward-logs-shared.js:27
[   42919ms] [LOG] [Fast Refresh] rebuilding @ webpack-internal:///(app-pages-browser)/./node_modules/next/dist/next-devtools/shared/forward-logs-shared.js:27
[   42927ms] [LOG] [Fast Refresh] done in 9ms @ webpack-internal:///(app-pages-browser)/./node_modules/next/dist/next-devtools/shared/forward-logs-shared.js:27
[   43006ms] [WARNING] ./app/page.tsx
Module not found: Can't resolve 'html-to-image' in '/Users/saladin/Developments/interestory/app'

Import trace for requested module:
./app/page.tsx @ webpack-internal:///(app-pages-browser)/./node_modules/next/dist/next-devtools/shared/forward-logs-shared.js:27
[   43006ms] [WARNING] ./components/stats/StatsClient.tsx
Module not found: Can't resolve 'html-to-image' in '/Users/saladin/Developments/interestory/components/stats'

Import trace for requested module:
./components/stats/StatsClient.tsx @ webpack-internal:///(app-pages-browser)/./node_modules/next/dist/next-devtools/shared/forward-logs-shared.js:27
[   43008ms] [LOG] [Fast Refresh] rebuilding @ webpack-internal:///(app-pages-browser)/./node_modules/next/dist/next-devtools/shared/forward-logs-shared.js:27
[   43011ms] [LOG] [Fast Refresh] done in 4ms @ webpack-internal:///(app-pages-browser)/./node_modules/next/dist/next-devtools/shared/forward-logs-shared.js:27
[   43234ms] [ERROR] Failed to load resource: net::ERR_BLOCKED_BY_RESPONSE.NotSameOrigin @ https://www.uspatriottactical.com/photos/styles/UA3637_TAN_2.JPG:0
[   43237ms] [WARNING] ./app/page.tsx
Module not found: Can't resolve 'html-to-image' in '/Users/saladin/Developments/interestory/app'

Import trace for requested module:
./app/page.tsx @ webpack-internal:///(app-pages-browser)/./node_modules/next/dist/next-devtools/shared/forward-logs-shared.js:27
[   43237ms] [WARNING] ./components/stats/StatsClient.tsx
Module not found: Can't resolve 'html-to-image' in '/Users/saladin/Developments/interestory/components/stats'

Import trace for requested module:
./components/stats/StatsClient.tsx @ webpack-internal:///(app-pages-browser)/./node_modules/next/dist/next-devtools/shared/forward-logs-shared.js:27
[   43238ms] [LOG] [Fast Refresh] rebuilding @ webpack-internal:///(app-pages-browser)/./node_modules/next/dist/next-devtools/shared/forward-logs-shared.js:27
[   43348ms] [WARNING] ./app/page.tsx
Module not found: Can't resolve 'html-to-image' in '/Users/saladin/Developments/interestory/app'

Import trace for requested module:
./app/page.tsx @ webpack-internal:///(app-pages-browser)/./node_modules/next/dist/next-devtools/shared/forward-logs-shared.js:27
[   43348ms] [WARNING] ./components/stats/StatsClient.tsx
Module not found: Can't resolve 'html-to-image' in '/Users/saladin/Developments/interestory/components/stats'

Import trace for requested module:
./components/stats/StatsClient.tsx @ webpack-internal:///(app-pages-browser)/./node_modules/next/dist/next-devtools/shared/forward-logs-shared.js:27
[   43348ms] [LOG] [Fast Refresh] done in 110ms @ webpack-internal:///(app-pages-browser)/./node_modules/next/dist/next-devtools/shared/forward-logs-shared.js:27
[   43348ms] [LOG] [Fast Refresh] rebuilding @ webpack-internal:///(app-pages-browser)/./node_modules/next/dist/next-devtools/shared/forward-logs-shared.js:27
[   43367ms] [LOG] [Fast Refresh] done in 19ms @ webpack-internal:///(app-pages-browser)/./node_modules/next/dist/next-devtools/shared/forward-logs-shared.js:27
[   43524ms] [LOG] [Fast Refresh] rebuilding @ webpack-internal:///(app-pages-browser)/./node_modules/next/dist/next-devtools/shared/forward-logs-shared.js:27
[   43524ms] [WARNING] ./app/page.tsx
Module not found: Can't resolve 'html-to-image' in '/Users/saladin/Developments/interestory/app'

Import trace for requested module:
./app/page.tsx @ webpack-internal:///(app-pages-browser)/./node_modules/next/dist/next-devtools/shared/forward-logs-shared.js:27
[   43524ms] [WARNING] ./components/stats/StatsClient.tsx
Module not found: Can't resolve 'html-to-image' in '/Users/saladin/Developments/interestory/components/stats'

Import trace for requested module:
./components/stats/StatsClient.tsx @ webpack-internal:///(app-pages-browser)/./node_modules/next/dist/next-devtools/shared/forward-logs-shared.js:27
[   43539ms] [LOG] [Fast Refresh] done in 15ms @ webpack-internal:///(app-pages-browser)/./node_modules/next/dist/next-devtools/shared/forward-logs-shared.js:27
[   43563ms] [LOG] [Fast Refresh] rebuilding @ webpack-internal:///(app-pages-browser)/./node_modules/next/dist/next-devtools/shared/forward-logs-shared.js:27
[   43566ms] [WARNING] ./app/page.tsx
Module not found: Can't resolve 'html-to-image' in '/Users/saladin/Developments/interestory/app'

Import trace for requested module:
./app/page.tsx @ webpack-internal:///(app-pages-browser)/./node_modules/next/dist/next-devtools/shared/forward-logs-shared.js:27
[   43567ms] [WARNING] ./components/stats/StatsClient.tsx
Module not found: Can't resolve 'html-to-image' in '/Users/saladin/Developments/interestory/components/stats'

Import trace for requested module:
./components/stats/StatsClient.tsx @ webpack-internal:///(app-pages-browser)/./node_modules/next/dist/next-devtools/shared/forward-logs-shared.js:27
[   43567ms] [LOG] [Fast Refresh] done in 3ms @ webpack-internal:///(app-pages-browser)/./node_modules/next/dist/next-devtools/shared/forward-logs-shared.js:27
[   43581ms] [ERROR] Failed to load resource: the server responded with a status of 500 (Internal Server Error) @ http://localhost:3002/fashion?_rsc=1hi87:0
[   43643ms] [LOG] [Fast Refresh] rebuilding @ webpack-internal:///(app-pages-browser)/./node_modules/next/dist/next-devtools/shared/forward-logs-shared.js:27
[   43673ms] [WARNING] ./app/page.tsx
Module not found: Can't resolve 'html-to-image' in '/Users/saladin/Developments/interestory/app'

Import trace for requested module:
./app/page.tsx @ webpack-internal:///(app-pages-browser)/./node_modules/next/dist/next-devtools/shared/forward-logs-shared.js:27
[   43673ms] [WARNING] ./components/stats/StatsClient.tsx
Module not found: Can't resolve 'html-to-image' in '/Users/saladin/Developments/interestory/components/stats'

Import trace for requested module:
./components/stats/StatsClient.tsx @ webpack-internal:///(app-pages-browser)/./node_modules/next/dist/next-devtools/shared/forward-logs-shared.js:27
[   43688ms] [LOG] [Fast Refresh] done in 46ms @ webpack-internal:///(app-pages-browser)/./node_modules/next/dist/next-devtools/shared/forward-logs-shared.js:27
[   43725ms] [LOG] [Fast Refresh] rebuilding @ webpack-internal:///(app-pages-browser)/./node_modules/next/dist/next-devtools/shared/forward-logs-shared.js:27
[   43884ms] [WARNING] ./app/page.tsx
Module not found: Can't resolve 'html-to-image' in '/Users/saladin/Developments/interestory/app'

Import trace for requested module:
./app/page.tsx @ webpack-internal:///(app-pages-browser)/./node_modules/next/dist/next-devtools/shared/forward-logs-shared.js:27
[   43884ms] [WARNING] ./components/stats/StatsClient.tsx
Module not found: Can't resolve 'html-to-image' in '/Users/saladin/Developments/interestory/components/stats'

Import trace for requested module:
./components/stats/StatsClient.tsx @ webpack-internal:///(app-pages-browser)/./node_modules/next/dist/next-devtools/shared/forward-logs-shared.js:27
[   43908ms] [LOG] [Fast Refresh] done in 182ms @ webpack-internal:///(app-pages-browser)/./node_modules/next/dist/next-devtools/shared/forward-logs-shared.js:27
[   43959ms] [LOG] [Fast Refresh] rebuilding @ webpack-internal:///(app-pages-browser)/./node_modules/next/dist/next-devtools/shared/forward-logs-shared.js:27
[   44059ms] [WARNING] ./app/page.tsx
Module not found: Can't resolve 'html-to-image' in '/Users/saladin/Developments/interestory/app'

Import trace for requested module:
./app/page.tsx @ webpack-internal:///(app-pages-browser)/./node_modules/next/dist/next-devtools/shared/forward-logs-shared.js:27
[   44059ms] [WARNING] ./components/stats/StatsClient.tsx
Module not found: Can't resolve 'html-to-image' in '/Users/saladin/Developments/interestory/components/stats'

Import trace for requested module:
./components/stats/StatsClient.tsx @ webpack-internal:///(app-pages-browser)/./node_modules/next/dist/next-devtools/shared/forward-logs-shared.js:27
[   44074ms] [LOG] [Fast Refresh] done in 116ms @ webpack-internal:///(app-pages-browser)/./node_modules/next/dist/next-devtools/shared/forward-logs-shared.js:27
[   44075ms] [LOG] [Fast Refresh] rebuilding @ webpack-internal:///(app-pages-browser)/./node_modules/next/dist/next-devtools/shared/forward-logs-shared.js:27
[   44142ms] [WARNING] ./app/page.tsx
Module not found: Can't resolve 'html-to-image' in '/Users/saladin/Developments/interestory/app'

Import trace for requested module:
./app/page.tsx @ webpack-internal:///(app-pages-browser)/./node_modules/next/dist/next-devtools/shared/forward-logs-shared.js:27
[   44142ms] [WARNING] ./components/stats/StatsClient.tsx
Module not found: Can't resolve 'html-to-image' in '/Users/saladin/Developments/interestory/components/stats'

Import trace for requested module:
./components/stats/StatsClient.tsx @ webpack-internal:///(app-pages-browser)/./node_modules/next/dist/next-devtools/shared/forward-logs-shared.js:27
[   44220ms] [LOG] [Fast Refresh] rebuilding @ webpack-internal:///(app-pages-browser)/./node_modules/next/dist/next-devtools/shared/forward-logs-shared.js:27
[   44230ms] [LOG] [Fast Refresh] done in 9ms @ webpack-internal:///(app-pages-browser)/./node_modules/next/dist/next-devtools/shared/forward-logs-shared.js:27
[   44259ms] [WARNING] ./app/page.tsx
Module not found: Can't resolve 'html-to-image' in '/Users/saladin/Developments/interestory/app'

Import trace for requested module:
./app/page.tsx @ webpack-internal:///(app-pages-browser)/./node_modules/next/dist/next-devtools/shared/forward-logs-shared.js:27
[   44259ms] [WARNING] ./components/stats/StatsClient.tsx
Module not found: Can't resolve 'html-to-image' in '/Users/saladin/Developments/interestory/components/stats'

Import trace for requested module:
./components/stats/StatsClient.tsx @ webpack-internal:///(app-pages-browser)/./node_modules/next/dist/next-devtools/shared/forward-logs-shared.js:27
[   44309ms] [LOG] [Fast Refresh] rebuilding @ webpack-internal:///(app-pages-browser)/./node_modules/next/dist/next-devtools/shared/forward-logs-shared.js:27
[   44316ms] [LOG] [Fast Refresh] done in 7ms @ webpack-internal:///(app-pages-browser)/./node_modules/next/dist/next-devtools/shared/forward-logs-shared.js:27
[   44344ms] [WARNING] ./app/page.tsx
Module not found: Can't resolve 'html-to-image' in '/Users/saladin/Developments/interestory/app'

Import trace for requested module:
./app/page.tsx @ webpack-internal:///(app-pages-browser)/./node_modules/next/dist/next-devtools/shared/forward-logs-shared.js:27
[   44344ms] [WARNING] ./components/stats/StatsClient.tsx
Module not found: Can't resolve 'html-to-image' in '/Users/saladin/Developments/interestory/components/stats'

Import trace for requested module:
./components/stats/StatsClient.tsx @ webpack-internal:///(app-pages-browser)/./node_modules/next/dist/next-devtools/shared/forward-logs-shared.js:27
[   44382ms] [LOG] [Fast Refresh] rebuilding @ webpack-internal:///(app-pages-browser)/./node_modules/next/dist/next-devtools/shared/forward-logs-shared.js:27
[   47935ms] [WARNING] The resource http://localhost:3002/_next/static/media/22a5144ee8d83bca-s.p.woff2?v=1789900532505 was preloaded using link preload but not used within a few seconds from the window's load event. Please make sure it has an appropriate `as` value and it is preloaded intentionally. @ http://localhost:3002/fashion:0
[   47935ms] [WARNING] The resource http://localhost:3002/_next/static/media/7d4881bb7e1bf84d-s.p.woff2?v=1789900532505 was preloaded using link preload but not used within a few seconds from the window's load event. Please make sure it has an appropriate `as` value and it is preloaded intentionally. @ http://localhost:3002/fashion:0
[   47935ms] [WARNING] The resource http://localhost:3002/theme-init.js was preloaded using link preload but not used within a few seconds from the window's load event. Please make sure it has an appropriate `as` value and it is preloaded intentionally. @ http://localhost:3002/fashion:0
