[    1814ms] [INFO] %cDownload the React DevTools for a better development experience: https://react.dev/link/react-devtools font-weight:bold @ webpack-internal:///(app-pages-browser)/./node_modules/next/dist/next-devtools/shared/forward-logs-shared.js:27
[    1827ms] [LOG] [HMR] connected @ webpack-internal:///(app-pages-browser)/./node_modules/next/dist/next-devtools/shared/forward-logs-shared.js:27
[    1832ms] [WARNING] ./app/page.tsx
Module not found: Can't resolve 'html-to-image' in '/Users/saladin/Developments/interestory/app' @ webpack-internal:///(app-pages-browser)/./node_modules/next/dist/next-devtools/shared/forward-logs-shared.js:27
[    1832ms] [WARNING] ./components/stats/StatsClient.tsx
Module not found: Can't resolve 'html-to-image' in '/Users/saladin/Developments/interestory/components/stats' @ webpack-internal:///(app-pages-browser)/./node_modules/next/dist/next-devtools/shared/forward-logs-shared.js:27
[    1852ms] [LOG] [Fast Refresh] rebuilding @ webpack-internal:///(app-pages-browser)/./node_modules/next/dist/next-devtools/shared/forward-logs-shared.js:27
[    1938ms] [WARNING] ./app/page.tsx
Module not found: Can't resolve 'html-to-image' in '/Users/saladin/Developments/interestory/app'

Import trace for requested module:
./app/page.tsx @ webpack-internal:///(app-pages-browser)/./node_modules/next/dist/next-devtools/shared/forward-logs-shared.js:27
[    1938ms] [WARNING] ./components/stats/StatsClient.tsx
Module not found: Can't resolve 'html-to-image' in '/Users/saladin/Developments/interestory/components/stats'

Import trace for requested module:
./components/stats/StatsClient.tsx @ webpack-internal:///(app-pages-browser)/./node_modules/next/dist/next-devtools/shared/forward-logs-shared.js:27
[    1938ms] [LOG] [Fast Refresh] rebuilding @ webpack-internal:///(app-pages-browser)/./node_modules/next/dist/next-devtools/shared/forward-logs-shared.js:27
[    1953ms] [LOG] [Fast Refresh] done in 15ms @ webpack-internal:///(app-pages-browser)/./node_modules/next/dist/next-devtools/shared/forward-logs-shared.js:27
[    2017ms] [WARNING] ./app/page.tsx
Module not found: Can't resolve 'html-to-image' in '/Users/saladin/Developments/interestory/app'

Import trace for requested module:
./app/page.tsx @ webpack-internal:///(app-pages-browser)/./node_modules/next/dist/next-devtools/shared/forward-logs-shared.js:27
[    2017ms] [WARNING] ./components/stats/StatsClient.tsx
Module not found: Can't resolve 'html-to-image' in '/Users/saladin/Developments/interestory/components/stats'

Import trace for requested module:
./components/stats/StatsClient.tsx @ webpack-internal:///(app-pages-browser)/./node_modules/next/dist/next-devtools/shared/forward-logs-shared.js:27
[    2018ms] [LOG] [Fast Refresh] rebuilding @ webpack-internal:///(app-pages-browser)/./node_modules/next/dist/next-devtools/shared/forward-logs-shared.js:27
[    2021ms] [LOG] [Fast Refresh] done in 4ms @ webpack-internal:///(app-pages-browser)/./node_modules/next/dist/next-devtools/shared/forward-logs-shared.js:27
[    2092ms] [WARNING] ./app/page.tsx
Module not found: Can't resolve 'html-to-image' in '/Users/saladin/Developments/interestory/app'

Import trace for requested module:
./app/page.tsx @ webpack-internal:///(app-pages-browser)/./node_modules/next/dist/next-devtools/shared/forward-logs-shared.js:27
[    2092ms] [WARNING] ./components/stats/StatsClient.tsx
Module not found: Can't resolve 'html-to-image' in '/Users/saladin/Developments/interestory/components/stats'

Import trace for requested module:
./components/stats/StatsClient.tsx @ webpack-internal:///(app-pages-browser)/./node_modules/next/dist/next-devtools/shared/forward-logs-shared.js:27
[    2095ms] [LOG] [Fast Refresh] rebuilding @ webpack-internal:///(app-pages-browser)/./node_modules/next/dist/next-devtools/shared/forward-logs-shared.js:27
[    2118ms] [LOG] [Fast Refresh] done in 23ms @ webpack-internal:///(app-pages-browser)/./node_modules/next/dist/next-devtools/shared/forward-logs-shared.js:27
[    2346ms] [WARNING] ./app/page.tsx
Module not found: Can't resolve 'html-to-image' in '/Users/saladin/Developments/interestory/app'

Import trace for requested module:
./app/page.tsx @ webpack-internal:///(app-pages-browser)/./node_modules/next/dist/next-devtools/shared/forward-logs-shared.js:27
[    2346ms] [WARNING] ./components/stats/StatsClient.tsx
Module not found: Can't resolve 'html-to-image' in '/Users/saladin/Developments/interestory/components/stats'

Import trace for requested module:
./components/stats/StatsClient.tsx @ webpack-internal:///(app-pages-browser)/./node_modules/next/dist/next-devtools/shared/forward-logs-shared.js:27
[    2366ms] [LOG] [Fast Refresh] done in 271ms @ webpack-internal:///(app-pages-browser)/./node_modules/next/dist/next-devtools/shared/forward-logs-shared.js:27
[    2402ms] [LOG] [Fast Refresh] rebuilding @ webpack-internal:///(app-pages-browser)/./node_modules/next/dist/next-devtools/shared/forward-logs-shared.js:27
[    2528ms] [WARNING] ./app/page.tsx
Module not found: Can't resolve 'html-to-image' in '/Users/saladin/Developments/interestory/app'

Import trace for requested module:
./app/page.tsx @ webpack-internal:///(app-pages-browser)/./node_modules/next/dist/next-devtools/shared/forward-logs-shared.js:27
[    2528ms] [WARNING] ./components/stats/StatsClient.tsx
Module not found: Can't resolve 'html-to-image' in '/Users/saladin/Developments/interestory/components/stats'

Import trace for requested module:
./components/stats/StatsClient.tsx @ webpack-internal:///(app-pages-browser)/./node_modules/next/dist/next-devtools/shared/forward-logs-shared.js:27
[    2529ms] [LOG] [Fast Refresh] rebuilding @ webpack-internal:///(app-pages-browser)/./node_modules/next/dist/next-devtools/shared/forward-logs-shared.js:27
[    2532ms] [LOG] [Fast Refresh] done in 3ms @ webpack-internal:///(app-pages-browser)/./node_modules/next/dist/next-devtools/shared/forward-logs-shared.js:27
[    2596ms] [WARNING] ./app/page.tsx
Module not found: Can't resolve 'html-to-image' in '/Users/saladin/Developments/interestory/app'

Import trace for requested module:
./app/page.tsx @ webpack-internal:///(app-pages-browser)/./node_modules/next/dist/next-devtools/shared/forward-logs-shared.js:27
[    2596ms] [WARNING] ./components/stats/StatsClient.tsx
Module not found: Can't resolve 'html-to-image' in '/Users/saladin/Developments/interestory/components/stats'

Import trace for requested module:
./components/stats/StatsClient.tsx @ webpack-internal:///(app-pages-browser)/./node_modules/next/dist/next-devtools/shared/forward-logs-shared.js:27
[    2597ms] [LOG] [Fast Refresh] rebuilding @ webpack-internal:///(app-pages-browser)/./node_modules/next/dist/next-devtools/shared/forward-logs-shared.js:27
[    2602ms] [LOG] [Fast Refresh] done in 5ms @ webpack-internal:///(app-pages-browser)/./node_modules/next/dist/next-devtools/shared/forward-logs-shared.js:27
[    2790ms] [WARNING] ./app/page.tsx
Module not found: Can't resolve 'html-to-image' in '/Users/saladin/Developments/interestory/app'

Import trace for requested module:
./app/page.tsx @ webpack-internal:///(app-pages-browser)/./node_modules/next/dist/next-devtools/shared/forward-logs-shared.js:27
[    2790ms] [WARNING] ./components/stats/StatsClient.tsx
Module not found: Can't resolve 'html-to-image' in '/Users/saladin/Developments/interestory/components/stats'

Import trace for requested module:
./components/stats/StatsClient.tsx @ webpack-internal:///(app-pages-browser)/./node_modules/next/dist/next-devtools/shared/forward-logs-shared.js:27
[    2791ms] [LOG] [Fast Refresh] rebuilding @ webpack-internal:///(app-pages-browser)/./node_modules/next/dist/next-devtools/shared/forward-logs-shared.js:27
[    2795ms] [LOG] [Fast Refresh] done in 3ms @ webpack-internal:///(app-pages-browser)/./node_modules/next/dist/next-devtools/shared/forward-logs-shared.js:27
[    2887ms] [WARNING] ./app/page.tsx
Module not found: Can't resolve 'html-to-image' in '/Users/saladin/Developments/interestory/app'

Import trace for requested module:
./app/page.tsx @ webpack-internal:///(app-pages-browser)/./node_modules/next/dist/next-devtools/shared/forward-logs-shared.js:27
[    2887ms] [WARNING] ./components/stats/StatsClient.tsx
Module not found: Can't resolve 'html-to-image' in '/Users/saladin/Developments/interestory/components/stats'

Import trace for requested module:
./components/stats/StatsClient.tsx @ webpack-internal:///(app-pages-browser)/./node_modules/next/dist/next-devtools/shared/forward-logs-shared.js:27
[    2888ms] [LOG] [Fast Refresh] rebuilding @ webpack-internal:///(app-pages-browser)/./node_modules/next/dist/next-devtools/shared/forward-logs-shared.js:27
[    2891ms] [LOG] [Fast Refresh] done in 4ms @ webpack-internal:///(app-pages-browser)/./node_modules/next/dist/next-devtools/shared/forward-logs-shared.js:27
[    2958ms] [WARNING] ./app/page.tsx
Module not found: Can't resolve 'html-to-image' in '/Users/saladin/Developments/interestory/app'

Import trace for requested module:
./app/page.tsx @ webpack-internal:///(app-pages-browser)/./node_modules/next/dist/next-devtools/shared/forward-logs-shared.js:27
[    2958ms] [WARNING] ./components/stats/StatsClient.tsx
Module not found: Can't resolve 'html-to-image' in '/Users/saladin/Developments/interestory/components/stats'

Import trace for requested module:
./components/stats/StatsClient.tsx @ webpack-internal:///(app-pages-browser)/./node_modules/next/dist/next-devtools/shared/forward-logs-shared.js:27
[    2959ms] [LOG] [Fast Refresh] rebuilding @ webpack-internal:///(app-pages-browser)/./node_modules/next/dist/next-devtools/shared/forward-logs-shared.js:27
[    2963ms] [LOG] [Fast Refresh] done in 4ms @ webpack-internal:///(app-pages-browser)/./node_modules/next/dist/next-devtools/shared/forward-logs-shared.js:27
[    3084ms] [WARNING] ./app/page.tsx
Module not found: Can't resolve 'html-to-image' in '/Users/saladin/Developments/interestory/app'

Import trace for requested module:
./app/page.tsx @ webpack-internal:///(app-pages-browser)/./node_modules/next/dist/next-devtools/shared/forward-logs-shared.js:27
[    3084ms] [WARNING] ./components/stats/StatsClient.tsx
Module not found: Can't resolve 'html-to-image' in '/Users/saladin/Developments/interestory/components/stats'

Import trace for requested module:
./components/stats/StatsClient.tsx @ webpack-internal:///(app-pages-browser)/./node_modules/next/dist/next-devtools/shared/forward-logs-shared.js:27
[    3085ms] [LOG] [Fast Refresh] rebuilding @ webpack-internal:///(app-pages-browser)/./node_modules/next/dist/next-devtools/shared/forward-logs-shared.js:27
[    3089ms] [LOG] [Fast Refresh] done in 4ms @ webpack-internal:///(app-pages-browser)/./node_modules/next/dist/next-devtools/shared/forward-logs-shared.js:27
[    3160ms] [WARNING] ./app/page.tsx
Module not found: Can't resolve 'html-to-image' in '/Users/saladin/Developments/interestory/app'

Import trace for requested module:
./app/page.tsx @ webpack-internal:///(app-pages-browser)/./node_modules/next/dist/next-devtools/shared/forward-logs-shared.js:27
[    3160ms] [WARNING] ./components/stats/StatsClient.tsx
Module not found: Can't resolve 'html-to-image' in '/Users/saladin/Developments/interestory/components/stats'

Import trace for requested module:
./components/stats/StatsClient.tsx @ webpack-internal:///(app-pages-browser)/./node_modules/next/dist/next-devtools/shared/forward-logs-shared.js:27
[    3161ms] [LOG] [Fast Refresh] rebuilding @ webpack-internal:///(app-pages-browser)/./node_modules/next/dist/next-devtools/shared/forward-logs-shared.js:27
[    3253ms] [WARNING] ./app/page.tsx
Module not found: Can't resolve 'html-to-image' in '/Users/saladin/Developments/interestory/app'

Import trace for requested module:
./app/page.tsx @ webpack-internal:///(app-pages-browser)/./node_modules/next/dist/next-devtools/shared/forward-logs-shared.js:27
[    3253ms] [WARNING] ./components/stats/StatsClient.tsx
Module not found: Can't resolve 'html-to-image' in '/Users/saladin/Developments/interestory/components/stats'

Import trace for requested module:
./components/stats/StatsClient.tsx @ webpack-internal:///(app-pages-browser)/./node_modules/next/dist/next-devtools/shared/forward-logs-shared.js:27
[    3253ms] [LOG] [Fast Refresh] done in 93ms @ webpack-internal:///(app-pages-browser)/./node_modules/next/dist/next-devtools/shared/forward-logs-shared.js:27
[    3254ms] [LOG] [Fast Refresh] rebuilding @ webpack-internal:///(app-pages-browser)/./node_modules/next/dist/next-devtools/shared/forward-logs-shared.js:27
[    3326ms] [WARNING] ./app/page.tsx
Module not found: Can't resolve 'html-to-image' in '/Users/saladin/Developments/interestory/app'

Import trace for requested module:
./app/page.tsx @ webpack-internal:///(app-pages-browser)/./node_modules/next/dist/next-devtools/shared/forward-logs-shared.js:27
[    3326ms] [WARNING] ./components/stats/StatsClient.tsx
Module not found: Can't resolve 'html-to-image' in '/Users/saladin/Developments/interestory/components/stats'

Import trace for requested module:
./components/stats/StatsClient.tsx @ webpack-internal:///(app-pages-browser)/./node_modules/next/dist/next-devtools/shared/forward-logs-shared.js:27
[    3326ms] [LOG] [Fast Refresh] done in 71ms @ webpack-internal:///(app-pages-browser)/./node_modules/next/dist/next-devtools/shared/forward-logs-shared.js:27
[    3327ms] [LOG] [Fast Refresh] rebuilding @ webpack-internal:///(app-pages-browser)/./node_modules/next/dist/next-devtools/shared/forward-logs-shared.js:27
[    3415ms] [WARNING] ./app/page.tsx
Module not found: Can't resolve 'html-to-image' in '/Users/saladin/Developments/interestory/app'

Import trace for requested module:
./app/page.tsx @ webpack-internal:///(app-pages-browser)/./node_modules/next/dist/next-devtools/shared/forward-logs-shared.js:27
[    3415ms] [WARNING] ./components/stats/StatsClient.tsx
Module not found: Can't resolve 'html-to-image' in '/Users/saladin/Developments/interestory/components/stats'

Import trace for requested module:
./components/stats/StatsClient.tsx @ webpack-internal:///(app-pages-browser)/./node_modules/next/dist/next-devtools/shared/forward-logs-shared.js:27
[    3415ms] [LOG] [Fast Refresh] done in 88ms @ webpack-internal:///(app-pages-browser)/./node_modules/next/dist/next-devtools/shared/forward-logs-shared.js:27
[    3416ms] [LOG] [Fast Refresh] rebuilding @ webpack-internal:///(app-pages-browser)/./node_modules/next/dist/next-devtools/shared/forward-logs-shared.js:27
[    3483ms] [WARNING] ./app/page.tsx
Module not found: Can't resolve 'html-to-image' in '/Users/saladin/Developments/interestory/app'

Import trace for requested module:
./app/page.tsx @ webpack-internal:///(app-pages-browser)/./node_modules/next/dist/next-devtools/shared/forward-logs-shared.js:27
[    3483ms] [WARNING] ./components/stats/StatsClient.tsx
Module not found: Can't resolve 'html-to-image' in '/Users/saladin/Developments/interestory/components/stats'

Import trace for requested module:
./components/stats/StatsClient.tsx @ webpack-internal:///(app-pages-browser)/./node_modules/next/dist/next-devtools/shared/forward-logs-shared.js:27
[    3483ms] [LOG] [Fast Refresh] done in 67ms @ webpack-internal:///(app-pages-browser)/./node_modules/next/dist/next-devtools/shared/forward-logs-shared.js:27
[    3483ms] [LOG] [Fast Refresh] rebuilding @ webpack-internal:///(app-pages-browser)/./node_modules/next/dist/next-devtools/shared/forward-logs-shared.js:27
[    3569ms] [WARNING] ./app/page.tsx
Module not found: Can't resolve 'html-to-image' in '/Users/saladin/Developments/interestory/app'

Import trace for requested module:
./app/page.tsx @ webpack-internal:///(app-pages-browser)/./node_modules/next/dist/next-devtools/shared/forward-logs-shared.js:27
[    3569ms] [WARNING] ./components/stats/StatsClient.tsx
Module not found: Can't resolve 'html-to-image' in '/Users/saladin/Developments/interestory/components/stats'

Import trace for requested module:
./components/stats/StatsClient.tsx @ webpack-internal:///(app-pages-browser)/./node_modules/next/dist/next-devtools/shared/forward-logs-shared.js:27
[    3569ms] [LOG] [Fast Refresh] done in 86ms @ webpack-internal:///(app-pages-browser)/./node_modules/next/dist/next-devtools/shared/forward-logs-shared.js:27
[    3571ms] [LOG] [Fast Refresh] rebuilding @ webpack-internal:///(app-pages-browser)/./node_modules/next/dist/next-devtools/shared/forward-logs-shared.js:27
[    3636ms] [WARNING] ./app/page.tsx
Module not found: Can't resolve 'html-to-image' in '/Users/saladin/Developments/interestory/app'

Import trace for requested module:
./app/page.tsx @ webpack-internal:///(app-pages-browser)/./node_modules/next/dist/next-devtools/shared/forward-logs-shared.js:27
[    3636ms] [WARNING] ./components/stats/StatsClient.tsx
Module not found: Can't resolve 'html-to-image' in '/Users/saladin/Developments/interestory/components/stats'

Import trace for requested module:
./components/stats/StatsClient.tsx @ webpack-internal:///(app-pages-browser)/./node_modules/next/dist/next-devtools/shared/forward-logs-shared.js:27
[    3636ms] [LOG] [Fast Refresh] done in 65ms @ webpack-internal:///(app-pages-browser)/./node_modules/next/dist/next-devtools/shared/forward-logs-shared.js:27
[    3636ms] [LOG] [Fast Refresh] rebuilding @ webpack-internal:///(app-pages-browser)/./node_modules/next/dist/next-devtools/shared/forward-logs-shared.js:27
[    3722ms] [WARNING] ./app/page.tsx
Module not found: Can't resolve 'html-to-image' in '/Users/saladin/Developments/interestory/app'

Import trace for requested module:
./app/page.tsx @ webpack-internal:///(app-pages-browser)/./node_modules/next/dist/next-devtools/shared/forward-logs-shared.js:27
[    3722ms] [WARNING] ./components/stats/StatsClient.tsx
Module not found: Can't resolve 'html-to-image' in '/Users/saladin/Developments/interestory/components/stats'

Import trace for requested module:
./components/stats/StatsClient.tsx @ webpack-internal:///(app-pages-browser)/./node_modules/next/dist/next-devtools/shared/forward-logs-shared.js:27
[    3722ms] [LOG] [Fast Refresh] done in 85ms @ webpack-internal:///(app-pages-browser)/./node_modules/next/dist/next-devtools/shared/forward-logs-shared.js:27
[    3723ms] [LOG] [Fast Refresh] rebuilding @ webpack-internal:///(app-pages-browser)/./node_modules/next/dist/next-devtools/shared/forward-logs-shared.js:27
[    3788ms] [WARNING] ./app/page.tsx
Module not found: Can't resolve 'html-to-image' in '/Users/saladin/Developments/interestory/app'

Import trace for requested module:
./app/page.tsx @ webpack-internal:///(app-pages-browser)/./node_modules/next/dist/next-devtools/shared/forward-logs-shared.js:27
[    3788ms] [WARNING] ./components/stats/StatsClient.tsx
Module not found: Can't resolve 'html-to-image' in '/Users/saladin/Developments/interestory/components/stats'

Import trace for requested module:
./components/stats/StatsClient.tsx @ webpack-internal:///(app-pages-browser)/./node_modules/next/dist/next-devtools/shared/forward-logs-shared.js:27
[    3788ms] [LOG] [Fast Refresh] done in 65ms @ webpack-internal:///(app-pages-browser)/./node_modules/next/dist/next-devtools/shared/forward-logs-shared.js:27
[    3789ms] [LOG] [Fast Refresh] rebuilding @ webpack-internal:///(app-pages-browser)/./node_modules/next/dist/next-devtools/shared/forward-logs-shared.js:27
[    3871ms] [WARNING] ./app/page.tsx
Module not found: Can't resolve 'html-to-image' in '/Users/saladin/Developments/interestory/app'

Import trace for requested module:
./app/page.tsx @ webpack-internal:///(app-pages-browser)/./node_modules/next/dist/next-devtools/shared/forward-logs-shared.js:27
[    3871ms] [WARNING] ./components/stats/StatsClient.tsx
Module not found: Can't resolve 'html-to-image' in '/Users/saladin/Developments/interestory/components/stats'

Import trace for requested module:
./components/stats/StatsClient.tsx @ webpack-internal:///(app-pages-browser)/./node_modules/next/dist/next-devtools/shared/forward-logs-shared.js:27
[    3871ms] [LOG] [Fast Refresh] done in 82ms @ webpack-internal:///(app-pages-browser)/./node_modules/next/dist/next-devtools/shared/forward-logs-shared.js:27
[    3872ms] [LOG] [Fast Refresh] rebuilding @ webpack-internal:///(app-pages-browser)/./node_modules/next/dist/next-devtools/shared/forward-logs-shared.js:27
[    3940ms] [WARNING] ./app/page.tsx
Module not found: Can't resolve 'html-to-image' in '/Users/saladin/Developments/interestory/app'

Import trace for requested module:
./app/page.tsx @ webpack-internal:///(app-pages-browser)/./node_modules/next/dist/next-devtools/shared/forward-logs-shared.js:27
[    3940ms] [WARNING] ./components/stats/StatsClient.tsx
Module not found: Can't resolve 'html-to-image' in '/Users/saladin/Developments/interestory/components/stats'

Import trace for requested module:
./components/stats/StatsClient.tsx @ webpack-internal:///(app-pages-browser)/./node_modules/next/dist/next-devtools/shared/forward-logs-shared.js:27
[    3940ms] [LOG] [Fast Refresh] done in 69ms @ webpack-internal:///(app-pages-browser)/./node_modules/next/dist/next-devtools/shared/forward-logs-shared.js:27
[    3941ms] [LOG] [Fast Refresh] rebuilding @ webpack-internal:///(app-pages-browser)/./node_modules/next/dist/next-devtools/shared/forward-logs-shared.js:27
[    4007ms] [WARNING] ./app/page.tsx
Module not found: Can't resolve 'html-to-image' in '/Users/saladin/Developments/interestory/app'

Import trace for requested module:
./app/page.tsx @ webpack-internal:///(app-pages-browser)/./node_modules/next/dist/next-devtools/shared/forward-logs-shared.js:27
[    4007ms] [WARNING] ./components/stats/StatsClient.tsx
Module not found: Can't resolve 'html-to-image' in '/Users/saladin/Developments/interestory/components/stats'

Import trace for requested module:
./components/stats/StatsClient.tsx @ webpack-internal:///(app-pages-browser)/./node_modules/next/dist/next-devtools/shared/forward-logs-shared.js:27
[    4007ms] [LOG] [Fast Refresh] done in 67ms @ webpack-internal:///(app-pages-browser)/./node_modules/next/dist/next-devtools/shared/forward-logs-shared.js:27
[    4008ms] [LOG] [Fast Refresh] rebuilding @ webpack-internal:///(app-pages-browser)/./node_modules/next/dist/next-devtools/shared/forward-logs-shared.js:27
[    4095ms] [WARNING] ./app/page.tsx
Module not found: Can't resolve 'html-to-image' in '/Users/saladin/Developments/interestory/app'

Import trace for requested module:
./app/page.tsx @ webpack-internal:///(app-pages-browser)/./node_modules/next/dist/next-devtools/shared/forward-logs-shared.js:27
[    4095ms] [WARNING] ./components/stats/StatsClient.tsx
Module not found: Can't resolve 'html-to-image' in '/Users/saladin/Developments/interestory/components/stats'

Import trace for requested module:
./components/stats/StatsClient.tsx @ webpack-internal:///(app-pages-browser)/./node_modules/next/dist/next-devtools/shared/forward-logs-shared.js:27
[    4095ms] [LOG] [Fast Refresh] done in 86ms @ webpack-internal:///(app-pages-browser)/./node_modules/next/dist/next-devtools/shared/forward-logs-shared.js:27
[    4095ms] [LOG] [Fast Refresh] rebuilding @ webpack-internal:///(app-pages-browser)/./node_modules/next/dist/next-devtools/shared/forward-logs-shared.js:27
[    4163ms] [WARNING] ./app/page.tsx
Module not found: Can't resolve 'html-to-image' in '/Users/saladin/Developments/interestory/app'

Import trace for requested module:
./app/page.tsx @ webpack-internal:///(app-pages-browser)/./node_modules/next/dist/next-devtools/shared/forward-logs-shared.js:27
[    4163ms] [WARNING] ./components/stats/StatsClient.tsx
Module not found: Can't resolve 'html-to-image' in '/Users/saladin/Developments/interestory/components/stats'

Import trace for requested module:
./components/stats/StatsClient.tsx @ webpack-internal:///(app-pages-browser)/./node_modules/next/dist/next-devtools/shared/forward-logs-shared.js:27
[    4163ms] [LOG] [Fast Refresh] done in 67ms @ webpack-internal:///(app-pages-browser)/./node_modules/next/dist/next-devtools/shared/forward-logs-shared.js:27
[    4164ms] [LOG] [Fast Refresh] rebuilding @ webpack-internal:///(app-pages-browser)/./node_modules/next/dist/next-devtools/shared/forward-logs-shared.js:27
[    4258ms] [WARNING] ./app/page.tsx
Module not found: Can't resolve 'html-to-image' in '/Users/saladin/Developments/interestory/app'

Import trace for requested module:
./app/page.tsx @ webpack-internal:///(app-pages-browser)/./node_modules/next/dist/next-devtools/shared/forward-logs-shared.js:27
[    4258ms] [WARNING] ./components/stats/StatsClient.tsx
Module not found: Can't resolve 'html-to-image' in '/Users/saladin/Developments/interestory/components/stats'

Import trace for requested module:
./components/stats/StatsClient.tsx @ webpack-internal:///(app-pages-browser)/./node_modules/next/dist/next-devtools/shared/forward-logs-shared.js:27
[    4258ms] [LOG] [Fast Refresh] done in 93ms @ webpack-internal:///(app-pages-browser)/./node_modules/next/dist/next-devtools/shared/forward-logs-shared.js:27
[    4259ms] [LOG] [Fast Refresh] rebuilding @ webpack-internal:///(app-pages-browser)/./node_modules/next/dist/next-devtools/shared/forward-logs-shared.js:27
[    4328ms] [WARNING] ./app/page.tsx
Module not found: Can't resolve 'html-to-image' in '/Users/saladin/Developments/interestory/app'

Import trace for requested module:
./app/page.tsx @ webpack-internal:///(app-pages-browser)/./node_modules/next/dist/next-devtools/shared/forward-logs-shared.js:27
[    4328ms] [WARNING] ./components/stats/StatsClient.tsx
Module not found: Can't resolve 'html-to-image' in '/Users/saladin/Developments/interestory/components/stats'

Import trace for requested module:
./components/stats/StatsClient.tsx @ webpack-internal:///(app-pages-browser)/./node_modules/next/dist/next-devtools/shared/forward-logs-shared.js:27
[    4328ms] [LOG] [Fast Refresh] done in 70ms @ webpack-internal:///(app-pages-browser)/./node_modules/next/dist/next-devtools/shared/forward-logs-shared.js:27
[    4329ms] [LOG] [Fast Refresh] rebuilding @ webpack-internal:///(app-pages-browser)/./node_modules/next/dist/next-devtools/shared/forward-logs-shared.js:27
[    4422ms] [WARNING] ./app/page.tsx
Module not found: Can't resolve 'html-to-image' in '/Users/saladin/Developments/interestory/app'

Import trace for requested module:
./app/page.tsx @ webpack-internal:///(app-pages-browser)/./node_modules/next/dist/next-devtools/shared/forward-logs-shared.js:27
[    4422ms] [WARNING] ./components/stats/StatsClient.tsx
Module not found: Can't resolve 'html-to-image' in '/Users/saladin/Developments/interestory/components/stats'

Import trace for requested module:
./components/stats/StatsClient.tsx @ webpack-internal:///(app-pages-browser)/./node_modules/next/dist/next-devtools/shared/forward-logs-shared.js:27
[    4422ms] [LOG] [Fast Refresh] done in 94ms @ webpack-internal:///(app-pages-browser)/./node_modules/next/dist/next-devtools/shared/forward-logs-shared.js:27
[    4423ms] [LOG] [Fast Refresh] rebuilding @ webpack-internal:///(app-pages-browser)/./node_modules/next/dist/next-devtools/shared/forward-logs-shared.js:27
[    4493ms] [WARNING] ./app/page.tsx
Module not found: Can't resolve 'html-to-image' in '/Users/saladin/Developments/interestory/app'

Import trace for requested module:
./app/page.tsx @ webpack-internal:///(app-pages-browser)/./node_modules/next/dist/next-devtools/shared/forward-logs-shared.js:27
[    4493ms] [WARNING] ./components/stats/StatsClient.tsx
Module not found: Can't resolve 'html-to-image' in '/Users/saladin/Developments/interestory/components/stats'

Import trace for requested module:
./components/stats/StatsClient.tsx @ webpack-internal:///(app-pages-browser)/./node_modules/next/dist/next-devtools/shared/forward-logs-shared.js:27
[    4493ms] [LOG] [Fast Refresh] done in 70ms @ webpack-internal:///(app-pages-browser)/./node_modules/next/dist/next-devtools/shared/forward-logs-shared.js:27
[    4494ms] [LOG] [Fast Refresh] rebuilding @ webpack-internal:///(app-pages-browser)/./node_modules/next/dist/next-devtools/shared/forward-logs-shared.js:27
[    4586ms] [WARNING] ./app/page.tsx
Module not found: Can't resolve 'html-to-image' in '/Users/saladin/Developments/interestory/app'

Import trace for requested module:
./app/page.tsx @ webpack-internal:///(app-pages-browser)/./node_modules/next/dist/next-devtools/shared/forward-logs-shared.js:27
[    4586ms] [WARNING] ./components/stats/StatsClient.tsx
Module not found: Can't resolve 'html-to-image' in '/Users/saladin/Developments/interestory/components/stats'

Import trace for requested module:
./components/stats/StatsClient.tsx @ webpack-internal:///(app-pages-browser)/./node_modules/next/dist/next-devtools/shared/forward-logs-shared.js:27
[    4586ms] [LOG] [Fast Refresh] done in 91ms @ webpack-internal:///(app-pages-browser)/./node_modules/next/dist/next-devtools/shared/forward-logs-shared.js:27
[    4587ms] [LOG] [Fast Refresh] rebuilding @ webpack-internal:///(app-pages-browser)/./node_modules/next/dist/next-devtools/shared/forward-logs-shared.js:27
[    4656ms] [WARNING] ./app/page.tsx
Module not found: Can't resolve 'html-to-image' in '/Users/saladin/Developments/interestory/app'

Import trace for requested module:
./app/page.tsx @ webpack-internal:///(app-pages-browser)/./node_modules/next/dist/next-devtools/shared/forward-logs-shared.js:27
[    4656ms] [WARNING] ./components/stats/StatsClient.tsx
Module not found: Can't resolve 'html-to-image' in '/Users/saladin/Developments/interestory/components/stats'

Import trace for requested module:
./components/stats/StatsClient.tsx @ webpack-internal:///(app-pages-browser)/./node_modules/next/dist/next-devtools/shared/forward-logs-shared.js:27
[    4656ms] [LOG] [Fast Refresh] done in 70ms @ webpack-internal:///(app-pages-browser)/./node_modules/next/dist/next-devtools/shared/forward-logs-shared.js:27
[    4657ms] [LOG] [Fast Refresh] rebuilding @ webpack-internal:///(app-pages-browser)/./node_modules/next/dist/next-devtools/shared/forward-logs-shared.js:27
[    4755ms] [WARNING] ./app/page.tsx
Module not found: Can't resolve 'html-to-image' in '/Users/saladin/Developments/interestory/app'

Import trace for requested module:
./app/page.tsx @ webpack-internal:///(app-pages-browser)/./node_modules/next/dist/next-devtools/shared/forward-logs-shared.js:27
[    4755ms] [WARNING] ./components/stats/StatsClient.tsx
Module not found: Can't resolve 'html-to-image' in '/Users/saladin/Developments/interestory/components/stats'

Import trace for requested module:
./components/stats/StatsClient.tsx @ webpack-internal:///(app-pages-browser)/./node_modules/next/dist/next-devtools/shared/forward-logs-shared.js:27
[    4755ms] [LOG] [Fast Refresh] done in 97ms @ webpack-internal:///(app-pages-browser)/./node_modules/next/dist/next-devtools/shared/forward-logs-shared.js:27
[    4756ms] [LOG] [Fast Refresh] rebuilding @ webpack-internal:///(app-pages-browser)/./node_modules/next/dist/next-devtools/shared/forward-logs-shared.js:27
[    4838ms] [WARNING] ./app/page.tsx
Module not found: Can't resolve 'html-to-image' in '/Users/saladin/Developments/interestory/app'

Import trace for requested module:
./app/page.tsx @ webpack-internal:///(app-pages-browser)/./node_modules/next/dist/next-devtools/shared/forward-logs-shared.js:27
[    4839ms] [WARNING] ./components/stats/StatsClient.tsx
Module not found: Can't resolve 'html-to-image' in '/Users/saladin/Developments/interestory/components/stats'

Import trace for requested module:
./components/stats/StatsClient.tsx @ webpack-internal:///(app-pages-browser)/./node_modules/next/dist/next-devtools/shared/forward-logs-shared.js:27
[    4839ms] [LOG] [Fast Refresh] done in 83ms @ webpack-internal:///(app-pages-browser)/./node_modules/next/dist/next-devtools/shared/forward-logs-shared.js:27
[    4840ms] [LOG] [Fast Refresh] rebuilding @ webpack-internal:///(app-pages-browser)/./node_modules/next/dist/next-devtools/shared/forward-logs-shared.js:27
[    4957ms] [WARNING] ./app/page.tsx
Module not found: Can't resolve 'html-to-image' in '/Users/saladin/Developments/interestory/app'

Import trace for requested module:
./app/page.tsx @ webpack-internal:///(app-pages-browser)/./node_modules/next/dist/next-devtools/shared/forward-logs-shared.js:27
[    4957ms] [WARNING] ./components/stats/StatsClient.tsx
Module not found: Can't resolve 'html-to-image' in '/Users/saladin/Developments/interestory/components/stats'

Import trace for requested module:
./components/stats/StatsClient.tsx @ webpack-internal:///(app-pages-browser)/./node_modules/next/dist/next-devtools/shared/forward-logs-shared.js:27
[    4957ms] [LOG] [Fast Refresh] done in 116ms @ webpack-internal:///(app-pages-browser)/./node_modules/next/dist/next-devtools/shared/forward-logs-shared.js:27
[    4958ms] [LOG] [Fast Refresh] rebuilding @ webpack-internal:///(app-pages-browser)/./node_modules/next/dist/next-devtools/shared/forward-logs-shared.js:27
[    5026ms] [WARNING] ./app/page.tsx
Module not found: Can't resolve 'html-to-image' in '/Users/saladin/Developments/interestory/app'

Import trace for requested module:
./app/page.tsx @ webpack-internal:///(app-pages-browser)/./node_modules/next/dist/next-devtools/shared/forward-logs-shared.js:27
[    5026ms] [WARNING] ./components/stats/StatsClient.tsx
Module not found: Can't resolve 'html-to-image' in '/Users/saladin/Developments/interestory/components/stats'

Import trace for requested module:
./components/stats/StatsClient.tsx @ webpack-internal:///(app-pages-browser)/./node_modules/next/dist/next-devtools/shared/forward-logs-shared.js:27
[    5026ms] [LOG] [Fast Refresh] done in 68ms @ webpack-internal:///(app-pages-browser)/./node_modules/next/dist/next-devtools/shared/forward-logs-shared.js:27
[    5027ms] [LOG] [Fast Refresh] rebuilding @ webpack-internal:///(app-pages-browser)/./node_modules/next/dist/next-devtools/shared/forward-logs-shared.js:27
[    5116ms] [WARNING] ./app/page.tsx
Module not found: Can't resolve 'html-to-image' in '/Users/saladin/Developments/interestory/app'

Import trace for requested module:
./app/page.tsx @ webpack-internal:///(app-pages-browser)/./node_modules/next/dist/next-devtools/shared/forward-logs-shared.js:27
[    5116ms] [WARNING] ./components/stats/StatsClient.tsx
Module not found: Can't resolve 'html-to-image' in '/Users/saladin/Developments/interestory/components/stats'

Import trace for requested module:
./components/stats/StatsClient.tsx @ webpack-internal:///(app-pages-browser)/./node_modules/next/dist/next-devtools/shared/forward-logs-shared.js:27
[    5116ms] [LOG] [Fast Refresh] done in 89ms @ webpack-internal:///(app-pages-browser)/./node_modules/next/dist/next-devtools/shared/forward-logs-shared.js:27
[    5116ms] [LOG] [Fast Refresh] rebuilding @ webpack-internal:///(app-pages-browser)/./node_modules/next/dist/next-devtools/shared/forward-logs-shared.js:27
[    5460ms] [LOG] [Fast Refresh] rebuilding @ webpack-internal:///(app-pages-browser)/./node_modules/next/dist/next-devtools/shared/forward-logs-shared.js:27
[    5461ms] [WARNING] ./app/page.tsx
Module not found: Can't resolve 'html-to-image' in '/Users/saladin/Developments/interestory/app'

Import trace for requested module:
./app/page.tsx @ webpack-internal:///(app-pages-browser)/./node_modules/next/dist/next-devtools/shared/forward-logs-shared.js:27
[    5462ms] [WARNING] ./components/stats/StatsClient.tsx
Module not found: Can't resolve 'html-to-image' in '/Users/saladin/Developments/interestory/components/stats'

Import trace for requested module:
./components/stats/StatsClient.tsx @ webpack-internal:///(app-pages-browser)/./node_modules/next/dist/next-devtools/shared/forward-logs-shared.js:27
[    5462ms] [LOG] [Fast Refresh] done in 1ms @ webpack-internal:///(app-pages-browser)/./node_modules/next/dist/next-devtools/shared/forward-logs-shared.js:27
[    5476ms] [LOG] [Fast Refresh] rebuilding @ webpack-internal:///(app-pages-browser)/./node_modules/next/dist/next-devtools/shared/forward-logs-shared.js:27
[    5494ms] [WARNING] ./app/page.tsx
Module not found: Can't resolve 'html-to-image' in '/Users/saladin/Developments/interestory/app'

Import trace for requested module:
./app/page.tsx @ webpack-internal:///(app-pages-browser)/./node_modules/next/dist/next-devtools/shared/forward-logs-shared.js:27
[    5494ms] [WARNING] ./components/stats/StatsClient.tsx
Module not found: Can't resolve 'html-to-image' in '/Users/saladin/Developments/interestory/components/stats'

Import trace for requested module:
./components/stats/StatsClient.tsx @ webpack-internal:///(app-pages-browser)/./node_modules/next/dist/next-devtools/shared/forward-logs-shared.js:27
[    5494ms] [LOG] [Fast Refresh] done in 19ms @ webpack-internal:///(app-pages-browser)/./node_modules/next/dist/next-devtools/shared/forward-logs-shared.js:27
[    5644ms] [LOG] [Fast Refresh] rebuilding @ webpack-internal:///(app-pages-browser)/./node_modules/next/dist/next-devtools/shared/forward-logs-shared.js:27
[    5644ms] [ERROR] Failed to load resource: the server responded with a status of 500 (Internal Server Error) @ http://localhost:3000/family?_rsc=13zw9:0
[    5724ms] [WARNING] ./app/page.tsx
Module not found: Can't resolve 'html-to-image' in '/Users/saladin/Developments/interestory/app'

Import trace for requested module:
./app/page.tsx @ webpack-internal:///(app-pages-browser)/./node_modules/next/dist/next-devtools/shared/forward-logs-shared.js:27
[    5724ms] [WARNING] ./components/stats/StatsClient.tsx
Module not found: Can't resolve 'html-to-image' in '/Users/saladin/Developments/interestory/components/stats'

Import trace for requested module:
./components/stats/StatsClient.tsx @ webpack-internal:///(app-pages-browser)/./node_modules/next/dist/next-devtools/shared/forward-logs-shared.js:27
[    5724ms] [LOG] [Fast Refresh] done in 79ms @ webpack-internal:///(app-pages-browser)/./node_modules/next/dist/next-devtools/shared/forward-logs-shared.js:27
[    5773ms] [LOG] [Fast Refresh] rebuilding @ webpack-internal:///(app-pages-browser)/./node_modules/next/dist/next-devtools/shared/forward-logs-shared.js:27
[    5796ms] [WARNING] ./app/page.tsx
Module not found: Can't resolve 'html-to-image' in '/Users/saladin/Developments/interestory/app'

Import trace for requested module:
./app/page.tsx @ webpack-internal:///(app-pages-browser)/./node_modules/next/dist/next-devtools/shared/forward-logs-shared.js:27
[    5796ms] [WARNING] ./components/stats/StatsClient.tsx
Module not found: Can't resolve 'html-to-image' in '/Users/saladin/Developments/interestory/components/stats'

Import trace for requested module:
./components/stats/StatsClient.tsx @ webpack-internal:///(app-pages-browser)/./node_modules/next/dist/next-devtools/shared/forward-logs-shared.js:27
[    5796ms] [LOG] [Fast Refresh] done in 23ms @ webpack-internal:///(app-pages-browser)/./node_modules/next/dist/next-devtools/shared/forward-logs-shared.js:27
[    5885ms] [LOG] [Fast Refresh] rebuilding @ webpack-internal:///(app-pages-browser)/./node_modules/next/dist/next-devtools/shared/forward-logs-shared.js:27
[    5995ms] [WARNING] ./app/page.tsx
Module not found: Can't resolve 'html-to-image' in '/Users/saladin/Developments/interestory/app'

Import trace for requested module:
./app/page.tsx @ webpack-internal:///(app-pages-browser)/./node_modules/next/dist/next-devtools/shared/forward-logs-shared.js:27
[    5995ms] [WARNING] ./components/stats/StatsClient.tsx
Module not found: Can't resolve 'html-to-image' in '/Users/saladin/Developments/interestory/components/stats'

Import trace for requested module:
./components/stats/StatsClient.tsx @ webpack-internal:///(app-pages-browser)/./node_modules/next/dist/next-devtools/shared/forward-logs-shared.js:27
[    5995ms] [LOG] [Fast Refresh] done in 110ms @ webpack-internal:///(app-pages-browser)/./node_modules/next/dist/next-devtools/shared/forward-logs-shared.js:27
[    6038ms] [LOG] [Fast Refresh] rebuilding @ webpack-internal:///(app-pages-browser)/./node_modules/next/dist/next-devtools/shared/forward-logs-shared.js:27
[    6068ms] [WARNING] ./app/page.tsx
Module not found: Can't resolve 'html-to-image' in '/Users/saladin/Developments/interestory/app'

Import trace for requested module:
./app/page.tsx @ webpack-internal:///(app-pages-browser)/./node_modules/next/dist/next-devtools/shared/forward-logs-shared.js:27
[    6068ms] [WARNING] ./components/stats/StatsClient.tsx
Module not found: Can't resolve 'html-to-image' in '/Users/saladin/Developments/interestory/components/stats'

Import trace for requested module:
./components/stats/StatsClient.tsx @ webpack-internal:///(app-pages-browser)/./node_modules/next/dist/next-devtools/shared/forward-logs-shared.js:27
[    6068ms] [LOG] [Fast Refresh] done in 29ms @ webpack-internal:///(app-pages-browser)/./node_modules/next/dist/next-devtools/shared/forward-logs-shared.js:27
[    6115ms] [LOG] [Fast Refresh] rebuilding @ webpack-internal:///(app-pages-browser)/./node_modules/next/dist/next-devtools/shared/forward-logs-shared.js:27
[    6139ms] [WARNING] ./app/page.tsx
Module not found: Can't resolve 'html-to-image' in '/Users/saladin/Developments/interestory/app'

Import trace for requested module:
./app/page.tsx @ webpack-internal:///(app-pages-browser)/./node_modules/next/dist/next-devtools/shared/forward-logs-shared.js:27
[    6139ms] [WARNING] ./components/stats/StatsClient.tsx
Module not found: Can't resolve 'html-to-image' in '/Users/saladin/Developments/interestory/components/stats'

Import trace for requested module:
./components/stats/StatsClient.tsx @ webpack-internal:///(app-pages-browser)/./node_modules/next/dist/next-devtools/shared/forward-logs-shared.js:27
[    6139ms] [LOG] [Fast Refresh] done in 25ms @ webpack-internal:///(app-pages-browser)/./node_modules/next/dist/next-devtools/shared/forward-logs-shared.js:27
[    6183ms] [LOG] [Fast Refresh] rebuilding @ webpack-internal:///(app-pages-browser)/./node_modules/next/dist/next-devtools/shared/forward-logs-shared.js:27
[    6206ms] [WARNING] ./app/page.tsx
Module not found: Can't resolve 'html-to-image' in '/Users/saladin/Developments/interestory/app'

Import trace for requested module:
./app/page.tsx @ webpack-internal:///(app-pages-browser)/./node_modules/next/dist/next-devtools/shared/forward-logs-shared.js:27
[    6206ms] [WARNING] ./components/stats/StatsClient.tsx
Module not found: Can't resolve 'html-to-image' in '/Users/saladin/Developments/interestory/components/stats'

Import trace for requested module:
./components/stats/StatsClient.tsx @ webpack-internal:///(app-pages-browser)/./node_modules/next/dist/next-devtools/shared/forward-logs-shared.js:27
[    6206ms] [LOG] [Fast Refresh] done in 23ms @ webpack-internal:///(app-pages-browser)/./node_modules/next/dist/next-devtools/shared/forward-logs-shared.js:27
[    6251ms] [LOG] [Fast Refresh] rebuilding @ webpack-internal:///(app-pages-browser)/./node_modules/next/dist/next-devtools/shared/forward-logs-shared.js:27
[    6257ms] [WARNING] The resource http://localhost:3000/_next/static/css/app/layout.css?v=1790076504640 was preloaded using link preload but not used within a few seconds from the window's load event. Please make sure it has an appropriate `as` value and it is preloaded intentionally. @ http://localhost:3000/family:0
[    6257ms] [WARNING] The resource http://localhost:3000/_next/static/css/app/layout.css?v=1790076506348 was preloaded using link preload but not used within a few seconds from the window's load event. Please make sure it has an appropriate `as` value and it is preloaded intentionally. @ http://localhost:3000/family:0
[    6257ms] [WARNING] The resource http://localhost:3000/_next/static/css/app/layout.css?v=1790076506549 was preloaded using link preload but not used within a few seconds from the window's load event. Please make sure it has an appropriate `as` value and it is preloaded intentionally. @ http://localhost:3000/family:0
[    6257ms] [WARNING] The resource http://localhost:3000/_next/static/css/app/layout.css?v=1790076507073 was preloaded using link preload but not used within a few seconds from the window's load event. Please make sure it has an appropriate `as` value and it is preloaded intentionally. @ http://localhost:3000/family:0
[    6257ms] [WARNING] The resource http://localhost:3000/_next/static/css/app/layout.css?v=1790076505380 was preloaded using link preload but not used within a few seconds from the window's load event. Please make sure it has an appropriate `as` value and it is preloaded intentionally. @ http://localhost:3000/family:0
[    6257ms] [WARNING] The resource http://localhost:3000/_next/static/css/app/layout.css?v=1790076506181 was preloaded using link preload but not used within a few seconds from the window's load event. Please make sure it has an appropriate `as` value and it is preloaded intentionally. @ http://localhost:3000/family:0
[    6257ms] [WARNING] The resource http://localhost:3000/_next/static/media/22a5144ee8d83bca-s.p.woff2?v=1790076502865 was preloaded using link preload but not used within a few seconds from the window's load event. Please make sure it has an appropriate `as` value and it is preloaded intentionally. @ http://localhost:3000/family:0
[    6257ms] [WARNING] The resource http://localhost:3000/_next/static/css/app/layout.css?v=1790076504825 was preloaded using link preload but not used within a few seconds from the window's load event. Please make sure it has an appropriate `as` value and it is preloaded intentionally. @ http://localhost:3000/family:0
[    6257ms] [WARNING] The resource http://localhost:3000/_next/static/css/app/layout.css?v=1790076506024 was preloaded using link preload but not used within a few seconds from the window's load event. Please make sure it has an appropriate `as` value and it is preloaded intentionally. @ http://localhost:3000/family:0
[    6257ms] [WARNING] The resource http://localhost:3000/_next/static/css/app/layout.css?v=1790076508009 was preloaded using link preload but not used within a few seconds from the window's load event. Please make sure it has an appropriate `as` value and it is preloaded intentionally. @ http://localhost:3000/family:0
[    6257ms] [WARNING] The resource http://localhost:3000/_next/static/css/app/layout.css?v=1790076506712 was preloaded using link preload but not used within a few seconds from the window's load event. Please make sure it has an appropriate `as` value and it is preloaded intentionally. @ http://localhost:3000/family:0
[    6257ms] [WARNING] The resource http://localhost:3000/_next/static/media/7d4881bb7e1bf84d-s.p.woff2?v=1790076502865 was preloaded using link preload but not used within a few seconds from the window's load event. Please make sure it has an appropriate `as` value and it is preloaded intentionally. @ http://localhost:3000/family:0
[    6257ms] [WARNING] The resource http://localhost:3000/_next/static/css/app/layout.css?v=1790076505699 was preloaded using link preload but not used within a few seconds from the window's load event. Please make sure it has an appropriate `as` value and it is preloaded intentionally. @ http://localhost:3000/family:0
[    6257ms] [WARNING] The resource http://localhost:3000/_next/static/css/app/layout.css?v=1790076506881 was preloaded using link preload but not used within a few seconds from the window's load event. Please make sure it has an appropriate `as` value and it is preloaded intentionally. @ http://localhost:3000/family:0
[    6257ms] [WARNING] The resource http://localhost:3000/_next/static/css/app/layout.css?v=1790076505545 was preloaded using link preload but not used within a few seconds from the window's load event. Please make sure it has an appropriate `as` value and it is preloaded intentionally. @ http://localhost:3000/family:0
[    6257ms] [WARNING] The resource http://localhost:3000/_next/static/css/app/layout.css?v=1790076505014 was preloaded using link preload but not used within a few seconds from the window's load event. Please make sure it has an appropriate `as` value and it is preloaded intentionally. @ http://localhost:3000/family:0
[    6258ms] [WARNING] The resource http://localhost:3000/_next/static/css/app/layout.css?v=1790076505196 was preloaded using link preload but not used within a few seconds from the window's load event. Please make sure it has an appropriate `as` value and it is preloaded intentionally. @ http://localhost:3000/family:0
[    6258ms] [WARNING] The resource http://localhost:3000/_next/static/css/app/layout.css?v=1790076505868 was preloaded using link preload but not used within a few seconds from the window's load event. Please make sure it has an appropriate `as` value and it is preloaded intentionally. @ http://localhost:3000/family:0
[    6274ms] [WARNING] ./app/page.tsx
Module not found: Can't resolve 'html-to-image' in '/Users/saladin/Developments/interestory/app'

Import trace for requested module:
./app/page.tsx @ webpack-internal:///(app-pages-browser)/./node_modules/next/dist/next-devtools/shared/forward-logs-shared.js:27
[    6274ms] [WARNING] ./components/stats/StatsClient.tsx
Module not found: Can't resolve 'html-to-image' in '/Users/saladin/Developments/interestory/components/stats'

Import trace for requested module:
./components/stats/StatsClient.tsx @ webpack-internal:///(app-pages-browser)/./node_modules/next/dist/next-devtools/shared/forward-logs-shared.js:27
[    6274ms] [LOG] [Fast Refresh] done in 24ms @ webpack-internal:///(app-pages-browser)/./node_modules/next/dist/next-devtools/shared/forward-logs-shared.js:27
[    6293ms] [LOG] [Fast Refresh] rebuilding @ webpack-internal:///(app-pages-browser)/./node_modules/next/dist/next-devtools/shared/forward-logs-shared.js:27
[    6363ms] [WARNING] ./app/page.tsx
Module not found: Can't resolve 'html-to-image' in '/Users/saladin/Developments/interestory/app'

Import trace for requested module:
./app/page.tsx @ webpack-internal:///(app-pages-browser)/./node_modules/next/dist/next-devtools/shared/forward-logs-shared.js:27
[    6363ms] [WARNING] ./components/stats/StatsClient.tsx
Module not found: Can't resolve 'html-to-image' in '/Users/saladin/Developments/interestory/components/stats'

Import trace for requested module:
./components/stats/StatsClient.tsx @ webpack-internal:///(app-pages-browser)/./node_modules/next/dist/next-devtools/shared/forward-logs-shared.js:27
[    6363ms] [LOG] [Fast Refresh] done in 70ms @ webpack-internal:///(app-pages-browser)/./node_modules/next/dist/next-devtools/shared/forward-logs-shared.js:27
[    6408ms] [LOG] [Fast Refresh] rebuilding @ webpack-internal:///(app-pages-browser)/./node_modules/next/dist/next-devtools/shared/forward-logs-shared.js:27
[    6437ms] [WARNING] ./app/page.tsx
Module not found: Can't resolve 'html-to-image' in '/Users/saladin/Developments/interestory/app'

Import trace for requested module:
./app/page.tsx @ webpack-internal:///(app-pages-browser)/./node_modules/next/dist/next-devtools/shared/forward-logs-shared.js:27
[    6437ms] [WARNING] ./components/stats/StatsClient.tsx
Module not found: Can't resolve 'html-to-image' in '/Users/saladin/Developments/interestory/components/stats'

Import trace for requested module:
./components/stats/StatsClient.tsx @ webpack-internal:///(app-pages-browser)/./node_modules/next/dist/next-devtools/shared/forward-logs-shared.js:27
[    6437ms] [LOG] [Fast Refresh] done in 29ms @ webpack-internal:///(app-pages-browser)/./node_modules/next/dist/next-devtools/shared/forward-logs-shared.js:27
[    6441ms] [LOG] [Fast Refresh] rebuilding @ webpack-internal:///(app-pages-browser)/./node_modules/next/dist/next-devtools/shared/forward-logs-shared.js:27
[    6509ms] [WARNING] ./app/page.tsx
Module not found: Can't resolve 'html-to-image' in '/Users/saladin/Developments/interestory/app'

Import trace for requested module:
./app/page.tsx @ webpack-internal:///(app-pages-browser)/./node_modules/next/dist/next-devtools/shared/forward-logs-shared.js:27
[    6509ms] [WARNING] ./components/stats/StatsClient.tsx
Module not found: Can't resolve 'html-to-image' in '/Users/saladin/Developments/interestory/components/stats'

Import trace for requested module:
./components/stats/StatsClient.tsx @ webpack-internal:///(app-pages-browser)/./node_modules/next/dist/next-devtools/shared/forward-logs-shared.js:27
[    6509ms] [LOG] [Fast Refresh] done in 69ms @ webpack-internal:///(app-pages-browser)/./node_modules/next/dist/next-devtools/shared/forward-logs-shared.js:27
[    6555ms] [LOG] [Fast Refresh] rebuilding @ webpack-internal:///(app-pages-browser)/./node_modules/next/dist/next-devtools/shared/forward-logs-shared.js:27
[    6577ms] [WARNING] ./app/page.tsx
Module not found: Can't resolve 'html-to-image' in '/Users/saladin/Developments/interestory/app'

Import trace for requested module:
./app/page.tsx @ webpack-internal:///(app-pages-browser)/./node_modules/next/dist/next-devtools/shared/forward-logs-shared.js:27
[    6577ms] [WARNING] ./components/stats/StatsClient.tsx
Module not found: Can't resolve 'html-to-image' in '/Users/saladin/Developments/interestory/components/stats'

Import trace for requested module:
./components/stats/StatsClient.tsx @ webpack-internal:///(app-pages-browser)/./node_modules/next/dist/next-devtools/shared/forward-logs-shared.js:27
[    6577ms] [LOG] [Fast Refresh] done in 22ms @ webpack-internal:///(app-pages-browser)/./node_modules/next/dist/next-devtools/shared/forward-logs-shared.js:27
[    6588ms] [LOG] [Fast Refresh] rebuilding @ webpack-internal:///(app-pages-browser)/./node_modules/next/dist/next-devtools/shared/forward-logs-shared.js:27
[    7054ms] [INFO] %cDownload the React DevTools for a better development experience: https://react.dev/link/react-devtools font-weight:bold @ webpack-internal:///(app-pages-browser)/./node_modules/next/dist/next-devtools/shared/forward-logs-shared.js:27
[    7065ms] [LOG] [HMR] connected @ webpack-internal:///(app-pages-browser)/./node_modules/next/dist/next-devtools/shared/forward-logs-shared.js:27
[    7066ms] [WARNING] ./app/page.tsx
Module not found: Can't resolve 'html-to-image' in '/Users/saladin/Developments/interestory/app' @ webpack-internal:///(app-pages-browser)/./node_modules/next/dist/next-devtools/shared/forward-logs-shared.js:27
[    7066ms] [WARNING] ./components/stats/StatsClient.tsx
Module not found: Can't resolve 'html-to-image' in '/Users/saladin/Developments/interestory/components/stats' @ webpack-internal:///(app-pages-browser)/./node_modules/next/dist/next-devtools/shared/forward-logs-shared.js:27
[    7092ms] [LOG] [Fast Refresh] rebuilding @ webpack-internal:///(app-pages-browser)/./node_modules/next/dist/next-devtools/shared/forward-logs-shared.js:27
[    7170ms] [WARNING] ./app/page.tsx
Module not found: Can't resolve 'html-to-image' in '/Users/saladin/Developments/interestory/app'

Import trace for requested module:
./app/page.tsx @ webpack-internal:///(app-pages-browser)/./node_modules/next/dist/next-devtools/shared/forward-logs-shared.js:27
[    7171ms] [WARNING] ./components/stats/StatsClient.tsx
Module not found: Can't resolve 'html-to-image' in '/Users/saladin/Developments/interestory/components/stats'

Import trace for requested module:
./components/stats/StatsClient.tsx @ webpack-internal:///(app-pages-browser)/./node_modules/next/dist/next-devtools/shared/forward-logs-shared.js:27
[    7171ms] [LOG] [Fast Refresh] rebuilding @ webpack-internal:///(app-pages-browser)/./node_modules/next/dist/next-devtools/shared/forward-logs-shared.js:27
[    7240ms] [LOG] [Fast Refresh] done in 69ms @ webpack-internal:///(app-pages-browser)/./node_modules/next/dist/next-devtools/shared/forward-logs-shared.js:27
[    7265ms] [WARNING] ./app/page.tsx
Module not found: Can't resolve 'html-to-image' in '/Users/saladin/Developments/interestory/app'

Import trace for requested module:
./app/page.tsx @ webpack-internal:///(app-pages-browser)/./node_modules/next/dist/next-devtools/shared/forward-logs-shared.js:27
[    7265ms] [WARNING] ./components/stats/StatsClient.tsx
Module not found: Can't resolve 'html-to-image' in '/Users/saladin/Developments/interestory/components/stats'

Import trace for requested module:
./components/stats/StatsClient.tsx @ webpack-internal:///(app-pages-browser)/./node_modules/next/dist/next-devtools/shared/forward-logs-shared.js:27
[    7266ms] [LOG] [Fast Refresh] rebuilding @ webpack-internal:///(app-pages-browser)/./node_modules/next/dist/next-devtools/shared/forward-logs-shared.js:27
[    7270ms] [LOG] [Fast Refresh] done in 3ms @ webpack-internal:///(app-pages-browser)/./node_modules/next/dist/next-devtools/shared/forward-logs-shared.js:27
[    7370ms] [WARNING] ./app/page.tsx
Module not found: Can't resolve 'html-to-image' in '/Users/saladin/Developments/interestory/app'

Import trace for requested module:
./app/page.tsx @ webpack-internal:///(app-pages-browser)/./node_modules/next/dist/next-devtools/shared/forward-logs-shared.js:27
[    7370ms] [WARNING] ./components/stats/StatsClient.tsx
Module not found: Can't resolve 'html-to-image' in '/Users/saladin/Developments/interestory/components/stats'

Import trace for requested module:
./components/stats/StatsClient.tsx @ webpack-internal:///(app-pages-browser)/./node_modules/next/dist/next-devtools/shared/forward-logs-shared.js:27
[    7371ms] [LOG] [Fast Refresh] rebuilding @ webpack-internal:///(app-pages-browser)/./node_modules/next/dist/next-devtools/shared/forward-logs-shared.js:27
[    7378ms] [LOG] [Fast Refresh] done in 6ms @ webpack-internal:///(app-pages-browser)/./node_modules/next/dist/next-devtools/shared/forward-logs-shared.js:27
[    7448ms] [WARNING] ./app/page.tsx
Module not found: Can't resolve 'html-to-image' in '/Users/saladin/Developments/interestory/app'

Import trace for requested module:
./app/page.tsx @ webpack-internal:///(app-pages-browser)/./node_modules/next/dist/next-devtools/shared/forward-logs-shared.js:27
[    7448ms] [WARNING] ./components/stats/StatsClient.tsx
Module not found: Can't resolve 'html-to-image' in '/Users/saladin/Developments/interestory/components/stats'

Import trace for requested module:
./components/stats/StatsClient.tsx @ webpack-internal:///(app-pages-browser)/./node_modules/next/dist/next-devtools/shared/forward-logs-shared.js:27
[    7449ms] [LOG] [Fast Refresh] rebuilding @ webpack-internal:///(app-pages-browser)/./node_modules/next/dist/next-devtools/shared/forward-logs-shared.js:27
[    7453ms] [LOG] [Fast Refresh] done in 3ms @ webpack-internal:///(app-pages-browser)/./node_modules/next/dist/next-devtools/shared/forward-logs-shared.js:27
[    7546ms] [WARNING] ./app/page.tsx
Module not found: Can't resolve 'html-to-image' in '/Users/saladin/Developments/interestory/app'

Import trace for requested module:
./app/page.tsx @ webpack-internal:///(app-pages-browser)/./node_modules/next/dist/next-devtools/shared/forward-logs-shared.js:27
[    7546ms] [WARNING] ./components/stats/StatsClient.tsx
Module not found: Can't resolve 'html-to-image' in '/Users/saladin/Developments/interestory/components/stats'

Import trace for requested module:
./components/stats/StatsClient.tsx @ webpack-internal:///(app-pages-browser)/./node_modules/next/dist/next-devtools/shared/forward-logs-shared.js:27
[    7547ms] [LOG] [Fast Refresh] rebuilding @ webpack-internal:///(app-pages-browser)/./node_modules/next/dist/next-devtools/shared/forward-logs-shared.js:27
[    7550ms] [LOG] [Fast Refresh] done in 4ms @ webpack-internal:///(app-pages-browser)/./node_modules/next/dist/next-devtools/shared/forward-logs-shared.js:27
[    7620ms] [WARNING] ./app/page.tsx
Module not found: Can't resolve 'html-to-image' in '/Users/saladin/Developments/interestory/app'

Import trace for requested module:
./app/page.tsx @ webpack-internal:///(app-pages-browser)/./node_modules/next/dist/next-devtools/shared/forward-logs-shared.js:27
[    7620ms] [WARNING] ./components/stats/StatsClient.tsx
Module not found: Can't resolve 'html-to-image' in '/Users/saladin/Developments/interestory/components/stats'

Import trace for requested module:
./components/stats/StatsClient.tsx @ webpack-internal:///(app-pages-browser)/./node_modules/next/dist/next-devtools/shared/forward-logs-shared.js:27
[    7622ms] [LOG] [Fast Refresh] rebuilding @ webpack-internal:///(app-pages-browser)/./node_modules/next/dist/next-devtools/shared/forward-logs-shared.js:27
[    7625ms] [LOG] [Fast Refresh] done in 4ms @ webpack-internal:///(app-pages-browser)/./node_modules/next/dist/next-devtools/shared/forward-logs-shared.js:27
[    7695ms] [WARNING] ./app/page.tsx
Module not found: Can't resolve 'html-to-image' in '/Users/saladin/Developments/interestory/app'

Import trace for requested module:
./app/page.tsx @ webpack-internal:///(app-pages-browser)/./node_modules/next/dist/next-devtools/shared/forward-logs-shared.js:27
[    7695ms] [WARNING] ./components/stats/StatsClient.tsx
Module not found: Can't resolve 'html-to-image' in '/Users/saladin/Developments/interestory/components/stats'

Import trace for requested module:
./components/stats/StatsClient.tsx @ webpack-internal:///(app-pages-browser)/./node_modules/next/dist/next-devtools/shared/forward-logs-shared.js:27
[    7696ms] [LOG] [Fast Refresh] rebuilding @ webpack-internal:///(app-pages-browser)/./node_modules/next/dist/next-devtools/shared/forward-logs-shared.js:27
[    7764ms] [LOG] [Fast Refresh] done in 69ms @ webpack-internal:///(app-pages-browser)/./node_modules/next/dist/next-devtools/shared/forward-logs-shared.js:27
[    7787ms] [WARNING] ./app/page.tsx
Module not found: Can't resolve 'html-to-image' in '/Users/saladin/Developments/interestory/app'

Import trace for requested module:
./app/page.tsx @ webpack-internal:///(app-pages-browser)/./node_modules/next/dist/next-devtools/shared/forward-logs-shared.js:27
[    7787ms] [WARNING] ./components/stats/StatsClient.tsx
Module not found: Can't resolve 'html-to-image' in '/Users/saladin/Developments/interestory/components/stats'

Import trace for requested module:
./components/stats/StatsClient.tsx @ webpack-internal:///(app-pages-browser)/./node_modules/next/dist/next-devtools/shared/forward-logs-shared.js:27
[    7788ms] [LOG] [Fast Refresh] rebuilding @ webpack-internal:///(app-pages-browser)/./node_modules/next/dist/next-devtools/shared/forward-logs-shared.js:27
[    7792ms] [LOG] [Fast Refresh] done in 4ms @ webpack-internal:///(app-pages-browser)/./node_modules/next/dist/next-devtools/shared/forward-logs-shared.js:27
[    7862ms] [WARNING] ./app/page.tsx
Module not found: Can't resolve 'html-to-image' in '/Users/saladin/Developments/interestory/app'

Import trace for requested module:
./app/page.tsx @ webpack-internal:///(app-pages-browser)/./node_modules/next/dist/next-devtools/shared/forward-logs-shared.js:27
[    7862ms] [WARNING] ./components/stats/StatsClient.tsx
Module not found: Can't resolve 'html-to-image' in '/Users/saladin/Developments/interestory/components/stats'

Import trace for requested module:
./components/stats/StatsClient.tsx @ webpack-internal:///(app-pages-browser)/./node_modules/next/dist/next-devtools/shared/forward-logs-shared.js:27
[    7864ms] [LOG] [Fast Refresh] rebuilding @ webpack-internal:///(app-pages-browser)/./node_modules/next/dist/next-devtools/shared/forward-logs-shared.js:27
[    7979ms] [LOG] [Fast Refresh] done in 115ms @ webpack-internal:///(app-pages-browser)/./node_modules/next/dist/next-devtools/shared/forward-logs-shared.js:27
[    8001ms] [WARNING] ./app/page.tsx
Module not found: Can't resolve 'html-to-image' in '/Users/saladin/Developments/interestory/app'

Import trace for requested module:
./app/page.tsx @ webpack-internal:///(app-pages-browser)/./node_modules/next/dist/next-devtools/shared/forward-logs-shared.js:27
[    8001ms] [WARNING] ./components/stats/StatsClient.tsx
Module not found: Can't resolve 'html-to-image' in '/Users/saladin/Developments/interestory/components/stats'

Import trace for requested module:
./components/stats/StatsClient.tsx @ webpack-internal:///(app-pages-browser)/./node_modules/next/dist/next-devtools/shared/forward-logs-shared.js:27
[    8002ms] [LOG] [Fast Refresh] rebuilding @ webpack-internal:///(app-pages-browser)/./node_modules/next/dist/next-devtools/shared/forward-logs-shared.js:27
[    8102ms] [WARNING] ./app/page.tsx
Module not found: Can't resolve 'html-to-image' in '/Users/saladin/Developments/interestory/app'

Import trace for requested module:
./app/page.tsx @ webpack-internal:///(app-pages-browser)/./node_modules/next/dist/next-devtools/shared/forward-logs-shared.js:27
[    8102ms] [WARNING] ./components/stats/StatsClient.tsx
Module not found: Can't resolve 'html-to-image' in '/Users/saladin/Developments/interestory/components/stats'

Import trace for requested module:
./components/stats/StatsClient.tsx @ webpack-internal:///(app-pages-browser)/./node_modules/next/dist/next-devtools/shared/forward-logs-shared.js:27
[    8102ms] [LOG] [Fast Refresh] done in 101ms @ webpack-internal:///(app-pages-browser)/./node_modules/next/dist/next-devtools/shared/forward-logs-shared.js:27
[    8103ms] [LOG] [Fast Refresh] rebuilding @ webpack-internal:///(app-pages-browser)/./node_modules/next/dist/next-devtools/shared/forward-logs-shared.js:27
[    8177ms] [WARNING] ./app/page.tsx
Module not found: Can't resolve 'html-to-image' in '/Users/saladin/Developments/interestory/app'

Import trace for requested module:
./app/page.tsx @ webpack-internal:///(app-pages-browser)/./node_modules/next/dist/next-devtools/shared/forward-logs-shared.js:27
[    8177ms] [WARNING] ./components/stats/StatsClient.tsx
Module not found: Can't resolve 'html-to-image' in '/Users/saladin/Developments/interestory/components/stats'

Import trace for requested module:
./components/stats/StatsClient.tsx @ webpack-internal:///(app-pages-browser)/./node_modules/next/dist/next-devtools/shared/forward-logs-shared.js:27
[    8177ms] [LOG] [Fast Refresh] done in 73ms @ webpack-internal:///(app-pages-browser)/./node_modules/next/dist/next-devtools/shared/forward-logs-shared.js:27
[    8178ms] [LOG] [Fast Refresh] rebuilding @ webpack-internal:///(app-pages-browser)/./node_modules/next/dist/next-devtools/shared/forward-logs-shared.js:27
[    8274ms] [WARNING] ./app/page.tsx
Module not found: Can't resolve 'html-to-image' in '/Users/saladin/Developments/interestory/app'

Import trace for requested module:
./app/page.tsx @ webpack-internal:///(app-pages-browser)/./node_modules/next/dist/next-devtools/shared/forward-logs-shared.js:27
[    8274ms] [WARNING] ./components/stats/StatsClient.tsx
Module not found: Can't resolve 'html-to-image' in '/Users/saladin/Developments/interestory/components/stats'

Import trace for requested module:
./components/stats/StatsClient.tsx @ webpack-internal:///(app-pages-browser)/./node_modules/next/dist/next-devtools/shared/forward-logs-shared.js:27
[    8274ms] [LOG] [Fast Refresh] done in 96ms @ webpack-internal:///(app-pages-browser)/./node_modules/next/dist/next-devtools/shared/forward-logs-shared.js:27
[    8275ms] [LOG] [Fast Refresh] rebuilding @ webpack-internal:///(app-pages-browser)/./node_modules/next/dist/next-devtools/shared/forward-logs-shared.js:27
[    8347ms] [WARNING] ./app/page.tsx
Module not found: Can't resolve 'html-to-image' in '/Users/saladin/Developments/interestory/app'

Import trace for requested module:
./app/page.tsx @ webpack-internal:///(app-pages-browser)/./node_modules/next/dist/next-devtools/shared/forward-logs-shared.js:27
[    8347ms] [WARNING] ./components/stats/StatsClient.tsx
Module not found: Can't resolve 'html-to-image' in '/Users/saladin/Developments/interestory/components/stats'

Import trace for requested module:
./components/stats/StatsClient.tsx @ webpack-internal:///(app-pages-browser)/./node_modules/next/dist/next-devtools/shared/forward-logs-shared.js:27
[    8347ms] [LOG] [Fast Refresh] done in 72ms @ webpack-internal:///(app-pages-browser)/./node_modules/next/dist/next-devtools/shared/forward-logs-shared.js:27
[    8349ms] [LOG] [Fast Refresh] rebuilding @ webpack-internal:///(app-pages-browser)/./node_modules/next/dist/next-devtools/shared/forward-logs-shared.js:27
[    8445ms] [WARNING] ./app/page.tsx
Module not found: Can't resolve 'html-to-image' in '/Users/saladin/Developments/interestory/app'

Import trace for requested module:
./app/page.tsx @ webpack-internal:///(app-pages-browser)/./node_modules/next/dist/next-devtools/shared/forward-logs-shared.js:27
[    8445ms] [WARNING] ./components/stats/StatsClient.tsx
Module not found: Can't resolve 'html-to-image' in '/Users/saladin/Developments/interestory/components/stats'

Import trace for requested module:
./components/stats/StatsClient.tsx @ webpack-internal:///(app-pages-browser)/./node_modules/next/dist/next-devtools/shared/forward-logs-shared.js:27
[    8445ms] [LOG] [Fast Refresh] done in 96ms @ webpack-internal:///(app-pages-browser)/./node_modules/next/dist/next-devtools/shared/forward-logs-shared.js:27
[    8446ms] [LOG] [Fast Refresh] rebuilding @ webpack-internal:///(app-pages-browser)/./node_modules/next/dist/next-devtools/shared/forward-logs-shared.js:27
[    8516ms] [WARNING] ./app/page.tsx
Module not found: Can't resolve 'html-to-image' in '/Users/saladin/Developments/interestory/app'

Import trace for requested module:
./app/page.tsx @ webpack-internal:///(app-pages-browser)/./node_modules/next/dist/next-devtools/shared/forward-logs-shared.js:27
[    8516ms] [WARNING] ./components/stats/StatsClient.tsx
Module not found: Can't resolve 'html-to-image' in '/Users/saladin/Developments/interestory/components/stats'

Import trace for requested module:
./components/stats/StatsClient.tsx @ webpack-internal:///(app-pages-browser)/./node_modules/next/dist/next-devtools/shared/forward-logs-shared.js:27
[    8517ms] [LOG] [Fast Refresh] done in 70ms @ webpack-internal:///(app-pages-browser)/./node_modules/next/dist/next-devtools/shared/forward-logs-shared.js:27
[    8518ms] [LOG] [Fast Refresh] rebuilding @ webpack-internal:///(app-pages-browser)/./node_modules/next/dist/next-devtools/shared/forward-logs-shared.js:27
[    8612ms] [WARNING] ./app/page.tsx
Module not found: Can't resolve 'html-to-image' in '/Users/saladin/Developments/interestory/app'

Import trace for requested module:
./app/page.tsx @ webpack-internal:///(app-pages-browser)/./node_modules/next/dist/next-devtools/shared/forward-logs-shared.js:27
[    8612ms] [WARNING] ./components/stats/StatsClient.tsx
Module not found: Can't resolve 'html-to-image' in '/Users/saladin/Developments/interestory/components/stats'

Import trace for requested module:
./components/stats/StatsClient.tsx @ webpack-internal:///(app-pages-browser)/./node_modules/next/dist/next-devtools/shared/forward-logs-shared.js:27
[    8613ms] [LOG] [Fast Refresh] done in 95ms @ webpack-internal:///(app-pages-browser)/./node_modules/next/dist/next-devtools/shared/forward-logs-shared.js:27
[    8614ms] [LOG] [Fast Refresh] rebuilding @ webpack-internal:///(app-pages-browser)/./node_modules/next/dist/next-devtools/shared/forward-logs-shared.js:27
[    8687ms] [WARNING] ./app/page.tsx
Module not found: Can't resolve 'html-to-image' in '/Users/saladin/Developments/interestory/app'

Import trace for requested module:
./app/page.tsx @ webpack-internal:///(app-pages-browser)/./node_modules/next/dist/next-devtools/shared/forward-logs-shared.js:27
[    8687ms] [WARNING] ./components/stats/StatsClient.tsx
Module not found: Can't resolve 'html-to-image' in '/Users/saladin/Developments/interestory/components/stats'

Import trace for requested module:
./components/stats/StatsClient.tsx @ webpack-internal:///(app-pages-browser)/./node_modules/next/dist/next-devtools/shared/forward-logs-shared.js:27
[    8687ms] [LOG] [Fast Refresh] done in 73ms @ webpack-internal:///(app-pages-browser)/./node_modules/next/dist/next-devtools/shared/forward-logs-shared.js:27
[    8688ms] [LOG] [Fast Refresh] rebuilding @ webpack-internal:///(app-pages-browser)/./node_modules/next/dist/next-devtools/shared/forward-logs-shared.js:27
[    8785ms] [WARNING] ./app/page.tsx
Module not found: Can't resolve 'html-to-image' in '/Users/saladin/Developments/interestory/app'

Import trace for requested module:
./app/page.tsx @ webpack-internal:///(app-pages-browser)/./node_modules/next/dist/next-devtools/shared/forward-logs-shared.js:27
[    8785ms] [WARNING] ./components/stats/StatsClient.tsx
Module not found: Can't resolve 'html-to-image' in '/Users/saladin/Developments/interestory/components/stats'

Import trace for requested module:
./components/stats/StatsClient.tsx @ webpack-internal:///(app-pages-browser)/./node_modules/next/dist/next-devtools/shared/forward-logs-shared.js:27
[    8785ms] [LOG] [Fast Refresh] done in 98ms @ webpack-internal:///(app-pages-browser)/./node_modules/next/dist/next-devtools/shared/forward-logs-shared.js:27
[    8786ms] [LOG] [Fast Refresh] rebuilding @ webpack-internal:///(app-pages-browser)/./node_modules/next/dist/next-devtools/shared/forward-logs-shared.js:27
[    8858ms] [WARNING] ./app/page.tsx
Module not found: Can't resolve 'html-to-image' in '/Users/saladin/Developments/interestory/app'

Import trace for requested module:
./app/page.tsx @ webpack-internal:///(app-pages-browser)/./node_modules/next/dist/next-devtools/shared/forward-logs-shared.js:27
[    8858ms] [WARNING] ./components/stats/StatsClient.tsx
Module not found: Can't resolve 'html-to-image' in '/Users/saladin/Developments/interestory/components/stats'

Import trace for requested module:
./components/stats/StatsClient.tsx @ webpack-internal:///(app-pages-browser)/./node_modules/next/dist/next-devtools/shared/forward-logs-shared.js:27
[    8858ms] [LOG] [Fast Refresh] done in 71ms @ webpack-internal:///(app-pages-browser)/./node_modules/next/dist/next-devtools/shared/forward-logs-shared.js:27
[    8859ms] [LOG] [Fast Refresh] rebuilding @ webpack-internal:///(app-pages-browser)/./node_modules/next/dist/next-devtools/shared/forward-logs-shared.js:27
[    8956ms] [WARNING] ./app/page.tsx
Module not found: Can't resolve 'html-to-image' in '/Users/saladin/Developments/interestory/app'

Import trace for requested module:
./app/page.tsx @ webpack-internal:///(app-pages-browser)/./node_modules/next/dist/next-devtools/shared/forward-logs-shared.js:27
[    8956ms] [WARNING] ./components/stats/StatsClient.tsx
Module not found: Can't resolve 'html-to-image' in '/Users/saladin/Developments/interestory/components/stats'

Import trace for requested module:
./components/stats/StatsClient.tsx @ webpack-internal:///(app-pages-browser)/./node_modules/next/dist/next-devtools/shared/forward-logs-shared.js:27
[    8956ms] [LOG] [Fast Refresh] done in 98ms @ webpack-internal:///(app-pages-browser)/./node_modules/next/dist/next-devtools/shared/forward-logs-shared.js:27
[    8958ms] [LOG] [Fast Refresh] rebuilding @ webpack-internal:///(app-pages-browser)/./node_modules/next/dist/next-devtools/shared/forward-logs-shared.js:27
[    9033ms] [WARNING] ./app/page.tsx
Module not found: Can't resolve 'html-to-image' in '/Users/saladin/Developments/interestory/app'

Import trace for requested module:
./app/page.tsx @ webpack-internal:///(app-pages-browser)/./node_modules/next/dist/next-devtools/shared/forward-logs-shared.js:27
[    9033ms] [WARNING] ./components/stats/StatsClient.tsx
Module not found: Can't resolve 'html-to-image' in '/Users/saladin/Developments/interestory/components/stats'

Import trace for requested module:
./components/stats/StatsClient.tsx @ webpack-internal:///(app-pages-browser)/./node_modules/next/dist/next-devtools/shared/forward-logs-shared.js:27
[    9033ms] [LOG] [Fast Refresh] done in 76ms @ webpack-internal:///(app-pages-browser)/./node_modules/next/dist/next-devtools/shared/forward-logs-shared.js:27
[    9034ms] [LOG] [Fast Refresh] rebuilding @ webpack-internal:///(app-pages-browser)/./node_modules/next/dist/next-devtools/shared/forward-logs-shared.js:27
[    9126ms] [WARNING] ./app/page.tsx
Module not found: Can't resolve 'html-to-image' in '/Users/saladin/Developments/interestory/app'

Import trace for requested module:
./app/page.tsx @ webpack-internal:///(app-pages-browser)/./node_modules/next/dist/next-devtools/shared/forward-logs-shared.js:27
[    9126ms] [WARNING] ./components/stats/StatsClient.tsx
Module not found: Can't resolve 'html-to-image' in '/Users/saladin/Developments/interestory/components/stats'

Import trace for requested module:
./components/stats/StatsClient.tsx @ webpack-internal:///(app-pages-browser)/./node_modules/next/dist/next-devtools/shared/forward-logs-shared.js:27
[    9126ms] [LOG] [Fast Refresh] done in 92ms @ webpack-internal:///(app-pages-browser)/./node_modules/next/dist/next-devtools/shared/forward-logs-shared.js:27
[    9127ms] [LOG] [Fast Refresh] rebuilding @ webpack-internal:///(app-pages-browser)/./node_modules/next/dist/next-devtools/shared/forward-logs-shared.js:27
[    9199ms] [WARNING] ./app/page.tsx
Module not found: Can't resolve 'html-to-image' in '/Users/saladin/Developments/interestory/app'

Import trace for requested module:
./app/page.tsx @ webpack-internal:///(app-pages-browser)/./node_modules/next/dist/next-devtools/shared/forward-logs-shared.js:27
[    9199ms] [WARNING] ./components/stats/StatsClient.tsx
Module not found: Can't resolve 'html-to-image' in '/Users/saladin/Developments/interestory/components/stats'

Import trace for requested module:
./components/stats/StatsClient.tsx @ webpack-internal:///(app-pages-browser)/./node_modules/next/dist/next-devtools/shared/forward-logs-shared.js:27
[    9199ms] [LOG] [Fast Refresh] done in 71ms @ webpack-internal:///(app-pages-browser)/./node_modules/next/dist/next-devtools/shared/forward-logs-shared.js:27
[    9201ms] [LOG] [Fast Refresh] rebuilding @ webpack-internal:///(app-pages-browser)/./node_modules/next/dist/next-devtools/shared/forward-logs-shared.js:27
[    9296ms] [WARNING] ./app/page.tsx
Module not found: Can't resolve 'html-to-image' in '/Users/saladin/Developments/interestory/app'

Import trace for requested module:
./app/page.tsx @ webpack-internal:///(app-pages-browser)/./node_modules/next/dist/next-devtools/shared/forward-logs-shared.js:27
[    9296ms] [WARNING] ./components/stats/StatsClient.tsx
Module not found: Can't resolve 'html-to-image' in '/Users/saladin/Developments/interestory/components/stats'

Import trace for requested module:
./components/stats/StatsClient.tsx @ webpack-internal:///(app-pages-browser)/./node_modules/next/dist/next-devtools/shared/forward-logs-shared.js:27
[    9296ms] [LOG] [Fast Refresh] done in 95ms @ webpack-internal:///(app-pages-browser)/./node_modules/next/dist/next-devtools/shared/forward-logs-shared.js:27
[    9297ms] [LOG] [Fast Refresh] rebuilding @ webpack-internal:///(app-pages-browser)/./node_modules/next/dist/next-devtools/shared/forward-logs-shared.js:27
[    9370ms] [WARNING] ./app/page.tsx
Module not found: Can't resolve 'html-to-image' in '/Users/saladin/Developments/interestory/app'

Import trace for requested module:
./app/page.tsx @ webpack-internal:///(app-pages-browser)/./node_modules/next/dist/next-devtools/shared/forward-logs-shared.js:27
[    9370ms] [WARNING] ./components/stats/StatsClient.tsx
Module not found: Can't resolve 'html-to-image' in '/Users/saladin/Developments/interestory/components/stats'

Import trace for requested module:
./components/stats/StatsClient.tsx @ webpack-internal:///(app-pages-browser)/./node_modules/next/dist/next-devtools/shared/forward-logs-shared.js:27
[    9370ms] [LOG] [Fast Refresh] done in 74ms @ webpack-internal:///(app-pages-browser)/./node_modules/next/dist/next-devtools/shared/forward-logs-shared.js:27
[    9371ms] [LOG] [Fast Refresh] rebuilding @ webpack-internal:///(app-pages-browser)/./node_modules/next/dist/next-devtools/shared/forward-logs-shared.js:27
[    9465ms] [WARNING] ./app/page.tsx
Module not found: Can't resolve 'html-to-image' in '/Users/saladin/Developments/interestory/app'

Import trace for requested module:
./app/page.tsx @ webpack-internal:///(app-pages-browser)/./node_modules/next/dist/next-devtools/shared/forward-logs-shared.js:27
[    9465ms] [WARNING] ./components/stats/StatsClient.tsx
Module not found: Can't resolve 'html-to-image' in '/Users/saladin/Developments/interestory/components/stats'

Import trace for requested module:
./components/stats/StatsClient.tsx @ webpack-internal:///(app-pages-browser)/./node_modules/next/dist/next-devtools/shared/forward-logs-shared.js:27
[    9465ms] [LOG] [Fast Refresh] done in 94ms @ webpack-internal:///(app-pages-browser)/./node_modules/next/dist/next-devtools/shared/forward-logs-shared.js:27
[    9466ms] [LOG] [Fast Refresh] rebuilding @ webpack-internal:///(app-pages-browser)/./node_modules/next/dist/next-devtools/shared/forward-logs-shared.js:27
[    9541ms] [WARNING] ./app/page.tsx
Module not found: Can't resolve 'html-to-image' in '/Users/saladin/Developments/interestory/app'

Import trace for requested module:
./app/page.tsx @ webpack-internal:///(app-pages-browser)/./node_modules/next/dist/next-devtools/shared/forward-logs-shared.js:27
[    9541ms] [WARNING] ./components/stats/StatsClient.tsx
Module not found: Can't resolve 'html-to-image' in '/Users/saladin/Developments/interestory/components/stats'

Import trace for requested module:
./components/stats/StatsClient.tsx @ webpack-internal:///(app-pages-browser)/./node_modules/next/dist/next-devtools/shared/forward-logs-shared.js:27
[    9541ms] [LOG] [Fast Refresh] done in 75ms @ webpack-internal:///(app-pages-browser)/./node_modules/next/dist/next-devtools/shared/forward-logs-shared.js:27
[    9571ms] [LOG] [Fast Refresh] rebuilding @ webpack-internal:///(app-pages-browser)/./node_modules/next/dist/next-devtools/shared/forward-logs-shared.js:27
[    9669ms] [WARNING] ./app/page.tsx
Module not found: Can't resolve 'html-to-image' in '/Users/saladin/Developments/interestory/app'

Import trace for requested module:
./app/page.tsx @ webpack-internal:///(app-pages-browser)/./node_modules/next/dist/next-devtools/shared/forward-logs-shared.js:27
[    9669ms] [WARNING] ./components/stats/StatsClient.tsx
Module not found: Can't resolve 'html-to-image' in '/Users/saladin/Developments/interestory/components/stats'

Import trace for requested module:
./components/stats/StatsClient.tsx @ webpack-internal:///(app-pages-browser)/./node_modules/next/dist/next-devtools/shared/forward-logs-shared.js:27
[    9669ms] [LOG] [Fast Refresh] done in 98ms @ webpack-internal:///(app-pages-browser)/./node_modules/next/dist/next-devtools/shared/forward-logs-shared.js:27
[    9671ms] [LOG] [Fast Refresh] rebuilding @ webpack-internal:///(app-pages-browser)/./node_modules/next/dist/next-devtools/shared/forward-logs-shared.js:27
[    9741ms] [WARNING] ./app/page.tsx
Module not found: Can't resolve 'html-to-image' in '/Users/saladin/Developments/interestory/app'

Import trace for requested module:
./app/page.tsx @ webpack-internal:///(app-pages-browser)/./node_modules/next/dist/next-devtools/shared/forward-logs-shared.js:27
[    9741ms] [WARNING] ./components/stats/StatsClient.tsx
Module not found: Can't resolve 'html-to-image' in '/Users/saladin/Developments/interestory/components/stats'

Import trace for requested module:
./components/stats/StatsClient.tsx @ webpack-internal:///(app-pages-browser)/./node_modules/next/dist/next-devtools/shared/forward-logs-shared.js:27
[    9741ms] [LOG] [Fast Refresh] done in 71ms @ webpack-internal:///(app-pages-browser)/./node_modules/next/dist/next-devtools/shared/forward-logs-shared.js:27
[    9743ms] [LOG] [Fast Refresh] rebuilding @ webpack-internal:///(app-pages-browser)/./node_modules/next/dist/next-devtools/shared/forward-logs-shared.js:27
[    9838ms] [WARNING] ./app/page.tsx
Module not found: Can't resolve 'html-to-image' in '/Users/saladin/Developments/interestory/app'

Import trace for requested module:
./app/page.tsx @ webpack-internal:///(app-pages-browser)/./node_modules/next/dist/next-devtools/shared/forward-logs-shared.js:27
[    9838ms] [WARNING] ./components/stats/StatsClient.tsx
Module not found: Can't resolve 'html-to-image' in '/Users/saladin/Developments/interestory/components/stats'

Import trace for requested module:
./components/stats/StatsClient.tsx @ webpack-internal:///(app-pages-browser)/./node_modules/next/dist/next-devtools/shared/forward-logs-shared.js:27
[    9838ms] [LOG] [Fast Refresh] done in 95ms @ webpack-internal:///(app-pages-browser)/./node_modules/next/dist/next-devtools/shared/forward-logs-shared.js:27
[    9840ms] [LOG] [Fast Refresh] rebuilding @ webpack-internal:///(app-pages-browser)/./node_modules/next/dist/next-devtools/shared/forward-logs-shared.js:27
[    9928ms] [WARNING] ./app/page.tsx
Module not found: Can't resolve 'html-to-image' in '/Users/saladin/Developments/interestory/app'

Import trace for requested module:
./app/page.tsx @ webpack-internal:///(app-pages-browser)/./node_modules/next/dist/next-devtools/shared/forward-logs-shared.js:27
[    9928ms] [WARNING] ./components/stats/StatsClient.tsx
Module not found: Can't resolve 'html-to-image' in '/Users/saladin/Developments/interestory/components/stats'

Import trace for requested module:
./components/stats/StatsClient.tsx @ webpack-internal:///(app-pages-browser)/./node_modules/next/dist/next-devtools/shared/forward-logs-shared.js:27
[    9928ms] [LOG] [Fast Refresh] done in 89ms @ webpack-internal:///(app-pages-browser)/./node_modules/next/dist/next-devtools/shared/forward-logs-shared.js:27
[    9928ms] [LOG] [Fast Refresh] rebuilding @ webpack-internal:///(app-pages-browser)/./node_modules/next/dist/next-devtools/shared/forward-logs-shared.js:27
[   10127ms] [LOG] [Fast Refresh] rebuilding @ webpack-internal:///(app-pages-browser)/./node_modules/next/dist/next-devtools/shared/forward-logs-shared.js:27
[   10127ms] [WARNING] ./app/page.tsx
Module not found: Can't resolve 'html-to-image' in '/Users/saladin/Developments/interestory/app'

Import trace for requested module:
./app/page.tsx @ webpack-internal:///(app-pages-browser)/./node_modules/next/dist/next-devtools/shared/forward-logs-shared.js:27
[   10127ms] [WARNING] ./components/stats/StatsClient.tsx
Module not found: Can't resolve 'html-to-image' in '/Users/saladin/Developments/interestory/components/stats'

Import trace for requested module:
./components/stats/StatsClient.tsx @ webpack-internal:///(app-pages-browser)/./node_modules/next/dist/next-devtools/shared/forward-logs-shared.js:27
[   10127ms] [LOG] [Fast Refresh] done in 0ms @ webpack-internal:///(app-pages-browser)/./node_modules/next/dist/next-devtools/shared/forward-logs-shared.js:27
[   10155ms] [LOG] [Fast Refresh] rebuilding @ webpack-internal:///(app-pages-browser)/./node_modules/next/dist/next-devtools/shared/forward-logs-shared.js:27
[   10157ms] [WARNING] ./app/page.tsx
Module not found: Can't resolve 'html-to-image' in '/Users/saladin/Developments/interestory/app'

Import trace for requested module:
./app/page.tsx @ webpack-internal:///(app-pages-browser)/./node_modules/next/dist/next-devtools/shared/forward-logs-shared.js:27
[   10157ms] [WARNING] ./components/stats/StatsClient.tsx
Module not found: Can't resolve 'html-to-image' in '/Users/saladin/Developments/interestory/components/stats'

Import trace for requested module:
./components/stats/StatsClient.tsx @ webpack-internal:///(app-pages-browser)/./node_modules/next/dist/next-devtools/shared/forward-logs-shared.js:27
[   10157ms] [LOG] [Fast Refresh] done in 3ms @ webpack-internal:///(app-pages-browser)/./node_modules/next/dist/next-devtools/shared/forward-logs-shared.js:27
[   10179ms] [ERROR] Failed to load resource: the server responded with a status of 500 (Internal Server Error) @ http://localhost:3000/family?_rsc=13zw9:0
[   10230ms] [LOG] [Fast Refresh] rebuilding @ webpack-internal:///(app-pages-browser)/./node_modules/next/dist/next-devtools/shared/forward-logs-shared.js:27
[   10254ms] [WARNING] ./app/page.tsx
Module not found: Can't resolve 'html-to-image' in '/Users/saladin/Developments/interestory/app'

Import trace for requested module:
./app/page.tsx @ webpack-internal:///(app-pages-browser)/./node_modules/next/dist/next-devtools/shared/forward-logs-shared.js:27
[   10254ms] [WARNING] ./components/stats/StatsClient.tsx
Module not found: Can't resolve 'html-to-image' in '/Users/saladin/Developments/interestory/components/stats'

Import trace for requested module:
./components/stats/StatsClient.tsx @ webpack-internal:///(app-pages-browser)/./node_modules/next/dist/next-devtools/shared/forward-logs-shared.js:27
[   10254ms] [LOG] [Fast Refresh] done in 25ms @ webpack-internal:///(app-pages-browser)/./node_modules/next/dist/next-devtools/shared/forward-logs-shared.js:27
[   10305ms] [LOG] [Fast Refresh] rebuilding @ webpack-internal:///(app-pages-browser)/./node_modules/next/dist/next-devtools/shared/forward-logs-shared.js:27
[   10420ms] [WARNING] ./app/page.tsx
Module not found: Can't resolve 'html-to-image' in '/Users/saladin/Developments/interestory/app'

Import trace for requested module:
./app/page.tsx @ webpack-internal:///(app-pages-browser)/./node_modules/next/dist/next-devtools/shared/forward-logs-shared.js:27
[   10420ms] [WARNING] ./components/stats/StatsClient.tsx
Module not found: Can't resolve 'html-to-image' in '/Users/saladin/Developments/interestory/components/stats'

Import trace for requested module:
./components/stats/StatsClient.tsx @ webpack-internal:///(app-pages-browser)/./node_modules/next/dist/next-devtools/shared/forward-logs-shared.js:27
[   10420ms] [LOG] [Fast Refresh] done in 115ms @ webpack-internal:///(app-pages-browser)/./node_modules/next/dist/next-devtools/shared/forward-logs-shared.js:27
[   10423ms] [LOG] [Fast Refresh] rebuilding @ webpack-internal:///(app-pages-browser)/./node_modules/next/dist/next-devtools/shared/forward-logs-shared.js:27
[   10493ms] [WARNING] ./app/page.tsx
Module not found: Can't resolve 'html-to-image' in '/Users/saladin/Developments/interestory/app'

Import trace for requested module:
./app/page.tsx @ webpack-internal:///(app-pages-browser)/./node_modules/next/dist/next-devtools/shared/forward-logs-shared.js:27
[   10493ms] [WARNING] ./components/stats/StatsClient.tsx
Module not found: Can't resolve 'html-to-image' in '/Users/saladin/Developments/interestory/components/stats'

Import trace for requested module:
./components/stats/StatsClient.tsx @ webpack-internal:///(app-pages-browser)/./node_modules/next/dist/next-devtools/shared/forward-logs-shared.js:27
[   10493ms] [LOG] [Fast Refresh] done in 70ms @ webpack-internal:///(app-pages-browser)/./node_modules/next/dist/next-devtools/shared/forward-logs-shared.js:27
[   10638ms] [ERROR] Failed to load resource: the server responded with a status of 500 (Internal Server Error) @ http://localhost:3000/family?_rsc=13zw9:0
[   10709ms] [WARNING] ./app/page.tsx
Module not found: Can't resolve 'html-to-image' in '/Users/saladin/Developments/interestory/app'

Import trace for requested module:
./app/page.tsx @ webpack-internal:///(app-pages-browser)/./node_modules/next/dist/next-devtools/shared/forward-logs-shared.js:27
[   10709ms] [WARNING] ./components/stats/StatsClient.tsx
Module not found: Can't resolve 'html-to-image' in '/Users/saladin/Developments/interestory/components/stats'

Import trace for requested module:
./components/stats/StatsClient.tsx @ webpack-internal:///(app-pages-browser)/./node_modules/next/dist/next-devtools/shared/forward-logs-shared.js:27
[   10709ms] [LOG] [Fast Refresh] done in 286ms @ webpack-internal:///(app-pages-browser)/./node_modules/next/dist/next-devtools/shared/forward-logs-shared.js:27
[   10710ms] [LOG] [Fast Refresh] rebuilding @ webpack-internal:///(app-pages-browser)/./node_modules/next/dist/next-devtools/shared/forward-logs-shared.js:27
[   10980ms] [WARNING] ./app/page.tsx
Module not found: Can't resolve 'html-to-image' in '/Users/saladin/Developments/interestory/app'

Import trace for requested module:
./app/page.tsx @ webpack-internal:///(app-pages-browser)/./node_modules/next/dist/next-devtools/shared/forward-logs-shared.js:27
[   10981ms] [WARNING] ./components/stats/StatsClient.tsx
Module not found: Can't resolve 'html-to-image' in '/Users/saladin/Developments/interestory/components/stats'

Import trace for requested module:
./components/stats/StatsClient.tsx @ webpack-internal:///(app-pages-browser)/./node_modules/next/dist/next-devtools/shared/forward-logs-shared.js:27
[   10981ms] [LOG] [Fast Refresh] done in 271ms @ webpack-internal:///(app-pages-browser)/./node_modules/next/dist/next-devtools/shared/forward-logs-shared.js:27
[   10981ms] [LOG] [Fast Refresh] rebuilding @ webpack-internal:///(app-pages-browser)/./node_modules/next/dist/next-devtools/shared/forward-logs-shared.js:27
[   11690ms] [INFO] %cDownload the React DevTools for a better development experience: https://react.dev/link/react-devtools font-weight:bold @ webpack-internal:///(app-pages-browser)/./node_modules/next/dist/next-devtools/shared/forward-logs-shared.js:27
[   11701ms] [LOG] [HMR] connected @ webpack-internal:///(app-pages-browser)/./node_modules/next/dist/next-devtools/shared/forward-logs-shared.js:27
[   11702ms] [WARNING] ./app/page.tsx
Module not found: Can't resolve 'html-to-image' in '/Users/saladin/Developments/interestory/app' @ webpack-internal:///(app-pages-browser)/./node_modules/next/dist/next-devtools/shared/forward-logs-shared.js:27
[   11702ms] [WARNING] ./components/stats/StatsClient.tsx
Module not found: Can't resolve 'html-to-image' in '/Users/saladin/Developments/interestory/components/stats' @ webpack-internal:///(app-pages-browser)/./node_modules/next/dist/next-devtools/shared/forward-logs-shared.js:27
[   11714ms] [LOG] [Fast Refresh] rebuilding @ webpack-internal:///(app-pages-browser)/./node_modules/next/dist/next-devtools/shared/forward-logs-shared.js:27
[   11810ms] [WARNING] ./app/page.tsx
Module not found: Can't resolve 'html-to-image' in '/Users/saladin/Developments/interestory/app'

Import trace for requested module:
./app/page.tsx @ webpack-internal:///(app-pages-browser)/./node_modules/next/dist/next-devtools/shared/forward-logs-shared.js:27
[   11811ms] [WARNING] ./components/stats/StatsClient.tsx
Module not found: Can't resolve 'html-to-image' in '/Users/saladin/Developments/interestory/components/stats'

Import trace for requested module:
./components/stats/StatsClient.tsx @ webpack-internal:///(app-pages-browser)/./node_modules/next/dist/next-devtools/shared/forward-logs-shared.js:27
[   11811ms] [LOG] [Fast Refresh] rebuilding @ webpack-internal:///(app-pages-browser)/./node_modules/next/dist/next-devtools/shared/forward-logs-shared.js:27
[   11888ms] [LOG] [Fast Refresh] done in 77ms @ webpack-internal:///(app-pages-browser)/./node_modules/next/dist/next-devtools/shared/forward-logs-shared.js:27
[   11914ms] [WARNING] ./app/page.tsx
Module not found: Can't resolve 'html-to-image' in '/Users/saladin/Developments/interestory/app'

Import trace for requested module:
./app/page.tsx @ webpack-internal:///(app-pages-browser)/./node_modules/next/dist/next-devtools/shared/forward-logs-shared.js:27
[   11914ms] [WARNING] ./components/stats/StatsClient.tsx
Module not found: Can't resolve 'html-to-image' in '/Users/saladin/Developments/interestory/components/stats'

Import trace for requested module:
./components/stats/StatsClient.tsx @ webpack-internal:///(app-pages-browser)/./node_modules/next/dist/next-devtools/shared/forward-logs-shared.js:27
[   11915ms] [LOG] [Fast Refresh] rebuilding @ webpack-internal:///(app-pages-browser)/./node_modules/next/dist/next-devtools/shared/forward-logs-shared.js:27
[   11918ms] [LOG] [Fast Refresh] done in 4ms @ webpack-internal:///(app-pages-browser)/./node_modules/next/dist/next-devtools/shared/forward-logs-shared.js:27
[   12042ms] [WARNING] ./app/page.tsx
Module not found: Can't resolve 'html-to-image' in '/Users/saladin/Developments/interestory/app'

Import trace for requested module:
./app/page.tsx @ webpack-internal:///(app-pages-browser)/./node_modules/next/dist/next-devtools/shared/forward-logs-shared.js:27
[   12042ms] [WARNING] ./components/stats/StatsClient.tsx
Module not found: Can't resolve 'html-to-image' in '/Users/saladin/Developments/interestory/components/stats'

Import trace for requested module:
./components/stats/StatsClient.tsx @ webpack-internal:///(app-pages-browser)/./node_modules/next/dist/next-devtools/shared/forward-logs-shared.js:27
[   12043ms] [LOG] [Fast Refresh] rebuilding @ webpack-internal:///(app-pages-browser)/./node_modules/next/dist/next-devtools/shared/forward-logs-shared.js:27
[   12047ms] [LOG] [Fast Refresh] done in 3ms @ webpack-internal:///(app-pages-browser)/./node_modules/next/dist/next-devtools/shared/forward-logs-shared.js:27
[   12119ms] [WARNING] ./app/page.tsx
Module not found: Can't resolve 'html-to-image' in '/Users/saladin/Developments/interestory/app'

Import trace for requested module:
./app/page.tsx @ webpack-internal:///(app-pages-browser)/./node_modules/next/dist/next-devtools/shared/forward-logs-shared.js:27
[   12119ms] [WARNING] ./components/stats/StatsClient.tsx
Module not found: Can't resolve 'html-to-image' in '/Users/saladin/Developments/interestory/components/stats'

Import trace for requested module:
./components/stats/StatsClient.tsx @ webpack-internal:///(app-pages-browser)/./node_modules/next/dist/next-devtools/shared/forward-logs-shared.js:27
[   12120ms] [LOG] [Fast Refresh] rebuilding @ webpack-internal:///(app-pages-browser)/./node_modules/next/dist/next-devtools/shared/forward-logs-shared.js:27
[   12124ms] [LOG] [Fast Refresh] done in 4ms @ webpack-internal:///(app-pages-browser)/./node_modules/next/dist/next-devtools/shared/forward-logs-shared.js:27
[   12224ms] [WARNING] ./app/page.tsx
Module not found: Can't resolve 'html-to-image' in '/Users/saladin/Developments/interestory/app'

Import trace for requested module:
./app/page.tsx @ webpack-internal:///(app-pages-browser)/./node_modules/next/dist/next-devtools/shared/forward-logs-shared.js:27
[   12224ms] [WARNING] ./components/stats/StatsClient.tsx
Module not found: Can't resolve 'html-to-image' in '/Users/saladin/Developments/interestory/components/stats'

Import trace for requested module:
./components/stats/StatsClient.tsx @ webpack-internal:///(app-pages-browser)/./node_modules/next/dist/next-devtools/shared/forward-logs-shared.js:27
[   12225ms] [LOG] [Fast Refresh] rebuilding @ webpack-internal:///(app-pages-browser)/./node_modules/next/dist/next-devtools/shared/forward-logs-shared.js:27
[   12228ms] [LOG] [Fast Refresh] done in 4ms @ webpack-internal:///(app-pages-browser)/./node_modules/next/dist/next-devtools/shared/forward-logs-shared.js:27
[   12298ms] [WARNING] ./app/page.tsx
Module not found: Can't resolve 'html-to-image' in '/Users/saladin/Developments/interestory/app'

Import trace for requested module:
./app/page.tsx @ webpack-internal:///(app-pages-browser)/./node_modules/next/dist/next-devtools/shared/forward-logs-shared.js:27
[   12298ms] [WARNING] ./components/stats/StatsClient.tsx
Module not found: Can't resolve 'html-to-image' in '/Users/saladin/Developments/interestory/components/stats'

Import trace for requested module:
./components/stats/StatsClient.tsx @ webpack-internal:///(app-pages-browser)/./node_modules/next/dist/next-devtools/shared/forward-logs-shared.js:27
[   12300ms] [LOG] [Fast Refresh] rebuilding @ webpack-internal:///(app-pages-browser)/./node_modules/next/dist/next-devtools/shared/forward-logs-shared.js:27
[   12303ms] [LOG] [Fast Refresh] done in 4ms @ webpack-internal:///(app-pages-browser)/./node_modules/next/dist/next-devtools/shared/forward-logs-shared.js:27
[   12394ms] [WARNING] ./app/page.tsx
Module not found: Can't resolve 'html-to-image' in '/Users/saladin/Developments/interestory/app'

Import trace for requested module:
./app/page.tsx @ webpack-internal:///(app-pages-browser)/./node_modules/next/dist/next-devtools/shared/forward-logs-shared.js:27
[   12394ms] [WARNING] ./components/stats/StatsClient.tsx
Module not found: Can't resolve 'html-to-image' in '/Users/saladin/Developments/interestory/components/stats'

Import trace for requested module:
./components/stats/StatsClient.tsx @ webpack-internal:///(app-pages-browser)/./node_modules/next/dist/next-devtools/shared/forward-logs-shared.js:27
[   12395ms] [LOG] [Fast Refresh] rebuilding @ webpack-internal:///(app-pages-browser)/./node_modules/next/dist/next-devtools/shared/forward-logs-shared.js:27
[   12398ms] [LOG] [Fast Refresh] done in 3ms @ webpack-internal:///(app-pages-browser)/./node_modules/next/dist/next-devtools/shared/forward-logs-shared.js:27
[   12470ms] [WARNING] ./app/page.tsx
Module not found: Can't resolve 'html-to-image' in '/Users/saladin/Developments/interestory/app'

Import trace for requested module:
./app/page.tsx @ webpack-internal:///(app-pages-browser)/./node_modules/next/dist/next-devtools/shared/forward-logs-shared.js:27
[   12470ms] [WARNING] ./components/stats/StatsClient.tsx
Module not found: Can't resolve 'html-to-image' in '/Users/saladin/Developments/interestory/components/stats'

Import trace for requested module:
./components/stats/StatsClient.tsx @ webpack-internal:///(app-pages-browser)/./node_modules/next/dist/next-devtools/shared/forward-logs-shared.js:27
[   12471ms] [LOG] [Fast Refresh] rebuilding @ webpack-internal:///(app-pages-browser)/./node_modules/next/dist/next-devtools/shared/forward-logs-shared.js:27
[   12484ms] [LOG] [Fast Refresh] done in 12ms @ webpack-internal:///(app-pages-browser)/./node_modules/next/dist/next-devtools/shared/forward-logs-shared.js:27
[   12570ms] [WARNING] ./app/page.tsx
Module not found: Can't resolve 'html-to-image' in '/Users/saladin/Developments/interestory/app'

Import trace for requested module:
./app/page.tsx @ webpack-internal:///(app-pages-browser)/./node_modules/next/dist/next-devtools/shared/forward-logs-shared.js:27
[   12570ms] [WARNING] ./components/stats/StatsClient.tsx
Module not found: Can't resolve 'html-to-image' in '/Users/saladin/Developments/interestory/components/stats'

Import trace for requested module:
./components/stats/StatsClient.tsx @ webpack-internal:///(app-pages-browser)/./node_modules/next/dist/next-devtools/shared/forward-logs-shared.js:27
[   12571ms] [LOG] [Fast Refresh] rebuilding @ webpack-internal:///(app-pages-browser)/./node_modules/next/dist/next-devtools/shared/forward-logs-shared.js:27
[   12574ms] [LOG] [Fast Refresh] done in 4ms @ webpack-internal:///(app-pages-browser)/./node_modules/next/dist/next-devtools/shared/forward-logs-shared.js:27
[   12644ms] [WARNING] ./app/page.tsx
Module not found: Can't resolve 'html-to-image' in '/Users/saladin/Developments/interestory/app'

Import trace for requested module:
./app/page.tsx @ webpack-internal:///(app-pages-browser)/./node_modules/next/dist/next-devtools/shared/forward-logs-shared.js:27
[   12644ms] [WARNING] ./components/stats/StatsClient.tsx
Module not found: Can't resolve 'html-to-image' in '/Users/saladin/Developments/interestory/components/stats'

Import trace for requested module:
./components/stats/StatsClient.tsx @ webpack-internal:///(app-pages-browser)/./node_modules/next/dist/next-devtools/shared/forward-logs-shared.js:27
[   12645ms] [LOG] [Fast Refresh] rebuilding @ webpack-internal:///(app-pages-browser)/./node_modules/next/dist/next-devtools/shared/forward-logs-shared.js:27
[   12742ms] [WARNING] ./app/page.tsx
Module not found: Can't resolve 'html-to-image' in '/Users/saladin/Developments/interestory/app'

Import trace for requested module:
./app/page.tsx @ webpack-internal:///(app-pages-browser)/./node_modules/next/dist/next-devtools/shared/forward-logs-shared.js:27
[   12743ms] [WARNING] ./components/stats/StatsClient.tsx
Module not found: Can't resolve 'html-to-image' in '/Users/saladin/Developments/interestory/components/stats'

Import trace for requested module:
./components/stats/StatsClient.tsx @ webpack-internal:///(app-pages-browser)/./node_modules/next/dist/next-devtools/shared/forward-logs-shared.js:27
[   12743ms] [LOG] [Fast Refresh] done in 97ms @ webpack-internal:///(app-pages-browser)/./node_modules/next/dist/next-devtools/shared/forward-logs-shared.js:27
[   12744ms] [LOG] [Fast Refresh] rebuilding @ webpack-internal:///(app-pages-browser)/./node_modules/next/dist/next-devtools/shared/forward-logs-shared.js:27
[   12817ms] [WARNING] ./app/page.tsx
Module not found: Can't resolve 'html-to-image' in '/Users/saladin/Developments/interestory/app'

Import trace for requested module:
./app/page.tsx @ webpack-internal:///(app-pages-browser)/./node_modules/next/dist/next-devtools/shared/forward-logs-shared.js:27
[   12817ms] [WARNING] ./components/stats/StatsClient.tsx
Module not found: Can't resolve 'html-to-image' in '/Users/saladin/Developments/interestory/components/stats'

Import trace for requested module:
./components/stats/StatsClient.tsx @ webpack-internal:///(app-pages-browser)/./node_modules/next/dist/next-devtools/shared/forward-logs-shared.js:27
[   12817ms] [LOG] [Fast Refresh] done in 73ms @ webpack-internal:///(app-pages-browser)/./node_modules/next/dist/next-devtools/shared/forward-logs-shared.js:27
[   12818ms] [LOG] [Fast Refresh] rebuilding @ webpack-internal:///(app-pages-browser)/./node_modules/next/dist/next-devtools/shared/forward-logs-shared.js:27
[   12913ms] [WARNING] ./app/page.tsx
Module not found: Can't resolve 'html-to-image' in '/Users/saladin/Developments/interestory/app'

Import trace for requested module:
./app/page.tsx @ webpack-internal:///(app-pages-browser)/./node_modules/next/dist/next-devtools/shared/forward-logs-shared.js:27
[   12913ms] [WARNING] ./components/stats/StatsClient.tsx
Module not found: Can't resolve 'html-to-image' in '/Users/saladin/Developments/interestory/components/stats'

Import trace for requested module:
./components/stats/StatsClient.tsx @ webpack-internal:///(app-pages-browser)/./node_modules/next/dist/next-devtools/shared/forward-logs-shared.js:27
[   12913ms] [LOG] [Fast Refresh] done in 96ms @ webpack-internal:///(app-pages-browser)/./node_modules/next/dist/next-devtools/shared/forward-logs-shared.js:27
[   12914ms] [LOG] [Fast Refresh] rebuilding @ webpack-internal:///(app-pages-browser)/./node_modules/next/dist/next-devtools/shared/forward-logs-shared.js:27
[   12986ms] [WARNING] ./app/page.tsx
Module not found: Can't resolve 'html-to-image' in '/Users/saladin/Developments/interestory/app'

Import trace for requested module:
./app/page.tsx @ webpack-internal:///(app-pages-browser)/./node_modules/next/dist/next-devtools/shared/forward-logs-shared.js:27
[   12986ms] [WARNING] ./components/stats/StatsClient.tsx
Module not found: Can't resolve 'html-to-image' in '/Users/saladin/Developments/interestory/components/stats'

Import trace for requested module:
./components/stats/StatsClient.tsx @ webpack-internal:///(app-pages-browser)/./node_modules/next/dist/next-devtools/shared/forward-logs-shared.js:27
[   12986ms] [LOG] [Fast Refresh] done in 71ms @ webpack-internal:///(app-pages-browser)/./node_modules/next/dist/next-devtools/shared/forward-logs-shared.js:27
[   12986ms] [LOG] [Fast Refresh] rebuilding @ webpack-internal:///(app-pages-browser)/./node_modules/next/dist/next-devtools/shared/forward-logs-shared.js:27
[   13085ms] [WARNING] ./app/page.tsx
Module not found: Can't resolve 'html-to-image' in '/Users/saladin/Developments/interestory/app'

Import trace for requested module:
./app/page.tsx @ webpack-internal:///(app-pages-browser)/./node_modules/next/dist/next-devtools/shared/forward-logs-shared.js:27
[   13085ms] [WARNING] ./components/stats/StatsClient.tsx
Module not found: Can't resolve 'html-to-image' in '/Users/saladin/Developments/interestory/components/stats'

Import trace for requested module:
./components/stats/StatsClient.tsx @ webpack-internal:///(app-pages-browser)/./node_modules/next/dist/next-devtools/shared/forward-logs-shared.js:27
[   13085ms] [LOG] [Fast Refresh] done in 98ms @ webpack-internal:///(app-pages-browser)/./node_modules/next/dist/next-devtools/shared/forward-logs-shared.js:27
[   13086ms] [LOG] [Fast Refresh] rebuilding @ webpack-internal:///(app-pages-browser)/./node_modules/next/dist/next-devtools/shared/forward-logs-shared.js:27
[   13159ms] [WARNING] ./app/page.tsx
Module not found: Can't resolve 'html-to-image' in '/Users/saladin/Developments/interestory/app'

Import trace for requested module:
./app/page.tsx @ webpack-internal:///(app-pages-browser)/./node_modules/next/dist/next-devtools/shared/forward-logs-shared.js:27
[   13159ms] [WARNING] ./components/stats/StatsClient.tsx
Module not found: Can't resolve 'html-to-image' in '/Users/saladin/Developments/interestory/components/stats'

Import trace for requested module:
./components/stats/StatsClient.tsx @ webpack-internal:///(app-pages-browser)/./node_modules/next/dist/next-devtools/shared/forward-logs-shared.js:27
[   13159ms] [LOG] [Fast Refresh] done in 73ms @ webpack-internal:///(app-pages-browser)/./node_modules/next/dist/next-devtools/shared/forward-logs-shared.js:27
[   13160ms] [LOG] [Fast Refresh] rebuilding @ webpack-internal:///(app-pages-browser)/./node_modules/next/dist/next-devtools/shared/forward-logs-shared.js:27
[   13258ms] [WARNING] ./app/page.tsx
Module not found: Can't resolve 'html-to-image' in '/Users/saladin/Developments/interestory/app'

Import trace for requested module:
./app/page.tsx @ webpack-internal:///(app-pages-browser)/./node_modules/next/dist/next-devtools/shared/forward-logs-shared.js:27
[   13258ms] [WARNING] ./components/stats/StatsClient.tsx
Module not found: Can't resolve 'html-to-image' in '/Users/saladin/Developments/interestory/components/stats'

Import trace for requested module:
./components/stats/StatsClient.tsx @ webpack-internal:///(app-pages-browser)/./node_modules/next/dist/next-devtools/shared/forward-logs-shared.js:27
[   13259ms] [LOG] [Fast Refresh] done in 98ms @ webpack-internal:///(app-pages-browser)/./node_modules/next/dist/next-devtools/shared/forward-logs-shared.js:27
[   13260ms] [LOG] [Fast Refresh] rebuilding @ webpack-internal:///(app-pages-browser)/./node_modules/next/dist/next-devtools/shared/forward-logs-shared.js:27
[   13336ms] [WARNING] ./app/page.tsx
Module not found: Can't resolve 'html-to-image' in '/Users/saladin/Developments/interestory/app'

Import trace for requested module:
./app/page.tsx @ webpack-internal:///(app-pages-browser)/./node_modules/next/dist/next-devtools/shared/forward-logs-shared.js:27
[   13336ms] [WARNING] ./components/stats/StatsClient.tsx
Module not found: Can't resolve 'html-to-image' in '/Users/saladin/Developments/interestory/components/stats'

Import trace for requested module:
./components/stats/StatsClient.tsx @ webpack-internal:///(app-pages-browser)/./node_modules/next/dist/next-devtools/shared/forward-logs-shared.js:27
[   13336ms] [LOG] [Fast Refresh] done in 76ms @ webpack-internal:///(app-pages-browser)/./node_modules/next/dist/next-devtools/shared/forward-logs-shared.js:27
[   13336ms] [LOG] [Fast Refresh] rebuilding @ webpack-internal:///(app-pages-browser)/./node_modules/next/dist/next-devtools/shared/forward-logs-shared.js:27
[   13435ms] [WARNING] ./app/page.tsx
Module not found: Can't resolve 'html-to-image' in '/Users/saladin/Developments/interestory/app'

Import trace for requested module:
./app/page.tsx @ webpack-internal:///(app-pages-browser)/./node_modules/next/dist/next-devtools/shared/forward-logs-shared.js:27
[   13435ms] [WARNING] ./components/stats/StatsClient.tsx
Module not found: Can't resolve 'html-to-image' in '/Users/saladin/Developments/interestory/components/stats'

Import trace for requested module:
./components/stats/StatsClient.tsx @ webpack-internal:///(app-pages-browser)/./node_modules/next/dist/next-devtools/shared/forward-logs-shared.js:27
[   13435ms] [LOG] [Fast Refresh] done in 99ms @ webpack-internal:///(app-pages-browser)/./node_modules/next/dist/next-devtools/shared/forward-logs-shared.js:27
[   13436ms] [LOG] [Fast Refresh] rebuilding @ webpack-internal:///(app-pages-browser)/./node_modules/next/dist/next-devtools/shared/forward-logs-shared.js:27
[   13513ms] [WARNING] ./app/page.tsx
Module not found: Can't resolve 'html-to-image' in '/Users/saladin/Developments/interestory/app'

Import trace for requested module:
./app/page.tsx @ webpack-internal:///(app-pages-browser)/./node_modules/next/dist/next-devtools/shared/forward-logs-shared.js:27
[   13514ms] [WARNING] ./components/stats/StatsClient.tsx
Module not found: Can't resolve 'html-to-image' in '/Users/saladin/Developments/interestory/components/stats'

Import trace for requested module:
./components/stats/StatsClient.tsx @ webpack-internal:///(app-pages-browser)/./node_modules/next/dist/next-devtools/shared/forward-logs-shared.js:27
[   13514ms] [LOG] [Fast Refresh] done in 77ms @ webpack-internal:///(app-pages-browser)/./node_modules/next/dist/next-devtools/shared/forward-logs-shared.js:27
[   13514ms] [LOG] [Fast Refresh] rebuilding @ webpack-internal:///(app-pages-browser)/./node_modules/next/dist/next-devtools/shared/forward-logs-shared.js:27
[   13615ms] [WARNING] ./app/page.tsx
Module not found: Can't resolve 'html-to-image' in '/Users/saladin/Developments/interestory/app'

Import trace for requested module:
./app/page.tsx @ webpack-internal:///(app-pages-browser)/./node_modules/next/dist/next-devtools/shared/forward-logs-shared.js:27
[   13615ms] [WARNING] ./components/stats/StatsClient.tsx
Module not found: Can't resolve 'html-to-image' in '/Users/saladin/Developments/interestory/components/stats'

Import trace for requested module:
./components/stats/StatsClient.tsx @ webpack-internal:///(app-pages-browser)/./node_modules/next/dist/next-devtools/shared/forward-logs-shared.js:27
[   13615ms] [LOG] [Fast Refresh] done in 100ms @ webpack-internal:///(app-pages-browser)/./node_modules/next/dist/next-devtools/shared/forward-logs-shared.js:27
[   13616ms] [LOG] [Fast Refresh] rebuilding @ webpack-internal:///(app-pages-browser)/./node_modules/next/dist/next-devtools/shared/forward-logs-shared.js:27
[   13691ms] [WARNING] ./app/page.tsx
Module not found: Can't resolve 'html-to-image' in '/Users/saladin/Developments/interestory/app'

Import trace for requested module:
./app/page.tsx @ webpack-internal:///(app-pages-browser)/./node_modules/next/dist/next-devtools/shared/forward-logs-shared.js:27
[   13691ms] [WARNING] ./components/stats/StatsClient.tsx
Module not found: Can't resolve 'html-to-image' in '/Users/saladin/Developments/interestory/components/stats'

Import trace for requested module:
./components/stats/StatsClient.tsx @ webpack-internal:///(app-pages-browser)/./node_modules/next/dist/next-devtools/shared/forward-logs-shared.js:27
[   13691ms] [LOG] [Fast Refresh] done in 76ms @ webpack-internal:///(app-pages-browser)/./node_modules/next/dist/next-devtools/shared/forward-logs-shared.js:27
[   13692ms] [LOG] [Fast Refresh] rebuilding @ webpack-internal:///(app-pages-browser)/./node_modules/next/dist/next-devtools/shared/forward-logs-shared.js:27
[   13786ms] [WARNING] ./app/page.tsx
Module not found: Can't resolve 'html-to-image' in '/Users/saladin/Developments/interestory/app'

Import trace for requested module:
./app/page.tsx @ webpack-internal:///(app-pages-browser)/./node_modules/next/dist/next-devtools/shared/forward-logs-shared.js:27
[   13786ms] [WARNING] ./components/stats/StatsClient.tsx
Module not found: Can't resolve 'html-to-image' in '/Users/saladin/Developments/interestory/components/stats'

Import trace for requested module:
./components/stats/StatsClient.tsx @ webpack-internal:///(app-pages-browser)/./node_modules/next/dist/next-devtools/shared/forward-logs-shared.js:27
[   13786ms] [LOG] [Fast Refresh] done in 94ms @ webpack-internal:///(app-pages-browser)/./node_modules/next/dist/next-devtools/shared/forward-logs-shared.js:27
[   13787ms] [LOG] [Fast Refresh] rebuilding @ webpack-internal:///(app-pages-browser)/./node_modules/next/dist/next-devtools/shared/forward-logs-shared.js:27
[   13862ms] [WARNING] ./app/page.tsx
Module not found: Can't resolve 'html-to-image' in '/Users/saladin/Developments/interestory/app'

Import trace for requested module:
./app/page.tsx @ webpack-internal:///(app-pages-browser)/./node_modules/next/dist/next-devtools/shared/forward-logs-shared.js:27
[   13862ms] [WARNING] ./components/stats/StatsClient.tsx
Module not found: Can't resolve 'html-to-image' in '/Users/saladin/Developments/interestory/components/stats'

Import trace for requested module:
./components/stats/StatsClient.tsx @ webpack-internal:///(app-pages-browser)/./node_modules/next/dist/next-devtools/shared/forward-logs-shared.js:27
[   13862ms] [LOG] [Fast Refresh] done in 74ms @ webpack-internal:///(app-pages-browser)/./node_modules/next/dist/next-devtools/shared/forward-logs-shared.js:27
[   13862ms] [LOG] [Fast Refresh] rebuilding @ webpack-internal:///(app-pages-browser)/./node_modules/next/dist/next-devtools/shared/forward-logs-shared.js:27
[   13958ms] [WARNING] ./app/page.tsx
Module not found: Can't resolve 'html-to-image' in '/Users/saladin/Developments/interestory/app'

Import trace for requested module:
./app/page.tsx @ webpack-internal:///(app-pages-browser)/./node_modules/next/dist/next-devtools/shared/forward-logs-shared.js:27
[   13958ms] [WARNING] ./components/stats/StatsClient.tsx
Module not found: Can't resolve 'html-to-image' in '/Users/saladin/Developments/interestory/components/stats'

Import trace for requested module:
./components/stats/StatsClient.tsx @ webpack-internal:///(app-pages-browser)/./node_modules/next/dist/next-devtools/shared/forward-logs-shared.js:27
[   13958ms] [LOG] [Fast Refresh] done in 96ms @ webpack-internal:///(app-pages-browser)/./node_modules/next/dist/next-devtools/shared/forward-logs-shared.js:27
[   13959ms] [LOG] [Fast Refresh] rebuilding @ webpack-internal:///(app-pages-browser)/./node_modules/next/dist/next-devtools/shared/forward-logs-shared.js:27
[   14029ms] [WARNING] ./app/page.tsx
Module not found: Can't resolve 'html-to-image' in '/Users/saladin/Developments/interestory/app'

Import trace for requested module:
./app/page.tsx @ webpack-internal:///(app-pages-browser)/./node_modules/next/dist/next-devtools/shared/forward-logs-shared.js:27
[   14029ms] [WARNING] ./components/stats/StatsClient.tsx
Module not found: Can't resolve 'html-to-image' in '/Users/saladin/Developments/interestory/components/stats'

Import trace for requested module:
./components/stats/StatsClient.tsx @ webpack-internal:///(app-pages-browser)/./node_modules/next/dist/next-devtools/shared/forward-logs-shared.js:27
[   14029ms] [LOG] [Fast Refresh] done in 69ms @ webpack-internal:///(app-pages-browser)/./node_modules/next/dist/next-devtools/shared/forward-logs-shared.js:27
[   14030ms] [LOG] [Fast Refresh] rebuilding @ webpack-internal:///(app-pages-browser)/./node_modules/next/dist/next-devtools/shared/forward-logs-shared.js:27
[   14123ms] [WARNING] ./app/page.tsx
Module not found: Can't resolve 'html-to-image' in '/Users/saladin/Developments/interestory/app'

Import trace for requested module:
./app/page.tsx @ webpack-internal:///(app-pages-browser)/./node_modules/next/dist/next-devtools/shared/forward-logs-shared.js:27
[   14123ms] [WARNING] ./components/stats/StatsClient.tsx
Module not found: Can't resolve 'html-to-image' in '/Users/saladin/Developments/interestory/components/stats'

Import trace for requested module:
./components/stats/StatsClient.tsx @ webpack-internal:///(app-pages-browser)/./node_modules/next/dist/next-devtools/shared/forward-logs-shared.js:27
[   14123ms] [LOG] [Fast Refresh] done in 94ms @ webpack-internal:///(app-pages-browser)/./node_modules/next/dist/next-devtools/shared/forward-logs-shared.js:27
[   14125ms] [LOG] [Fast Refresh] rebuilding @ webpack-internal:///(app-pages-browser)/./node_modules/next/dist/next-devtools/shared/forward-logs-shared.js:27
[   14196ms] [WARNING] ./app/page.tsx
Module not found: Can't resolve 'html-to-image' in '/Users/saladin/Developments/interestory/app'

Import trace for requested module:
./app/page.tsx @ webpack-internal:///(app-pages-browser)/./node_modules/next/dist/next-devtools/shared/forward-logs-shared.js:27
[   14196ms] [WARNING] ./components/stats/StatsClient.tsx
Module not found: Can't resolve 'html-to-image' in '/Users/saladin/Developments/interestory/components/stats'

Import trace for requested module:
./components/stats/StatsClient.tsx @ webpack-internal:///(app-pages-browser)/./node_modules/next/dist/next-devtools/shared/forward-logs-shared.js:27
[   14196ms] [LOG] [Fast Refresh] done in 71ms @ webpack-internal:///(app-pages-browser)/./node_modules/next/dist/next-devtools/shared/forward-logs-shared.js:27
[   14196ms] [LOG] [Fast Refresh] rebuilding @ webpack-internal:///(app-pages-browser)/./node_modules/next/dist/next-devtools/shared/forward-logs-shared.js:27
[   14291ms] [WARNING] ./app/page.tsx
Module not found: Can't resolve 'html-to-image' in '/Users/saladin/Developments/interestory/app'

Import trace for requested module:
./app/page.tsx @ webpack-internal:///(app-pages-browser)/./node_modules/next/dist/next-devtools/shared/forward-logs-shared.js:27
[   14291ms] [WARNING] ./components/stats/StatsClient.tsx
Module not found: Can't resolve 'html-to-image' in '/Users/saladin/Developments/interestory/components/stats'

Import trace for requested module:
./components/stats/StatsClient.tsx @ webpack-internal:///(app-pages-browser)/./node_modules/next/dist/next-devtools/shared/forward-logs-shared.js:27
[   14291ms] [LOG] [Fast Refresh] done in 94ms @ webpack-internal:///(app-pages-browser)/./node_modules/next/dist/next-devtools/shared/forward-logs-shared.js:27
[   14292ms] [LOG] [Fast Refresh] rebuilding @ webpack-internal:///(app-pages-browser)/./node_modules/next/dist/next-devtools/shared/forward-logs-shared.js:27
[   14365ms] [WARNING] ./app/page.tsx
Module not found: Can't resolve 'html-to-image' in '/Users/saladin/Developments/interestory/app'

Import trace for requested module:
./app/page.tsx @ webpack-internal:///(app-pages-browser)/./node_modules/next/dist/next-devtools/shared/forward-logs-shared.js:27
[   14365ms] [WARNING] ./components/stats/StatsClient.tsx
Module not found: Can't resolve 'html-to-image' in '/Users/saladin/Developments/interestory/components/stats'

Import trace for requested module:
./components/stats/StatsClient.tsx @ webpack-internal:///(app-pages-browser)/./node_modules/next/dist/next-devtools/shared/forward-logs-shared.js:27
[   14365ms] [LOG] [Fast Refresh] done in 73ms @ webpack-internal:///(app-pages-browser)/./node_modules/next/dist/next-devtools/shared/forward-logs-shared.js:27
[   14366ms] [LOG] [Fast Refresh] rebuilding @ webpack-internal:///(app-pages-browser)/./node_modules/next/dist/next-devtools/shared/forward-logs-shared.js:27
[   14462ms] [WARNING] ./app/page.tsx
Module not found: Can't resolve 'html-to-image' in '/Users/saladin/Developments/interestory/app'

Import trace for requested module:
./app/page.tsx @ webpack-internal:///(app-pages-browser)/./node_modules/next/dist/next-devtools/shared/forward-logs-shared.js:27
[   14462ms] [WARNING] ./components/stats/StatsClient.tsx
Module not found: Can't resolve 'html-to-image' in '/Users/saladin/Developments/interestory/components/stats'

Import trace for requested module:
./components/stats/StatsClient.tsx @ webpack-internal:///(app-pages-browser)/./node_modules/next/dist/next-devtools/shared/forward-logs-shared.js:27
[   14462ms] [LOG] [Fast Refresh] done in 95ms @ webpack-internal:///(app-pages-browser)/./node_modules/next/dist/next-devtools/shared/forward-logs-shared.js:27
[   14463ms] [LOG] [Fast Refresh] rebuilding @ webpack-internal:///(app-pages-browser)/./node_modules/next/dist/next-devtools/shared/forward-logs-shared.js:27
[   14535ms] [WARNING] ./app/page.tsx
Module not found: Can't resolve 'html-to-image' in '/Users/saladin/Developments/interestory/app'

Import trace for requested module:
./app/page.tsx @ webpack-internal:///(app-pages-browser)/./node_modules/next/dist/next-devtools/shared/forward-logs-shared.js:27
[   14535ms] [WARNING] ./components/stats/StatsClient.tsx
Module not found: Can't resolve 'html-to-image' in '/Users/saladin/Developments/interestory/components/stats'

Import trace for requested module:
./components/stats/StatsClient.tsx @ webpack-internal:///(app-pages-browser)/./node_modules/next/dist/next-devtools/shared/forward-logs-shared.js:27
[   14535ms] [LOG] [Fast Refresh] done in 72ms @ webpack-internal:///(app-pages-browser)/./node_modules/next/dist/next-devtools/shared/forward-logs-shared.js:27
[   14536ms] [LOG] [Fast Refresh] rebuilding @ webpack-internal:///(app-pages-browser)/./node_modules/next/dist/next-devtools/shared/forward-logs-shared.js:27
[   14631ms] [WARNING] ./app/page.tsx
Module not found: Can't resolve 'html-to-image' in '/Users/saladin/Developments/interestory/app'

Import trace for requested module:
./app/page.tsx @ webpack-internal:///(app-pages-browser)/./node_modules/next/dist/next-devtools/shared/forward-logs-shared.js:27
[   14631ms] [WARNING] ./components/stats/StatsClient.tsx
Module not found: Can't resolve 'html-to-image' in '/Users/saladin/Developments/interestory/components/stats'

Import trace for requested module:
./components/stats/StatsClient.tsx @ webpack-internal:///(app-pages-browser)/./node_modules/next/dist/next-devtools/shared/forward-logs-shared.js:27
[   14631ms] [LOG] [Fast Refresh] done in 95ms @ webpack-internal:///(app-pages-browser)/./node_modules/next/dist/next-devtools/shared/forward-logs-shared.js:27
[   14632ms] [LOG] [Fast Refresh] rebuilding @ webpack-internal:///(app-pages-browser)/./node_modules/next/dist/next-devtools/shared/forward-logs-shared.js:27
[   14703ms] [WARNING] ./app/page.tsx
Module not found: Can't resolve 'html-to-image' in '/Users/saladin/Developments/interestory/app'

Import trace for requested module:
./app/page.tsx @ webpack-internal:///(app-pages-browser)/./node_modules/next/dist/next-devtools/shared/forward-logs-shared.js:27
[   14703ms] [WARNING] ./components/stats/StatsClient.tsx
Module not found: Can't resolve 'html-to-image' in '/Users/saladin/Developments/interestory/components/stats'

Import trace for requested module:
./components/stats/StatsClient.tsx @ webpack-internal:///(app-pages-browser)/./node_modules/next/dist/next-devtools/shared/forward-logs-shared.js:27
[   14703ms] [LOG] [Fast Refresh] done in 72ms @ webpack-internal:///(app-pages-browser)/./node_modules/next/dist/next-devtools/shared/forward-logs-shared.js:27
[   14704ms] [LOG] [Fast Refresh] rebuilding @ webpack-internal:///(app-pages-browser)/./node_modules/next/dist/next-devtools/shared/forward-logs-shared.js:27
[   14804ms] [WARNING] ./app/page.tsx
Module not found: Can't resolve 'html-to-image' in '/Users/saladin/Developments/interestory/app'

Import trace for requested module:
./app/page.tsx @ webpack-internal:///(app-pages-browser)/./node_modules/next/dist/next-devtools/shared/forward-logs-shared.js:27
[   14804ms] [WARNING] ./components/stats/StatsClient.tsx
Module not found: Can't resolve 'html-to-image' in '/Users/saladin/Developments/interestory/components/stats'

Import trace for requested module:
./components/stats/StatsClient.tsx @ webpack-internal:///(app-pages-browser)/./node_modules/next/dist/next-devtools/shared/forward-logs-shared.js:27
[   14804ms] [LOG] [Fast Refresh] done in 100ms @ webpack-internal:///(app-pages-browser)/./node_modules/next/dist/next-devtools/shared/forward-logs-shared.js:27
[   14805ms] [LOG] [Fast Refresh] rebuilding @ webpack-internal:///(app-pages-browser)/./node_modules/next/dist/next-devtools/shared/forward-logs-shared.js:27
[   14880ms] [WARNING] ./app/page.tsx
Module not found: Can't resolve 'html-to-image' in '/Users/saladin/Developments/interestory/app'

Import trace for requested module:
./app/page.tsx @ webpack-internal:///(app-pages-browser)/./node_modules/next/dist/next-devtools/shared/forward-logs-shared.js:27
[   14880ms] [WARNING] ./components/stats/StatsClient.tsx
Module not found: Can't resolve 'html-to-image' in '/Users/saladin/Developments/interestory/components/stats'

Import trace for requested module:
./components/stats/StatsClient.tsx @ webpack-internal:///(app-pages-browser)/./node_modules/next/dist/next-devtools/shared/forward-logs-shared.js:27
[   14880ms] [LOG] [Fast Refresh] done in 76ms @ webpack-internal:///(app-pages-browser)/./node_modules/next/dist/next-devtools/shared/forward-logs-shared.js:27
[   14881ms] [LOG] [Fast Refresh] rebuilding @ webpack-internal:///(app-pages-browser)/./node_modules/next/dist/next-devtools/shared/forward-logs-shared.js:27
[   14978ms] [WARNING] ./app/page.tsx
Module not found: Can't resolve 'html-to-image' in '/Users/saladin/Developments/interestory/app'

Import trace for requested module:
./app/page.tsx @ webpack-internal:///(app-pages-browser)/./node_modules/next/dist/next-devtools/shared/forward-logs-shared.js:27
[   14978ms] [WARNING] ./components/stats/StatsClient.tsx
Module not found: Can't resolve 'html-to-image' in '/Users/saladin/Developments/interestory/components/stats'

Import trace for requested module:
./components/stats/StatsClient.tsx @ webpack-internal:///(app-pages-browser)/./node_modules/next/dist/next-devtools/shared/forward-logs-shared.js:27
[   14978ms] [LOG] [Fast Refresh] done in 97ms @ webpack-internal:///(app-pages-browser)/./node_modules/next/dist/next-devtools/shared/forward-logs-shared.js:27
[   14979ms] [LOG] [Fast Refresh] rebuilding @ webpack-internal:///(app-pages-browser)/./node_modules/next/dist/next-devtools/shared/forward-logs-shared.js:27
[   15057ms] [WARNING] ./app/page.tsx
Module not found: Can't resolve 'html-to-image' in '/Users/saladin/Developments/interestory/app'

Import trace for requested module:
./app/page.tsx @ webpack-internal:///(app-pages-browser)/./node_modules/next/dist/next-devtools/shared/forward-logs-shared.js:27
[   15057ms] [WARNING] ./components/stats/StatsClient.tsx
Module not found: Can't resolve 'html-to-image' in '/Users/saladin/Developments/interestory/components/stats'

Import trace for requested module:
./components/stats/StatsClient.tsx @ webpack-internal:///(app-pages-browser)/./node_modules/next/dist/next-devtools/shared/forward-logs-shared.js:27
[   15057ms] [LOG] [Fast Refresh] done in 77ms @ webpack-internal:///(app-pages-browser)/./node_modules/next/dist/next-devtools/shared/forward-logs-shared.js:27
[   15058ms] [LOG] [Fast Refresh] rebuilding @ webpack-internal:///(app-pages-browser)/./node_modules/next/dist/next-devtools/shared/forward-logs-shared.js:27
[   15158ms] [WARNING] ./app/page.tsx
Module not found: Can't resolve 'html-to-image' in '/Users/saladin/Developments/interestory/app'

Import trace for requested module:
./app/page.tsx @ webpack-internal:///(app-pages-browser)/./node_modules/next/dist/next-devtools/shared/forward-logs-shared.js:27
[   15158ms] [WARNING] ./components/stats/StatsClient.tsx
Module not found: Can't resolve 'html-to-image' in '/Users/saladin/Developments/interestory/components/stats'

Import trace for requested module:
./components/stats/StatsClient.tsx @ webpack-internal:///(app-pages-browser)/./node_modules/next/dist/next-devtools/shared/forward-logs-shared.js:27
[   15158ms] [LOG] [Fast Refresh] done in 101ms @ webpack-internal:///(app-pages-browser)/./node_modules/next/dist/next-devtools/shared/forward-logs-shared.js:27
[   15159ms] [LOG] [Fast Refresh] rebuilding @ webpack-internal:///(app-pages-browser)/./node_modules/next/dist/next-devtools/shared/forward-logs-shared.js:27
[   15234ms] [WARNING] ./app/page.tsx
Module not found: Can't resolve 'html-to-image' in '/Users/saladin/Developments/interestory/app'

Import trace for requested module:
./app/page.tsx @ webpack-internal:///(app-pages-browser)/./node_modules/next/dist/next-devtools/shared/forward-logs-shared.js:27
[   15234ms] [WARNING] ./components/stats/StatsClient.tsx
Module not found: Can't resolve 'html-to-image' in '/Users/saladin/Developments/interestory/components/stats'

Import trace for requested module:
./components/stats/StatsClient.tsx @ webpack-internal:///(app-pages-browser)/./node_modules/next/dist/next-devtools/shared/forward-logs-shared.js:27
[   15234ms] [LOG] [Fast Refresh] done in 75ms @ webpack-internal:///(app-pages-browser)/./node_modules/next/dist/next-devtools/shared/forward-logs-shared.js:27
[   15236ms] [LOG] [Fast Refresh] rebuilding @ webpack-internal:///(app-pages-browser)/./node_modules/next/dist/next-devtools/shared/forward-logs-shared.js:27
[   15333ms] [WARNING] ./app/page.tsx
Module not found: Can't resolve 'html-to-image' in '/Users/saladin/Developments/interestory/app'

Import trace for requested module:
./app/page.tsx @ webpack-internal:///(app-pages-browser)/./node_modules/next/dist/next-devtools/shared/forward-logs-shared.js:27
[   15333ms] [WARNING] ./components/stats/StatsClient.tsx
Module not found: Can't resolve 'html-to-image' in '/Users/saladin/Developments/interestory/components/stats'

Import trace for requested module:
./components/stats/StatsClient.tsx @ webpack-internal:///(app-pages-browser)/./node_modules/next/dist/next-devtools/shared/forward-logs-shared.js:27
[   15333ms] [LOG] [Fast Refresh] done in 98ms @ webpack-internal:///(app-pages-browser)/./node_modules/next/dist/next-devtools/shared/forward-logs-shared.js:27
[   15334ms] [LOG] [Fast Refresh] rebuilding @ webpack-internal:///(app-pages-browser)/./node_modules/next/dist/next-devtools/shared/forward-logs-shared.js:27
[   15405ms] [WARNING] ./app/page.tsx
Module not found: Can't resolve 'html-to-image' in '/Users/saladin/Developments/interestory/app'

Import trace for requested module:
./app/page.tsx @ webpack-internal:///(app-pages-browser)/./node_modules/next/dist/next-devtools/shared/forward-logs-shared.js:27
[   15405ms] [WARNING] ./components/stats/StatsClient.tsx
Module not found: Can't resolve 'html-to-image' in '/Users/saladin/Developments/interestory/components/stats'

Import trace for requested module:
./components/stats/StatsClient.tsx @ webpack-internal:///(app-pages-browser)/./node_modules/next/dist/next-devtools/shared/forward-logs-shared.js:27
[   15405ms] [LOG] [Fast Refresh] done in 71ms @ webpack-internal:///(app-pages-browser)/./node_modules/next/dist/next-devtools/shared/forward-logs-shared.js:27
[   15407ms] [LOG] [Fast Refresh] rebuilding @ webpack-internal:///(app-pages-browser)/./node_modules/next/dist/next-devtools/shared/forward-logs-shared.js:27
[   15525ms] [WARNING] ./app/page.tsx
Module not found: Can't resolve 'html-to-image' in '/Users/saladin/Developments/interestory/app'

Import trace for requested module:
./app/page.tsx @ webpack-internal:///(app-pages-browser)/./node_modules/next/dist/next-devtools/shared/forward-logs-shared.js:27
[   15525ms] [WARNING] ./components/stats/StatsClient.tsx
Module not found: Can't resolve 'html-to-image' in '/Users/saladin/Developments/interestory/components/stats'

Import trace for requested module:
./components/stats/StatsClient.tsx @ webpack-internal:///(app-pages-browser)/./node_modules/next/dist/next-devtools/shared/forward-logs-shared.js:27
[   15525ms] [LOG] [Fast Refresh] done in 119ms @ webpack-internal:///(app-pages-browser)/./node_modules/next/dist/next-devtools/shared/forward-logs-shared.js:27
[   15527ms] [LOG] [Fast Refresh] rebuilding @ webpack-internal:///(app-pages-browser)/./node_modules/next/dist/next-devtools/shared/forward-logs-shared.js:27
[   15658ms] [WARNING] ./app/page.tsx
Module not found: Can't resolve 'html-to-image' in '/Users/saladin/Developments/interestory/app'

Import trace for requested module:
./app/page.tsx @ webpack-internal:///(app-pages-browser)/./node_modules/next/dist/next-devtools/shared/forward-logs-shared.js:27
[   15658ms] [WARNING] ./components/stats/StatsClient.tsx
Module not found: Can't resolve 'html-to-image' in '/Users/saladin/Developments/interestory/components/stats'

Import trace for requested module:
./components/stats/StatsClient.tsx @ webpack-internal:///(app-pages-browser)/./node_modules/next/dist/next-devtools/shared/forward-logs-shared.js:27
[   15658ms] [LOG] [Fast Refresh] done in 131ms @ webpack-internal:///(app-pages-browser)/./node_modules/next/dist/next-devtools/shared/forward-logs-shared.js:27
[   15658ms] [LOG] [Fast Refresh] rebuilding @ webpack-internal:///(app-pages-browser)/./node_modules/next/dist/next-devtools/shared/forward-logs-shared.js:27
[   15749ms] [WARNING] The resource http://localhost:3000/_next/static/css/app/layout.css?v=1790076515209 was preloaded using link preload but not used within a few seconds from the window's load event. Please make sure it has an appropriate `as` value and it is preloaded intentionally. @ http://localhost:3000/family:0
[   15749ms] [WARNING] The resource http://localhost:3000/_next/static/css/app/layout.css?v=1790076514520 was preloaded using link preload but not used within a few seconds from the window's load event. Please make sure it has an appropriate `as` value and it is preloaded intentionally. @ http://localhost:3000/family:0
[   15749ms] [WARNING] The resource http://localhost:3000/_next/static/media/7d4881bb7e1bf84d-s.p.woff2?v=1790076512536 was preloaded using link preload but not used within a few seconds from the window's load event. Please make sure it has an appropriate `as` value and it is preloaded intentionally. @ http://localhost:3000/family:0
[   15749ms] [WARNING] The resource http://localhost:3000/_next/static/css/app/layout.css?v=1790076515559 was preloaded using link preload but not used within a few seconds from the window's load event. Please make sure it has an appropriate `as` value and it is preloaded intentionally. @ http://localhost:3000/family:0
[   15749ms] [WARNING] The resource http://localhost:3000/_next/static/css/app/layout.css?v=1790076516080 was preloaded using link preload but not used within a few seconds from the window's load event. Please make sure it has an appropriate `as` value and it is preloaded intentionally. @ http://localhost:3000/family:0
[   15749ms] [WARNING] The resource http://localhost:3000/_next/static/css/app/layout.css?v=1790076516414 was preloaded using link preload but not used within a few seconds from the window's load event. Please make sure it has an appropriate `as` value and it is preloaded intentionally. @ http://localhost:3000/family:0
[   15749ms] [WARNING] The resource http://localhost:3000/_next/static/css/app/layout.css?v=1790076515737 was preloaded using link preload but not used within a few seconds from the window's load event. Please make sure it has an appropriate `as` value and it is preloaded intentionally. @ http://localhost:3000/family:0
[   15749ms] [WARNING] The resource http://localhost:3000/_next/static/css/app/layout.css?v=1790076517101 was preloaded using link preload but not used within a few seconds from the window's load event. Please make sure it has an appropriate `as` value and it is preloaded intentionally. @ http://localhost:3000/family:0
[   15749ms] [WARNING] The resource http://localhost:3000/_next/static/css/app/layout.css?v=1790076514692 was preloaded using link preload but not used within a few seconds from the window's load event. Please make sure it has an appropriate `as` value and it is preloaded intentionally. @ http://localhost:3000/family:0
[   15749ms] [WARNING] The resource http://localhost:3000/_next/static/css/app/layout.css?v=1790076514348 was preloaded using link preload but not used within a few seconds from the window's load event. Please make sure it has an appropriate `as` value and it is preloaded intentionally. @ http://localhost:3000/family:0
[   15749ms] [WARNING] The resource http://localhost:3000/_next/static/css/app/layout.css?v=1790076515380 was preloaded using link preload but not used within a few seconds from the window's load event. Please make sure it has an appropriate `as` value and it is preloaded intentionally. @ http://localhost:3000/family:0
[   15749ms] [WARNING] The resource http://localhost:3000/_next/static/css/app/layout.css?v=1790076516927 was preloaded using link preload but not used within a few seconds from the window's load event. Please make sure it has an appropriate `as` value and it is preloaded intentionally. @ http://localhost:3000/family:0
[   15749ms] [WARNING] The resource http://localhost:3000/_next/static/css/app/layout.css?v=1790076515038 was preloaded using link preload but not used within a few seconds from the window's load event. Please make sure it has an appropriate `as` value and it is preloaded intentionally. @ http://localhost:3000/family:0
[   15749ms] [WARNING] The resource http://localhost:3000/_next/static/css/app/layout.css?v=1790076515914 was preloaded using link preload but not used within a few seconds from the window's load event. Please make sure it has an appropriate `as` value and it is preloaded intentionally. @ http://localhost:3000/family:0
[   15749ms] [WARNING] The resource http://localhost:3000/_next/static/css/app/layout.css?v=1790076517283 was preloaded using link preload but not used within a few seconds from the window's load event. Please make sure it has an appropriate `as` value and it is preloaded intentionally. @ http://localhost:3000/family:0
[   15749ms] [WARNING] The resource http://localhost:3000/_next/static/css/app/layout.css?v=1790076514868 was preloaded using link preload but not used within a few seconds from the window's load event. Please make sure it has an appropriate `as` value and it is preloaded intentionally. @ http://localhost:3000/family:0
[   15749ms] [WARNING] The resource http://localhost:3000/_next/static/css/app/layout.css?v=1790076516755 was preloaded using link preload but not used within a few seconds from the window's load event. Please make sure it has an appropriate `as` value and it is preloaded intentionally. @ http://localhost:3000/family:0
[   15749ms] [WARNING] The resource http://localhost:3000/_next/static/media/22a5144ee8d83bca-s.p.woff2?v=1790076512536 was preloaded using link preload but not used within a few seconds from the window's load event. Please make sure it has an appropriate `as` value and it is preloaded intentionally. @ http://localhost:3000/family:0
[   15749ms] [WARNING] The resource http://localhost:3000/_next/static/css/app/layout.css?v=1790076517455 was preloaded using link preload but not used within a few seconds from the window's load event. Please make sure it has an appropriate `as` value and it is preloaded intentionally. @ http://localhost:3000/family:0
[   15749ms] [WARNING] The resource http://localhost:3000/_next/static/css/app/layout.css?v=1790076516589 was preloaded using link preload but not used within a few seconds from the window's load event. Please make sure it has an appropriate `as` value and it is preloaded intentionally. @ http://localhost:3000/family:0
[   15749ms] [WARNING] The resource http://localhost:3000/_next/static/css/app/layout.css?v=1790076514151 was preloaded using link preload but not used within a few seconds from the window's load event. Please make sure it has an appropriate `as` value and it is preloaded intentionally. @ http://localhost:3000/family:0
[   15749ms] [WARNING] The resource http://localhost:3000/_next/static/css/app/layout.css?v=1790076517633 was preloaded using link preload but not used within a few seconds from the window's load event. Please make sure it has an appropriate `as` value and it is preloaded intentionally. @ http://localhost:3000/family:0
[   15749ms] [WARNING] The resource http://localhost:3000/_next/static/css/app/layout.css?v=1790076516250 was preloaded using link preload but not used within a few seconds from the window's load event. Please make sure it has an appropriate `as` value and it is preloaded intentionally. @ http://localhost:3000/family:0
[   15857ms] [LOG] [Fast Refresh] rebuilding @ webpack-internal:///(app-pages-browser)/./node_modules/next/dist/next-devtools/shared/forward-logs-shared.js:27
[   15858ms] [WARNING] ./app/page.tsx
Module not found: Can't resolve 'html-to-image' in '/Users/saladin/Developments/interestory/app'

Import trace for requested module:
./app/page.tsx @ webpack-internal:///(app-pages-browser)/./node_modules/next/dist/next-devtools/shared/forward-logs-shared.js:27
[   15858ms] [WARNING] ./components/stats/StatsClient.tsx
Module not found: Can't resolve 'html-to-image' in '/Users/saladin/Developments/interestory/components/stats'

Import trace for requested module:
./components/stats/StatsClient.tsx @ webpack-internal:///(app-pages-browser)/./node_modules/next/dist/next-devtools/shared/forward-logs-shared.js:27
[   15858ms] [LOG] [Fast Refresh] done in 0ms @ webpack-internal:///(app-pages-browser)/./node_modules/next/dist/next-devtools/shared/forward-logs-shared.js:27
[   15887ms] [WARNING] ./app/page.tsx
Module not found: Can't resolve 'html-to-image' in '/Users/saladin/Developments/interestory/app'

Import trace for requested module:
./app/page.tsx @ webpack-internal:///(app-pages-browser)/./node_modules/next/dist/next-devtools/shared/forward-logs-shared.js:27
[   15888ms] [WARNING] ./components/stats/StatsClient.tsx
Module not found: Can't resolve 'html-to-image' in '/Users/saladin/Developments/interestory/components/stats'

Import trace for requested module:
./components/stats/StatsClient.tsx @ webpack-internal:///(app-pages-browser)/./node_modules/next/dist/next-devtools/shared/forward-logs-shared.js:27
[   15888ms] [LOG] [Fast Refresh] done in 30ms @ webpack-internal:///(app-pages-browser)/./node_modules/next/dist/next-devtools/shared/forward-logs-shared.js:27
[   15899ms] [ERROR] Failed to load resource: the server responded with a status of 500 (Internal Server Error) @ http://localhost:3000/family?_rsc=13zw9:0
[   15913ms] [LOG] [Fast Refresh] rebuilding @ webpack-internal:///(app-pages-browser)/./node_modules/next/dist/next-devtools/shared/forward-logs-shared.js:27
[   15988ms] [WARNING] ./app/page.tsx
Module not found: Can't resolve 'html-to-image' in '/Users/saladin/Developments/interestory/app'

Import trace for requested module:
./app/page.tsx @ webpack-internal:///(app-pages-browser)/./node_modules/next/dist/next-devtools/shared/forward-logs-shared.js:27
[   15988ms] [WARNING] ./components/stats/StatsClient.tsx
Module not found: Can't resolve 'html-to-image' in '/Users/saladin/Developments/interestory/components/stats'

Import trace for requested module:
./components/stats/StatsClient.tsx @ webpack-internal:///(app-pages-browser)/./node_modules/next/dist/next-devtools/shared/forward-logs-shared.js:27
[   15988ms] [LOG] [Fast Refresh] done in 76ms @ webpack-internal:///(app-pages-browser)/./node_modules/next/dist/next-devtools/shared/forward-logs-shared.js:27
[   15989ms] [LOG] [Fast Refresh] rebuilding @ webpack-internal:///(app-pages-browser)/./node_modules/next/dist/next-devtools/shared/forward-logs-shared.js:27
[   16313ms] [WARNING] ./app/page.tsx
Module not found: Can't resolve 'html-to-image' in '/Users/saladin/Developments/interestory/app'

Import trace for requested module:
./app/page.tsx @ webpack-internal:///(app-pages-browser)/./node_modules/next/dist/next-devtools/shared/forward-logs-shared.js:27
[   16313ms] [WARNING] ./components/stats/StatsClient.tsx
Module not found: Can't resolve 'html-to-image' in '/Users/saladin/Developments/interestory/components/stats'

Import trace for requested module:
./components/stats/StatsClient.tsx @ webpack-internal:///(app-pages-browser)/./node_modules/next/dist/next-devtools/shared/forward-logs-shared.js:27
[   16313ms] [LOG] [Fast Refresh] done in 324ms @ webpack-internal:///(app-pages-browser)/./node_modules/next/dist/next-devtools/shared/forward-logs-shared.js:27
[   16313ms] [LOG] [Fast Refresh] rebuilding @ webpack-internal:///(app-pages-browser)/./node_modules/next/dist/next-devtools/shared/forward-logs-shared.js:27
[   16508ms] [LOG] [Fast Refresh] rebuilding @ webpack-internal:///(app-pages-browser)/./node_modules/next/dist/next-devtools/shared/forward-logs-shared.js:27
[   16508ms] [WARNING] ./app/page.tsx
Module not found: Can't resolve 'html-to-image' in '/Users/saladin/Developments/interestory/app'

Import trace for requested module:
./app/page.tsx @ webpack-internal:///(app-pages-browser)/./node_modules/next/dist/next-devtools/shared/forward-logs-shared.js:27
[   16508ms] [WARNING] ./components/stats/StatsClient.tsx
Module not found: Can't resolve 'html-to-image' in '/Users/saladin/Developments/interestory/components/stats'

Import trace for requested module:
./components/stats/StatsClient.tsx @ webpack-internal:///(app-pages-browser)/./node_modules/next/dist/next-devtools/shared/forward-logs-shared.js:27
[   16508ms] [LOG] [Fast Refresh] done in 0ms @ webpack-internal:///(app-pages-browser)/./node_modules/next/dist/next-devtools/shared/forward-logs-shared.js:27
[   16539ms] [WARNING] ./app/page.tsx
Module not found: Can't resolve 'html-to-image' in '/Users/saladin/Developments/interestory/app'

Import trace for requested module:
./app/page.tsx @ webpack-internal:///(app-pages-browser)/./node_modules/next/dist/next-devtools/shared/forward-logs-shared.js:27
[   16539ms] [WARNING] ./components/stats/StatsClient.tsx
Module not found: Can't resolve 'html-to-image' in '/Users/saladin/Developments/interestory/components/stats'

Import trace for requested module:
./components/stats/StatsClient.tsx @ webpack-internal:///(app-pages-browser)/./node_modules/next/dist/next-devtools/shared/forward-logs-shared.js:27
[   16539ms] [LOG] [Fast Refresh] done in 32ms @ webpack-internal:///(app-pages-browser)/./node_modules/next/dist/next-devtools/shared/forward-logs-shared.js:27
[   16552ms] [LOG] [Fast Refresh] rebuilding @ webpack-internal:///(app-pages-browser)/./node_modules/next/dist/next-devtools/shared/forward-logs-shared.js:27
[   16552ms] [ERROR] Failed to load resource: the server responded with a status of 500 (Internal Server Error) @ http://localhost:3000/family?_rsc=13zw9:0
[   16556ms] [ERROR] Failed to load resource: the server responded with a status of 500 (Internal Server Error) @ http://localhost:3000/family:0
[   16957ms] [INFO] %cDownload the React DevTools for a better development experience: https://react.dev/link/react-devtools font-weight:bold @ webpack-internal:///(pages-dir-browser)/./node_modules/react-dom/cjs/react-dom-client.development.js:28004
[   17000ms] Error: Manifest file is empty
    at evalManifest (file:///Users/saladin/Developments/interestory/node_modules/next/dist/server/load-manifest.external.js:83:37)
    at loadManifestFromRelativePath (file:///Users/saladin/Developments/interestory/node_modules/next/dist/server/load-manifest.external.js:109:16)
    at AppPageRouteModule.loadManifests (file:///Users/saladin/Developments/interestory/node_modules/next/dist/compiled/next-server/app-page.runtime.dev.js:71:36620)
    at AppPageRouteModule.prepare (file:///Users/saladin/Developments/interestory/node_modules/next/dist/compiled/next-server/app-page.runtime.dev.js:71:41329)
    at process.processTicksAndRejections (node:internal/process/task_queues:103:5)
    at async Module.handler (webpack-internal:///(rsc)/./node_modules/next/dist/build/webpack/loaders/next-app-loader/index.js?name=app%2Ffamily%2Fpage&page=%2Ffamily%2Fpage&appPaths=%2Ffamily%2Fpage&allNormalizedAppPaths=&pagePath=private-next-app-dir%2Ffamily%2Fpage.tsx&appDir=%2FUsers%2Fsaladin%2FDevelopments%2Finterestory%2Fapp&pageExtensions=tsx&pageExtensions=ts&pageExtensions=jsx&pageExtensions=js&rootDir=%2FUsers%2Fsaladin%2FDevelopments%2Finterestory&isDev=true&tsconfigPath=&basePath=&assetPrefix=&nextConfigOutput=&preferredRegion=&middlewareConfig=e30%3D&isGlobalNotFoundEnabled=!:234:27)
    at async DevServer.renderToResponseWithComponentsImpl (file:///Users/saladin/Developments/interestory/node_modules/next/dist/server/base-server.js:1454:9)
    at async DevServer.renderPageComponent (file:///Users/saladin/Developments/interestory/node_modules/next/dist/server/base-server.js:1506:24)
    at async DevServer.renderToResponseImpl (file:///Users/saladin/Developments/interestory/node_modules/next/dist/server/base-server.js:1556:32)
    at async DevServer.pipeImpl (file:///Users/saladin/Developments/interestory/node_modules/next/dist/server/base-server.js:1043:25)
    at async NextNodeServer.handleCatchallRenderRequest (file:///Users/saladin/Developments/interestory/node_modules/next/dist/server/next-server.js:338:17)
    at async DevServer.handleRequestImpl (file:///Users/saladin/Developments/interestory/node_modules/next/dist/server/base-server.js:934:17)
    at async (file:///Users/saladin/Developments/interestory/node_modules/next/dist/server/dev/next-dev-server.js:394:20)
    at async Span.traceAsyncFn (file:///Users/saladin/Developments/interestory/node_modules/next/dist/trace/trace.js:164:20)
    at async DevServer.handleRequest (file:///Users/saladin/Developments/interestory/node_modules/next/dist/server/dev/next-dev-server.js:390:24)
    at async invokeRender (file:///Users/saladin/Developments/interestory/node_modules/next/dist/server/lib/router-server.js:266:21)
    at async handleRequest (file:///Users/saladin/Developments/interestory/node_modules/next/dist/server/lib/router-server.js:465:24)
    at async requestHandlerImpl (file:///Users/saladin/Developments/interestory/node_modules/next/dist/server/lib/router-server.js:514:13)
    at async Server.requestListener (file:///Users/saladin/Developments/interestory/node_modules/next/dist/server/lib/start-server.js:225:13)
[   17001ms] [LOG] [HMR] connected @ webpack-internal:///(pages-dir-browser)/./node_modules/next/dist/next-devtools/shared/forward-logs-shared.js:27
[   17002ms] [WARNING] ./app/page.tsx
Module not found: Can't resolve 'html-to-image' in '/Users/saladin/Developments/interestory/app' @ webpack-internal:///(pages-dir-browser)/./node_modules/next/dist/next-devtools/shared/forward-logs-shared.js:27
[   17002ms] [WARNING] ./components/stats/StatsClient.tsx
Module not found: Can't resolve 'html-to-image' in '/Users/saladin/Developments/interestory/components/stats' @ webpack-internal:///(pages-dir-browser)/./node_modules/next/dist/next-devtools/shared/forward-logs-shared.js:27
[   17171ms] [WARNING] ./app/page.tsx
Module not found: Can't resolve 'html-to-image' in '/Users/saladin/Developments/interestory/app'

Import trace for requested module:
./app/page.tsx @ webpack-internal:///(pages-dir-browser)/./node_modules/next/dist/next-devtools/shared/forward-logs-shared.js:27
[   17172ms] [WARNING] ./components/stats/StatsClient.tsx
Module not found: Can't resolve 'html-to-image' in '/Users/saladin/Developments/interestory/components/stats'

Import trace for requested module:
./components/stats/StatsClient.tsx @ webpack-internal:///(pages-dir-browser)/./node_modules/next/dist/next-devtools/shared/forward-logs-shared.js:27
[   17176ms] [LOG] [Fast Refresh] rebuilding @ webpack-internal:///(pages-dir-browser)/./node_modules/next/dist/next-devtools/shared/forward-logs-shared.js:27
[   17184ms] [WARNING] [Fast Refresh] performing full reload because your application had an unrecoverable error @ webpack-internal:///(pages-dir-browser)/./node_modules/next/dist/next-devtools/shared/forward-logs-shared.js:27
[   17255ms] [WARNING] ./app/page.tsx
Module not found: Can't resolve 'html-to-image' in '/Users/saladin/Developments/interestory/app'

Import trace for requested module:
./app/page.tsx @ webpack-internal:///(pages-dir-browser)/./node_modules/next/dist/next-devtools/shared/forward-logs-shared.js:27
[   17255ms] [WARNING] ./components/stats/StatsClient.tsx
Module not found: Can't resolve 'html-to-image' in '/Users/saladin/Developments/interestory/components/stats'

Import trace for requested module:
./components/stats/StatsClient.tsx @ webpack-internal:///(pages-dir-browser)/./node_modules/next/dist/next-devtools/shared/forward-logs-shared.js:27
[   17257ms] [LOG] [Fast Refresh] rebuilding @ webpack-internal:///(pages-dir-browser)/./node_modules/next/dist/next-devtools/shared/forward-logs-shared.js:27
[   17261ms] [WARNING] [Fast Refresh] performing full reload because your application had an unrecoverable error @ webpack-internal:///(pages-dir-browser)/./node_modules/next/dist/next-devtools/shared/forward-logs-shared.js:27
[   17343ms] [WARNING] ./app/page.tsx
Module not found: Can't resolve 'html-to-image' in '/Users/saladin/Developments/interestory/app'

Import trace for requested module:
./app/page.tsx @ webpack-internal:///(pages-dir-browser)/./node_modules/next/dist/next-devtools/shared/forward-logs-shared.js:27
[   17343ms] [WARNING] ./components/stats/StatsClient.tsx
Module not found: Can't resolve 'html-to-image' in '/Users/saladin/Developments/interestory/components/stats'

Import trace for requested module:
./components/stats/StatsClient.tsx @ webpack-internal:///(pages-dir-browser)/./node_modules/next/dist/next-devtools/shared/forward-logs-shared.js:27
[   17344ms] [LOG] [Fast Refresh] rebuilding @ webpack-internal:///(pages-dir-browser)/./node_modules/next/dist/next-devtools/shared/forward-logs-shared.js:27
[   17358ms] [WARNING] [Fast Refresh] performing full reload because your application had an unrecoverable error @ webpack-internal:///(pages-dir-browser)/./node_modules/next/dist/next-devtools/shared/forward-logs-shared.js:27
[   17548ms] [LOG] [Fast Refresh] rebuilding @ webpack-internal:///(pages-dir-browser)/./node_modules/next/dist/next-devtools/shared/forward-logs-shared.js:27
[   17549ms] [WARNING] ./app/page.tsx
Module not found: Can't resolve 'html-to-image' in '/Users/saladin/Developments/interestory/app'

Import trace for requested module:
./app/page.tsx @ webpack-internal:///(pages-dir-browser)/./node_modules/next/dist/next-devtools/shared/forward-logs-shared.js:27
[   17549ms] [WARNING] ./components/stats/StatsClient.tsx
Module not found: Can't resolve 'html-to-image' in '/Users/saladin/Developments/interestory/components/stats'

Import trace for requested module:
./components/stats/StatsClient.tsx @ webpack-internal:///(pages-dir-browser)/./node_modules/next/dist/next-devtools/shared/forward-logs-shared.js:27
[   17560ms] [WARNING] [Fast Refresh] performing full reload because your application had an unrecoverable error @ webpack-internal:///(pages-dir-browser)/./node_modules/next/dist/next-devtools/shared/forward-logs-shared.js:27
[   17580ms] [LOG] [Fast Refresh] rebuilding @ webpack-internal:///(pages-dir-browser)/./node_modules/next/dist/next-devtools/shared/forward-logs-shared.js:27
[   17582ms] [WARNING] ./app/page.tsx
Module not found: Can't resolve 'html-to-image' in '/Users/saladin/Developments/interestory/app'

Import trace for requested module:
./app/page.tsx @ webpack-internal:///(pages-dir-browser)/./node_modules/next/dist/next-devtools/shared/forward-logs-shared.js:27
[   17582ms] [WARNING] ./components/stats/StatsClient.tsx
Module not found: Can't resolve 'html-to-image' in '/Users/saladin/Developments/interestory/components/stats'

Import trace for requested module:
./components/stats/StatsClient.tsx @ webpack-internal:///(pages-dir-browser)/./node_modules/next/dist/next-devtools/shared/forward-logs-shared.js:27
[   17600ms] [ERROR] Failed to load resource: the server responded with a status of 500 (Internal Server Error) @ http://localhost:3000/family:0
[   17657ms] [INFO] %cDownload the React DevTools for a better development experience: https://react.dev/link/react-devtools font-weight:bold @ webpack-internal:///(pages-dir-browser)/./node_modules/react-dom/cjs/react-dom-client.development.js:28004
[   17694ms] SyntaxError: Unexpected end of JSON input
    at JSON.parse (<anonymous>)
    at loadManifest (file:///Users/saladin/Developments/interestory/node_modules/next/dist/server/load-manifest.external.js:54:25)
    at DevServer.getNextFontManifest (file:///Users/saladin/Developments/interestory/node_modules/next/dist/server/next-server.js:867:55)
    at DevServer.findPageComponents (file:///Users/saladin/Developments/interestory/node_modules/next/dist/server/dev/next-dev-server.js:703:39)
    at process.processTicksAndRejections (node:internal/process/task_queues:103:5)
    at async DevServer.renderPageComponent (file:///Users/saladin/Developments/interestory/node_modules/next/dist/server/base-server.js:1492:24)
    at async DevServer.renderToResponseImpl (file:///Users/saladin/Developments/interestory/node_modules/next/dist/server/base-server.js:1556:32)
    at async DevServer.pipeImpl (file:///Users/saladin/Developments/interestory/node_modules/next/dist/server/base-server.js:1043:25)
    at async NextNodeServer.handleCatchallRenderRequest (file:///Users/saladin/Developments/interestory/node_modules/next/dist/server/next-server.js:338:17)
    at async DevServer.handleRequestImpl (file:///Users/saladin/Developments/interestory/node_modules/next/dist/server/base-server.js:934:17)
    at async (file:///Users/saladin/Developments/interestory/node_modules/next/dist/server/dev/next-dev-server.js:394:20)
    at async Span.traceAsyncFn (file:///Users/saladin/Developments/interestory/node_modules/next/dist/trace/trace.js:164:20)
    at async DevServer.handleRequest (file:///Users/saladin/Developments/interestory/node_modules/next/dist/server/dev/next-dev-server.js:390:24)
    at async invokeRender (file:///Users/saladin/Developments/interestory/node_modules/next/dist/server/lib/router-server.js:266:21)
    at async handleRequest (file:///Users/saladin/Developments/interestory/node_modules/next/dist/server/lib/router-server.js:465:24)
    at async requestHandlerImpl (file:///Users/saladin/Developments/interestory/node_modules/next/dist/server/lib/router-server.js:514:13)
    at async Server.requestListener (file:///Users/saladin/Developments/interestory/node_modules/next/dist/server/lib/start-server.js:225:13)
[   17724ms] [LOG] [HMR] connected @ webpack-internal:///(pages-dir-browser)/./node_modules/next/dist/next-devtools/shared/forward-logs-shared.js:27
[   17728ms] [WARNING] ./app/page.tsx
Module not found: Can't resolve 'html-to-image' in '/Users/saladin/Developments/interestory/app' @ webpack-internal:///(pages-dir-browser)/./node_modules/next/dist/next-devtools/shared/forward-logs-shared.js:27
[   17728ms] [WARNING] ./components/stats/StatsClient.tsx
Module not found: Can't resolve 'html-to-image' in '/Users/saladin/Developments/interestory/components/stats' @ webpack-internal:///(pages-dir-browser)/./node_modules/next/dist/next-devtools/shared/forward-logs-shared.js:27
[   17729ms] [LOG] [Fast Refresh] rebuilding @ webpack-internal:///(pages-dir-browser)/./node_modules/next/dist/next-devtools/shared/forward-logs-shared.js:27
[   17755ms] [WARNING] ./app/page.tsx
Module not found: Can't resolve 'html-to-image' in '/Users/saladin/Developments/interestory/app'

Import trace for requested module:
./app/page.tsx @ webpack-internal:///(pages-dir-browser)/./node_modules/next/dist/next-devtools/shared/forward-logs-shared.js:27
[   17755ms] [WARNING] ./components/stats/StatsClient.tsx
Module not found: Can't resolve 'html-to-image' in '/Users/saladin/Developments/interestory/components/stats'

Import trace for requested module:
./components/stats/StatsClient.tsx @ webpack-internal:///(pages-dir-browser)/./node_modules/next/dist/next-devtools/shared/forward-logs-shared.js:27
[   17771ms] [WARNING] [Fast Refresh] performing full reload because your application had an unrecoverable error @ webpack-internal:///(pages-dir-browser)/./node_modules/next/dist/next-devtools/shared/forward-logs-shared.js:27
[   18024ms] [WARNING] ./app/page.tsx
Module not found: Can't resolve 'html-to-image' in '/Users/saladin/Developments/interestory/app'

Import trace for requested module:
./app/page.tsx @ webpack-internal:///(pages-dir-browser)/./node_modules/next/dist/next-devtools/shared/forward-logs-shared.js:27
[   18024ms] [WARNING] ./components/stats/StatsClient.tsx
Module not found: Can't resolve 'html-to-image' in '/Users/saladin/Developments/interestory/components/stats'

Import trace for requested module:
./components/stats/StatsClient.tsx @ webpack-internal:///(pages-dir-browser)/./node_modules/next/dist/next-devtools/shared/forward-logs-shared.js:27
[   18028ms] [WARNING] [Fast Refresh] performing full reload because your application had an unrecoverable error @ webpack-internal:///(pages-dir-browser)/./node_modules/next/dist/next-devtools/shared/forward-logs-shared.js:27
[   18063ms] [LOG] [Fast Refresh] rebuilding @ webpack-internal:///(pages-dir-browser)/./node_modules/next/dist/next-devtools/shared/forward-logs-shared.js:27
[   18139ms] [WARNING] ./app/page.tsx
Module not found: Can't resolve 'html-to-image' in '/Users/saladin/Developments/interestory/app'

Import trace for requested module:
./app/page.tsx @ webpack-internal:///(pages-dir-browser)/./node_modules/next/dist/next-devtools/shared/forward-logs-shared.js:27
[   18139ms] [WARNING] ./components/stats/StatsClient.tsx
Module not found: Can't resolve 'html-to-image' in '/Users/saladin/Developments/interestory/components/stats'

Import trace for requested module:
./components/stats/StatsClient.tsx @ webpack-internal:///(pages-dir-browser)/./node_modules/next/dist/next-devtools/shared/forward-logs-shared.js:27
[   18140ms] [LOG] [Fast Refresh] rebuilding @ webpack-internal:///(pages-dir-browser)/./node_modules/next/dist/next-devtools/shared/forward-logs-shared.js:27
[   18143ms] [WARNING] [Fast Refresh] performing full reload because your application had an unrecoverable error @ webpack-internal:///(pages-dir-browser)/./node_modules/next/dist/next-devtools/shared/forward-logs-shared.js:27
[   18211ms] [WARNING] ./app/page.tsx
Module not found: Can't resolve 'html-to-image' in '/Users/saladin/Developments/interestory/app'

Import trace for requested module:
./app/page.tsx @ webpack-internal:///(pages-dir-browser)/./node_modules/next/dist/next-devtools/shared/forward-logs-shared.js:27
[   18211ms] [WARNING] ./components/stats/StatsClient.tsx
Module not found: Can't resolve 'html-to-image' in '/Users/saladin/Developments/interestory/components/stats'

Import trace for requested module:
./components/stats/StatsClient.tsx @ webpack-internal:///(pages-dir-browser)/./node_modules/next/dist/next-devtools/shared/forward-logs-shared.js:27
[   18212ms] [LOG] [Fast Refresh] rebuilding @ webpack-internal:///(pages-dir-browser)/./node_modules/next/dist/next-devtools/shared/forward-logs-shared.js:27
[   18215ms] [WARNING] [Fast Refresh] performing full reload because your application had an unrecoverable error @ webpack-internal:///(pages-dir-browser)/./node_modules/next/dist/next-devtools/shared/forward-logs-shared.js:27
[   18287ms] [WARNING] ./app/page.tsx
Module not found: Can't resolve 'html-to-image' in '/Users/saladin/Developments/interestory/app'

Import trace for requested module:
./app/page.tsx @ webpack-internal:///(pages-dir-browser)/./node_modules/next/dist/next-devtools/shared/forward-logs-shared.js:27
[   18287ms] [WARNING] ./components/stats/StatsClient.tsx
Module not found: Can't resolve 'html-to-image' in '/Users/saladin/Developments/interestory/components/stats'

Import trace for requested module:
./components/stats/StatsClient.tsx @ webpack-internal:///(pages-dir-browser)/./node_modules/next/dist/next-devtools/shared/forward-logs-shared.js:27
[   18289ms] [LOG] [Fast Refresh] rebuilding @ webpack-internal:///(pages-dir-browser)/./node_modules/next/dist/next-devtools/shared/forward-logs-shared.js:27
[   18292ms] [WARNING] [Fast Refresh] performing full reload because your application had an unrecoverable error @ webpack-internal:///(pages-dir-browser)/./node_modules/next/dist/next-devtools/shared/forward-logs-shared.js:27
[   18358ms] [WARNING] ./app/page.tsx
Module not found: Can't resolve 'html-to-image' in '/Users/saladin/Developments/interestory/app'

Import trace for requested module:
./app/page.tsx @ webpack-internal:///(pages-dir-browser)/./node_modules/next/dist/next-devtools/shared/forward-logs-shared.js:27
[   18358ms] [WARNING] ./components/stats/StatsClient.tsx
Module not found: Can't resolve 'html-to-image' in '/Users/saladin/Developments/interestory/components/stats'

Import trace for requested module:
./components/stats/StatsClient.tsx @ webpack-internal:///(pages-dir-browser)/./node_modules/next/dist/next-devtools/shared/forward-logs-shared.js:27
[   18360ms] [LOG] [Fast Refresh] rebuilding @ webpack-internal:///(pages-dir-browser)/./node_modules/next/dist/next-devtools/shared/forward-logs-shared.js:27
[   18363ms] [WARNING] [Fast Refresh] performing full reload because your application had an unrecoverable error @ webpack-internal:///(pages-dir-browser)/./node_modules/next/dist/next-devtools/shared/forward-logs-shared.js:27
[   18432ms] [WARNING] ./app/page.tsx
Module not found: Can't resolve 'html-to-image' in '/Users/saladin/Developments/interestory/app'

Import trace for requested module:
./app/page.tsx @ webpack-internal:///(pages-dir-browser)/./node_modules/next/dist/next-devtools/shared/forward-logs-shared.js:27
[   18432ms] [WARNING] ./components/stats/StatsClient.tsx
Module not found: Can't resolve 'html-to-image' in '/Users/saladin/Developments/interestory/components/stats'

Import trace for requested module:
./components/stats/StatsClient.tsx @ webpack-internal:///(pages-dir-browser)/./node_modules/next/dist/next-devtools/shared/forward-logs-shared.js:27
[   18433ms] [LOG] [Fast Refresh] rebuilding @ webpack-internal:///(pages-dir-browser)/./node_modules/next/dist/next-devtools/shared/forward-logs-shared.js:27
[   18436ms] [WARNING] [Fast Refresh] performing full reload because your application had an unrecoverable error @ webpack-internal:///(pages-dir-browser)/./node_modules/next/dist/next-devtools/shared/forward-logs-shared.js:27
[   18505ms] [WARNING] ./app/page.tsx
Module not found: Can't resolve 'html-to-image' in '/Users/saladin/Developments/interestory/app'

Import trace for requested module:
./app/page.tsx @ webpack-internal:///(pages-dir-browser)/./node_modules/next/dist/next-devtools/shared/forward-logs-shared.js:27
[   18505ms] [WARNING] ./components/stats/StatsClient.tsx
Module not found: Can't resolve 'html-to-image' in '/Users/saladin/Developments/interestory/components/stats'

Import trace for requested module:
./components/stats/StatsClient.tsx @ webpack-internal:///(pages-dir-browser)/./node_modules/next/dist/next-devtools/shared/forward-logs-shared.js:27
[   18507ms] [LOG] [Fast Refresh] rebuilding @ webpack-internal:///(pages-dir-browser)/./node_modules/next/dist/next-devtools/shared/forward-logs-shared.js:27
[   18513ms] [WARNING] [Fast Refresh] performing full reload because your application had an unrecoverable error @ webpack-internal:///(pages-dir-browser)/./node_modules/next/dist/next-devtools/shared/forward-logs-shared.js:27
[   18946ms] [INFO] %cDownload the React DevTools for a better development experience: https://react.dev/link/react-devtools font-weight:bold @ webpack-internal:///(app-pages-browser)/./node_modules/next/dist/next-devtools/shared/forward-logs-shared.js:27
[   18957ms] [LOG] [HMR] connected @ webpack-internal:///(app-pages-browser)/./node_modules/next/dist/next-devtools/shared/forward-logs-shared.js:27
[   18958ms] [WARNING] ./app/page.tsx
Module not found: Can't resolve 'html-to-image' in '/Users/saladin/Developments/interestory/app' @ webpack-internal:///(app-pages-browser)/./node_modules/next/dist/next-devtools/shared/forward-logs-shared.js:27
[   18958ms] [WARNING] ./components/stats/StatsClient.tsx
Module not found: Can't resolve 'html-to-image' in '/Users/saladin/Developments/interestory/components/stats' @ webpack-internal:///(app-pages-browser)/./node_modules/next/dist/next-devtools/shared/forward-logs-shared.js:27
[   18996ms] [LOG] [Fast Refresh] rebuilding @ webpack-internal:///(app-pages-browser)/./node_modules/next/dist/next-devtools/shared/forward-logs-shared.js:27
[   19076ms] [WARNING] ./app/page.tsx
Module not found: Can't resolve 'html-to-image' in '/Users/saladin/Developments/interestory/app'

Import trace for requested module:
./app/page.tsx @ webpack-internal:///(app-pages-browser)/./node_modules/next/dist/next-devtools/shared/forward-logs-shared.js:27
[   19076ms] [WARNING] ./components/stats/StatsClient.tsx
Module not found: Can't resolve 'html-to-image' in '/Users/saladin/Developments/interestory/components/stats'

Import trace for requested module:
./components/stats/StatsClient.tsx @ webpack-internal:///(app-pages-browser)/./node_modules/next/dist/next-devtools/shared/forward-logs-shared.js:27
[   19076ms] [LOG] [Fast Refresh] rebuilding @ webpack-internal:///(app-pages-browser)/./node_modules/next/dist/next-devtools/shared/forward-logs-shared.js:27
[   19129ms] [LOG] [Fast Refresh] done in 53ms @ webpack-internal:///(app-pages-browser)/./node_modules/next/dist/next-devtools/shared/forward-logs-shared.js:27
[   19165ms] [WARNING] ./app/page.tsx
Module not found: Can't resolve 'html-to-image' in '/Users/saladin/Developments/interestory/app'

Import trace for requested module:
./app/page.tsx @ webpack-internal:///(app-pages-browser)/./node_modules/next/dist/next-devtools/shared/forward-logs-shared.js:27
[   19165ms] [WARNING] ./components/stats/StatsClient.tsx
Module not found: Can't resolve 'html-to-image' in '/Users/saladin/Developments/interestory/components/stats'

Import trace for requested module:
./components/stats/StatsClient.tsx @ webpack-internal:///(app-pages-browser)/./node_modules/next/dist/next-devtools/shared/forward-logs-shared.js:27
[   19166ms] [LOG] [Fast Refresh] rebuilding @ webpack-internal:///(app-pages-browser)/./node_modules/next/dist/next-devtools/shared/forward-logs-shared.js:27
[   19172ms] [LOG] [Fast Refresh] done in 5ms @ webpack-internal:///(app-pages-browser)/./node_modules/next/dist/next-devtools/shared/forward-logs-shared.js:27
[   19261ms] [WARNING] ./app/page.tsx
Module not found: Can't resolve 'html-to-image' in '/Users/saladin/Developments/interestory/app'

Import trace for requested module:
./app/page.tsx @ webpack-internal:///(app-pages-browser)/./node_modules/next/dist/next-devtools/shared/forward-logs-shared.js:27
[   19261ms] [WARNING] ./components/stats/StatsClient.tsx
Module not found: Can't resolve 'html-to-image' in '/Users/saladin/Developments/interestory/components/stats'

Import trace for requested module:
./components/stats/StatsClient.tsx @ webpack-internal:///(app-pages-browser)/./node_modules/next/dist/next-devtools/shared/forward-logs-shared.js:27
[   19262ms] [LOG] [Fast Refresh] rebuilding @ webpack-internal:///(app-pages-browser)/./node_modules/next/dist/next-devtools/shared/forward-logs-shared.js:27
[   19278ms] [LOG] [Fast Refresh] done in 16ms @ webpack-internal:///(app-pages-browser)/./node_modules/next/dist/next-devtools/shared/forward-logs-shared.js:27
[   19342ms] [WARNING] ./app/page.tsx
Module not found: Can't resolve 'html-to-image' in '/Users/saladin/Developments/interestory/app'

Import trace for requested module:
./app/page.tsx @ webpack-internal:///(app-pages-browser)/./node_modules/next/dist/next-devtools/shared/forward-logs-shared.js:27
[   19343ms] [WARNING] ./components/stats/StatsClient.tsx
Module not found: Can't resolve 'html-to-image' in '/Users/saladin/Developments/interestory/components/stats'

Import trace for requested module:
./components/stats/StatsClient.tsx @ webpack-internal:///(app-pages-browser)/./node_modules/next/dist/next-devtools/shared/forward-logs-shared.js:27
[   19343ms] [LOG] [Fast Refresh] rebuilding @ webpack-internal:///(app-pages-browser)/./node_modules/next/dist/next-devtools/shared/forward-logs-shared.js:27
[   19347ms] [LOG] [Fast Refresh] done in 3ms @ webpack-internal:///(app-pages-browser)/./node_modules/next/dist/next-devtools/shared/forward-logs-shared.js:27
[   19536ms] [WARNING] ./app/page.tsx
Module not found: Can't resolve 'html-to-image' in '/Users/saladin/Developments/interestory/app'

Import trace for requested module:
./app/page.tsx @ webpack-internal:///(app-pages-browser)/./node_modules/next/dist/next-devtools/shared/forward-logs-shared.js:27
[   19536ms] [WARNING] ./components/stats/StatsClient.tsx
Module not found: Can't resolve 'html-to-image' in '/Users/saladin/Developments/interestory/components/stats'

Import trace for requested module:
./components/stats/StatsClient.tsx @ webpack-internal:///(app-pages-browser)/./node_modules/next/dist/next-devtools/shared/forward-logs-shared.js:27
[   19536ms] [LOG] [Fast Refresh] rebuilding @ webpack-internal:///(app-pages-browser)/./node_modules/next/dist/next-devtools/shared/forward-logs-shared.js:27
[   19552ms] [LOG] [Fast Refresh] done in 16ms @ webpack-internal:///(app-pages-browser)/./node_modules/next/dist/next-devtools/shared/forward-logs-shared.js:27
[   19727ms] [LOG] [Fast Refresh] rebuilding @ webpack-internal:///(app-pages-browser)/./node_modules/next/dist/next-devtools/shared/forward-logs-shared.js:27
[   19727ms] [WARNING] ./app/page.tsx
Module not found: Can't resolve 'html-to-image' in '/Users/saladin/Developments/interestory/app'

Import trace for requested module:
./app/page.tsx @ webpack-internal:///(app-pages-browser)/./node_modules/next/dist/next-devtools/shared/forward-logs-shared.js:27
[   19727ms] [WARNING] ./components/stats/StatsClient.tsx
Module not found: Can't resolve 'html-to-image' in '/Users/saladin/Developments/interestory/components/stats'

Import trace for requested module:
./components/stats/StatsClient.tsx @ webpack-internal:///(app-pages-browser)/./node_modules/next/dist/next-devtools/shared/forward-logs-shared.js:27
[   19739ms] [LOG] [Fast Refresh] done in 13ms @ webpack-internal:///(app-pages-browser)/./node_modules/next/dist/next-devtools/shared/forward-logs-shared.js:27
[   19761ms] [WARNING] ./app/page.tsx
Module not found: Can't resolve 'html-to-image' in '/Users/saladin/Developments/interestory/app'

Import trace for requested module:
./app/page.tsx @ webpack-internal:///(app-pages-browser)/./node_modules/next/dist/next-devtools/shared/forward-logs-shared.js:27
[   19761ms] [WARNING] ./components/stats/StatsClient.tsx
Module not found: Can't resolve 'html-to-image' in '/Users/saladin/Developments/interestory/components/stats'

Import trace for requested module:
./components/stats/StatsClient.tsx @ webpack-internal:///(app-pages-browser)/./node_modules/next/dist/next-devtools/shared/forward-logs-shared.js:27
[   19761ms] [LOG] [Fast Refresh] done in 35ms @ webpack-internal:///(app-pages-browser)/./node_modules/next/dist/next-devtools/shared/forward-logs-shared.js:27
[   19773ms] [LOG] [Fast Refresh] rebuilding @ webpack-internal:///(app-pages-browser)/./node_modules/next/dist/next-devtools/shared/forward-logs-shared.js:27
[   19773ms] [ERROR] Failed to load resource: the server responded with a status of 500 (Internal Server Error) @ http://localhost:3000/family?_rsc=13zw9:0
[   19855ms] [WARNING] ./app/page.tsx
Module not found: Can't resolve 'html-to-image' in '/Users/saladin/Developments/interestory/app'

Import trace for requested module:
./app/page.tsx @ webpack-internal:///(app-pages-browser)/./node_modules/next/dist/next-devtools/shared/forward-logs-shared.js:27
[   19855ms] [WARNING] ./components/stats/StatsClient.tsx
Module not found: Can't resolve 'html-to-image' in '/Users/saladin/Developments/interestory/components/stats'

Import trace for requested module:
./components/stats/StatsClient.tsx @ webpack-internal:///(app-pages-browser)/./node_modules/next/dist/next-devtools/shared/forward-logs-shared.js:27
[   19856ms] [LOG] [Fast Refresh] rebuilding @ webpack-internal:///(app-pages-browser)/./node_modules/next/dist/next-devtools/shared/forward-logs-shared.js:27
[   19860ms] [LOG] [Fast Refresh] done in 3ms @ webpack-internal:///(app-pages-browser)/./node_modules/next/dist/next-devtools/shared/forward-logs-shared.js:27
[   20007ms] [WARNING] ./app/page.tsx
Module not found: Can't resolve 'html-to-image' in '/Users/saladin/Developments/interestory/app'

Import trace for requested module:
./app/page.tsx @ webpack-internal:///(app-pages-browser)/./node_modules/next/dist/next-devtools/shared/forward-logs-shared.js:27
[   20007ms] [WARNING] ./components/stats/StatsClient.tsx
Module not found: Can't resolve 'html-to-image' in '/Users/saladin/Developments/interestory/components/stats'

Import trace for requested module:
./components/stats/StatsClient.tsx @ webpack-internal:///(app-pages-browser)/./node_modules/next/dist/next-devtools/shared/forward-logs-shared.js:27
[   20008ms] [LOG] [Fast Refresh] rebuilding @ webpack-internal:///(app-pages-browser)/./node_modules/next/dist/next-devtools/shared/forward-logs-shared.js:27
[   20012ms] [LOG] [Fast Refresh] done in 4ms @ webpack-internal:///(app-pages-browser)/./node_modules/next/dist/next-devtools/shared/forward-logs-shared.js:27
[   20083ms] [WARNING] ./app/page.tsx
Module not found: Can't resolve 'html-to-image' in '/Users/saladin/Developments/interestory/app'

Import trace for requested module:
./app/page.tsx @ webpack-internal:///(app-pages-browser)/./node_modules/next/dist/next-devtools/shared/forward-logs-shared.js:27
[   20083ms] [WARNING] ./components/stats/StatsClient.tsx
Module not found: Can't resolve 'html-to-image' in '/Users/saladin/Developments/interestory/components/stats'

Import trace for requested module:
./components/stats/StatsClient.tsx @ webpack-internal:///(app-pages-browser)/./node_modules/next/dist/next-devtools/shared/forward-logs-shared.js:27
[   20084ms] [LOG] [Fast Refresh] rebuilding @ webpack-internal:///(app-pages-browser)/./node_modules/next/dist/next-devtools/shared/forward-logs-shared.js:27
[   20088ms] [LOG] [Fast Refresh] done in 5ms @ webpack-internal:///(app-pages-browser)/./node_modules/next/dist/next-devtools/shared/forward-logs-shared.js:27
[   20182ms] [WARNING] ./app/page.tsx
Module not found: Can't resolve 'html-to-image' in '/Users/saladin/Developments/interestory/app'

Import trace for requested module:
./app/page.tsx @ webpack-internal:///(app-pages-browser)/./node_modules/next/dist/next-devtools/shared/forward-logs-shared.js:27
[   20182ms] [WARNING] ./components/stats/StatsClient.tsx
Module not found: Can't resolve 'html-to-image' in '/Users/saladin/Developments/interestory/components/stats'

Import trace for requested module:
./components/stats/StatsClient.tsx @ webpack-internal:///(app-pages-browser)/./node_modules/next/dist/next-devtools/shared/forward-logs-shared.js:27
[   20183ms] [LOG] [Fast Refresh] rebuilding @ webpack-internal:///(app-pages-browser)/./node_modules/next/dist/next-devtools/shared/forward-logs-shared.js:27
[   20186ms] [LOG] [Fast Refresh] done in 3ms @ webpack-internal:///(app-pages-browser)/./node_modules/next/dist/next-devtools/shared/forward-logs-shared.js:27
[   20256ms] [WARNING] ./app/page.tsx
Module not found: Can't resolve 'html-to-image' in '/Users/saladin/Developments/interestory/app'

Import trace for requested module:
./app/page.tsx @ webpack-internal:///(app-pages-browser)/./node_modules/next/dist/next-devtools/shared/forward-logs-shared.js:27
[   20256ms] [WARNING] ./components/stats/StatsClient.tsx
Module not found: Can't resolve 'html-to-image' in '/Users/saladin/Developments/interestory/components/stats'

Import trace for requested module:
./components/stats/StatsClient.tsx @ webpack-internal:///(app-pages-browser)/./node_modules/next/dist/next-devtools/shared/forward-logs-shared.js:27
[   20256ms] [LOG] [Fast Refresh] rebuilding @ webpack-internal:///(app-pages-browser)/./node_modules/next/dist/next-devtools/shared/forward-logs-shared.js:27
[   20358ms] [WARNING] ./app/page.tsx
Module not found: Can't resolve 'html-to-image' in '/Users/saladin/Developments/interestory/app'

Import trace for requested module:
./app/page.tsx @ webpack-internal:///(app-pages-browser)/./node_modules/next/dist/next-devtools/shared/forward-logs-shared.js:27
[   20358ms] [WARNING] ./components/stats/StatsClient.tsx
Module not found: Can't resolve 'html-to-image' in '/Users/saladin/Developments/interestory/components/stats'

Import trace for requested module:
./components/stats/StatsClient.tsx @ webpack-internal:///(app-pages-browser)/./node_modules/next/dist/next-devtools/shared/forward-logs-shared.js:27
[   20358ms] [LOG] [Fast Refresh] done in 102ms @ webpack-internal:///(app-pages-browser)/./node_modules/next/dist/next-devtools/shared/forward-logs-shared.js:27
[   20359ms] [LOG] [Fast Refresh] rebuilding @ webpack-internal:///(app-pages-browser)/./node_modules/next/dist/next-devtools/shared/forward-logs-shared.js:27
[   20429ms] [WARNING] ./app/page.tsx
Module not found: Can't resolve 'html-to-image' in '/Users/saladin/Developments/interestory/app'

Import trace for requested module:
./app/page.tsx @ webpack-internal:///(app-pages-browser)/./node_modules/next/dist/next-devtools/shared/forward-logs-shared.js:27
[   20429ms] [WARNING] ./components/stats/StatsClient.tsx
Module not found: Can't resolve 'html-to-image' in '/Users/saladin/Developments/interestory/components/stats'

Import trace for requested module:
./components/stats/StatsClient.tsx @ webpack-internal:///(app-pages-browser)/./node_modules/next/dist/next-devtools/shared/forward-logs-shared.js:27
[   20429ms] [LOG] [Fast Refresh] done in 70ms @ webpack-internal:///(app-pages-browser)/./node_modules/next/dist/next-devtools/shared/forward-logs-shared.js:27
[   20430ms] [LOG] [Fast Refresh] rebuilding @ webpack-internal:///(app-pages-browser)/./node_modules/next/dist/next-devtools/shared/forward-logs-shared.js:27
[   20946ms] [INFO] %cDownload the React DevTools for a better development experience: https://react.dev/link/react-devtools font-weight:bold @ webpack-internal:///(app-pages-browser)/./node_modules/next/dist/next-devtools/shared/forward-logs-shared.js:27
[   20958ms] [LOG] [HMR] connected @ webpack-internal:///(app-pages-browser)/./node_modules/next/dist/next-devtools/shared/forward-logs-shared.js:27
[   20959ms] [WARNING] ./app/page.tsx
Module not found: Can't resolve 'html-to-image' in '/Users/saladin/Developments/interestory/app' @ webpack-internal:///(app-pages-browser)/./node_modules/next/dist/next-devtools/shared/forward-logs-shared.js:27
[   20959ms] [WARNING] ./components/stats/StatsClient.tsx
Module not found: Can't resolve 'html-to-image' in '/Users/saladin/Developments/interestory/components/stats' @ webpack-internal:///(app-pages-browser)/./node_modules/next/dist/next-devtools/shared/forward-logs-shared.js:27
[   20985ms] [LOG] [Fast Refresh] rebuilding @ webpack-internal:///(app-pages-browser)/./node_modules/next/dist/next-devtools/shared/forward-logs-shared.js:27
[   21071ms] [WARNING] ./app/page.tsx
Module not found: Can't resolve 'html-to-image' in '/Users/saladin/Developments/interestory/app'

Import trace for requested module:
./app/page.tsx @ webpack-internal:///(app-pages-browser)/./node_modules/next/dist/next-devtools/shared/forward-logs-shared.js:27
[   21071ms] [WARNING] ./components/stats/StatsClient.tsx
Module not found: Can't resolve 'html-to-image' in '/Users/saladin/Developments/interestory/components/stats'

Import trace for requested module:
./components/stats/StatsClient.tsx @ webpack-internal:///(app-pages-browser)/./node_modules/next/dist/next-devtools/shared/forward-logs-shared.js:27
[   21071ms] [LOG] [Fast Refresh] rebuilding @ webpack-internal:///(app-pages-browser)/./node_modules/next/dist/next-devtools/shared/forward-logs-shared.js:27
[   21138ms] [LOG] [Fast Refresh] done in 67ms @ webpack-internal:///(app-pages-browser)/./node_modules/next/dist/next-devtools/shared/forward-logs-shared.js:27
[   21163ms] [WARNING] ./app/page.tsx
Module not found: Can't resolve 'html-to-image' in '/Users/saladin/Developments/interestory/app'

Import trace for requested module:
./app/page.tsx @ webpack-internal:///(app-pages-browser)/./node_modules/next/dist/next-devtools/shared/forward-logs-shared.js:27
[   21163ms] [WARNING] ./components/stats/StatsClient.tsx
Module not found: Can't resolve 'html-to-image' in '/Users/saladin/Developments/interestory/components/stats'

Import trace for requested module:
./components/stats/StatsClient.tsx @ webpack-internal:///(app-pages-browser)/./node_modules/next/dist/next-devtools/shared/forward-logs-shared.js:27
[   21164ms] [LOG] [Fast Refresh] rebuilding @ webpack-internal:///(app-pages-browser)/./node_modules/next/dist/next-devtools/shared/forward-logs-shared.js:27
[   21167ms] [LOG] [Fast Refresh] done in 3ms @ webpack-internal:///(app-pages-browser)/./node_modules/next/dist/next-devtools/shared/forward-logs-shared.js:27
[   21269ms] [WARNING] ./app/page.tsx
Module not found: Can't resolve 'html-to-image' in '/Users/saladin/Developments/interestory/app'

Import trace for requested module:
./app/page.tsx @ webpack-internal:///(app-pages-browser)/./node_modules/next/dist/next-devtools/shared/forward-logs-shared.js:27
[   21269ms] [WARNING] ./components/stats/StatsClient.tsx
Module not found: Can't resolve 'html-to-image' in '/Users/saladin/Developments/interestory/components/stats'

Import trace for requested module:
./components/stats/StatsClient.tsx @ webpack-internal:///(app-pages-browser)/./node_modules/next/dist/next-devtools/shared/forward-logs-shared.js:27
[   21271ms] [LOG] [Fast Refresh] rebuilding @ webpack-internal:///(app-pages-browser)/./node_modules/next/dist/next-devtools/shared/forward-logs-shared.js:27
[   21274ms] [LOG] [Fast Refresh] done in 3ms @ webpack-internal:///(app-pages-browser)/./node_modules/next/dist/next-devtools/shared/forward-logs-shared.js:27
[   21347ms] [WARNING] ./app/page.tsx
Module not found: Can't resolve 'html-to-image' in '/Users/saladin/Developments/interestory/app'

Import trace for requested module:
./app/page.tsx @ webpack-internal:///(app-pages-browser)/./node_modules/next/dist/next-devtools/shared/forward-logs-shared.js:27
[   21347ms] [WARNING] ./components/stats/StatsClient.tsx
Module not found: Can't resolve 'html-to-image' in '/Users/saladin/Developments/interestory/components/stats'

Import trace for requested module:
./components/stats/StatsClient.tsx @ webpack-internal:///(app-pages-browser)/./node_modules/next/dist/next-devtools/shared/forward-logs-shared.js:27
[   21348ms] [LOG] [Fast Refresh] rebuilding @ webpack-internal:///(app-pages-browser)/./node_modules/next/dist/next-devtools/shared/forward-logs-shared.js:27
[   21351ms] [LOG] [Fast Refresh] done in 4ms @ webpack-internal:///(app-pages-browser)/./node_modules/next/dist/next-devtools/shared/forward-logs-shared.js:27
[   21449ms] [WARNING] ./app/page.tsx
Module not found: Can't resolve 'html-to-image' in '/Users/saladin/Developments/interestory/app'

Import trace for requested module:
./app/page.tsx @ webpack-internal:///(app-pages-browser)/./node_modules/next/dist/next-devtools/shared/forward-logs-shared.js:27
[   21449ms] [WARNING] ./components/stats/StatsClient.tsx
Module not found: Can't resolve 'html-to-image' in '/Users/saladin/Developments/interestory/components/stats'

Import trace for requested module:
./components/stats/StatsClient.tsx @ webpack-internal:///(app-pages-browser)/./node_modules/next/dist/next-devtools/shared/forward-logs-shared.js:27
[   21450ms] [LOG] [Fast Refresh] rebuilding @ webpack-internal:///(app-pages-browser)/./node_modules/next/dist/next-devtools/shared/forward-logs-shared.js:27
[   21453ms] [LOG] [Fast Refresh] done in 3ms @ webpack-internal:///(app-pages-browser)/./node_modules/next/dist/next-devtools/shared/forward-logs-shared.js:27
[   21522ms] [WARNING] ./app/page.tsx
Module not found: Can't resolve 'html-to-image' in '/Users/saladin/Developments/interestory/app'

Import trace for requested module:
./app/page.tsx @ webpack-internal:///(app-pages-browser)/./node_modules/next/dist/next-devtools/shared/forward-logs-shared.js:27
[   21522ms] [WARNING] ./components/stats/StatsClient.tsx
Module not found: Can't resolve 'html-to-image' in '/Users/saladin/Developments/interestory/components/stats'

Import trace for requested module:
./components/stats/StatsClient.tsx @ webpack-internal:///(app-pages-browser)/./node_modules/next/dist/next-devtools/shared/forward-logs-shared.js:27
[   21523ms] [LOG] [Fast Refresh] rebuilding @ webpack-internal:///(app-pages-browser)/./node_modules/next/dist/next-devtools/shared/forward-logs-shared.js:27
[   21530ms] [LOG] [Fast Refresh] done in 7ms @ webpack-internal:///(app-pages-browser)/./node_modules/next/dist/next-devtools/shared/forward-logs-shared.js:27
[   21620ms] [WARNING] ./app/page.tsx
Module not found: Can't resolve 'html-to-image' in '/Users/saladin/Developments/interestory/app'

Import trace for requested module:
./app/page.tsx @ webpack-internal:///(app-pages-browser)/./node_modules/next/dist/next-devtools/shared/forward-logs-shared.js:27
[   21620ms] [WARNING] ./components/stats/StatsClient.tsx
Module not found: Can't resolve 'html-to-image' in '/Users/saladin/Developments/interestory/components/stats'

Import trace for requested module:
./components/stats/StatsClient.tsx @ webpack-internal:///(app-pages-browser)/./node_modules/next/dist/next-devtools/shared/forward-logs-shared.js:27
[   21621ms] [LOG] [Fast Refresh] rebuilding @ webpack-internal:///(app-pages-browser)/./node_modules/next/dist/next-devtools/shared/forward-logs-shared.js:27
[   21623ms] [LOG] [Fast Refresh] done in 3ms @ webpack-internal:///(app-pages-browser)/./node_modules/next/dist/next-devtools/shared/forward-logs-shared.js:27
[   21696ms] [WARNING] ./app/page.tsx
Module not found: Can't resolve 'html-to-image' in '/Users/saladin/Developments/interestory/app'

Import trace for requested module:
./app/page.tsx @ webpack-internal:///(app-pages-browser)/./node_modules/next/dist/next-devtools/shared/forward-logs-shared.js:27
[   21696ms] [WARNING] ./components/stats/StatsClient.tsx
Module not found: Can't resolve 'html-to-image' in '/Users/saladin/Developments/interestory/components/stats'

Import trace for requested module:
./components/stats/StatsClient.tsx @ webpack-internal:///(app-pages-browser)/./node_modules/next/dist/next-devtools/shared/forward-logs-shared.js:27
[   21697ms] [LOG] [Fast Refresh] rebuilding @ webpack-internal:///(app-pages-browser)/./node_modules/next/dist/next-devtools/shared/forward-logs-shared.js:27
[   21701ms] [LOG] [Fast Refresh] done in 4ms @ webpack-internal:///(app-pages-browser)/./node_modules/next/dist/next-devtools/shared/forward-logs-shared.js:27
[   21795ms] [WARNING] ./app/page.tsx
Module not found: Can't resolve 'html-to-image' in '/Users/saladin/Developments/interestory/app'

Import trace for requested module:
./app/page.tsx @ webpack-internal:///(app-pages-browser)/./node_modules/next/dist/next-devtools/shared/forward-logs-shared.js:27
[   21795ms] [WARNING] ./components/stats/StatsClient.tsx
Module not found: Can't resolve 'html-to-image' in '/Users/saladin/Developments/interestory/components/stats'

Import trace for requested module:
./components/stats/StatsClient.tsx @ webpack-internal:///(app-pages-browser)/./node_modules/next/dist/next-devtools/shared/forward-logs-shared.js:27
[   21795ms] [LOG] [Fast Refresh] rebuilding @ webpack-internal:///(app-pages-browser)/./node_modules/next/dist/next-devtools/shared/forward-logs-shared.js:27
[   21801ms] [LOG] [Fast Refresh] done in 5ms @ webpack-internal:///(app-pages-browser)/./node_modules/next/dist/next-devtools/shared/forward-logs-shared.js:27
[   21872ms] [WARNING] ./app/page.tsx
Module not found: Can't resolve 'html-to-image' in '/Users/saladin/Developments/interestory/app'

Import trace for requested module:
./app/page.tsx @ webpack-internal:///(app-pages-browser)/./node_modules/next/dist/next-devtools/shared/forward-logs-shared.js:27
[   21872ms] [WARNING] ./components/stats/StatsClient.tsx
Module not found: Can't resolve 'html-to-image' in '/Users/saladin/Developments/interestory/components/stats'

Import trace for requested module:
./components/stats/StatsClient.tsx @ webpack-internal:///(app-pages-browser)/./node_modules/next/dist/next-devtools/shared/forward-logs-shared.js:27
[   21873ms] [LOG] [Fast Refresh] rebuilding @ webpack-internal:///(app-pages-browser)/./node_modules/next/dist/next-devtools/shared/forward-logs-shared.js:27
[   21971ms] [WARNING] ./app/page.tsx
Module not found: Can't resolve 'html-to-image' in '/Users/saladin/Developments/interestory/app'

Import trace for requested module:
./app/page.tsx @ webpack-internal:///(app-pages-browser)/./node_modules/next/dist/next-devtools/shared/forward-logs-shared.js:27
[   21971ms] [WARNING] ./components/stats/StatsClient.tsx
Module not found: Can't resolve 'html-to-image' in '/Users/saladin/Developments/interestory/components/stats'

Import trace for requested module:
./components/stats/StatsClient.tsx @ webpack-internal:///(app-pages-browser)/./node_modules/next/dist/next-devtools/shared/forward-logs-shared.js:27
[   21971ms] [LOG] [Fast Refresh] done in 97ms @ webpack-internal:///(app-pages-browser)/./node_modules/next/dist/next-devtools/shared/forward-logs-shared.js:27
[   21972ms] [LOG] [Fast Refresh] rebuilding @ webpack-internal:///(app-pages-browser)/./node_modules/next/dist/next-devtools/shared/forward-logs-shared.js:27
[   22047ms] [WARNING] ./app/page.tsx
Module not found: Can't resolve 'html-to-image' in '/Users/saladin/Developments/interestory/app'

Import trace for requested module:
./app/page.tsx @ webpack-internal:///(app-pages-browser)/./node_modules/next/dist/next-devtools/shared/forward-logs-shared.js:27
[   22047ms] [WARNING] ./components/stats/StatsClient.tsx
Module not found: Can't resolve 'html-to-image' in '/Users/saladin/Developments/interestory/components/stats'

Import trace for requested module:
./components/stats/StatsClient.tsx @ webpack-internal:///(app-pages-browser)/./node_modules/next/dist/next-devtools/shared/forward-logs-shared.js:27
[   22047ms] [LOG] [Fast Refresh] done in 74ms @ webpack-internal:///(app-pages-browser)/./node_modules/next/dist/next-devtools/shared/forward-logs-shared.js:27
[   22048ms] [LOG] [Fast Refresh] rebuilding @ webpack-internal:///(app-pages-browser)/./node_modules/next/dist/next-devtools/shared/forward-logs-shared.js:27
[   22144ms] [WARNING] ./app/page.tsx
Module not found: Can't resolve 'html-to-image' in '/Users/saladin/Developments/interestory/app'

Import trace for requested module:
./app/page.tsx @ webpack-internal:///(app-pages-browser)/./node_modules/next/dist/next-devtools/shared/forward-logs-shared.js:27
[   22144ms] [WARNING] ./components/stats/StatsClient.tsx
Module not found: Can't resolve 'html-to-image' in '/Users/saladin/Developments/interestory/components/stats'

Import trace for requested module:
./components/stats/StatsClient.tsx @ webpack-internal:///(app-pages-browser)/./node_modules/next/dist/next-devtools/shared/forward-logs-shared.js:27
[   22144ms] [LOG] [Fast Refresh] done in 96ms @ webpack-internal:///(app-pages-browser)/./node_modules/next/dist/next-devtools/shared/forward-logs-shared.js:27
[   22145ms] [LOG] [Fast Refresh] rebuilding @ webpack-internal:///(app-pages-browser)/./node_modules/next/dist/next-devtools/shared/forward-logs-shared.js:27
[   22218ms] [WARNING] ./app/page.tsx
Module not found: Can't resolve 'html-to-image' in '/Users/saladin/Developments/interestory/app'

Import trace for requested module:
./app/page.tsx @ webpack-internal:///(app-pages-browser)/./node_modules/next/dist/next-devtools/shared/forward-logs-shared.js:27
[   22218ms] [WARNING] ./components/stats/StatsClient.tsx
Module not found: Can't resolve 'html-to-image' in '/Users/saladin/Developments/interestory/components/stats'

Import trace for requested module:
./components/stats/StatsClient.tsx @ webpack-internal:///(app-pages-browser)/./node_modules/next/dist/next-devtools/shared/forward-logs-shared.js:27
[   22219ms] [LOG] [Fast Refresh] done in 73ms @ webpack-internal:///(app-pages-browser)/./node_modules/next/dist/next-devtools/shared/forward-logs-shared.js:27
[   22219ms] [LOG] [Fast Refresh] rebuilding @ webpack-internal:///(app-pages-browser)/./node_modules/next/dist/next-devtools/shared/forward-logs-shared.js:27
[   22315ms] [WARNING] ./app/page.tsx
Module not found: Can't resolve 'html-to-image' in '/Users/saladin/Developments/interestory/app'

Import trace for requested module:
./app/page.tsx @ webpack-internal:///(app-pages-browser)/./node_modules/next/dist/next-devtools/shared/forward-logs-shared.js:27
[   22315ms] [WARNING] ./components/stats/StatsClient.tsx
Module not found: Can't resolve 'html-to-image' in '/Users/saladin/Developments/interestory/components/stats'

Import trace for requested module:
./components/stats/StatsClient.tsx @ webpack-internal:///(app-pages-browser)/./node_modules/next/dist/next-devtools/shared/forward-logs-shared.js:27
[   22315ms] [LOG] [Fast Refresh] done in 95ms @ webpack-internal:///(app-pages-browser)/./node_modules/next/dist/next-devtools/shared/forward-logs-shared.js:27
[   22316ms] [LOG] [Fast Refresh] rebuilding @ webpack-internal:///(app-pages-browser)/./node_modules/next/dist/next-devtools/shared/forward-logs-shared.js:27
[   22387ms] [WARNING] ./app/page.tsx
Module not found: Can't resolve 'html-to-image' in '/Users/saladin/Developments/interestory/app'

Import trace for requested module:
./app/page.tsx @ webpack-internal:///(app-pages-browser)/./node_modules/next/dist/next-devtools/shared/forward-logs-shared.js:27
[   22387ms] [WARNING] ./components/stats/StatsClient.tsx
Module not found: Can't resolve 'html-to-image' in '/Users/saladin/Developments/interestory/components/stats'

Import trace for requested module:
./components/stats/StatsClient.tsx @ webpack-internal:///(app-pages-browser)/./node_modules/next/dist/next-devtools/shared/forward-logs-shared.js:27
[   22387ms] [LOG] [Fast Refresh] done in 71ms @ webpack-internal:///(app-pages-browser)/./node_modules/next/dist/next-devtools/shared/forward-logs-shared.js:27
[   22388ms] [LOG] [Fast Refresh] rebuilding @ webpack-internal:///(app-pages-browser)/./node_modules/next/dist/next-devtools/shared/forward-logs-shared.js:27
[   22484ms] [WARNING] ./app/page.tsx
Module not found: Can't resolve 'html-to-image' in '/Users/saladin/Developments/interestory/app'

Import trace for requested module:
./app/page.tsx @ webpack-internal:///(app-pages-browser)/./node_modules/next/dist/next-devtools/shared/forward-logs-shared.js:27
[   22484ms] [WARNING] ./components/stats/StatsClient.tsx
Module not found: Can't resolve 'html-to-image' in '/Users/saladin/Developments/interestory/components/stats'

Import trace for requested module:
./components/stats/StatsClient.tsx @ webpack-internal:///(app-pages-browser)/./node_modules/next/dist/next-devtools/shared/forward-logs-shared.js:27
[   22484ms] [LOG] [Fast Refresh] done in 95ms @ webpack-internal:///(app-pages-browser)/./node_modules/next/dist/next-devtools/shared/forward-logs-shared.js:27
[   22485ms] [LOG] [Fast Refresh] rebuilding @ webpack-internal:///(app-pages-browser)/./node_modules/next/dist/next-devtools/shared/forward-logs-shared.js:27
[   22557ms] [WARNING] ./app/page.tsx
Module not found: Can't resolve 'html-to-image' in '/Users/saladin/Developments/interestory/app'

Import trace for requested module:
./app/page.tsx @ webpack-internal:///(app-pages-browser)/./node_modules/next/dist/next-devtools/shared/forward-logs-shared.js:27
[   22557ms] [WARNING] ./components/stats/StatsClient.tsx
Module not found: Can't resolve 'html-to-image' in '/Users/saladin/Developments/interestory/components/stats'

Import trace for requested module:
./components/stats/StatsClient.tsx @ webpack-internal:///(app-pages-browser)/./node_modules/next/dist/next-devtools/shared/forward-logs-shared.js:27
[   22557ms] [LOG] [Fast Refresh] done in 73ms @ webpack-internal:///(app-pages-browser)/./node_modules/next/dist/next-devtools/shared/forward-logs-shared.js:27
[   22558ms] [LOG] [Fast Refresh] rebuilding @ webpack-internal:///(app-pages-browser)/./node_modules/next/dist/next-devtools/shared/forward-logs-shared.js:27
[   22656ms] [WARNING] ./app/page.tsx
Module not found: Can't resolve 'html-to-image' in '/Users/saladin/Developments/interestory/app'

Import trace for requested module:
./app/page.tsx @ webpack-internal:///(app-pages-browser)/./node_modules/next/dist/next-devtools/shared/forward-logs-shared.js:27
[   22656ms] [WARNING] ./components/stats/StatsClient.tsx
Module not found: Can't resolve 'html-to-image' in '/Users/saladin/Developments/interestory/components/stats'

Import trace for requested module:
./components/stats/StatsClient.tsx @ webpack-internal:///(app-pages-browser)/./node_modules/next/dist/next-devtools/shared/forward-logs-shared.js:27
[   22656ms] [LOG] [Fast Refresh] done in 97ms @ webpack-internal:///(app-pages-browser)/./node_modules/next/dist/next-devtools/shared/forward-logs-shared.js:27
[   22657ms] [LOG] [Fast Refresh] rebuilding @ webpack-internal:///(app-pages-browser)/./node_modules/next/dist/next-devtools/shared/forward-logs-shared.js:27
[   22730ms] [WARNING] ./app/page.tsx
Module not found: Can't resolve 'html-to-image' in '/Users/saladin/Developments/interestory/app'

Import trace for requested module:
./app/page.tsx @ webpack-internal:///(app-pages-browser)/./node_modules/next/dist/next-devtools/shared/forward-logs-shared.js:27
[   22730ms] [WARNING] ./components/stats/StatsClient.tsx
Module not found: Can't resolve 'html-to-image' in '/Users/saladin/Developments/interestory/components/stats'

Import trace for requested module:
./components/stats/StatsClient.tsx @ webpack-internal:///(app-pages-browser)/./node_modules/next/dist/next-devtools/shared/forward-logs-shared.js:27
[   22730ms] [LOG] [Fast Refresh] done in 73ms @ webpack-internal:///(app-pages-browser)/./node_modules/next/dist/next-devtools/shared/forward-logs-shared.js:27
[   22731ms] [LOG] [Fast Refresh] rebuilding @ webpack-internal:///(app-pages-browser)/./node_modules/next/dist/next-devtools/shared/forward-logs-shared.js:27
[   22827ms] [WARNING] ./app/page.tsx
Module not found: Can't resolve 'html-to-image' in '/Users/saladin/Developments/interestory/app'

Import trace for requested module:
./app/page.tsx @ webpack-internal:///(app-pages-browser)/./node_modules/next/dist/next-devtools/shared/forward-logs-shared.js:27
[   22827ms] [WARNING] ./components/stats/StatsClient.tsx
Module not found: Can't resolve 'html-to-image' in '/Users/saladin/Developments/interestory/components/stats'

Import trace for requested module:
./components/stats/StatsClient.tsx @ webpack-internal:///(app-pages-browser)/./node_modules/next/dist/next-devtools/shared/forward-logs-shared.js:27
[   22827ms] [LOG] [Fast Refresh] done in 96ms @ webpack-internal:///(app-pages-browser)/./node_modules/next/dist/next-devtools/shared/forward-logs-shared.js:27
[   22828ms] [LOG] [Fast Refresh] rebuilding @ webpack-internal:///(app-pages-browser)/./node_modules/next/dist/next-devtools/shared/forward-logs-shared.js:27
[   22904ms] [WARNING] ./app/page.tsx
Module not found: Can't resolve 'html-to-image' in '/Users/saladin/Developments/interestory/app'

Import trace for requested module:
./app/page.tsx @ webpack-internal:///(app-pages-browser)/./node_modules/next/dist/next-devtools/shared/forward-logs-shared.js:27
[   22904ms] [WARNING] ./components/stats/StatsClient.tsx
Module not found: Can't resolve 'html-to-image' in '/Users/saladin/Developments/interestory/components/stats'

Import trace for requested module:
./components/stats/StatsClient.tsx @ webpack-internal:///(app-pages-browser)/./node_modules/next/dist/next-devtools/shared/forward-logs-shared.js:27
[   22904ms] [LOG] [Fast Refresh] done in 76ms @ webpack-internal:///(app-pages-browser)/./node_modules/next/dist/next-devtools/shared/forward-logs-shared.js:27
[   22906ms] [LOG] [Fast Refresh] rebuilding @ webpack-internal:///(app-pages-browser)/./node_modules/next/dist/next-devtools/shared/forward-logs-shared.js:27
[   23002ms] [WARNING] ./app/page.tsx
Module not found: Can't resolve 'html-to-image' in '/Users/saladin/Developments/interestory/app'

Import trace for requested module:
./app/page.tsx @ webpack-internal:///(app-pages-browser)/./node_modules/next/dist/next-devtools/shared/forward-logs-shared.js:27
[   23002ms] [WARNING] ./components/stats/StatsClient.tsx
Module not found: Can't resolve 'html-to-image' in '/Users/saladin/Developments/interestory/components/stats'

Import trace for requested module:
./components/stats/StatsClient.tsx @ webpack-internal:///(app-pages-browser)/./node_modules/next/dist/next-devtools/shared/forward-logs-shared.js:27
[   23002ms] [LOG] [Fast Refresh] done in 97ms @ webpack-internal:///(app-pages-browser)/./node_modules/next/dist/next-devtools/shared/forward-logs-shared.js:27
[   23003ms] [LOG] [Fast Refresh] rebuilding @ webpack-internal:///(app-pages-browser)/./node_modules/next/dist/next-devtools/shared/forward-logs-shared.js:27
[   23074ms] [WARNING] ./app/page.tsx
Module not found: Can't resolve 'html-to-image' in '/Users/saladin/Developments/interestory/app'

Import trace for requested module:
./app/page.tsx @ webpack-internal:///(app-pages-browser)/./node_modules/next/dist/next-devtools/shared/forward-logs-shared.js:27
[   23074ms] [WARNING] ./components/stats/StatsClient.tsx
Module not found: Can't resolve 'html-to-image' in '/Users/saladin/Developments/interestory/components/stats'

Import trace for requested module:
./components/stats/StatsClient.tsx @ webpack-internal:///(app-pages-browser)/./node_modules/next/dist/next-devtools/shared/forward-logs-shared.js:27
[   23074ms] [LOG] [Fast Refresh] done in 71ms @ webpack-internal:///(app-pages-browser)/./node_modules/next/dist/next-devtools/shared/forward-logs-shared.js:27
[   23075ms] [LOG] [Fast Refresh] rebuilding @ webpack-internal:///(app-pages-browser)/./node_modules/next/dist/next-devtools/shared/forward-logs-shared.js:27
[   23176ms] [WARNING] ./app/page.tsx
Module not found: Can't resolve 'html-to-image' in '/Users/saladin/Developments/interestory/app'

Import trace for requested module:
./app/page.tsx @ webpack-internal:///(app-pages-browser)/./node_modules/next/dist/next-devtools/shared/forward-logs-shared.js:27
[   23176ms] [WARNING] ./components/stats/StatsClient.tsx
Module not found: Can't resolve 'html-to-image' in '/Users/saladin/Developments/interestory/components/stats'

Import trace for requested module:
./components/stats/StatsClient.tsx @ webpack-internal:///(app-pages-browser)/./node_modules/next/dist/next-devtools/shared/forward-logs-shared.js:27
[   23176ms] [LOG] [Fast Refresh] done in 102ms @ webpack-internal:///(app-pages-browser)/./node_modules/next/dist/next-devtools/shared/forward-logs-shared.js:27
[   23178ms] [LOG] [Fast Refresh] rebuilding @ webpack-internal:///(app-pages-browser)/./node_modules/next/dist/next-devtools/shared/forward-logs-shared.js:27
[   23252ms] [WARNING] ./app/page.tsx
Module not found: Can't resolve 'html-to-image' in '/Users/saladin/Developments/interestory/app'

Import trace for requested module:
./app/page.tsx @ webpack-internal:///(app-pages-browser)/./node_modules/next/dist/next-devtools/shared/forward-logs-shared.js:27
[   23252ms] [WARNING] ./components/stats/StatsClient.tsx
Module not found: Can't resolve 'html-to-image' in '/Users/saladin/Developments/interestory/components/stats'

Import trace for requested module:
./components/stats/StatsClient.tsx @ webpack-internal:///(app-pages-browser)/./node_modules/next/dist/next-devtools/shared/forward-logs-shared.js:27
[   23252ms] [LOG] [Fast Refresh] done in 75ms @ webpack-internal:///(app-pages-browser)/./node_modules/next/dist/next-devtools/shared/forward-logs-shared.js:27
[   23253ms] [LOG] [Fast Refresh] rebuilding @ webpack-internal:///(app-pages-browser)/./node_modules/next/dist/next-devtools/shared/forward-logs-shared.js:27
[   23346ms] [WARNING] ./app/page.tsx
Module not found: Can't resolve 'html-to-image' in '/Users/saladin/Developments/interestory/app'

Import trace for requested module:
./app/page.tsx @ webpack-internal:///(app-pages-browser)/./node_modules/next/dist/next-devtools/shared/forward-logs-shared.js:27
[   23347ms] [WARNING] ./components/stats/StatsClient.tsx
Module not found: Can't resolve 'html-to-image' in '/Users/saladin/Developments/interestory/components/stats'

Import trace for requested module:
./components/stats/StatsClient.tsx @ webpack-internal:///(app-pages-browser)/./node_modules/next/dist/next-devtools/shared/forward-logs-shared.js:27
[   23347ms] [LOG] [Fast Refresh] done in 93ms @ webpack-internal:///(app-pages-browser)/./node_modules/next/dist/next-devtools/shared/forward-logs-shared.js:27
[   23348ms] [LOG] [Fast Refresh] rebuilding @ webpack-internal:///(app-pages-browser)/./node_modules/next/dist/next-devtools/shared/forward-logs-shared.js:27
[   23418ms] [WARNING] ./app/page.tsx
Module not found: Can't resolve 'html-to-image' in '/Users/saladin/Developments/interestory/app'

Import trace for requested module:
./app/page.tsx @ webpack-internal:///(app-pages-browser)/./node_modules/next/dist/next-devtools/shared/forward-logs-shared.js:27
[   23418ms] [WARNING] ./components/stats/StatsClient.tsx
Module not found: Can't resolve 'html-to-image' in '/Users/saladin/Developments/interestory/components/stats'

Import trace for requested module:
./components/stats/StatsClient.tsx @ webpack-internal:///(app-pages-browser)/./node_modules/next/dist/next-devtools/shared/forward-logs-shared.js:27
[   23418ms] [LOG] [Fast Refresh] done in 70ms @ webpack-internal:///(app-pages-browser)/./node_modules/next/dist/next-devtools/shared/forward-logs-shared.js:27
[   23418ms] [LOG] [Fast Refresh] rebuilding @ webpack-internal:///(app-pages-browser)/./node_modules/next/dist/next-devtools/shared/forward-logs-shared.js:27
[   23518ms] [WARNING] ./app/page.tsx
Module not found: Can't resolve 'html-to-image' in '/Users/saladin/Developments/interestory/app'

Import trace for requested module:
./app/page.tsx @ webpack-internal:///(app-pages-browser)/./node_modules/next/dist/next-devtools/shared/forward-logs-shared.js:27
[   23518ms] [WARNING] ./components/stats/StatsClient.tsx
Module not found: Can't resolve 'html-to-image' in '/Users/saladin/Developments/interestory/components/stats'

Import trace for requested module:
./components/stats/StatsClient.tsx @ webpack-internal:///(app-pages-browser)/./node_modules/next/dist/next-devtools/shared/forward-logs-shared.js:27
[   23518ms] [LOG] [Fast Refresh] done in 99ms @ webpack-internal:///(app-pages-browser)/./node_modules/next/dist/next-devtools/shared/forward-logs-shared.js:27
[   23519ms] [LOG] [Fast Refresh] rebuilding @ webpack-internal:///(app-pages-browser)/./node_modules/next/dist/next-devtools/shared/forward-logs-shared.js:27
[   23590ms] [WARNING] ./app/page.tsx
Module not found: Can't resolve 'html-to-image' in '/Users/saladin/Developments/interestory/app'

Import trace for requested module:
./app/page.tsx @ webpack-internal:///(app-pages-browser)/./node_modules/next/dist/next-devtools/shared/forward-logs-shared.js:27
[   23590ms] [WARNING] ./components/stats/StatsClient.tsx
Module not found: Can't resolve 'html-to-image' in '/Users/saladin/Developments/interestory/components/stats'

Import trace for requested module:
./components/stats/StatsClient.tsx @ webpack-internal:///(app-pages-browser)/./node_modules/next/dist/next-devtools/shared/forward-logs-shared.js:27
[   23590ms] [LOG] [Fast Refresh] done in 71ms @ webpack-internal:///(app-pages-browser)/./node_modules/next/dist/next-devtools/shared/forward-logs-shared.js:27
[   23591ms] [LOG] [Fast Refresh] rebuilding @ webpack-internal:///(app-pages-browser)/./node_modules/next/dist/next-devtools/shared/forward-logs-shared.js:27
[   23684ms] [WARNING] ./app/page.tsx
Module not found: Can't resolve 'html-to-image' in '/Users/saladin/Developments/interestory/app'

Import trace for requested module:
./app/page.tsx @ webpack-internal:///(app-pages-browser)/./node_modules/next/dist/next-devtools/shared/forward-logs-shared.js:27
[   23684ms] [WARNING] ./components/stats/StatsClient.tsx
Module not found: Can't resolve 'html-to-image' in '/Users/saladin/Developments/interestory/components/stats'

Import trace for requested module:
./components/stats/StatsClient.tsx @ webpack-internal:///(app-pages-browser)/./node_modules/next/dist/next-devtools/shared/forward-logs-shared.js:27
[   23684ms] [LOG] [Fast Refresh] done in 93ms @ webpack-internal:///(app-pages-browser)/./node_modules/next/dist/next-devtools/shared/forward-logs-shared.js:27
[   23685ms] [LOG] [Fast Refresh] rebuilding @ webpack-internal:///(app-pages-browser)/./node_modules/next/dist/next-devtools/shared/forward-logs-shared.js:27
[   23754ms] [WARNING] ./app/page.tsx
Module not found: Can't resolve 'html-to-image' in '/Users/saladin/Developments/interestory/app'

Import trace for requested module:
./app/page.tsx @ webpack-internal:///(app-pages-browser)/./node_modules/next/dist/next-devtools/shared/forward-logs-shared.js:27
[   23754ms] [WARNING] ./components/stats/StatsClient.tsx
Module not found: Can't resolve 'html-to-image' in '/Users/saladin/Developments/interestory/components/stats'

Import trace for requested module:
./components/stats/StatsClient.tsx @ webpack-internal:///(app-pages-browser)/./node_modules/next/dist/next-devtools/shared/forward-logs-shared.js:27
[   23754ms] [LOG] [Fast Refresh] done in 69ms @ webpack-internal:///(app-pages-browser)/./node_modules/next/dist/next-devtools/shared/forward-logs-shared.js:27
[   23755ms] [LOG] [Fast Refresh] rebuilding @ webpack-internal:///(app-pages-browser)/./node_modules/next/dist/next-devtools/shared/forward-logs-shared.js:27
[   23851ms] [WARNING] ./app/page.tsx
Module not found: Can't resolve 'html-to-image' in '/Users/saladin/Developments/interestory/app'

Import trace for requested module:
./app/page.tsx @ webpack-internal:///(app-pages-browser)/./node_modules/next/dist/next-devtools/shared/forward-logs-shared.js:27
[   23851ms] [WARNING] ./components/stats/StatsClient.tsx
Module not found: Can't resolve 'html-to-image' in '/Users/saladin/Developments/interestory/components/stats'

Import trace for requested module:
./components/stats/StatsClient.tsx @ webpack-internal:///(app-pages-browser)/./node_modules/next/dist/next-devtools/shared/forward-logs-shared.js:27
[   23851ms] [LOG] [Fast Refresh] done in 96ms @ webpack-internal:///(app-pages-browser)/./node_modules/next/dist/next-devtools/shared/forward-logs-shared.js:27
[   23852ms] [LOG] [Fast Refresh] rebuilding @ webpack-internal:///(app-pages-browser)/./node_modules/next/dist/next-devtools/shared/forward-logs-shared.js:27
[   23924ms] [WARNING] ./app/page.tsx
Module not found: Can't resolve 'html-to-image' in '/Users/saladin/Developments/interestory/app'

Import trace for requested module:
./app/page.tsx @ webpack-internal:///(app-pages-browser)/./node_modules/next/dist/next-devtools/shared/forward-logs-shared.js:27
[   23924ms] [WARNING] ./components/stats/StatsClient.tsx
Module not found: Can't resolve 'html-to-image' in '/Users/saladin/Developments/interestory/components/stats'

Import trace for requested module:
./components/stats/StatsClient.tsx @ webpack-internal:///(app-pages-browser)/./node_modules/next/dist/next-devtools/shared/forward-logs-shared.js:27
[   23924ms] [LOG] [Fast Refresh] done in 72ms @ webpack-internal:///(app-pages-browser)/./node_modules/next/dist/next-devtools/shared/forward-logs-shared.js:27
[   23925ms] [LOG] [Fast Refresh] rebuilding @ webpack-internal:///(app-pages-browser)/./node_modules/next/dist/next-devtools/shared/forward-logs-shared.js:27
[   24010ms] [WARNING] ./app/page.tsx
Module not found: Can't resolve 'html-to-image' in '/Users/saladin/Developments/interestory/app'

Import trace for requested module:
./app/page.tsx @ webpack-internal:///(app-pages-browser)/./node_modules/next/dist/next-devtools/shared/forward-logs-shared.js:27
[   24010ms] [WARNING] ./components/stats/StatsClient.tsx
Module not found: Can't resolve 'html-to-image' in '/Users/saladin/Developments/interestory/components/stats'

Import trace for requested module:
./components/stats/StatsClient.tsx @ webpack-internal:///(app-pages-browser)/./node_modules/next/dist/next-devtools/shared/forward-logs-shared.js:27
[   24010ms] [LOG] [Fast Refresh] done in 85ms @ webpack-internal:///(app-pages-browser)/./node_modules/next/dist/next-devtools/shared/forward-logs-shared.js:27
[   24010ms] [LOG] [Fast Refresh] rebuilding @ webpack-internal:///(app-pages-browser)/./node_modules/next/dist/next-devtools/shared/forward-logs-shared.js:27
[   24212ms] [LOG] [Fast Refresh] rebuilding @ webpack-internal:///(app-pages-browser)/./node_modules/next/dist/next-devtools/shared/forward-logs-shared.js:27
[   24212ms] [WARNING] ./app/page.tsx
Module not found: Can't resolve 'html-to-image' in '/Users/saladin/Developments/interestory/app'

Import trace for requested module:
./app/page.tsx @ webpack-internal:///(app-pages-browser)/./node_modules/next/dist/next-devtools/shared/forward-logs-shared.js:27
[   24212ms] [WARNING] ./components/stats/StatsClient.tsx
Module not found: Can't resolve 'html-to-image' in '/Users/saladin/Developments/interestory/components/stats'

Import trace for requested module:
./components/stats/StatsClient.tsx @ webpack-internal:///(app-pages-browser)/./node_modules/next/dist/next-devtools/shared/forward-logs-shared.js:27
[   24212ms] [LOG] [Fast Refresh] done in 0ms @ webpack-internal:///(app-pages-browser)/./node_modules/next/dist/next-devtools/shared/forward-logs-shared.js:27
[   24240ms] [LOG] [Fast Refresh] rebuilding @ webpack-internal:///(app-pages-browser)/./node_modules/next/dist/next-devtools/shared/forward-logs-shared.js:27
[   24242ms] [WARNING] ./app/page.tsx
Module not found: Can't resolve 'html-to-image' in '/Users/saladin/Developments/interestory/app'

Import trace for requested module:
./app/page.tsx @ webpack-internal:///(app-pages-browser)/./node_modules/next/dist/next-devtools/shared/forward-logs-shared.js:27
[   24242ms] [WARNING] ./components/stats/StatsClient.tsx
Module not found: Can't resolve 'html-to-image' in '/Users/saladin/Developments/interestory/components/stats'

Import trace for requested module:
./components/stats/StatsClient.tsx @ webpack-internal:///(app-pages-browser)/./node_modules/next/dist/next-devtools/shared/forward-logs-shared.js:27
[   24242ms] [LOG] [Fast Refresh] done in 3ms @ webpack-internal:///(app-pages-browser)/./node_modules/next/dist/next-devtools/shared/forward-logs-shared.js:27
[   24257ms] [ERROR] Failed to load resource: the server responded with a status of 500 (Internal Server Error) @ http://localhost:3000/family?_rsc=13zw9:0
[   24310ms] [LOG] [Fast Refresh] rebuilding @ webpack-internal:///(app-pages-browser)/./node_modules/next/dist/next-devtools/shared/forward-logs-shared.js:27
[   24333ms] [WARNING] ./app/page.tsx
Module not found: Can't resolve 'html-to-image' in '/Users/saladin/Developments/interestory/app'

Import trace for requested module:
./app/page.tsx @ webpack-internal:///(app-pages-browser)/./node_modules/next/dist/next-devtools/shared/forward-logs-shared.js:27
[   24333ms] [WARNING] ./components/stats/StatsClient.tsx
Module not found: Can't resolve 'html-to-image' in '/Users/saladin/Developments/interestory/components/stats'

Import trace for requested module:
./components/stats/StatsClient.tsx @ webpack-internal:///(app-pages-browser)/./node_modules/next/dist/next-devtools/shared/forward-logs-shared.js:27
[   24333ms] [LOG] [Fast Refresh] done in 24ms @ webpack-internal:///(app-pages-browser)/./node_modules/next/dist/next-devtools/shared/forward-logs-shared.js:27
[   24338ms] [LOG] [Fast Refresh] rebuilding @ webpack-internal:///(app-pages-browser)/./node_modules/next/dist/next-devtools/shared/forward-logs-shared.js:27
